frame_number,timestamp,track_id,class_name,confidence,x1,y1,x2,y2,center_x,center_y,bottom_center_x,bottom_center_y
1,0.000,1,person,0.8553,1437,488,1501,600,1469.0,544.0,1469.0,600.0
1,0.000,2,person,0.8018,1406,666,1474,815,1440.0,740.5,1440.0,815.0
1,0.000,3,person,0.7764,799,463,852,568,825.5,515.5,825.5,568.0
1,0.000,4,person,0.7594,459,327,496,418,477.5,372.5,477.5,418.0
1,0.000,5,person,0.7523,293,598,370,746,331.5,672.0,331.5,746.0
1,0.000,6,person,0.7025,1648,516,1702,626,1675.0,571.0,1675.0,626.0
1,0.000,7,person,0.6947,1043,427,1097,536,1070.0,481.5,1070.0,536.0
1,0.000,8,person,0.6556,840,325,899,427,869.5,376.0,869.5,427.0
1,0.000,9,person,0.6298,1169,311,1201,401,1185.0,356.0,1185.0,401.0
1,0.000,10,person,0.6159,61,250,90,335,75.5,292.5,75.5,335.0
1,0.000,11,person,0.5977,661,302,699,389,680.0,345.5,680.0,389.0
1,0.000,12,person,0.5495,1382,338,1427,452,1404.5,395.0,1404.5,452.0
1,0.000,13,person,0.5492,969,264,1024,364,996.5,314.0,996.5,364.0
1,0.000,14,person,0.5336,1519,401,1563,509,1541.0,455.0,1541.0,509.0
1,0.000,15,person,0.4949,1239,373,1303,469,1271.0,421.0,1271.0,469.0
1,0.000,16,person,0.4577,1056,426,1097,526,1076.5,476.0,1076.5,526.0
1,0.000,17,person,0.3735,1768,259,1802,339,1785.0,299.0,1785.0,339.0
1,0.000,18,person,0.3215,1523,402,1563,459,1543.0,430.5,1543.0,459.0
1,0.000,19,person,0.3094,981,269,1030,363,1005.5,316.0,1005.5,363.0
2,0.040,1,person,0.8342,1433,484,1498,598,1465.5,541.0,1465.5,598.0
2,0.040,2,person,0.8403,1402,661,1474,817,1438.0,739.0,1438.0,817.0
2,0.040,3,person,0.8304,795,467,845,566,820.0,516.5,820.0,566.0
2,0.040,4,person,0.7264,447,327,485,419,466.0,373.0,466.0,419.0
2,0.040,5,person,0.7279,291,597,368,746,329.5,671.5,329.5,746.0
2,0.040,6,person,0.7818,1639,514,1693,626,1666.0,570.0,1666.0,626.0
2,0.040,7,person,0.7029,1038,429,1089,533,1063.5,481.0,1063.5,533.0
2,0.040,8,person,0.6838,835,325,894,429,864.5,377.0,864.5,429.0
2,0.040,9,person,0.4421,1163,314,1195,402,1179.0,358.0,1179.0,402.0
2,0.040,10,person,0.5348,52,252,80,334,66.0,293.0,66.0,334.0
2,0.040,11,person,0.5987,652,300,691,389,671.5,344.5,671.5,389.0
2,0.040,12,person,0.5209,1371,331,1419,451,1395.0,391.0,1395.0,451.0
2,0.040,13,person,0.3144,966,269,1018,362,992.0,315.5,992.0,362.0
2,0.040,14,person,0.4626,1518,400,1556,492,1537.0,446.0,1537.0,492.0
2,0.040,15,person,0.5574,1233,371,1299,470,1266.0,420.5,1266.0,470.0
2,0.040,18,person,0.4436,1516,399,1557,458,1536.5,428.5,1536.5,458.0
3,0.080,1,person,0.8457,1432,482,1499,599,1465.5,540.5,1465.5,599.0
3,0.080,2,person,0.8432,1401,659,1473,815,1437.0,737.0,1437.0,815.0
3,0.080,3,person,0.7219,787,467,837,567,812.0,517.0,812.0,567.0
3,0.080,4,person,0.7143,439,329,476,419,457.5,374.0,457.5,419.0
3,0.080,5,person,0.7672,292,596,371,747,331.5,671.5,331.5,747.0
3,0.080,6,person,0.8969,1631,515,1686,626,1658.5,570.5,1658.5,626.0
3,0.080,7,person,0.7042,1032,430,1083,534,1057.5,482.0,1057.5,534.0
3,0.080,8,person,0.7608,827,325,885,428,856.0,376.5,856.0,428.0
3,0.080,9,person,0.6835,1155,318,1188,404,1171.5,361.0,1171.5,404.0
3,0.080,10,person,0.7138,40,249,70,336,55.0,292.5,55.0,336.0
3,0.080,11,person,0.6781,645,300,683,389,664.0,344.5,664.0,389.0
3,0.080,12,person,0.5875,1360,328,1408,449,1384.0,388.5,1384.0,449.0
3,0.080,13,person,0.3482,959,267,1012,362,985.5,314.5,985.5,362.0
3,0.080,14,person,0.6230,1508,398,1551,503,1529.5,450.5,1529.5,503.0
3,0.080,15,person,0.6624,1225,369,1291,470,1258.0,419.5,1258.0,470.0
3,0.080,19,person,0.4262,973,272,1020,363,996.5,317.5,996.5,363.0
4,0.120,1,person,0.8261,1430,485,1497,601,1463.5,543.0,1463.5,601.0
4,0.120,2,person,0.8158,1398,657,1468,809,1433.0,733.0,1433.0,809.0
4,0.120,3,person,0.7752,778,467,827,566,802.5,516.5,802.5,566.0
4,0.120,4,person,0.8276,426,330,464,421,445.0,375.5,445.0,421.0
4,0.120,5,person,0.7936,286,598,364,749,325.0,673.5,325.0,749.0
4,0.120,6,person,0.8908,1626,517,1680,627,1653.0,572.0,1653.0,627.0
4,0.120,7,person,0.7484,1028,433,1077,534,1052.5,483.5,1052.5,534.0
4,0.120,8,person,0.7286,823,326,878,426,850.5,376.0,850.5,426.0
4,0.120,9,person,0.5367,1146,317,1180,404,1163.0,360.5,1163.0,404.0
4,0.120,10,person,0.7192,30,250,61,337,45.5,293.5,45.5,337.0
4,0.120,11,person,0.6191,635,299,672,388,653.5,343.5,653.5,388.0
4,0.120,12,person,0.4568,1344,334,1389,448,1366.5,391.0,1366.5,448.0
4,0.120,13,person,0.2341,954,269,1007,364,980.5,316.5,980.5,364.0
4,0.120,14,person,0.6212,1501,396,1545,502,1523.0,449.0,1523.0,502.0
4,0.120,15,person,0.7045,1218,369,1284,470,1251.0,419.5,1251.0,470.0
4,0.120,19,person,0.3927,965,273,1012,364,988.5,318.5,988.5,364.0
5,0.160,1,person,0.6888,1425,490,1490,601,1457.5,545.5,1457.5,601.0
5,0.160,2,person,0.8251,1392,658,1460,806,1426.0,732.0,1426.0,806.0
5,0.160,3,person,0.7978,770,469,820,569,795.0,519.0,795.0,569.0
5,0.160,4,person,0.7950,414,331,454,424,434.0,377.5,434.0,424.0
5,0.160,5,person,0.8071,277,598,355,751,316.0,674.5,316.0,751.0
5,0.160,6,person,0.9035,1623,520,1678,627,1650.5,573.5,1650.5,627.0
5,0.160,7,person,0.7264,1025,435,1074,535,1049.5,485.0,1049.5,535.0
5,0.160,8,person,0.7520,815,326,870,426,842.5,376.0,842.5,426.0
5,0.160,9,person,0.5021,1136,318,1170,402,1153.0,360.0,1153.0,402.0
5,0.160,10,person,0.5735,20,253,49,335,34.5,294.0,34.5,335.0
5,0.160,11,person,0.6057,627,301,663,388,645.0,344.5,645.0,388.0
5,0.160,12,person,0.5782,1331,332,1375,444,1353.0,388.0,1353.0,444.0
5,0.160,14,person,0.5838,1493,396,1536,503,1514.5,449.5,1514.5,503.0
5,0.160,15,person,0.6942,1209,368,1274,469,1241.5,418.5,1241.5,469.0
5,0.160,19,person,0.3969,958,275,1004,365,981.0,320.0,981.0,365.0
6,0.200,1,person,0.8497,1421,489,1488,602,1454.5,545.5,1454.5,602.0
6,0.200,2,person,0.8442,1387,664,1455,809,1421.0,736.5,1421.0,809.0
6,0.200,3,person,0.7304,759,468,812,573,785.5,520.5,785.5,573.0
6,0.200,4,person,0.8226,399,334,440,426,419.5,380.0,419.5,426.0
6,0.200,5,person,0.8547,269,599,346,751,307.5,675.0,307.5,751.0
6,0.200,6,person,0.8753,1615,519,1673,628,1644.0,573.5,1644.0,628.0
6,0.200,7,person,0.7018,1018,433,1068,535,1043.0,484.0,1043.0,535.0
6,0.200,8,person,0.6767,806,325,860,426,833.0,375.5,833.0,426.0
6,0.200,9,person,0.4263,1127,320,1162,405,1144.5,362.5,1144.5,405.0
6,0.200,10,person,0.4161,14,253,39,320,26.5,286.5,26.5,320.0
6,0.200,11,person,0.7553,616,299,654,391,635.0,345.0,635.0,391.0
6,0.200,12,person,0.5430,1320,328,1365,443,1342.5,385.5,1342.5,443.0
6,0.200,14,person,0.4925,1486,398,1528,499,1507.0,448.5,1507.0,499.0
6,0.200,15,person,0.7523,1200,370,1264,471,1232.0,420.5,1232.0,471.0
6,0.200,13,person,0.4718,942,272,994,366,968.0,319.0,968.0,366.0
7,0.240,1,person,0.8152,1424,491,1489,603,1456.5,547.0,1456.5,603.0
7,0.240,2,person,0.8337,1380,669,1445,808,1412.5,738.5,1412.5,808.0
7,0.240,3,person,0.7762,748,465,807,584,777.5,524.5,777.5,584.0
7,0.240,4,person,0.7558,386,334,429,429,407.5,381.5,407.5,429.0
7,0.240,5,person,0.8487,259,601,334,750,296.5,675.5,296.5,750.0
7,0.240,6,person,0.8282,1606,521,1665,629,1635.5,575.0,1635.5,629.0
7,0.240,7,person,0.7196,1007,431,1059,539,1033.0,485.0,1033.0,539.0
7,0.240,8,person,0.7587,800,325,854,428,827.0,376.5,827.0,428.0
7,0.240,9,person,0.4593,1120,321,1157,405,1138.5,363.0,1138.5,405.0
7,0.240,10,person,0.3910,4,261,29,327,16.5,294.0,16.5,327.0
7,0.240,11,person,0.6762,606,301,644,393,625.0,347.0,625.0,393.0
7,0.240,12,person,0.6552,1307,327,1352,442,1329.5,384.5,1329.5,442.0
7,0.240,14,person,0.6036,1481,400,1523,499,1502.0,449.5,1502.0,499.0
7,0.240,15,person,0.7538,1191,373,1254,471,1222.5,422.0,1222.5,471.0
7,0.240,19,person,0.5035,943,279,986,366,964.5,322.5,964.5,366.0
8,0.280,1,person,0.7793,1425,490,1491,606,1458.0,548.0,1458.0,606.0
8,0.280,2,person,0.8073,1372,672,1438,810,1405.0,741.0,1405.0,810.0
8,0.280,3,person,0.8441,742,471,800,590,771.0,530.5,771.0,590.0
8,0.280,4,person,0.7366,373,335,416,429,394.5,382.0,394.5,429.0
8,0.280,5,person,0.8441,251,602,325,748,288.0,675.0,288.0,748.0
8,0.280,6,person,0.8652,1601,520,1662,630,1631.5,575.0,1631.5,630.0
8,0.280,7,person,0.7526,997,432,1050,542,1023.5,487.0,1023.5,542.0
8,0.280,8,person,0.7434,792,326,845,430,818.5,378.0,818.5,430.0
8,0.280,9,person,0.4723,1115,320,1154,406,1134.5,363.0,1134.5,406.0
8,0.280,10,person,0.2367,0,262,25,344,12.5,303.0,12.5,344.0
8,0.280,11,person,0.6999,596,303,635,395,615.5,349.0,615.5,395.0
8,0.280,12,person,0.4361,1295,336,1336,440,1315.5,388.0,1315.5,440.0
8,0.280,14,person,0.6416,1478,402,1516,492,1497.0,447.0,1497.0,492.0
8,0.280,15,person,0.6743,1184,376,1244,471,1214.0,423.5,1214.0,471.0
8,0.280,43,person,0.5677,901,273,939,360,920.0,316.5,920.0,360.0
8,0.280,13,person,0.5693,928,275,977,367,952.5,321.0,952.5,367.0
9,0.320,1,person,0.7803,1424,487,1490,606,1457.0,546.5,1457.0,606.0
9,0.320,2,person,0.8234,1366,671,1431,810,1398.5,740.5,1398.5,810.0
9,0.320,3,person,0.7465,734,478,791,596,762.5,537.0,762.5,596.0
9,0.320,4,person,0.7629,363,335,406,429,384.5,382.0,384.5,429.0
9,0.320,5,person,0.8172,241,606,316,754,278.5,680.0,278.5,754.0
9,0.320,6,person,0.8410,1600,522,1661,633,1630.5,577.5,1630.5,633.0
9,0.320,7,person,0.8327,990,433,1044,544,1017.0,488.5,1017.0,544.0
9,0.320,8,person,0.7111,787,329,839,432,813.0,380.5,813.0,432.0
9,0.320,9,person,0.3373,1112,321,1152,408,1132.0,364.5,1132.0,408.0
9,0.320,11,person,0.6774,588,305,627,396,607.5,350.5,607.5,396.0
9,0.320,12,person,0.6825,1283,342,1322,440,1302.5,391.0,1302.5,440.0
9,0.320,14,person,0.5414,1475,403,1507,478,1491.0,440.5,1491.0,478.0
9,0.320,15,person,0.7322,1173,374,1235,473,1204.0,423.5,1204.0,473.0
9,0.320,43,person,0.4311,894,273,932,362,913.0,317.5,913.0,362.0
9,0.320,19,person,0.5726,927,287,968,371,947.5,329.0,947.5,371.0
10,0.360,1,person,0.7657,1422,489,1486,607,1454.0,548.0,1454.0,607.0
10,0.360,2,person,0.8371,1360,669,1426,811,1393.0,740.0,1393.0,811.0
10,0.360,3,person,0.8227,728,484,782,597,755.0,540.5,755.0,597.0
10,0.360,4,person,0.7713,353,338,395,430,374.0,384.0,374.0,430.0
10,0.360,5,person,0.8783,228,607,308,761,268.0,684.0,268.0,761.0
10,0.360,6,person,0.7907,1600,526,1661,635,1630.5,580.5,1630.5,635.0
10,0.360,7,person,0.8510,983,435,1038,546,1010.5,490.5,1010.5,546.0
10,0.360,8,person,0.7352,781,331,830,431,805.5,381.0,805.5,431.0
10,0.360,9,person,0.3753,1105,324,1145,409,1125.0,366.5,1125.0,409.0
10,0.360,11,person,0.6635,576,311,616,400,596.0,355.5,596.0,400.0
10,0.360,12,person,0.4570,1273,348,1309,440,1291.0,394.0,1291.0,440.0
10,0.360,14,person,0.5607,1464,405,1503,497,1483.5,451.0,1483.5,497.0
10,0.360,15,person,0.6922,1165,373,1229,475,1197.0,424.0,1197.0,475.0
10,0.360,43,person,0.6239,883,278,919,361,901.0,319.5,901.0,361.0
10,0.360,19,person,0.5152,920,287,961,369,940.5,328.0,940.5,369.0
11,0.400,1,person,0.7663,1420,491,1483,609,1451.5,550.0,1451.5,609.0
11,0.400,2,person,0.7990,1355,670,1421,811,1388.0,740.5,1388.0,811.0
11,0.400,3,person,0.8614,720,488,773,599,746.5,543.5,746.5,599.0
11,0.400,4,person,0.7664,345,337,388,432,366.5,384.5,366.5,432.0
11,0.400,5,person,0.8656,218,609,298,763,258.0,686.0,258.0,763.0
11,0.400,6,person,0.8327,1599,525,1661,636,1630.0,580.5,1630.0,636.0
11,0.400,7,person,0.8086,976,438,1032,548,1004.0,493.0,1004.0,548.0
11,0.400,8,person,0.6659,774,333,824,434,799.0,383.5,799.0,434.0
11,0.400,9,person,0.4454,1096,327,1137,413,1116.5,370.0,1116.5,413.0
11,0.400,11,person,0.7165,565,310,607,403,586.0,356.5,586.0,403.0
11,0.400,12,person,0.6120,1261,349,1297,441,1279.0,395.0,1279.0,441.0
11,0.400,14,person,0.6509,1456,406,1497,502,1476.5,454.0,1476.5,502.0
11,0.400,15,person,0.6718,1161,372,1223,474,1192.0,423.0,1192.0,474.0
11,0.400,43,person,0.6056,876,276,913,360,894.5,318.0,894.5,360.0
11,0.400,19,person,0.4616,908,286,951,372,929.5,329.0,929.5,372.0
12,0.440,1,person,0.7965,1417,493,1479,610,1448.0,551.5,1448.0,610.0
12,0.440,2,person,0.8164,1352,671,1418,811,1385.0,741.0,1385.0,811.0
12,0.440,3,person,0.8378,711,491,764,599,737.5,545.0,737.5,599.0
12,0.440,4,person,0.6371,338,338,381,434,359.5,386.0,359.5,434.0
12,0.440,5,person,0.8529,209,609,289,762,249.0,685.5,249.0,762.0
12,0.440,6,person,0.7819,1597,530,1657,638,1627.0,584.0,1627.0,638.0
12,0.440,7,person,0.7249,972,441,1027,550,999.5,495.5,999.5,550.0
12,0.440,8,person,0.6754,770,337,816,433,793.0,385.0,793.0,433.0
12,0.440,9,person,0.5082,1092,326,1136,418,1114.0,372.0,1114.0,418.0
12,0.440,11,person,0.6077,555,311,598,404,576.5,357.5,576.5,404.0
12,0.440,12,person,0.6443,1250,349,1287,442,1268.5,395.5,1268.5,442.0
12,0.440,14,person,0.5654,1449,406,1489,497,1469.0,451.5,1469.0,497.0
12,0.440,15,person,0.6192,1157,373,1219,477,1188.0,425.0,1188.0,477.0
12,0.440,43,person,0.5148,869,278,905,362,887.0,320.0,887.0,362.0
12,0.440,55,person,0.3884,994,441,1030,530,1012.0,485.5,1012.0,530.0
12,0.440,13,person,0.4589,898,291,946,378,922.0,334.5,922.0,378.0
13,0.480,1,person,0.7611,1414,495,1474,612,1444.0,553.5,1444.0,612.0
13,0.480,2,person,0.8445,1345,671,1411,811,1378.0,741.0,1378.0,811.0
13,0.480,3,person,0.7591,702,495,756,607,729.0,551.0,729.0,607.0
13,0.480,4,person,0.6015,331,342,372,438,351.5,390.0,351.5,438.0
13,0.480,5,person,0.8199,201,611,281,764,241.0,687.5,241.0,764.0
13,0.480,6,person,0.8012,1593,536,1652,642,1622.5,589.0,1622.5,642.0
13,0.480,7,person,0.6191,968,441,1024,552,996.0,496.5,996.0,552.0
13,0.480,8,person,0.6712,766,342,810,434,788.0,388.0,788.0,434.0
13,0.480,9,person,0.3254,1088,327,1133,419,1110.5,373.0,1110.5,419.0
13,0.480,11,person,0.6453,547,314,589,405,568.0,359.5,568.0,405.0
13,0.480,12,person,0.5496,1237,350,1274,442,1255.5,396.0,1255.5,442.0
13,0.480,14,person,0.5799,1446,408,1482,492,1464.0,450.0,1464.0,492.0
13,0.480,15,person,0.6432,1151,373,1213,478,1182.0,425.5,1182.0,478.0
13,0.480,43,person,0.5836,860,283,896,365,878.0,324.0,878.0,365.0
13,0.480,55,person,0.6601,986,441,1027,545,1006.5,493.0,1006.5,545.0
13,0.480,13,person,0.4537,898,293,945,379,921.5,336.0,921.5,379.0
13,0.480,19,person,0.3804,903,292,940,366,921.5,329.0,921.5,366.0
14,0.520,1,person,0.7214,1412,500,1471,615,1441.5,557.5,1441.5,615.0
14,0.520,2,person,0.8692,1338,671,1405,813,1371.5,742.0,1371.5,813.0
14,0.520,3,person,0.8205,694,500,750,612,722.0,556.0,722.0,612.0
14,0.520,4,person,0.7221,321,344,362,441,341.5,392.5,341.5,441.0
14,0.520,5,person,0.7732,195,614,273,765,234.0,689.5,234.0,765.0
14,0.520,6,person,0.6617,1588,546,1645,645,1616.5,595.5,1616.5,645.0
14,0.520,8,person,0.7339,762,344,809,439,785.5,391.5,785.5,439.0
14,0.520,9,person,0.3419,1087,328,1130,415,1108.5,371.5,1108.5,415.0
14,0.520,11,person,0.7341,540,317,580,406,560.0,361.5,560.0,406.0
14,0.520,12,person,0.5936,1229,351,1267,445,1248.0,398.0,1248.0,445.0
14,0.520,14,person,0.5790,1440,411,1476,497,1458.0,454.0,1458.0,497.0
14,0.520,15,person,0.5761,1146,380,1203,480,1174.5,430.0,1174.5,480.0
14,0.520,43,person,0.6971,854,285,889,366,871.5,325.5,871.5,366.0
14,0.520,55,person,0.7382,977,442,1022,555,999.5,498.5,999.5,555.0
14,0.520,13,person,0.5772,891,294,941,384,916.0,339.0,916.0,384.0
15,0.560,1,person,0.7944,1413,504,1472,618,1442.5,561.0,1442.5,618.0
15,0.560,2,person,0.8297,1332,672,1400,818,1366.0,745.0,1366.0,818.0
15,0.560,3,person,0.8451,686,503,745,620,715.5,561.5,715.5,620.0
15,0.560,4,person,0.6836,313,348,353,442,333.0,395.0,333.0,442.0
15,0.560,5,person,0.7876,187,613,264,766,225.5,689.5,225.5,766.0
15,0.560,6,person,0.6876,1581,553,1638,652,1609.5,602.5,1609.5,652.0
15,0.560,8,person,0.7066,755,347,802,443,778.5,395.0,778.5,443.0
15,0.560,9,person,0.3394,1083,332,1126,418,1104.5,375.0,1104.5,418.0
15,0.560,11,person,0.6566,532,318,572,408,552.0,363.0,552.0,408.0
15,0.560,12,person,0.5169,1219,353,1258,445,1238.5,399.0,1238.5,445.0
15,0.560,14,person,0.4611,1435,413,1472,503,1453.5,458.0,1453.5,503.0
15,0.560,15,person,0.5582,1139,379,1197,481,1168.0,430.0,1168.0,481.0
15,0.560,43,person,0.6207,845,287,881,370,863.0,328.5,863.0,370.0
15,0.560,55,person,0.6937,973,443,1018,556,995.5,499.5,995.5,556.0
15,0.560,13,person,0.6876,883,296,931,382,907.0,339.0,907.0,382.0
16,0.600,1,person,0.8606,1413,504,1473,619,1443.0,561.5,1443.0,619.0
16,0.600,2,person,0.8050,1326,677,1395,821,1360.5,749.0,1360.5,821.0
16,0.600,3,person,0.8525,679,508,739,626,709.0,567.0,709.0,626.0
16,0.600,4,person,0.8143,303,349,345,447,324.0,398.0,324.0,447.0
16,0.600,5,person,0.7620,182,614,256,768,219.0,691.0,219.0,768.0
16,0.600,6,person,0.8194,1578,562,1635,658,1606.5,610.0,1606.5,658.0
16,0.600,8,person,0.7742,745,348,795,447,770.0,397.5,770.0,447.0
16,0.600,9,person,0.4590,1080,339,1120,418,1100.0,378.5,1100.0,418.0
16,0.600,11,person,0.6301,523,320,563,411,543.0,365.5,543.0,411.0
16,0.600,12,person,0.5212,1212,358,1251,445,1231.5,401.5,1231.5,445.0
16,0.600,14,person,0.4404,1432,414,1465,492,1448.5,453.0,1448.5,492.0
16,0.600,15,person,0.5232,1135,381,1192,483,1163.5,432.0,1163.5,483.0
16,0.600,43,person,0.6579,835,288,872,373,853.5,330.5,853.5,373.0
16,0.600,55,person,0.5687,971,445,1012,548,991.5,496.5,991.5,548.0
16,0.600,13,person,0.6179,881,296,927,379,904.0,337.5,904.0,379.0
16,0.600,66,person,0.6022,1579,280,1611,356,1595.0,318.0,1595.0,356.0
16,0.600,7,person,0.6658,959,447,1013,556,986.0,501.5,986.0,556.0
17,0.640,1,person,0.8905,1410,503,1472,621,1441.0,562.0,1441.0,621.0
17,0.640,2,person,0.8024,1317,681,1386,824,1351.5,752.5,1351.5,824.0
17,0.640,3,person,0.8166,673,513,736,633,704.5,573.0,704.5,633.0
17,0.640,4,person,0.7908,295,354,339,452,317.0,403.0,317.0,452.0
17,0.640,5,person,0.7960,177,618,249,773,213.0,695.5,213.0,773.0
17,0.640,6,person,0.8325,1576,568,1635,663,1605.5,615.5,1605.5,663.0
17,0.640,8,person,0.7015,735,351,786,450,760.5,400.5,760.5,450.0
17,0.640,9,person,0.5807,1075,341,1118,427,1096.5,384.0,1096.5,427.0
17,0.640,11,person,0.6828,516,321,555,412,535.5,366.5,535.5,412.0
17,0.640,12,person,0.4640,1206,362,1243,444,1224.5,403.0,1224.5,444.0
17,0.640,14,person,0.5864,1427,416,1459,494,1443.0,455.0,1443.0,494.0
17,0.640,15,person,0.5465,1130,386,1185,487,1157.5,436.5,1157.5,487.0
17,0.640,43,person,0.5786,828,287,866,374,847.0,330.5,847.0,374.0
17,0.640,55,person,0.4387,967,449,1008,551,987.5,500.0,987.5,551.0
17,0.640,13,person,0.4581,874,298,921,386,897.5,342.0,897.5,386.0
17,0.640,7,person,0.7089,953,450,1006,559,979.5,504.5,979.5,559.0
18,0.680,1,person,0.8871,1405,507,1468,625,1436.5,566.0,1436.5,625.0
18,0.680,2,person,0.8313,1313,686,1381,827,1347.0,756.5,1347.0,827.0
18,0.680,3,person,0.8165,673,520,735,638,704.0,579.0,704.0,638.0
18,0.680,4,person,0.7875,283,358,328,454,305.5,406.0,305.5,454.0
18,0.680,5,person,0.7852,170,620,239,774,204.5,697.0,204.5,774.0
18,0.680,6,person,0.8431,1573,571,1633,667,1603.0,619.0,1603.0,667.0
18,0.680,8,person,0.6468,729,352,780,451,754.5,401.5,754.5,451.0
18,0.680,9,person,0.5381,1072,345,1115,432,1093.5,388.5,1093.5,432.0
18,0.680,11,person,0.5577,509,324,547,415,528.0,369.5,528.0,415.0
18,0.680,12,person,0.5825,1198,364,1238,447,1218.0,405.5,1218.0,447.0
18,0.680,14,person,0.4417,1417,417,1457,513,1437.0,465.0,1437.0,513.0
18,0.680,15,person,0.5404,1129,389,1185,489,1157.0,439.0,1157.0,489.0
18,0.680,43,person,0.6565,822,286,860,374,841.0,330.0,841.0,374.0
18,0.680,55,person,0.2198,960,451,1002,556,981.0,503.5,981.0,556.0
18,0.680,13,person,0.5765,865,298,910,385,887.5,341.5,887.5,385.0
18,0.680,7,person,0.7329,946,454,1000,562,973.0,508.0,973.0,562.0
18,0.680,19,person,0.3889,873,297,901,352,887.0,324.5,887.0,352.0
19,0.720,1,person,0.8105,1399,510,1462,627,1430.5,568.5,1430.5,627.0
19,0.720,2,person,0.7984,1307,685,1378,831,1342.5,758.0,1342.5,831.0
19,0.720,3,person,0.7407,673,527,733,641,703.0,584.0,703.0,641.0
19,0.720,4,person,0.7835,272,358,318,455,295.0,406.5,295.0,455.0
19,0.720,5,person,0.7787,164,623,232,777,198.0,700.0,198.0,777.0
19,0.720,6,person,0.8056,1566,576,1625,669,1595.5,622.5,1595.5,669.0
19,0.720,8,person,0.6872,723,353,773,453,748.0,403.0,748.0,453.0
19,0.720,9,person,0.5909,1068,344,1112,436,1090.0,390.0,1090.0,436.0
19,0.720,11,person,0.6604,500,325,538,417,519.0,371.0,519.0,417.0
19,0.720,12,person,0.4747,1189,363,1228,446,1208.5,404.5,1208.5,446.0
19,0.720,14,person,0.3710,1414,418,1451,508,1432.5,463.0,1432.5,508.0
19,0.720,15,person,0.4575,1118,397,1170,492,1144.0,444.5,1144.0,492.0
19,0.720,43,person,0.5498,815,290,852,375,833.5,332.5,833.5,375.0
19,0.720,13,person,0.5817,857,298,904,388,880.5,343.0,880.5,388.0
19,0.720,7,person,0.7274,941,458,995,566,968.0,512.0,968.0,566.0
20,0.760,1,person,0.8073,1394,510,1457,629,1425.5,569.5,1425.5,629.0
20,0.760,2,person,0.8436,1302,684,1374,832,1338.0,758.0,1338.0,832.0
20,0.760,3,person,0.7812,671,529,731,644,701.0,586.5,701.0,644.0
20,0.760,4,person,0.7508,261,360,310,460,285.5,410.0,285.5,460.0
20,0.760,5,person,0.7657,160,629,226,778,193.0,703.5,193.0,778.0
20,0.760,6,person,0.7765,1558,580,1618,672,1588.0,626.0,1588.0,672.0
20,0.760,8,person,0.6093,717,354,766,455,741.5,404.5,741.5,455.0
20,0.760,9,person,0.5081,1062,342,1110,440,1086.0,391.0,1086.0,440.0
20,0.760,11,person,0.6664,494,330,532,421,513.0,375.5,513.0,421.0
20,0.760,12,person,0.4569,1181,363,1220,443,1200.5,403.0,1200.5,443.0
20,0.760,14,person,0.6816,1408,420,1448,515,1428.0,467.5,1428.0,515.0
20,0.760,15,person,0.4903,1110,399,1161,494,1135.5,446.5,1135.5,494.0
20,0.760,43,person,0.7231,806,291,844,378,825.0,334.5,825.0,378.0
20,0.760,13,person,0.3704,851,301,896,390,873.5,345.5,873.5,390.0
20,0.760,7,person,0.6575,939,463,991,568,965.0,515.5,965.0,568.0
20,0.760,19,person,0.3589,862,302,889,353,875.5,327.5,875.5,353.0
21,0.800,1,person,0.7405,1392,510,1453,629,1422.5,569.5,1422.5,629.0
21,0.800,2,person,0.8694,1300,682,1371,831,1335.5,756.5,1335.5,831.0
21,0.800,3,person,0.8327,665,531,728,647,696.5,589.0,696.5,647.0
21,0.800,4,person,0.7995,250,363,299,464,274.5,413.5,274.5,464.0
21,0.800,5,person,0.8042,153,632,221,782,187.0,707.0,187.0,782.0
21,0.800,6,person,0.4876,1552,586,1611,677,1581.5,631.5,1581.5,677.0
21,0.800,8,person,0.6892,710,354,760,458,735.0,406.0,735.0,458.0
21,0.800,9,person,0.4688,1060,343,1105,437,1082.5,390.0,1082.5,437.0
21,0.800,11,person,0.6950,485,335,524,424,504.5,379.5,504.5,424.0
21,0.800,12,person,0.5791,1171,364,1211,449,1191.0,406.5,1191.0,449.0
21,0.800,14,person,0.6719,1406,425,1444,517,1425.0,471.0,1425.0,517.0
21,0.800,15,person,0.6585,1101,408,1147,495,1124.0,451.5,1124.0,495.0
21,0.800,43,person,0.7146,802,294,840,381,821.0,337.5,821.0,381.0
21,0.800,13,person,0.5803,848,305,890,388,869.0,346.5,869.0,388.0
21,0.800,7,person,0.6652,937,465,989,571,963.0,518.0,963.0,571.0
22,0.840,1,person,0.6853,1389,514,1447,629,1418.0,571.5,1418.0,629.0
22,0.840,2,person,0.8607,1296,680,1366,828,1331.0,754.0,1331.0,828.0
22,0.840,3,person,0.7929,661,534,725,651,693.0,592.5,693.0,651.0
22,0.840,4,person,0.7338,243,367,291,467,267.0,417.0,267.0,467.0
22,0.840,5,person,0.8687,144,635,214,787,179.0,711.0,179.0,787.0
22,0.840,6,person,0.5564,1547,591,1606,680,1576.5,635.5,1576.5,680.0
22,0.840,8,person,0.7762,705,354,753,458,729.0,406.0,729.0,458.0
22,0.840,9,person,0.3396,1058,347,1103,440,1080.5,393.5,1080.5,440.0
22,0.840,11,person,0.7194,474,337,515,427,494.5,382.0,494.5,427.0
22,0.840,12,person,0.4162,1160,366,1201,453,1180.5,409.5,1180.5,453.0
22,0.840,14,person,0.6313,1403,429,1442,520,1422.5,474.5,1422.5,520.0
22,0.840,15,person,0.7375,1096,412,1140,497,1118.0,454.5,1118.0,497.0
22,0.840,43,person,0.6733,798,295,835,383,816.5,339.0,816.5,383.0
22,0.840,13,person,0.4898,839,312,880,393,859.5,352.5,859.5,393.0
22,0.840,84,person,0.5995,1520,297,1553,371,1536.5,334.0,1536.5,371.0
22,0.840,55,person,0.6845,942,465,985,573,963.5,519.0,963.5,573.0
23,0.880,1,person,0.7634,1386,512,1443,630,1414.5,571.0,1414.5,630.0
23,0.880,2,person,0.8612,1292,681,1360,825,1326.0,753.0,1326.0,825.0
23,0.880,3,person,0.6753,657,537,724,657,690.5,597.0,690.5,657.0
23,0.880,4,person,0.6877,236,369,282,469,259.0,419.0,259.0,469.0
23,0.880,5,person,0.8754,133,641,204,792,168.5,716.5,168.5,792.0
23,0.880,6,person,0.3224,1541,594,1601,684,1571.0,639.0,1571.0,684.0
23,0.880,8,person,0.7738,700,357,747,460,723.5,408.5,723.5,460.0
23,0.880,9,person,0.5054,1056,350,1099,439,1077.5,394.5,1077.5,439.0
23,0.880,11,person,0.7603,464,337,508,430,486.0,383.5,486.0,430.0
23,0.880,12,person,0.2025,1147,367,1190,457,1168.5,412.0,1168.5,457.0
23,0.880,14,person,0.6502,1401,435,1439,521,1420.0,478.0,1420.0,521.0
23,0.880,15,person,0.7353,1087,411,1132,501,1109.5,456.0,1109.5,501.0
23,0.880,43,person,0.5435,792,300,829,387,810.5,343.5,810.5,387.0
23,0.880,13,person,0.5250,837,314,874,386,855.5,350.0,855.5,386.0
23,0.880,84,person,0.6420,1513,300,1545,374,1529.0,337.0,1529.0,374.0
23,0.880,55,person,0.7212,939,467,982,577,960.5,522.0,960.5,577.0
24,0.920,1,person,0.7821,1383,511,1440,630,1411.5,570.5,1411.5,630.0
24,0.920,2,person,0.8771,1288,682,1353,822,1320.5,752.0,1320.5,822.0
24,0.920,3,person,0.5287,657,538,727,662,692.0,600.0,692.0,662.0
24,0.920,4,person,0.6474,229,370,275,471,252.0,420.5,252.0,471.0
24,0.920,5,person,0.8452,121,643,195,796,158.0,719.5,158.0,796.0
24,0.920,6,person,0.7883,1534,599,1598,694,1566.0,646.5,1566.0,694.0
24,0.920,8,person,0.6888,695,361,740,461,717.5,411.0,717.5,461.0
24,0.920,9,person,0.4480,1060,350,1098,429,1079.0,389.5,1079.0,429.0
24,0.920,11,person,0.7581,456,341,499,431,477.5,386.0,477.5,431.0
24,0.920,12,person,0.3653,1141,373,1181,456,1161.0,414.5,1161.0,456.0
24,0.920,14,person,0.5594,1401,442,1434,516,1417.5,479.0,1417.5,516.0
24,0.920,15,person,0.7444,1080,414,1124,501,1102.0,457.5,1102.0,501.0
24,0.920,43,person,0.5838,786,302,824,390,805.0,346.0,805.0,390.0
24,0.920,13,person,0.5396,832,314,870,389,851.0,351.5,851.0,389.0
24,0.920,84,person,0.6401,1504,300,1538,377,1521.0,338.5,1521.0,377.0
24,0.920,55,person,0.7687,934,469,978,581,956.0,525.0,956.0,581.0
24,0.920,89,person,0.6745,683,537,733,661,708.0,599.0,708.0,661.0
25,0.960,1,person,0.7121,1380,504,1438,631,1409.0,567.5,1409.0,631.0
25,0.960,2,person,0.8678,1284,682,1349,821,1316.5,751.5,1316.5,821.0
25,0.960,3,person,0.4059,660,543,730,667,695.0,605.0,695.0,667.0
25,0.960,4,person,0.7119,221,373,266,476,243.5,424.5,243.5,476.0
25,0.960,5,person,0.7836,107,644,183,800,145.0,722.0,145.0,800.0
25,0.960,6,person,0.8401,1524,601,1594,704,1559.0,652.5,1559.0,704.0
25,0.960,8,person,0.6794,689,364,733,463,711.0,413.5,711.0,463.0
25,0.960,9,person,0.3614,1061,351,1094,418,1077.5,384.5,1077.5,418.0
25,0.960,11,person,0.6642,446,342,490,433,468.0,387.5,468.0,433.0
25,0.960,12,person,0.6022,1122,375,1176,487,1149.0,431.0,1149.0,487.0
25,0.960,15,person,0.5799,1072,415,1115,502,1093.5,458.5,1093.5,502.0
25,0.960,43,person,0.6351,778,300,819,397,798.5,348.5,798.5,397.0
25,0.960,13,person,0.4089,829,315,865,388,847.0,351.5,847.0,388.0
25,0.960,84,person,0.5449,1495,299,1530,378,1512.5,338.5,1512.5,378.0
25,0.960,55,person,0.7637,928,471,974,585,951.0,528.0,951.0,585.0
25,0.960,89,person,0.6543,682,542,732,664,707.0,603.0,707.0,664.0
26,1.000,1,person,0.6499,1379,512,1434,632,1406.5,572.0,1406.5,632.0
26,1.000,2,person,0.8284,1279,684,1344,824,1311.5,754.0,1311.5,824.0
26,1.000,3,person,0.4773,660,547,727,669,693.5,608.0,693.5,669.0
26,1.000,4,person,0.7225,212,378,255,477,233.5,427.5,233.5,477.0
26,1.000,5,person,0.7840,98,646,175,805,136.5,725.5,136.5,805.0
26,1.000,6,person,0.8562,1514,605,1586,712,1550.0,658.5,1550.0,712.0
26,1.000,8,person,0.7509,684,368,729,467,706.5,417.5,706.5,467.0
26,1.000,9,person,0.3253,1060,353,1091,414,1075.5,383.5,1075.5,414.0
26,1.000,11,person,0.6403,439,344,482,435,460.5,389.5,460.5,435.0
26,1.000,12,person,0.7095,1114,377,1171,497,1142.5,437.0,1142.5,497.0
26,1.000,15,person,0.5606,1062,411,1108,505,1085.0,458.0,1085.0,505.0
26,1.000,43,person,0.4718,771,306,812,399,791.5,352.5,791.5,399.0
26,1.000,13,person,0.2627,824,317,861,391,842.5,354.0,842.5,391.0
26,1.000,84,person,0.5807,1488,304,1521,379,1504.5,341.5,1504.5,379.0
26,1.000,89,person,0.7073,680,549,729,669,704.5,609.0,704.5,669.0
26,1.000,94,person,0.5914,1384,452,1432,634,1408.0,543.0,1408.0,634.0
26,1.000,7,person,0.8181,919,476,973,587,946.0,531.5,946.0,587.0
26,1.000,14,person,0.2662,1393,449,1424,515,1408.5,482.0,1408.5,515.0
27,1.040,1,person,0.7865,1377,513,1433,635,1405.0,574.0,1405.0,635.0
27,1.040,2,person,0.8260,1275,688,1339,826,1307.0,757.0,1307.0,826.0
27,1.040,4,person,0.7267,205,380,248,481,226.5,430.5,226.5,481.0
27,1.040,5,person,0.8014,91,647,167,807,129.0,727.0,129.0,807.0
27,1.040,6,person,0.8366,1503,611,1574,716,1538.5,663.5,1538.5,716.0
27,1.040,8,person,0.7679,680,373,725,472,702.5,422.5,702.5,472.0
27,1.040,11,person,0.6656,432,347,474,438,453.0,392.5,453.0,438.0
27,1.040,12,person,0.6348,1108,382,1164,502,1136.0,442.0,1136.0,502.0
27,1.040,15,person,0.5913,1053,402,1102,506,1077.5,454.0,1077.5,506.0
27,1.040,43,person,0.5206,762,310,803,401,782.5,355.5,782.5,401.0
27,1.040,84,person,0.5460,1479,306,1512,382,1495.5,344.0,1495.5,382.0
27,1.040,89,person,0.6905,677,552,727,674,702.0,613.0,702.0,674.0
27,1.040,7,person,0.8213,912,478,970,592,941.0,535.0,941.0,592.0
27,1.040,16,person,0.5458,1047,355,1106,507,1076.5,431.0,1076.5,507.0
28,1.080,1,person,0.8203,1374,515,1433,641,1403.5,578.0,1403.5,641.0
28,1.080,2,person,0.8866,1272,691,1336,830,1304.0,760.5,1304.0,830.0
28,1.080,4,person,0.7934,198,385,242,484,220.0,434.5,220.0,484.0
28,1.080,5,person,0.8063,86,651,158,808,122.0,729.5,122.0,808.0
28,1.080,6,person,0.6912,1495,615,1567,721,1531.0,668.0,1531.0,721.0
28,1.080,8,person,0.7675,676,377,722,474,699.0,425.5,699.0,474.0
28,1.080,11,person,0.6963,424,347,466,440,445.0,393.5,445.0,440.0
28,1.080,12,person,0.6505,1105,384,1161,505,1133.0,444.5,1133.0,505.0
28,1.080,15,person,0.5734,1043,392,1097,509,1070.0,450.5,1070.0,509.0
28,1.080,43,person,0.4818,758,310,799,403,778.5,356.5,778.5,403.0
28,1.080,84,person,0.5567,1469,304,1505,385,1487.0,344.5,1487.0,385.0
28,1.080,89,person,0.7916,675,552,725,677,700.0,614.5,700.0,677.0
28,1.080,7,person,0.8424,908,481,966,595,937.0,538.0,937.0,595.0
28,1.080,16,person,0.4370,1045,356,1102,509,1073.5,432.5,1073.5,509.0
28,1.080,13,person,0.4867,811,315,851,397,831.0,356.0,831.0,397.0
28,1.080,14,person,0.4502,1385,456,1420,530,1402.5,493.0,1402.5,530.0
29,1.120,1,person,0.7754,1372,522,1429,643,1400.5,582.5,1400.5,643.0
29,1.120,2,person,0.8977,1268,691,1334,832,1301.0,761.5,1301.0,832.0
29,1.120,4,person,0.8069,186,385,234,488,210.0,436.5,210.0,488.0
29,1.120,5,person,0.7830,80,655,151,813,115.5,734.0,115.5,813.0
29,1.120,6,person,0.8596,1488,622,1558,724,1523.0,673.0,1523.0,724.0
29,1.120,8,person,0.7880,670,378,718,476,694.0,427.0,694.0,476.0
29,1.120,11,person,0.7289,417,348,457,441,437.0,394.5,437.0,441.0
29,1.120,12,person,0.7870,1102,386,1160,509,1131.0,447.5,1131.0,509.0
29,1.120,15,person,0.6111,1038,403,1086,511,1062.0,457.0,1062.0,511.0
29,1.120,43,person,0.5016,755,309,798,408,776.5,358.5,776.5,408.0
29,1.120,84,person,0.6591,1462,309,1496,386,1479.0,347.5,1479.0,386.0
29,1.120,89,person,0.8039,673,557,724,680,698.5,618.5,698.5,680.0
29,1.120,7,person,0.8378,907,484,965,598,936.0,541.0,936.0,598.0
29,1.120,16,person,0.5715,1040,357,1095,511,1067.5,434.0,1067.5,511.0
29,1.120,13,person,0.4226,803,316,845,401,824.0,358.5,824.0,401.0
30,1.160,1,person,0.8331,1367,536,1420,645,1393.5,590.5,1393.5,645.0
30,1.160,2,person,0.8736,1266,692,1332,833,1299.0,762.5,1299.0,833.0
30,1.160,4,person,0.8078,174,389,223,491,198.5,440.0,198.5,491.0
30,1.160,5,person,0.8332,75,655,144,816,109.5,735.5,109.5,816.0
30,1.160,6,person,0.9129,1479,627,1551,730,1515.0,678.5,1515.0,730.0
30,1.160,8,person,0.8022,662,382,710,478,686.0,430.0,686.0,478.0
30,1.160,11,person,0.7426,411,353,450,444,430.5,398.5,430.5,444.0
30,1.160,12,person,0.6227,1098,387,1158,514,1128.0,450.5,1128.0,514.0
30,1.160,15,person,0.5975,1033,412,1077,512,1055.0,462.0,1055.0,512.0
30,1.160,43,person,0.5281,753,310,796,406,774.5,358.0,774.5,406.0
30,1.160,84,person,0.5610,1454,315,1488,390,1471.0,352.5,1471.0,390.0
30,1.160,89,person,0.7831,670,559,722,686,696.0,622.5,696.0,686.0
30,1.160,7,person,0.7722,904,487,962,601,933.0,544.0,933.0,601.0
30,1.160,13,person,0.5518,802,322,841,403,821.5,362.5,821.5,403.0
30,1.160,55,person,0.5032,918,488,962,599,940.0,543.5,940.0,599.0
30,1.160,14,person,0.5185,1380,465,1416,539,1398.0,502.0,1398.0,539.0
31,1.200,1,person,0.8520,1360,540,1415,648,1387.5,594.0,1387.5,648.0
31,1.200,2,person,0.8691,1266,693,1333,836,1299.5,764.5,1299.5,836.0
31,1.200,4,person,0.7816,164,395,214,497,189.0,446.0,189.0,497.0
31,1.200,5,person,0.8207,70,659,139,820,104.5,739.5,104.5,820.0
31,1.200,6,person,0.8630,1467,633,1541,736,1504.0,684.5,1504.0,736.0
31,1.200,8,person,0.8588,652,388,703,485,677.5,436.5,677.5,485.0
31,1.200,11,person,0.6962,403,355,443,448,423.0,401.5,423.0,448.0
31,1.200,12,person,0.7292,1097,387,1158,518,1127.5,452.5,1127.5,518.0
31,1.200,15,person,0.6602,1028,420,1069,514,1048.5,467.0,1048.5,514.0
31,1.200,43,person,0.3617,749,313,792,411,770.5,362.0,770.5,411.0
31,1.200,84,person,0.5778,1446,319,1479,393,1462.5,356.0,1462.5,393.0
31,1.200,89,person,0.8193,667,561,721,691,694.0,626.0,694.0,691.0
31,1.200,13,person,0.5117,798,325,836,407,817.0,366.0,817.0,407.0
31,1.200,55,person,0.7456,914,489,960,605,937.0,547.0,937.0,605.0
31,1.200,14,person,0.3717,1382,469,1413,534,1397.5,501.5,1397.5,534.0
32,1.240,1,person,0.8057,1356,544,1411,652,1383.5,598.0,1383.5,652.0
32,1.240,2,person,0.8149,1264,697,1331,840,1297.5,768.5,1297.5,840.0
32,1.240,4,person,0.7316,152,397,204,500,178.0,448.5,178.0,500.0
32,1.240,5,person,0.8379,64,666,133,825,98.5,745.5,98.5,825.0
32,1.240,6,person,0.8652,1450,638,1529,746,1489.5,692.0,1489.5,746.0
32,1.240,8,person,0.8168,644,392,695,487,669.5,439.5,669.5,487.0
32,1.240,11,person,0.7398,398,357,439,452,418.5,404.5,418.5,452.0
32,1.240,12,person,0.7078,1097,388,1159,522,1128.0,455.0,1128.0,522.0
32,1.240,15,person,0.6628,1021,421,1061,515,1041.0,468.0,1041.0,515.0
32,1.240,43,person,0.4701,746,317,784,405,765.0,361.0,765.0,405.0
32,1.240,84,person,0.6210,1434,320,1471,398,1452.5,359.0,1452.5,398.0
32,1.240,89,person,0.8352,668,564,725,694,696.5,629.0,696.5,694.0
32,1.240,13,person,0.5231,793,322,833,410,813.0,366.0,813.0,410.0
32,1.240,55,person,0.7372,912,490,957,608,934.5,549.0,934.5,608.0
32,1.240,14,person,0.3111,1381,476,1412,538,1396.5,507.0,1396.5,538.0
33,1.280,1,person,0.7916,1351,542,1409,657,1380.0,599.5,1380.0,657.0
33,1.280,2,person,0.7443,1262,701,1329,843,1295.5,772.0,1295.5,843.0
33,1.280,4,person,0.7398,142,399,194,503,168.0,451.0,168.0,503.0
33,1.280,5,person,0.8418,54,669,126,833,90.0,751.0,90.0,833.0
33,1.280,6,person,0.8681,1436,642,1519,754,1477.5,698.0,1477.5,754.0
33,1.280,8,person,0.7525,636,393,688,489,662.0,441.0,662.0,489.0
33,1.280,11,person,0.7357,389,361,431,456,410.0,408.5,410.0,456.0
33,1.280,12,person,0.6306,1094,390,1156,523,1125.0,456.5,1125.0,523.0
33,1.280,15,person,0.6541,1014,424,1052,515,1033.0,469.5,1033.0,515.0
33,1.280,43,person,0.5370,742,322,777,405,759.5,363.5,759.5,405.0
33,1.280,84,person,0.7152,1426,325,1464,404,1445.0,364.5,1445.0,404.0
33,1.280,89,person,0.7125,668,571,727,699,697.5,635.0,697.5,699.0
33,1.280,13,person,0.7070,787,324,828,414,807.5,369.0,807.5,414.0
33,1.280,55,person,0.7043,909,492,954,610,931.5,551.0,931.5,610.0
33,1.280,14,person,0.4968,1374,480,1413,556,1393.5,518.0,1393.5,556.0
33,1.280,115,person,0.4542,737,321,776,414,756.5,367.5,756.5,414.0
34,1.320,1,person,0.7432,1349,541,1408,659,1378.5,600.0,1378.5,659.0
34,1.320,2,person,0.6863,1258,705,1326,847,1292.0,776.0,1292.0,847.0
34,1.320,4,person,0.6758,133,400,184,504,158.5,452.0,158.5,504.0
34,1.320,5,person,0.8565,43,673,116,839,79.5,756.0,79.5,839.0
34,1.320,6,person,0.8756,1423,646,1508,761,1465.5,703.5,1465.5,761.0
34,1.320,8,person,0.7482,630,394,683,492,656.5,443.0,656.5,492.0
34,1.320,11,person,0.7131,379,365,421,458,400.0,411.5,400.0,458.0
34,1.320,12,person,0.5866,1090,392,1150,523,1120.0,457.5,1120.0,523.0
34,1.320,15,person,0.6762,1007,426,1045,519,1026.0,472.5,1026.0,519.0
34,1.320,43,person,0.6484,733,320,772,411,752.5,365.5,752.5,411.0
34,1.320,84,person,0.5883,1418,326,1457,405,1437.5,365.5,1437.5,405.0
34,1.320,89,person,0.6794,672,575,730,702,701.0,638.5,701.0,702.0
34,1.320,13,person,0.6183,782,326,822,417,802.0,371.5,802.0,417.0
34,1.320,55,person,0.6612,906,496,950,612,928.0,554.0,928.0,612.0
34,1.320,14,person,0.3328,1369,483,1409,561,1389.0,522.0,1389.0,561.0
34,1.320,115,person,0.3621,728,315,772,422,750.0,368.5,750.0,422.0
35,1.360,1,person,0.7235,1347,541,1405,659,1376.0,600.0,1376.0,659.0
35,1.360,2,person,0.7283,1252,709,1320,852,1286.0,780.5,1286.0,852.0
35,1.360,4,person,0.6816,127,402,177,507,152.0,454.5,152.0,507.0
35,1.360,5,person,0.8716,31,678,106,845,68.5,761.5,68.5,845.0
35,1.360,6,person,0.8028,1411,651,1494,766,1452.5,708.5,1452.5,766.0
35,1.360,8,person,0.6949,625,395,677,494,651.0,444.5,651.0,494.0
35,1.360,11,person,0.7011,370,367,413,462,391.5,414.5,391.5,462.0
35,1.360,12,person,0.4792,1085,390,1147,525,1116.0,457.5,1116.0,525.0
35,1.360,15,person,0.6693,999,425,1036,518,1017.5,471.5,1017.5,518.0
35,1.360,43,person,0.5753,730,319,770,414,750.0,366.5,750.0,414.0
35,1.360,84,person,0.6817,1411,328,1450,404,1430.5,366.0,1430.5,404.0
35,1.360,89,person,0.7011,680,583,736,710,708.0,646.5,708.0,710.0
35,1.360,13,person,0.5683,778,329,816,418,797.0,373.5,797.0,418.0
35,1.360,55,person,0.6997,904,500,946,615,925.0,557.5,925.0,615.0
35,1.360,14,person,0.3472,1366,487,1407,568,1386.5,527.5,1386.5,568.0
35,1.360,119,person,0.4745,1035,389,1074,467,1054.5,428.0,1054.5,467.0
36,1.400,1,person,0.7220,1344,540,1403,663,1373.5,601.5,1373.5,663.0
36,1.400,2,person,0.7614,1250,715,1319,855,1284.5,785.0,1284.5,855.0
36,1.400,4,person,0.7160,122,405,170,509,146.0,457.0,146.0,509.0
36,1.400,5,person,0.8459,22,680,97,845,59.5,762.5,59.5,845.0
36,1.400,6,person,0.8470,1401,655,1483,769,1442.0,712.0,1442.0,769.0
36,1.400,8,person,0.7537,619,395,672,498,645.5,446.5,645.5,498.0
36,1.400,11,person,0.7620,361,370,404,465,382.5,417.5,382.5,465.0
36,1.400,12,person,0.5087,1083,391,1144,524,1113.5,457.5,1113.5,524.0
36,1.400,15,person,0.6326,990,426,1028,521,1009.0,473.5,1009.0,521.0
36,1.400,43,person,0.4203,724,321,763,416,743.5,368.5,743.5,416.0
36,1.400,84,person,0.5908,1406,334,1442,404,1424.0,369.0,1424.0,404.0
36,1.400,89,person,0.6038,677,585,733,713,705.0,649.0,705.0,713.0
36,1.400,13,person,0.2895,775,330,813,421,794.0,375.5,794.0,421.0
36,1.400,55,person,0.6718,902,504,944,617,923.0,560.5,923.0,617.0
36,1.400,14,person,0.3387,1365,491,1405,568,1385.0,529.5,1385.0,568.0
36,1.400,119,person,0.5134,1028,391,1069,474,1048.5,432.5,1048.5,474.0
36,1.400,120,person,0.5548,733,319,803,419,768.0,369.0,768.0,419.0
36,1.400,115,person,0.5127,728,319,770,420,749.0,369.5,749.0,420.0
37,1.440,1,person,0.7234,1344,547,1400,664,1372.0,605.5,1372.0,664.0
37,1.440,2,person,0.7815,1244,719,1315,859,1279.5,789.0,1279.5,859.0
37,1.440,4,person,0.5849,115,411,160,513,137.5,462.0,137.5,513.0
37,1.440,5,person,0.8209,14,682,88,844,51.0,763.0,51.0,844.0
37,1.440,6,person,0.8585,1392,662,1474,777,1433.0,719.5,1433.0,777.0
37,1.440,8,person,0.7409,614,395,666,499,640.0,447.0,640.0,499.0
37,1.440,11,person,0.7867,350,369,395,466,372.5,417.5,372.5,466.0
37,1.440,12,person,0.4528,1081,421,1130,528,1105.5,474.5,1105.5,528.0
37,1.440,15,person,0.6455,983,426,1020,521,1001.5,473.5,1001.5,521.0
37,1.440,43,person,0.6184,721,325,759,418,740.0,371.5,740.0,418.0
37,1.440,84,person,0.5620,1399,335,1437,406,1418.0,370.5,1418.0,406.0
37,1.440,89,person,0.7395,678,587,734,716,706.0,651.5,706.0,716.0
37,1.440,13,person,0.4875,768,333,806,423,787.0,378.0,787.0,423.0
37,1.440,55,person,0.6868,899,509,940,621,919.5,565.0,919.5,621.0
37,1.440,14,person,0.2117,1367,494,1403,562,1385.0,528.0,1385.0,562.0
37,1.440,119,person,0.6629,1025,395,1067,480,1046.0,437.5,1046.0,480.0
37,1.440,120,person,0.2362,728,325,795,421,761.5,373.0,761.5,421.0
38,1.480,1,person,0.7380,1342,551,1396,666,1369.0,608.5,1369.0,666.0
38,1.480,2,person,0.8282,1241,720,1315,862,1278.0,791.0,1278.0,862.0
38,1.480,4,person,0.7290,106,410,152,516,129.0,463.0,129.0,516.0
38,1.480,5,person,0.7843,8,685,81,844,44.5,764.5,44.5,844.0
38,1.480,6,person,0.9115,1382,664,1465,784,1423.5,724.0,1423.5,784.0
38,1.480,8,person,0.7562,608,396,659,500,633.5,448.0,633.5,500.0
38,1.480,11,person,0.7595,343,370,386,467,364.5,418.5,364.5,467.0
38,1.480,12,person,0.5905,1076,433,1122,533,1099.0,483.0,1099.0,533.0
38,1.480,15,person,0.7408,974,426,1011,519,992.5,472.5,992.5,519.0
38,1.480,43,person,0.7054,718,329,754,419,736.0,374.0,736.0,419.0
38,1.480,84,person,0.6133,1392,343,1430,411,1411.0,377.0,1411.0,411.0
38,1.480,89,person,0.7871,677,587,734,719,705.5,653.0,705.5,719.0
38,1.480,13,person,0.6845,764,336,803,426,783.5,381.0,783.5,426.0
38,1.480,55,person,0.7301,897,512,938,624,917.5,568.0,917.5,624.0
38,1.480,14,person,0.3170,1368,499,1403,561,1385.5,530.0,1385.5,561.0
38,1.480,119,person,0.4401,1020,396,1062,481,1041.0,438.5,1041.0,481.0
38,1.480,127,person,0.4266,1113,398,1138,465,1125.5,431.5,1125.5,465.0
39,1.520,1,person,0.7986,1338,554,1392,669,1365.0,611.5,1365.0,669.0
39,1.520,2,person,0.8286,1240,719,1318,861,1279.0,790.0,1279.0,861.0
39,1.520,4,person,0.7913,98,412,147,520,122.5,466.0,122.5,520.0
39,1.520,5,person,0.8442,0,686,69,846,34.5,766.0,34.5,846.0
39,1.520,6,person,0.9056,1375,667,1460,789,1417.5,728.0,1417.5,789.0
39,1.520,8,person,0.7058,603,396,653,503,628.0,449.5,628.0,503.0
39,1.520,11,person,0.7736,336,372,378,468,357.0,420.0,357.0,468.0
39,1.520,12,person,0.5863,1072,434,1118,534,1095.0,484.0,1095.0,534.0
39,1.520,15,person,0.6529,966,425,1002,521,984.0,473.0,984.0,521.0
39,1.520,43,person,0.6780,714,331,750,422,732.0,376.5,732.0,422.0
39,1.520,84,person,0.5551,1383,340,1424,413,1403.5,376.5,1403.5,413.0
39,1.520,89,person,0.8566,675,588,733,721,704.0,654.5,704.0,721.0
39,1.520,13,person,0.4922,761,337,801,428,781.0,382.5,781.0,428.0
39,1.520,55,person,0.6488,895,513,936,626,915.5,569.5,915.5,626.0
39,1.520,14,person,0.2058,1363,503,1401,570,1382.0,536.5,1382.0,570.0
39,1.520,119,person,0.4990,1013,395,1056,482,1034.5,438.5,1034.5,482.0
39,1.520,127,person,0.2334,1112,402,1136,465,1124.0,433.5,1124.0,465.0
40,1.560,1,person,0.8373,1334,558,1387,670,1360.5,614.0,1360.5,670.0
40,1.560,2,person,0.7987,1235,715,1317,862,1276.0,788.5,1276.0,862.0
40,1.560,4,person,0.8322,90,416,141,524,115.5,470.0,115.5,524.0
40,1.560,5,person,0.7281,0,688,59,852,29.5,770.0,29.5,852.0
40,1.560,6,person,0.9137,1368,669,1457,796,1412.5,732.5,1412.5,796.0
40,1.560,8,person,0.7154,597,400,647,505,622.0,452.5,622.0,505.0
40,1.560,11,person,0.7536,329,372,371,469,350.0,420.5,350.0,469.0
40,1.560,12,person,0.4776,1066,435,1110,532,1088.0,483.5,1088.0,532.0
40,1.560,15,person,0.6725,957,429,992,521,974.5,475.0,974.5,521.0
40,1.560,43,person,0.6802,709,334,745,423,727.0,378.5,727.0,423.0
40,1.560,84,person,0.6373,1376,343,1417,415,1396.5,379.0,1396.5,415.0
40,1.560,89,person,0.8440,674,589,734,727,704.0,658.0,704.0,727.0
40,1.560,13,person,0.4630,757,341,796,430,776.5,385.5,776.5,430.0
40,1.560,55,person,0.6487,892,516,932,629,912.0,572.5,912.0,629.0
40,1.560,14,person,0.2329,1359,505,1398,574,1378.5,539.5,1378.5,574.0
40,1.560,119,person,0.5822,1006,396,1049,485,1027.5,440.5,1027.5,485.0
40,1.560,127,person,0.3622,1110,400,1133,464,1121.5,432.0,1121.5,464.0
41,1.600,1,person,0.8270,1328,563,1381,673,1354.5,618.0,1354.5,673.0
41,1.600,2,person,0.8354,1232,712,1316,863,1274.0,787.5,1274.0,863.0
41,1.600,4,person,0.8141,80,418,132,526,106.0,472.0,106.0,526.0
41,1.600,5,person,0.5508,0,689,51,854,25.5,771.5,25.5,854.0
41,1.600,6,person,0.8975,1364,672,1455,802,1409.5,737.0,1409.5,802.0
41,1.600,8,person,0.8175,592,401,641,506,616.5,453.5,616.5,506.0
41,1.600,11,person,0.6409,320,372,363,472,341.5,422.0,341.5,472.0
41,1.600,12,person,0.5992,1060,436,1105,534,1082.5,485.0,1082.5,534.0
41,1.600,15,person,0.6796,948,427,984,520,966.0,473.5,966.0,520.0
41,1.600,43,person,0.6867,704,337,739,424,721.5,380.5,721.5,424.0
41,1.600,84,person,0.7010,1367,341,1411,419,1389.0,380.0,1389.0,419.0
41,1.600,89,person,0.8685,676,592,739,732,707.5,662.0,707.5,732.0
41,1.600,13,person,0.4882,752,345,792,433,772.0,389.0,772.0,433.0
41,1.600,55,person,0.6902,886,515,929,631,907.5,573.0,907.5,631.0
41,1.600,14,person,0.3489,1359,511,1394,568,1376.5,539.5,1376.5,568.0
41,1.600,119,person,0.6931,999,396,1044,490,1021.5,443.0,1021.5,490.0
41,1.600,127,person,0.4454,1107,399,1130,464,1118.5,431.5,1118.5,464.0
42,1.640,1,person,0.8268,1321,566,1376,678,1348.5,622.0,1348.5,678.0
42,1.640,2,person,0.8278,1227,711,1312,866,1269.5,788.5,1269.5,866.0
42,1.640,4,person,0.8250,68,422,122,528,95.0,475.0,95.0,528.0
42,1.640,6,person,0.8903,1359,677,1449,808,1404.0,742.5,1404.0,808.0
42,1.640,8,person,0.6602,588,404,637,508,612.5,456.0,612.5,508.0
42,1.640,11,person,0.7381,312,376,353,475,332.5,425.5,332.5,475.0
42,1.640,12,person,0.6337,1056,436,1101,534,1078.5,485.0,1078.5,534.0
42,1.640,15,person,0.5368,939,428,974,520,956.5,474.0,956.5,520.0
42,1.640,43,person,0.6622,697,337,733,426,715.0,381.5,715.0,426.0
42,1.640,84,person,0.5614,1359,345,1401,418,1380.0,381.5,1380.0,418.0
42,1.640,89,person,0.8632,674,595,737,733,705.5,664.0,705.5,733.0
42,1.640,13,person,0.5219,743,345,784,434,763.5,389.5,763.5,434.0
42,1.640,55,person,0.7893,881,519,925,633,903.0,576.0,903.0,633.0
42,1.640,119,person,0.4264,993,396,1038,491,1015.5,443.5,1015.5,491.0
42,1.640,127,person,0.4596,1104,399,1128,463,1116.0,431.0,1116.0,463.0
42,1.640,136,person,0.4592,1098,399,1133,487,1115.5,443.0,1115.5,487.0
42,1.640,120,person,0.5418,731,344,788,429,759.5,386.5,759.5,429.0
43,1.680,1,person,0.8282,1315,571,1370,681,1342.5,626.0,1342.5,681.0
43,1.680,2,person,0.8440,1226,718,1307,867,1266.5,792.5,1266.5,867.0
43,1.680,4,person,0.7630,53,423,109,531,81.0,477.0,81.0,531.0
43,1.680,6,person,0.8837,1355,683,1444,812,1399.5,747.5,1399.5,812.0
43,1.680,8,person,0.7450,583,410,633,512,608.0,461.0,608.0,512.0
43,1.680,11,person,0.6649,305,377,346,476,325.5,426.5,325.5,476.0
43,1.680,12,person,0.6809,1051,438,1097,537,1074.0,487.5,1074.0,537.0
43,1.680,15,person,0.6332,929,426,965,521,947.0,473.5,947.0,521.0
43,1.680,43,person,0.6021,690,341,727,428,708.5,384.5,708.5,428.0
43,1.680,84,person,0.6093,1353,346,1394,418,1373.5,382.0,1373.5,418.0
43,1.680,89,person,0.8288,672,602,734,737,703.0,669.5,703.0,737.0
43,1.680,13,person,0.4431,739,348,777,432,758.0,390.0,758.0,432.0
43,1.680,55,person,0.8501,875,521,920,635,897.5,578.0,897.5,635.0
43,1.680,119,person,0.5901,985,397,1031,494,1008.0,445.5,1008.0,494.0
43,1.680,127,person,0.4134,1103,398,1128,465,1115.5,431.5,1115.5,465.0
43,1.680,136,person,0.3975,1097,399,1133,487,1115.0,443.0,1115.0,487.0
43,1.680,120,person,0.6410,728,348,784,433,756.0,390.5,756.0,433.0
44,1.720,1,person,0.8209,1308,572,1363,682,1335.5,627.0,1335.5,682.0
44,1.720,2,person,0.7482,1218,719,1297,860,1257.5,789.5,1257.5,860.0
44,1.720,4,person,0.7610,42,423,98,532,70.0,477.5,70.0,532.0
44,1.720,6,person,0.6794,1347,691,1435,816,1391.0,753.5,1391.0,816.0
44,1.720,8,person,0.7477,574,413,623,512,598.5,462.5,598.5,512.0
44,1.720,11,person,0.6913,296,381,337,479,316.5,430.0,316.5,479.0
44,1.720,12,person,0.6534,1044,441,1090,538,1067.0,489.5,1067.0,538.0
44,1.720,15,person,0.6611,920,426,956,521,938.0,473.5,938.0,521.0
44,1.720,43,person,0.7120,683,340,722,430,702.5,385.0,702.5,430.0
44,1.720,84,person,0.6184,1344,344,1386,419,1365.0,381.5,1365.0,419.0
44,1.720,89,person,0.7647,671,606,732,740,701.5,673.0,701.5,740.0
44,1.720,13,person,0.5175,733,348,772,435,752.5,391.5,752.5,435.0
44,1.720,119,person,0.6605,977,398,1024,498,1000.5,448.0,1000.5,498.0
44,1.720,136,person,0.3508,1100,405,1131,480,1115.5,442.5,1115.5,480.0
44,1.720,7,person,0.7973,857,525,917,640,887.0,582.5,887.0,640.0
45,1.760,1,person,0.8250,1302,575,1357,684,1329.5,629.5,1329.5,684.0
45,1.760,2,person,0.7523,1223,722,1303,854,1263.0,788.0,1263.0,854.0
45,1.760,4,person,0.6691,30,424,87,534,58.5,479.0,58.5,534.0
45,1.760,6,person,0.7222,1336,697,1423,820,1379.5,758.5,1379.5,820.0
45,1.760,8,person,0.7368,563,413,614,513,588.5,463.0,588.5,513.0
45,1.760,11,person,0.6788,285,382,327,480,306.0,431.0,306.0,480.0
45,1.760,12,person,0.6813,1034,440,1082,539,1058.0,489.5,1058.0,539.0
45,1.760,15,person,0.6471,909,425,945,520,927.0,472.5,927.0,520.0
45,1.760,43,person,0.6867,679,342,718,431,698.5,386.5,698.5,431.0
45,1.760,84,person,0.7086,1334,345,1377,423,1355.5,384.0,1355.5,423.0
45,1.760,89,person,0.7487,675,610,733,742,704.0,676.0,704.0,742.0
45,1.760,13,person,0.5684,725,349,763,435,744.0,392.0,744.0,435.0
45,1.760,119,person,0.4595,969,401,1016,502,992.5,451.5,992.5,502.0
45,1.760,136,person,0.5411,1094,408,1127,489,1110.5,448.5,1110.5,489.0
45,1.760,7,person,0.7395,851,527,911,642,881.0,584.5,881.0,642.0
46,1.800,1,person,0.7645,1297,576,1352,685,1324.5,630.5,1324.5,685.0
46,1.800,2,person,0.6584,1222,728,1305,857,1263.5,792.5,1263.5,857.0
46,1.800,4,person,0.6734,21,424,77,537,49.0,480.5,49.0,537.0
46,1.800,6,person,0.6243,1328,703,1414,824,1371.0,763.5,1371.0,824.0
46,1.800,8,person,0.8054,550,417,602,518,576.0,467.5,576.0,518.0
46,1.800,11,person,0.6810,272,384,314,482,293.0,433.0,293.0,482.0
46,1.800,12,person,0.7236,1026,439,1075,540,1050.5,489.5,1050.5,540.0
46,1.800,15,person,0.6697,898,424,935,522,916.5,473.0,916.5,522.0
46,1.800,43,person,0.5188,669,348,706,430,687.5,389.0,687.5,430.0
46,1.800,84,person,0.6707,1323,341,1370,425,1346.5,383.0,1346.5,425.0
46,1.800,89,person,0.7875,674,612,732,744,703.0,678.0,703.0,744.0
46,1.800,13,person,0.5053,716,349,757,441,736.5,395.0,736.5,441.0
46,1.800,119,person,0.6048,963,408,1010,507,986.5,457.5,986.5,507.0
46,1.800,136,person,0.5676,1086,410,1122,497,1104.0,453.5,1104.0,497.0
46,1.800,7,person,0.7335,846,528,906,645,876.0,586.5,876.0,645.0
47,1.840,1,person,0.7377,1290,578,1345,689,1317.5,633.5,1317.5,689.0
47,1.840,2,person,0.6825,1221,732,1307,859,1264.0,795.5,1264.0,859.0
47,1.840,4,person,0.6700,12,429,66,539,39.0,484.0,39.0,539.0
47,1.840,6,person,0.6733,1317,706,1403,827,1360.0,766.5,1360.0,827.0
47,1.840,8,person,0.8519,537,417,594,523,565.5,470.0,565.5,523.0
47,1.840,11,person,0.7622,259,387,302,484,280.5,435.5,280.5,484.0
47,1.840,12,person,0.7698,1019,439,1070,542,1044.5,490.5,1044.5,542.0
47,1.840,15,person,0.5517,885,426,922,523,903.5,474.5,903.5,523.0
47,1.840,43,person,0.6422,665,348,703,432,684.0,390.0,684.0,432.0
47,1.840,84,person,0.6856,1315,344,1360,426,1337.5,385.0,1337.5,426.0
47,1.840,89,person,0.8183,670,614,729,751,699.5,682.5,699.5,751.0
47,1.840,13,person,0.4622,713,350,751,437,732.0,393.5,732.0,437.0
47,1.840,119,person,0.5403,954,409,1001,508,977.5,458.5,977.5,508.0
47,1.840,136,person,0.6989,1080,410,1117,500,1098.5,455.0,1098.5,500.0
47,1.840,7,person,0.7752,841,528,901,648,871.0,588.0,871.0,648.0
47,1.840,144,person,0.5069,1325,535,1384,637,1354.5,586.0,1354.5,637.0
47,1.840,55,person,0.4708,856,528,897,634,876.5,581.0,876.5,634.0
48,1.880,1,person,0.8044,1282,575,1340,693,1311.0,634.0,1311.0,693.0
48,1.880,2,person,0.6162,1222,741,1308,863,1265.0,802.0,1265.0,863.0
48,1.880,4,person,0.5881,4,430,56,542,30.0,486.0,30.0,542.0
48,1.880,6,person,0.6695,1309,716,1393,831,1351.0,773.5,1351.0,831.0
48,1.880,8,person,0.8210,528,418,586,524,557.0,471.0,557.0,524.0
48,1.880,11,person,0.7292,247,388,291,488,269.0,438.0,269.0,488.0
48,1.880,12,person,0.7729,1014,439,1066,545,1040.0,492.0,1040.0,545.0
48,1.880,15,person,0.5999,875,429,912,525,893.5,477.0,893.5,525.0
48,1.880,43,person,0.7424,659,347,698,435,678.5,391.0,678.5,435.0
48,1.880,84,person,0.6286,1307,345,1352,427,1329.5,386.0,1329.5,427.0
48,1.880,89,person,0.8676,667,617,728,754,697.5,685.5,697.5,754.0
48,1.880,13,person,0.5484,708,351,747,438,727.5,394.5,727.5,438.0
48,1.880,119,person,0.6476,943,412,991,511,967.0,461.5,967.0,511.0
48,1.880,136,person,0.7369,1075,408,1113,502,1094.0,455.0,1094.0,502.0
48,1.880,7,person,0.7165,837,532,894,651,865.5,591.5,865.5,651.0
48,1.880,144,person,0.4419,1324,537,1381,635,1352.5,586.0,1352.5,635.0
48,1.880,55,person,0.2055,851,534,895,647,873.0,590.5,873.0,647.0
49,1.920,1,person,0.8192,1276,578,1334,695,1305.0,636.5,1305.0,695.0
49,1.920,2,person,0.8188,1223,745,1306,861,1264.5,803.0,1264.5,861.0
49,1.920,4,person,0.6104,0,436,44,544,22.0,490.0,22.0,544.0
49,1.920,6,person,0.5969,1304,722,1386,836,1345.0,779.0,1345.0,836.0
49,1.920,8,person,0.7528,521,419,578,526,549.5,472.5,549.5,526.0
49,1.920,11,person,0.7485,234,392,279,490,256.5,441.0,256.5,490.0
49,1.920,12,person,0.6161,1010,441,1060,547,1035.0,494.0,1035.0,547.0
49,1.920,15,person,0.6157,865,432,902,529,883.5,480.5,883.5,529.0
49,1.920,43,person,0.6300,653,348,692,437,672.5,392.5,672.5,437.0
49,1.920,84,person,0.6360,1300,348,1343,428,1321.5,388.0,1321.5,428.0
49,1.920,89,person,0.8827,664,622,727,759,695.5,690.5,695.5,759.0
49,1.920,13,person,0.5711,697,352,737,442,717.0,397.0,717.0,442.0
49,1.920,119,person,0.5756,934,415,981,512,957.5,463.5,957.5,512.0
49,1.920,136,person,0.6643,1070,408,1110,507,1090.0,457.5,1090.0,507.0
49,1.920,7,person,0.7409,833,535,888,654,860.5,594.5,860.5,654.0
49,1.920,144,person,0.3718,1319,544,1379,646,1349.0,595.0,1349.0,646.0
50,1.960,1,person,0.7322,1270,580,1327,699,1298.5,639.5,1298.5,699.0
50,1.960,2,person,0.7436,1219,746,1301,862,1260.0,804.0,1260.0,862.0
50,1.960,4,person,0.6508,0,434,38,547,19.0,490.5,19.0,547.0
50,1.960,6,person,0.6836,1295,728,1379,843,1337.0,785.5,1337.0,843.0
50,1.960,8,person,0.7288,512,418,570,527,541.0,472.5,541.0,527.0
50,1.960,11,person,0.6634,224,393,268,490,246.0,441.5,246.0,490.0
50,1.960,12,person,0.7222,1006,443,1055,548,1030.5,495.5,1030.5,548.0
50,1.960,15,person,0.5818,854,432,891,531,872.5,481.5,872.5,531.0
50,1.960,43,person,0.5619,645,347,685,438,665.0,392.5,665.0,438.0
50,1.960,84,person,0.6351,1291,350,1334,430,1312.5,390.0,1312.5,430.0
50,1.960,89,person,0.8814,662,627,725,763,693.5,695.0,693.5,763.0
50,1.960,13,person,0.5655,691,354,732,448,711.5,401.0,711.5,448.0
50,1.960,119,person,0.4574,925,418,973,516,949.0,467.0,949.0,516.0
50,1.960,136,person,0.7150,1066,410,1105,509,1085.5,459.5,1085.5,509.0
50,1.960,7,person,0.7266,829,539,880,655,854.5,597.0,854.5,655.0
50,1.960,144,person,0.4124,1318,550,1377,649,1347.5,599.5,1347.5,649.0
51,2.000,1,person,0.8045,1264,583,1321,702,1292.5,642.5,1292.5,702.0
51,2.000,2,person,0.8146,1211,738,1299,864,1255.0,801.0,1255.0,864.0
51,2.000,6,person,0.5154,1285,732,1366,845,1325.5,788.5,1325.5,845.0
51,2.000,8,person,0.7131,506,420,563,529,534.5,474.5,534.5,529.0
51,2.000,11,person,0.7016,212,394,256,492,234.0,443.0,234.0,492.0
51,2.000,12,person,0.7375,1001,443,1049,550,1025.0,496.5,1025.0,550.0
51,2.000,15,person,0.3746,843,433,880,531,861.5,482.0,861.5,531.0
51,2.000,43,person,0.6702,639,348,679,441,659.0,394.5,659.0,441.0
51,2.000,84,person,0.5646,1281,352,1326,435,1303.5,393.5,1303.5,435.0
51,2.000,89,person,0.7830,660,633,724,768,692.0,700.5,692.0,768.0
51,2.000,13,person,0.6078,685,356,725,448,705.0,402.0,705.0,448.0
51,2.000,119,person,0.4710,913,420,961,517,937.0,468.5,937.0,517.0
51,2.000,136,person,0.6542,1060,413,1099,511,1079.5,462.0,1079.5,511.0
51,2.000,7,person,0.6131,823,538,874,658,848.5,598.0,848.5,658.0
51,2.000,144,person,0.5546,1314,554,1375,655,1344.5,604.5,1344.5,655.0
52,2.040,1,person,0.8445,1255,585,1313,706,1284.0,645.5,1284.0,706.0
52,2.040,2,person,0.7665,1201,743,1285,866,1243.0,804.5,1243.0,866.0
52,2.040,6,person,0.6156,1272,734,1360,858,1316.0,796.0,1316.0,858.0
52,2.040,8,person,0.6769,499,421,554,530,526.5,475.5,526.5,530.0
52,2.040,11,person,0.6882,201,393,245,495,223.0,444.0,223.0,495.0
52,2.040,12,person,0.7093,996,444,1044,551,1020.0,497.5,1020.0,551.0
52,2.040,15,person,0.6053,831,433,871,542,851.0,487.5,851.0,542.0
52,2.040,43,person,0.6963,635,347,675,441,655.0,394.0,655.0,441.0
52,2.040,84,person,0.5880,1273,355,1319,441,1296.0,398.0,1296.0,441.0
52,2.040,89,person,0.5761,657,636,722,772,689.5,704.0,689.5,772.0
52,2.040,13,person,0.4799,678,362,716,448,697.0,405.0,697.0,448.0
52,2.040,119,person,0.4450,903,420,950,515,926.5,467.5,926.5,515.0
52,2.040,136,person,0.7023,1054,418,1093,516,1073.5,467.0,1073.5,516.0
52,2.040,7,person,0.7621,816,543,868,666,842.0,604.5,842.0,666.0
52,2.040,144,person,0.6834,1305,561,1366,662,1335.5,611.5,1335.5,662.0
52,2.040,147,person,0.6057,1277,733,1337,853,1307.0,793.0,1307.0,853.0
53,2.080,1,person,0.7726,1247,588,1305,709,1276.0,648.5,1276.0,709.0
53,2.080,2,person,0.6745,1189,745,1271,870,1230.0,807.5,1230.0,870.0
53,2.080,6,person,0.8082,1258,736,1351,868,1304.5,802.0,1304.5,868.0
53,2.080,8,person,0.7888,490,421,546,533,518.0,477.0,518.0,533.0
53,2.080,11,person,0.6828,193,396,236,498,214.5,447.0,214.5,498.0
53,2.080,12,person,0.6742,993,445,1040,553,1016.5,499.0,1016.5,553.0
53,2.080,15,person,0.6417,822,432,860,536,841.0,484.0,841.0,536.0
53,2.080,43,person,0.5632,631,349,670,442,650.5,395.5,650.5,442.0
53,2.080,84,person,0.5568,1265,359,1309,442,1287.0,400.5,1287.0,442.0
53,2.080,89,person,0.7434,662,642,722,774,692.0,708.0,692.0,774.0
53,2.080,13,person,0.5212,671,367,710,449,690.5,408.0,690.5,449.0
53,2.080,119,person,0.4587,893,422,941,519,917.0,470.5,917.0,519.0
53,2.080,136,person,0.6846,1050,420,1090,518,1070.0,469.0,1070.0,518.0
53,2.080,7,person,0.7488,812,548,863,668,837.5,608.0,837.5,668.0
53,2.080,144,person,0.3697,1295,565,1356,667,1325.5,616.0,1325.5,667.0
54,2.120,1,person,0.7047,1238,591,1298,714,1268.0,652.5,1268.0,714.0
54,2.120,2,person,0.7836,1179,745,1261,875,1220.0,810.0,1220.0,875.0
54,2.120,6,person,0.8490,1245,739,1339,876,1292.0,807.5,1292.0,876.0
54,2.120,8,person,0.6638,483,424,536,536,509.5,480.0,509.5,536.0
54,2.120,11,person,0.7027,183,398,227,503,205.0,450.5,205.0,503.0
54,2.120,12,person,0.6457,990,453,1036,556,1013.0,504.5,1013.0,556.0
54,2.120,15,person,0.5998,813,436,849,536,831.0,486.0,831.0,536.0
54,2.120,43,person,0.4547,627,353,664,443,645.5,398.0,645.5,443.0
54,2.120,84,person,0.5851,1257,363,1301,446,1279.0,404.5,1279.0,446.0
54,2.120,89,person,0.7131,665,647,724,781,694.5,714.0,694.5,781.0
54,2.120,13,person,0.4497,664,368,704,450,684.0,409.0,684.0,450.0
54,2.120,119,person,0.4991,881,424,931,523,906.0,473.5,906.0,523.0
54,2.120,136,person,0.6417,1047,423,1087,519,1067.0,471.0,1067.0,519.0
54,2.120,7,person,0.7753,805,551,859,672,832.0,611.5,832.0,672.0
54,2.120,144,person,0.6024,1288,568,1351,673,1319.5,620.5,1319.5,673.0
55,2.160,1,person,0.7220,1232,594,1294,720,1263.0,657.0,1263.0,720.0
55,2.160,2,person,0.8130,1168,748,1250,881,1209.0,814.5,1209.0,881.0
55,2.160,6,person,0.8292,1227,738,1324,883,1275.5,810.5,1275.5,883.0
55,2.160,8,person,0.7657,476,428,528,541,502.0,484.5,502.0,541.0
55,2.160,11,person,0.7507,174,401,217,506,195.5,453.5,195.5,506.0
55,2.160,12,person,0.7467,986,459,1033,561,1009.5,510.0,1009.5,561.0
55,2.160,15,person,0.6524,804,439,839,536,821.5,487.5,821.5,536.0
55,2.160,43,person,0.6098,623,358,661,450,642.0,404.0,642.0,450.0
55,2.160,84,person,0.6297,1249,365,1296,454,1272.5,409.5,1272.5,454.0
55,2.160,89,person,0.7581,663,650,722,786,692.5,718.0,692.5,786.0
55,2.160,13,person,0.5223,660,369,700,451,680.0,410.0,680.0,451.0
55,2.160,119,person,0.5964,870,429,921,527,895.5,478.0,895.5,527.0
55,2.160,136,person,0.6512,1042,425,1083,523,1062.5,474.0,1062.5,523.0
55,2.160,7,person,0.8097,797,554,853,679,825.0,616.5,825.0,679.0
55,2.160,144,person,0.6625,1283,572,1345,677,1314.0,624.5,1314.0,677.0
56,2.200,1,person,0.7620,1227,596,1289,724,1258.0,660.0,1258.0,724.0
56,2.200,2,person,0.7984,1158,751,1239,886,1198.5,818.5,1198.5,886.0
56,2.200,6,person,0.7953,1222,739,1319,887,1270.5,813.0,1270.5,887.0
56,2.200,8,person,0.7537,471,432,523,545,497.0,488.5,497.0,545.0
56,2.200,11,person,0.7825,166,404,209,508,187.5,456.0,187.5,508.0
56,2.200,12,person,0.8438,980,463,1029,565,1004.5,514.0,1004.5,565.0
56,2.200,15,person,0.7018,797,443,830,538,813.5,490.5,813.5,538.0
56,2.200,43,person,0.5445,618,359,656,452,637.0,405.5,637.0,452.0
56,2.200,84,person,0.6618,1242,368,1287,453,1264.5,410.5,1264.5,453.0
56,2.200,89,person,0.7236,659,654,718,791,688.5,722.5,688.5,791.0
56,2.200,13,person,0.4519,656,371,697,457,676.5,414.0,676.5,457.0
56,2.200,119,person,0.6823,862,432,913,532,887.5,482.0,887.5,532.0
56,2.200,136,person,0.6320,1037,430,1078,527,1057.5,478.5,1057.5,527.0
56,2.200,7,person,0.7229,792,558,847,679,819.5,618.5,819.5,679.0
56,2.200,144,person,0.6518,1273,576,1338,687,1305.5,631.5,1305.5,687.0
57,2.240,1,person,0.8588,1221,603,1283,729,1252.0,666.0,1252.0,729.0
57,2.240,2,person,0.8732,1146,754,1228,891,1187.0,822.5,1187.0,891.0
57,2.240,6,person,0.7866,1223,742,1317,890,1270.0,816.0,1270.0,890.0
57,2.240,8,person,0.8098,467,438,518,549,492.5,493.5,492.5,549.0
57,2.240,11,person,0.7433,159,407,202,511,180.5,459.0,180.5,511.0
57,2.240,12,person,0.7857,973,468,1024,570,998.5,519.0,998.5,570.0
57,2.240,15,person,0.6343,788,445,822,541,805.0,493.0,805.0,541.0
57,2.240,43,person,0.5741,614,361,651,453,632.5,407.0,632.5,453.0
57,2.240,84,person,0.6438,1237,373,1280,453,1258.5,413.0,1258.5,453.0
57,2.240,89,person,0.7246,658,657,720,800,689.0,728.5,689.0,800.0
57,2.240,13,person,0.3440,654,372,691,446,672.5,409.0,672.5,446.0
57,2.240,119,person,0.6542,855,435,907,533,881.0,484.0,881.0,533.0
57,2.240,136,person,0.6394,1031,432,1072,531,1051.5,481.5,1051.5,531.0
57,2.240,7,person,0.6870,788,561,843,682,815.5,621.5,815.5,682.0
57,2.240,144,person,0.6077,1265,583,1335,704,1300.0,643.5,1300.0,704.0
58,2.280,1,person,0.8730,1217,606,1281,732,1249.0,669.0,1249.0,732.0
58,2.280,2,person,0.8200,1137,756,1221,895,1179.0,825.5,1179.0,895.0
58,2.280,6,person,0.7815,1226,752,1312,891,1269.0,821.5,1269.0,891.0
58,2.280,8,person,0.7797,462,444,513,553,487.5,498.5,487.5,553.0
58,2.280,11,person,0.7367,153,410,197,517,175.0,463.5,175.0,517.0
58,2.280,12,person,0.8034,970,474,1022,576,996.0,525.0,996.0,576.0
58,2.280,15,person,0.6650,781,447,816,544,798.5,495.5,798.5,544.0
58,2.280,43,person,0.6203,614,366,647,445,630.5,405.5,630.5,445.0
58,2.280,84,person,0.6686,1232,374,1277,458,1254.5,416.0,1254.5,458.0
58,2.280,89,person,0.7940,663,663,725,807,694.0,735.0,694.0,807.0
58,2.280,13,person,0.2017,650,372,691,456,670.5,414.0,670.5,456.0
58,2.280,119,person,0.7034,850,437,902,537,876.0,487.0,876.0,537.0
58,2.280,136,person,0.6475,1028,432,1069,531,1048.5,481.5,1048.5,531.0
58,2.280,7,person,0.6673,788,564,842,684,815.0,624.0,815.0,684.0
58,2.280,144,person,0.6536,1259,588,1334,720,1296.5,654.0,1296.5,720.0
59,2.320,1,person,0.8827,1217,604,1283,735,1250.0,669.5,1250.0,735.0
59,2.320,2,person,0.7944,1132,755,1219,899,1175.5,827.0,1175.5,899.0
59,2.320,6,person,0.8289,1227,760,1308,892,1267.5,826.0,1267.5,892.0
59,2.320,8,person,0.7127,463,448,514,554,488.5,501.0,488.5,554.0
59,2.320,11,person,0.7637,149,414,192,518,170.5,466.0,170.5,518.0
59,2.320,12,person,0.7595,969,476,1022,579,995.5,527.5,995.5,579.0
59,2.320,15,person,0.7092,778,447,813,547,795.5,497.0,795.5,547.0
59,2.320,43,person,0.5705,617,369,648,444,632.5,406.5,632.5,444.0
59,2.320,84,person,0.6305,1230,373,1277,461,1253.5,417.0,1253.5,461.0
59,2.320,89,person,0.8070,668,669,730,811,699.0,740.0,699.0,811.0
59,2.320,119,person,0.6576,846,438,901,541,873.5,489.5,873.5,541.0
59,2.320,136,person,0.5783,1027,432,1069,535,1048.0,483.5,1048.0,535.0
59,2.320,144,person,0.7185,1266,593,1333,714,1299.5,653.5,1299.5,714.0
59,2.320,158,person,0.4388,615,369,660,458,637.5,413.5,637.5,458.0
59,2.320,55,person,0.6348,799,565,843,685,821.0,625.0,821.0,685.0
60,2.360,1,person,0.8682,1219,605,1285,737,1252.0,671.0,1252.0,737.0
60,2.360,2,person,0.7745,1128,754,1218,902,1173.0,828.0,1173.0,902.0
60,2.360,6,person,0.7644,1230,767,1309,896,1269.5,831.5,1269.5,896.0
60,2.360,8,person,0.6980,463,451,513,554,488.0,502.5,488.0,554.0
60,2.360,11,person,0.7680,146,416,190,521,168.0,468.5,168.0,521.0
60,2.360,12,person,0.7907,968,473,1023,579,995.5,526.0,995.5,579.0
60,2.360,15,person,0.6789,777,447,812,547,794.5,497.0,794.5,547.0
60,2.360,84,person,0.6165,1231,373,1276,460,1253.5,416.5,1253.5,460.0
60,2.360,89,person,0.7795,677,674,736,813,706.5,743.5,706.5,813.0
60,2.360,119,person,0.5857,843,434,900,542,871.5,488.0,871.5,542.0
60,2.360,136,person,0.5744,1029,433,1070,534,1049.5,483.5,1049.5,534.0
60,2.360,144,person,0.7088,1270,598,1336,718,1303.0,658.0,1303.0,718.0
60,2.360,158,person,0.6025,620,371,658,446,639.0,408.5,639.0,446.0
60,2.360,55,person,0.6450,800,566,843,689,821.5,627.5,821.5,689.0
61,2.400,1,person,0.8287,1224,604,1290,736,1257.0,670.0,1257.0,736.0
61,2.400,2,person,0.8403,1131,753,1221,901,1176.0,827.0,1176.0,901.0
61,2.400,6,person,0.7150,1233,772,1311,899,1272.0,835.5,1272.0,899.0
61,2.400,8,person,0.7091,463,452,514,554,488.5,503.0,488.5,554.0
61,2.400,11,person,0.7944,147,416,190,518,168.5,467.0,168.5,518.0
61,2.400,12,person,0.8072,972,469,1028,579,1000.0,524.0,1000.0,579.0
61,2.400,15,person,0.7274,779,447,813,548,796.0,497.5,796.0,548.0
61,2.400,84,person,0.5854,1234,376,1278,460,1256.0,418.0,1256.0,460.0
61,2.400,89,person,0.8356,689,675,746,814,717.5,744.5,717.5,814.0
61,2.400,119,person,0.5544,843,433,901,542,872.0,487.5,872.0,542.0
61,2.400,136,person,0.6775,1032,432,1073,533,1052.5,482.5,1052.5,533.0
61,2.400,144,person,0.7278,1275,598,1341,720,1308.0,659.0,1308.0,720.0
61,2.400,158,person,0.6333,627,372,664,445,645.5,408.5,645.5,445.0
61,2.400,55,person,0.6929,804,567,846,692,825.0,629.5,825.0,692.0
61,2.400,162,person,0.4100,661,381,717,463,689.0,422.0,689.0,463.0
62,2.440,1,person,0.7332,1230,602,1296,735,1263.0,668.5,1263.0,735.0
62,2.440,2,person,0.8354,1137,753,1228,901,1182.5,827.0,1182.5,901.0
62,2.440,6,person,0.7466,1239,776,1315,900,1277.0,838.0,1277.0,900.0
62,2.440,8,person,0.6780,463,450,517,555,490.0,502.5,490.0,555.0
62,2.440,11,person,0.7996,148,413,191,517,169.5,465.0,169.5,517.0
62,2.440,12,person,0.8019,979,464,1035,575,1007.0,519.5,1007.0,575.0
62,2.440,15,person,0.7021,781,446,815,547,798.0,496.5,798.0,547.0
62,2.440,84,person,0.6564,1239,376,1282,459,1260.5,417.5,1260.5,459.0
62,2.440,89,person,0.7988,701,676,756,814,728.5,745.0,728.5,814.0
62,2.440,119,person,0.6171,843,432,902,543,872.5,487.5,872.5,543.0
62,2.440,136,person,0.6772,1036,430,1078,533,1057.0,481.5,1057.0,533.0
62,2.440,144,person,0.7283,1280,598,1346,724,1313.0,661.0,1313.0,724.0
62,2.440,158,person,0.6547,635,372,668,437,651.5,404.5,651.5,437.0
62,2.440,55,person,0.6426,811,571,852,692,831.5,631.5,831.5,692.0
62,2.440,162,person,0.2681,664,380,717,458,690.5,419.0,690.5,458.0
62,2.440,13,person,0.4928,634,372,672,447,653.0,409.5,653.0,447.0
63,2.480,1,person,0.7665,1240,602,1305,735,1272.5,668.5,1272.5,735.0
63,2.480,2,person,0.7863,1142,752,1237,906,1189.5,829.0,1189.5,906.0
63,2.480,6,person,0.6881,1247,777,1323,901,1285.0,839.0,1285.0,901.0
63,2.480,8,person,0.7205,463,447,519,556,491.0,501.5,491.0,556.0
63,2.480,11,person,0.7388,153,410,196,517,174.5,463.5,174.5,517.0
63,2.480,12,person,0.7546,985,462,1042,574,1013.5,518.0,1013.5,574.0
63,2.480,15,person,0.6798,785,445,818,543,801.5,494.0,801.5,543.0
63,2.480,84,person,0.5913,1245,379,1287,458,1266.0,418.5,1266.0,458.0
63,2.480,89,person,0.7556,714,676,770,815,742.0,745.5,742.0,815.0
63,2.480,119,person,0.5820,845,430,904,542,874.5,486.0,874.5,542.0
63,2.480,136,person,0.6426,1041,428,1085,534,1063.0,481.0,1063.0,534.0
63,2.480,144,person,0.8156,1282,600,1351,731,1316.5,665.5,1316.5,731.0
63,2.480,158,person,0.5747,643,371,676,438,659.5,404.5,659.5,438.0
63,2.480,55,person,0.7338,822,572,862,689,842.0,630.5,842.0,689.0
64,2.520,1,person,0.7981,1248,600,1313,736,1280.5,668.0,1280.5,736.0
64,2.520,2,person,0.8069,1151,751,1248,908,1199.5,829.5,1199.5,908.0
64,2.520,6,person,0.7362,1255,777,1331,902,1293.0,839.5,1293.0,902.0
64,2.520,8,person,0.7553,466,446,523,555,494.5,500.5,494.5,555.0
64,2.520,11,person,0.7644,157,409,199,516,178.0,462.5,178.0,516.0
64,2.520,12,person,0.7852,995,460,1050,570,1022.5,515.0,1022.5,570.0
64,2.520,15,person,0.5682,789,445,822,542,805.5,493.5,805.5,542.0
64,2.520,84,person,0.5758,1253,380,1293,458,1273.0,419.0,1273.0,458.0
64,2.520,89,person,0.8073,727,676,782,816,754.5,746.0,754.5,816.0
64,2.520,119,person,0.6306,847,430,904,539,875.5,484.5,875.5,539.0
64,2.520,136,person,0.7743,1048,428,1091,532,1069.5,480.0,1069.5,532.0
64,2.520,144,person,0.8102,1288,603,1356,733,1322.0,668.0,1322.0,733.0
64,2.520,158,person,0.6406,649,370,688,448,668.5,409.0,668.5,448.0
64,2.520,55,person,0.8302,830,573,874,690,852.0,631.5,852.0,690.0
65,2.560,1,person,0.8466,1257,600,1321,735,1289.0,667.5,1289.0,735.0
65,2.560,2,person,0.7849,1159,750,1257,909,1208.0,829.5,1208.0,909.0
65,2.560,6,person,0.8212,1267,773,1344,900,1305.5,836.5,1305.5,900.0
65,2.560,8,person,0.8228,470,442,528,553,499.0,497.5,499.0,553.0
65,2.560,11,person,0.6918,165,408,207,514,186.0,461.0,186.0,514.0
65,2.560,12,person,0.7428,1005,460,1059,567,1032.0,513.5,1032.0,567.0
65,2.560,15,person,0.6624,793,446,825,541,809.0,493.5,809.0,541.0
65,2.560,84,person,0.6039,1263,381,1301,454,1282.0,417.5,1282.0,454.0
65,2.560,89,person,0.7726,741,676,799,819,770.0,747.5,770.0,819.0
65,2.560,119,person,0.6794,851,431,909,540,880.0,485.5,880.0,540.0
65,2.560,136,person,0.6248,1056,432,1097,531,1076.5,481.5,1076.5,531.0
65,2.560,144,person,0.7911,1298,608,1364,734,1331.0,671.0,1331.0,734.0
65,2.560,158,person,0.7219,655,369,696,453,675.5,411.0,675.5,453.0
65,2.560,55,person,0.7695,840,573,886,688,863.0,630.5,863.0,688.0
66,2.600,1,person,0.7984,1266,600,1329,734,1297.5,667.0,1297.5,734.0
66,2.600,2,person,0.8177,1165,744,1266,913,1215.5,828.5,1215.5,913.0
66,2.600,6,person,0.8409,1276,769,1355,901,1315.5,835.0,1315.5,901.0
66,2.600,8,person,0.7139,476,442,534,551,505.0,496.5,505.0,551.0
66,2.600,11,person,0.7606,173,406,214,512,193.5,459.0,193.5,512.0
66,2.600,12,person,0.6868,1015,457,1067,563,1041.0,510.0,1041.0,563.0
66,2.600,15,person,0.6327,798,442,832,543,815.0,492.5,815.0,543.0
66,2.600,89,person,0.7626,756,678,815,819,785.5,748.5,785.5,819.0
66,2.600,119,person,0.7770,856,430,915,540,885.5,485.0,885.5,540.0
66,2.600,136,person,0.7226,1064,426,1107,530,1085.5,478.0,1085.5,530.0
66,2.600,144,person,0.7775,1306,609,1372,734,1339.0,671.5,1339.0,734.0
66,2.600,158,person,0.6150,663,365,706,453,684.5,409.0,684.5,453.0
66,2.600,55,person,0.8450,848,574,895,689,871.5,631.5,871.5,689.0
66,2.600,162,person,0.5869,660,364,707,435,683.5,399.5,683.5,435.0
67,2.640,1,person,0.7655,1275,599,1336,733,1305.5,666.0,1305.5,733.0
67,2.640,2,person,0.8060,1173,745,1271,914,1222.0,829.5,1222.0,914.0
67,2.640,6,person,0.7822,1286,764,1366,900,1326.0,832.0,1326.0,900.0
67,2.640,8,person,0.7293,481,439,541,549,511.0,494.0,511.0,549.0
67,2.640,11,person,0.7739,184,404,225,510,204.5,457.0,204.5,510.0
67,2.640,12,person,0.6284,1027,458,1077,561,1052.0,509.5,1052.0,561.0
67,2.640,15,person,0.6450,804,436,837,537,820.5,486.5,820.5,537.0
67,2.640,89,person,0.8081,769,680,828,818,798.5,749.0,798.5,818.0
67,2.640,119,person,0.6521,863,430,920,536,891.5,483.0,891.5,536.0
67,2.640,136,person,0.7451,1073,428,1115,529,1094.0,478.5,1094.0,529.0
67,2.640,144,person,0.7776,1316,608,1381,735,1348.5,671.5,1348.5,735.0
67,2.640,158,person,0.6232,672,364,714,449,693.0,406.5,693.0,449.0
67,2.640,55,person,0.7487,857,576,905,689,881.0,632.5,881.0,689.0
67,2.640,167,person,0.5665,719,379,771,456,745.0,417.5,745.0,456.0
68,2.680,1,person,0.7622,1287,598,1346,731,1316.5,664.5,1316.5,731.0
68,2.680,2,person,0.7828,1178,744,1273,913,1225.5,828.5,1225.5,913.0
68,2.680,6,person,0.7751,1296,756,1378,898,1337.0,827.0,1337.0,898.0
68,2.680,8,person,0.6859,491,440,551,547,521.0,493.5,521.0,547.0
68,2.680,11,person,0.7423,193,402,234,507,213.5,454.5,213.5,507.0
68,2.680,12,person,0.5915,1037,455,1086,558,1061.5,506.5,1061.5,558.0
68,2.680,15,person,0.5870,810,431,844,534,827.0,482.5,827.0,534.0
68,2.680,89,person,0.7654,782,680,841,818,811.5,749.0,811.5,818.0
68,2.680,119,person,0.5244,869,428,928,534,898.5,481.0,898.5,534.0
68,2.680,136,person,0.7253,1082,427,1123,526,1102.5,476.5,1102.5,526.0
68,2.680,144,person,0.6034,1328,609,1391,730,1359.5,669.5,1359.5,730.0
68,2.680,158,person,0.6765,683,363,722,445,702.5,404.0,702.5,445.0
68,2.680,55,person,0.7909,865,574,914,687,889.5,630.5,889.5,687.0
68,2.680,167,person,0.4420,724,377,776,453,750.0,415.0,750.0,453.0
69,2.720,1,person,0.6796,1296,596,1355,732,1325.5,664.0,1325.5,732.0
69,2.720,2,person,0.7255,1184,729,1283,912,1233.5,820.5,1233.5,912.0
69,2.720,6,person,0.7168,1307,750,1390,898,1348.5,824.0,1348.5,898.0
69,2.720,8,person,0.6163,500,440,560,544,530.0,492.0,530.0,544.0
69,2.720,11,person,0.7821,203,400,244,504,223.5,452.0,223.5,504.0
69,2.720,12,person,0.6732,1046,453,1095,554,1070.5,503.5,1070.5,554.0
69,2.720,15,person,0.5397,818,427,852,528,835.0,477.5,835.0,528.0
69,2.720,89,person,0.8391,797,680,854,815,825.5,747.5,825.5,815.0
69,2.720,119,person,0.5164,877,424,937,530,907.0,477.0,907.0,530.0
69,2.720,136,person,0.7327,1091,423,1132,522,1111.5,472.5,1111.5,522.0
69,2.720,144,person,0.7504,1339,608,1402,729,1370.5,668.5,1370.5,729.0
69,2.720,158,person,0.6162,694,361,733,442,713.5,401.5,713.5,442.0
69,2.720,55,person,0.6981,873,571,923,684,898.0,627.5,898.0,684.0
69,2.720,167,person,0.6023,735,372,783,445,759.0,408.5,759.0,445.0
70,2.760,1,person,0.5897,1308,594,1365,729,1336.5,661.5,1336.5,729.0
70,2.760,2,person,0.7589,1197,737,1288,911,1242.5,824.0,1242.5,911.0
70,2.760,6,person,0.7096,1319,744,1402,894,1360.5,819.0,1360.5,894.0
70,2.760,8,person,0.6563,508,438,569,542,538.5,490.0,538.5,542.0
70,2.760,11,person,0.7230,215,396,256,500,235.5,448.0,235.5,500.0
70,2.760,12,person,0.6344,1057,451,1105,554,1081.0,502.5,1081.0,554.0
70,2.760,15,person,0.6881,827,423,861,525,844.0,474.0,844.0,525.0
70,2.760,89,person,0.8013,811,679,869,817,840.0,748.0,840.0,817.0
70,2.760,119,person,0.6400,885,418,947,528,916.0,473.0,916.0,528.0
70,2.760,136,person,0.6766,1100,420,1142,520,1121.0,470.0,1121.0,520.0
70,2.760,144,person,0.6563,1346,604,1411,728,1378.5,666.0,1378.5,728.0
70,2.760,158,person,0.6186,705,360,743,438,724.0,399.0,724.0,438.0
70,2.760,55,person,0.7801,881,565,934,684,907.5,624.5,907.5,684.0
70,2.760,167,person,0.4843,751,371,791,430,771.0,400.5,771.0,430.0
70,2.760,175,person,0.6673,7,461,38,563,22.5,512.0,22.5,563.0
71,2.800,1,person,0.4852,1320,590,1378,728,1349.0,659.0,1349.0,728.0
71,2.800,2,person,0.7502,1209,740,1295,909,1252.0,824.5,1252.0,909.0
71,2.800,6,person,0.7528,1335,739,1417,888,1376.0,813.5,1376.0,888.0
71,2.800,11,person,0.8587,225,395,267,499,246.0,447.0,246.0,499.0
71,2.800,12,person,0.6869,1066,444,1115,549,1090.5,496.5,1090.5,549.0
71,2.800,15,person,0.6434,837,421,869,519,853.0,470.0,853.0,519.0
71,2.800,89,person,0.8410,825,680,882,818,853.5,749.0,853.5,818.0
71,2.800,119,person,0.4860,890,417,952,528,921.0,472.5,921.0,528.0
71,2.800,136,person,0.6314,1110,419,1151,518,1130.5,468.5,1130.5,518.0
71,2.800,144,person,0.6002,1354,597,1421,726,1387.5,661.5,1387.5,726.0
71,2.800,158,person,0.6992,712,355,752,437,732.0,396.0,732.0,437.0
71,2.800,55,person,0.8101,889,561,945,683,917.0,622.0,917.0,683.0
71,2.800,167,person,0.5865,763,368,804,430,783.5,399.0,783.5,430.0
71,2.800,175,person,0.7539,15,460,47,562,31.0,511.0,31.0,562.0
72,2.840,1,person,0.5358,1331,588,1388,728,1359.5,658.0,1359.5,728.0
72,2.840,2,person,0.8111,1221,742,1305,909,1263.0,825.5,1263.0,909.0
72,2.840,6,person,0.7725,1349,733,1430,884,1389.5,808.5,1389.5,884.0
72,2.840,11,person,0.8071,237,392,280,497,258.5,444.5,258.5,497.0
72,2.840,12,person,0.7578,1074,442,1124,551,1099.0,496.5,1099.0,551.0
72,2.840,15,person,0.6944,846,421,878,516,862.0,468.5,862.0,516.0
72,2.840,89,person,0.8688,838,677,897,819,867.5,748.0,867.5,819.0
72,2.840,119,person,0.7045,893,410,957,526,925.0,468.0,925.0,526.0
72,2.840,136,person,0.7305,1117,416,1159,517,1138.0,466.5,1138.0,517.0
72,2.840,144,person,0.4654,1351,591,1424,728,1387.5,659.5,1387.5,728.0
72,2.840,158,person,0.7007,718,352,761,438,739.5,395.0,739.5,438.0
72,2.840,55,person,0.8405,896,559,953,682,924.5,620.5,924.5,682.0
72,2.840,167,person,0.4142,774,367,815,431,794.5,399.0,794.5,431.0
72,2.840,175,person,0.7159,27,458,60,560,43.5,509.0,43.5,560.0
72,2.840,182,person,0.4600,1326,586,1420,727,1373.0,656.5,1373.0,727.0
72,2.840,8,person,0.4145,529,443,586,539,557.5,491.0,557.5,539.0
73,2.880,1,person,0.4287,1340,587,1397,728,1368.5,657.5,1368.5,728.0
73,2.880,2,person,0.7938,1232,739,1314,910,1273.0,824.5,1273.0,910.0
73,2.880,6,person,0.8409,1362,728,1440,880,1401.0,804.0,1401.0,880.0
73,2.880,11,person,0.7917,247,393,290,496,268.5,444.5,268.5,496.0
73,2.880,12,person,0.7096,1082,440,1132,548,1107.0,494.0,1107.0,548.0
73,2.880,15,person,0.6403,855,422,887,514,871.0,468.0,871.0,514.0
73,2.880,89,person,0.8254,851,678,911,822,881.0,750.0,881.0,822.0
73,2.880,119,person,0.6388,897,407,959,523,928.0,465.0,928.0,523.0
73,2.880,136,person,0.6234,1125,415,1168,516,1146.5,465.5,1146.5,516.0
73,2.880,144,person,0.5156,1352,588,1426,728,1389.0,658.0,1389.0,728.0
73,2.880,158,person,0.6308,725,350,769,438,747.0,394.0,747.0,438.0
73,2.880,55,person,0.7578,905,559,961,679,933.0,619.0,933.0,679.0
73,2.880,167,person,0.5168,782,367,831,442,806.5,404.5,806.5,442.0
73,2.880,175,person,0.7970,40,457,76,562,58.0,509.5,58.0,562.0
73,2.880,8,person,0.3825,540,445,598,539,569.0,492.0,569.0,539.0
74,2.920,1,person,0.2414,1349,587,1405,728,1377.0,657.5,1377.0,728.0
74,2.920,2,person,0.7676,1241,738,1322,908,1281.5,823.0,1281.5,908.0
74,2.920,6,person,0.7870,1377,728,1452,876,1414.5,802.0,1414.5,876.0
74,2.920,11,person,0.7691,255,390,299,494,277.0,442.0,277.0,494.0
74,2.920,12,person,0.5683,1090,438,1141,547,1115.5,492.5,1115.5,547.0
74,2.920,15,person,0.6567,862,422,895,513,878.5,467.5,878.5,513.0
74,2.920,89,person,0.8249,863,679,923,823,893.0,751.0,893.0,823.0
74,2.920,119,person,0.5908,900,405,960,521,930.0,463.0,930.0,521.0
74,2.920,136,person,0.5709,1133,416,1176,516,1154.5,466.0,1154.5,516.0
74,2.920,144,person,0.6607,1355,586,1432,728,1393.5,657.0,1393.5,728.0
74,2.920,158,person,0.6811,732,348,777,439,754.5,393.5,754.5,439.0
74,2.920,55,person,0.7956,913,558,971,677,942.0,617.5,942.0,677.0
74,2.920,167,person,0.4277,792,366,842,443,817.0,404.5,817.0,443.0
74,2.920,175,person,0.8162,57,458,93,561,75.0,509.5,75.0,561.0
74,2.920,8,person,0.2501,547,445,604,538,575.5,491.5,575.5,538.0
74,2.920,187,person,0.5880,1363,361,1400,439,1381.5,400.0,1381.5,439.0
75,2.960,2,person,0.7727,1249,735,1328,908,1288.5,821.5,1288.5,908.0
75,2.960,6,person,0.8255,1390,725,1463,872,1426.5,798.5,1426.5,872.0
75,2.960,11,person,0.7654,263,388,309,495,286.0,441.5,286.0,495.0
75,2.960,12,person,0.6997,1097,439,1148,547,1122.5,493.0,1122.5,547.0
75,2.960,15,person,0.7665,868,422,902,515,885.0,468.5,885.0,515.0
75,2.960,89,person,0.8009,874,680,934,825,904.0,752.5,904.0,825.0
75,2.960,119,person,0.5485,906,404,963,520,934.5,462.0,934.5,520.0
75,2.960,136,person,0.6209,1138,415,1184,517,1161.0,466.0,1161.0,517.0
75,2.960,144,person,0.6809,1356,585,1432,728,1394.0,656.5,1394.0,728.0
75,2.960,158,person,0.7134,737,346,783,438,760.0,392.0,760.0,438.0
75,2.960,55,person,0.7870,921,557,980,677,950.5,617.0,950.5,677.0
75,2.960,167,person,0.4199,802,366,848,437,825.0,401.5,825.0,437.0
75,2.960,175,person,0.8159,80,459,117,559,98.5,509.0,98.5,559.0
75,2.960,8,person,0.6190,553,442,612,538,582.5,490.0,582.5,538.0
75,2.960,189,person,0.7539,3,717,38,887,20.5,802.0,20.5,887.0
76,3.000,2,person,0.8228,1255,736,1334,908,1294.5,822.0,1294.5,908.0
76,3.000,6,person,0.7647,1398,705,1478,872,1438.0,788.5,1438.0,872.0
76,3.000,11,person,0.7586,271,386,317,493,294.0,439.5,294.0,493.0
76,3.000,12,person,0.7779,1102,440,1153,547,1127.5,493.5,1127.5,547.0
76,3.000,15,person,0.7946,874,423,909,514,891.5,468.5,891.5,514.0
76,3.000,89,person,0.8125,884,679,944,827,914.0,753.0,914.0,827.0
76,3.000,119,person,0.5553,911,405,966,519,938.5,462.0,938.5,519.0
76,3.000,136,person,0.6100,1144,415,1193,522,1168.5,468.5,1168.5,522.0
76,3.000,158,person,0.6756,742,348,787,437,764.5,392.5,764.5,437.0
76,3.000,55,person,0.7942,929,559,988,675,958.5,617.0,958.5,675.0
76,3.000,167,person,0.3636,811,367,860,442,835.5,404.5,835.5,442.0
76,3.000,175,person,0.8446,99,457,139,559,119.0,508.0,119.0,559.0
76,3.000,8,person,0.7113,563,442,622,538,592.5,490.0,592.5,538.0
76,3.000,189,person,0.7425,9,714,44,886,26.5,800.0,26.5,886.0
76,3.000,1,person,0.7828,1365,585,1423,726,1394.0,655.5,1394.0,726.0
77,3.040,2,person,0.8067,1263,736,1341,909,1302.0,822.5,1302.0,909.0
77,3.040,6,person,0.7520,1410,701,1489,871,1449.5,786.0,1449.5,871.0
77,3.040,11,person,0.8175,279,382,327,492,303.0,437.0,303.0,492.0
77,3.040,12,person,0.6152,1110,441,1162,546,1136.0,493.5,1136.0,546.0
77,3.040,15,person,0.6488,880,421,917,513,898.5,467.0,898.5,513.0
77,3.040,89,person,0.8710,892,674,954,825,923.0,749.5,923.0,825.0
77,3.040,119,person,0.6220,917,405,970,519,943.5,462.0,943.5,519.0
77,3.040,136,person,0.6203,1151,415,1202,527,1176.5,471.0,1176.5,527.0
77,3.040,158,person,0.6901,750,349,795,437,772.5,393.0,772.5,437.0
77,3.040,55,person,0.7539,937,558,997,675,967.0,616.5,967.0,675.0
77,3.040,175,person,0.8196,117,458,159,562,138.0,510.0,138.0,562.0
77,3.040,8,person,0.5006,570,445,627,537,598.5,491.0,598.5,537.0
77,3.040,189,person,0.8073,16,712,52,883,34.0,797.5,34.0,883.0
77,3.040,144,person,0.7425,1369,585,1444,727,1406.5,656.0,1406.5,727.0
78,3.080,2,person,0.8306,1272,738,1350,909,1311.0,823.5,1311.0,909.0
78,3.080,6,person,0.8150,1425,705,1502,872,1463.5,788.5,1463.5,872.0
78,3.080,11,person,0.7437,290,382,339,491,314.5,436.5,314.5,491.0
78,3.080,12,person,0.6912,1119,443,1172,547,1145.5,495.0,1145.5,547.0
78,3.080,15,person,0.7078,888,420,926,513,907.0,466.5,907.0,513.0
78,3.080,89,person,0.8690,901,672,964,827,932.5,749.5,932.5,827.0
78,3.080,119,person,0.5855,926,404,978,518,952.0,461.0,952.0,518.0
78,3.080,136,person,0.5646,1158,414,1208,521,1183.0,467.5,1183.0,521.0
78,3.080,158,person,0.5169,759,351,803,436,781.0,393.5,781.0,436.0
78,3.080,55,person,0.7168,946,558,1006,673,976.0,615.5,976.0,673.0
78,3.080,175,person,0.8815,134,459,178,561,156.0,510.0,156.0,561.0
78,3.080,8,person,0.4665,578,445,633,536,605.5,490.5,605.5,536.0
78,3.080,189,person,0.8516,24,706,62,882,43.0,794.0,43.0,882.0
78,3.080,1,person,0.7197,1382,584,1438,723,1410.0,653.5,1410.0,723.0
79,3.120,2,person,0.8107,1281,740,1357,906,1319.0,823.0,1319.0,906.0
79,3.120,6,person,0.7917,1442,712,1515,869,1478.5,790.5,1478.5,869.0
79,3.120,11,person,0.7959,300,382,350,490,325.0,436.0,325.0,490.0
79,3.120,12,person,0.7808,1127,446,1180,548,1153.5,497.0,1153.5,548.0
79,3.120,15,person,0.7055,896,422,936,515,916.0,468.5,916.0,515.0
79,3.120,89,person,0.8517,912,672,975,829,943.5,750.5,943.5,829.0
79,3.120,119,person,0.5769,934,404,986,519,960.0,461.5,960.0,519.0
79,3.120,136,person,0.7707,1162,412,1216,529,1189.0,470.5,1189.0,529.0
79,3.120,158,person,0.5353,766,353,811,436,788.5,394.5,788.5,436.0
79,3.120,55,person,0.7566,952,557,1014,673,983.0,615.0,983.0,673.0
79,3.120,175,person,0.8291,152,459,199,559,175.5,509.0,175.5,559.0
79,3.120,8,person,0.7548,583,443,638,534,610.5,488.5,610.5,534.0
79,3.120,189,person,0.8346,35,703,75,878,55.0,790.5,55.0,878.0
79,3.120,1,person,0.7765,1391,585,1446,722,1418.5,653.5,1418.5,722.0
80,3.160,2,person,0.8579,1286,740,1364,908,1325.0,824.0,1325.0,908.0
80,3.160,6,person,0.8626,1455,714,1529,869,1492.0,791.5,1492.0,869.0
80,3.160,11,person,0.7833,306,382,356,489,331.0,435.5,331.0,489.0
80,3.160,12,person,0.7576,1135,447,1190,549,1162.5,498.0,1162.5,549.0
80,3.160,15,person,0.6323,904,422,944,513,924.0,467.5,924.0,513.0
80,3.160,89,person,0.8204,924,676,986,832,955.0,754.0,955.0,832.0
80,3.160,119,person,0.3274,942,406,992,516,967.0,461.0,967.0,516.0
80,3.160,136,person,0.6377,1169,413,1220,523,1194.5,468.0,1194.5,523.0
80,3.160,158,person,0.4950,772,353,819,437,795.5,395.0,795.5,437.0
80,3.160,55,person,0.6743,957,556,1021,671,989.0,613.5,989.0,671.0
80,3.160,175,person,0.7619,171,460,220,557,195.5,508.5,195.5,557.0
80,3.160,8,person,0.8154,587,438,645,536,616.0,487.0,616.0,536.0
80,3.160,189,person,0.8872,49,700,90,875,69.5,787.5,69.5,875.0
80,3.160,1,person,0.7282,1403,585,1460,720,1431.5,652.5,1431.5,720.0
81,3.200,2,person,0.8271,1290,743,1367,908,1328.5,825.5,1328.5,908.0
81,3.200,6,person,0.8739,1465,714,1542,873,1503.5,793.5,1503.5,873.0
81,3.200,11,person,0.8032,316,382,368,489,342.0,435.5,342.0,489.0
81,3.200,12,person,0.6841,1141,444,1199,549,1170.0,496.5,1170.0,549.0
81,3.200,15,person,0.6548,908,420,950,513,929.0,466.5,929.0,513.0
81,3.200,89,person,0.8342,934,677,997,834,965.5,755.5,965.5,834.0
81,3.200,119,person,0.5883,948,405,999,517,973.5,461.0,973.5,517.0
81,3.200,136,person,0.5795,1177,411,1224,514,1200.5,462.5,1200.5,514.0
81,3.200,158,person,0.6128,781,354,828,437,804.5,395.5,804.5,437.0
81,3.200,55,person,0.5871,961,553,1027,670,994.0,611.5,994.0,670.0
81,3.200,175,person,0.4974,190,462,241,556,215.5,509.0,215.5,556.0
81,3.200,8,person,0.7172,594,440,652,541,623.0,490.5,623.0,541.0
81,3.200,189,person,0.8297,63,699,106,871,84.5,785.0,84.5,871.0
81,3.200,1,person,0.7671,1410,582,1468,719,1439.0,650.5,1439.0,719.0
82,3.240,2,person,0.8246,1292,746,1368,906,1330.0,826.0,1330.0,906.0
82,3.240,6,person,0.9197,1475,715,1553,873,1514.0,794.0,1514.0,873.0
82,3.240,11,person,0.7741,324,386,375,489,349.5,437.5,349.5,489.0
82,3.240,12,person,0.5458,1150,444,1208,548,1179.0,496.0,1179.0,548.0
82,3.240,15,person,0.7123,912,420,954,513,933.0,466.5,933.0,513.0
82,3.240,89,person,0.7675,944,681,1006,834,975.0,757.5,975.0,834.0
82,3.240,119,person,0.5849,954,406,1003,516,978.5,461.0,978.5,516.0
82,3.240,136,person,0.5923,1184,413,1229,515,1206.5,464.0,1206.5,515.0
82,3.240,158,person,0.5979,788,351,837,435,812.5,393.0,812.5,435.0
82,3.240,55,person,0.6473,964,550,1031,670,997.5,610.0,997.5,670.0
82,3.240,175,person,0.7882,220,460,272,557,246.0,508.5,246.0,557.0
82,3.240,8,person,0.7291,600,440,657,542,628.5,491.0,628.5,542.0
82,3.240,189,person,0.8103,75,701,120,868,97.5,784.5,97.5,868.0
82,3.240,1,person,0.7644,1419,580,1478,720,1448.5,650.0,1448.5,720.0
83,3.280,2,person,0.8295,1298,749,1372,903,1335.0,826.0,1335.0,903.0
83,3.280,6,person,0.8558,1487,713,1567,874,1527.0,793.5,1527.0,874.0
83,3.280,11,person,0.7928,332,388,383,490,357.5,439.0,357.5,490.0
83,3.280,12,person,0.6510,1152,443,1211,547,1181.5,495.0,1181.5,547.0
83,3.280,15,person,0.7848,918,417,960,511,939.0,464.0,939.0,511.0
83,3.280,89,person,0.8403,954,685,1014,834,984.0,759.5,984.0,834.0
83,3.280,119,person,0.4940,959,407,1005,513,982.0,460.0,982.0,513.0
83,3.280,136,person,0.6826,1189,411,1235,516,1212.0,463.5,1212.0,516.0
83,3.280,158,person,0.7116,794,352,845,436,819.5,394.0,819.5,436.0
83,3.280,55,person,0.6485,966,549,1033,671,999.5,610.0,999.5,671.0
83,3.280,175,person,0.8136,240,460,293,560,266.5,510.0,266.5,560.0
83,3.280,8,person,0.7002,606,440,663,542,634.5,491.0,634.5,542.0
83,3.280,189,person,0.8684,86,700,133,870,109.5,785.0,109.5,870.0
83,3.280,1,person,0.8058,1425,578,1487,720,1456.0,649.0,1456.0,720.0
84,3.320,2,person,0.8406,1303,752,1377,902,1340.0,827.0,1340.0,902.0
84,3.320,6,person,0.8940,1497,709,1578,871,1537.5,790.0,1537.5,871.0
84,3.320,11,person,0.7745,339,387,392,490,365.5,438.5,365.5,490.0
84,3.320,12,person,0.4599,1154,442,1210,545,1182.0,493.5,1182.0,545.0
84,3.320,15,person,0.7690,922,411,966,511,944.0,461.0,944.0,511.0
84,3.320,89,person,0.8391,962,688,1022,838,992.0,763.0,992.0,838.0
84,3.320,119,person,0.5492,959,405,1005,511,982.0,458.0,982.0,511.0
84,3.320,136,person,0.6177,1195,412,1240,517,1217.5,464.5,1217.5,517.0
84,3.320,158,person,0.4811,797,352,848,436,822.5,394.0,822.5,436.0
84,3.320,55,person,0.6552,970,550,1033,668,1001.5,609.0,1001.5,668.0
84,3.320,175,person,0.7698,261,460,314,561,287.5,510.5,287.5,561.0
84,3.320,8,person,0.6531,608,441,672,557,640.0,499.0,640.0,557.0
84,3.320,189,person,0.8694,95,701,145,871,120.0,786.0,120.0,871.0
84,3.320,1,person,0.8168,1429,578,1493,720,1461.0,649.0,1461.0,720.0
85,3.360,2,person,0.8584,1305,753,1382,903,1343.5,828.0,1343.5,903.0
85,3.360,6,person,0.8563,1506,709,1589,872,1547.5,790.5,1547.5,872.0
85,3.360,11,person,0.7337,344,386,398,490,371.0,438.0,371.0,490.0
85,3.360,12,person,0.5568,1159,440,1215,545,1187.0,492.5,1187.0,545.0
85,3.360,15,person,0.7202,927,409,970,510,948.5,459.5,948.5,510.0
85,3.360,89,person,0.8377,970,690,1029,839,999.5,764.5,999.5,839.0
85,3.360,119,person,0.5786,965,406,1010,512,987.5,459.0,987.5,512.0
85,3.360,136,person,0.6358,1203,414,1246,514,1224.5,464.0,1224.5,514.0
85,3.360,158,person,0.6025,800,354,848,432,824.0,393.0,824.0,432.0
85,3.360,55,person,0.6535,977,553,1040,671,1008.5,612.0,1008.5,671.0
85,3.360,175,person,0.6766,279,461,333,563,306.0,512.0,306.0,563.0
85,3.360,8,person,0.6554,613,445,677,560,645.0,502.5,645.0,560.0
85,3.360,189,person,0.8384,105,702,157,871,131.0,786.5,131.0,871.0
85,3.360,1,person,0.7646,1432,578,1496,719,1464.0,648.5,1464.0,719.0
85,3.360,219,person,0.5025,1480,356,1532,439,1506.0,397.5,1506.0,439.0
86,3.400,2,person,0.8421,1307,755,1385,902,1346.0,828.5,1346.0,902.0
86,3.400,6,person,0.8330,1512,708,1596,871,1554.0,789.5,1554.0,871.0
86,3.400,11,person,0.7571,350,384,406,491,378.0,437.5,378.0,491.0
86,3.400,12,person,0.5257,1163,440,1214,538,1188.5,489.0,1188.5,538.0
86,3.400,15,person,0.7771,932,409,974,509,953.0,459.0,953.0,509.0
86,3.400,89,person,0.8817,975,693,1036,843,1005.5,768.0,1005.5,843.0
86,3.400,119,person,0.5359,970,405,1017,515,993.5,460.0,993.5,515.0
86,3.400,136,person,0.6508,1208,414,1252,515,1230.0,464.5,1230.0,515.0
86,3.400,158,person,0.5313,802,354,850,432,826.0,393.0,826.0,432.0
86,3.400,55,person,0.5221,983,555,1043,669,1013.0,612.0,1013.0,669.0
86,3.400,175,person,0.7794,299,460,355,563,327.0,511.5,327.0,563.0
86,3.400,8,person,0.6457,616,445,677,556,646.5,500.5,646.5,556.0
86,3.400,189,person,0.8176,111,702,165,870,138.0,786.0,138.0,870.0
86,3.400,1,person,0.7942,1436,578,1502,720,1469.0,649.0,1469.0,720.0
87,3.440,2,person,0.8488,1306,755,1387,899,1346.5,827.0,1346.5,899.0
87,3.440,6,person,0.8141,1517,706,1604,870,1560.5,788.0,1560.5,870.0
87,3.440,11,person,0.5042,349,383,405,488,377.0,435.5,377.0,488.0
87,3.440,12,person,0.5639,1166,440,1214,538,1190.0,489.0,1190.0,538.0
87,3.440,15,person,0.7123,935,411,977,511,956.0,461.0,956.0,511.0
87,3.440,89,person,0.8799,980,694,1042,846,1011.0,770.0,1011.0,846.0
87,3.440,119,person,0.4688,972,405,1016,510,994.0,457.5,994.0,510.0
87,3.440,136,person,0.6760,1212,414,1257,517,1234.5,465.5,1234.5,517.0
87,3.440,158,person,0.4475,806,354,853,431,829.5,392.5,829.5,431.0
87,3.440,55,person,0.5263,986,559,1046,672,1016.0,615.5,1016.0,672.0
87,3.440,175,person,0.8040,317,458,376,564,346.5,511.0,346.5,564.0
87,3.440,8,person,0.6811,619,445,678,554,648.5,499.5,648.5,554.0
87,3.440,189,person,0.8667,117,699,173,870,145.0,784.5,145.0,870.0
87,3.440,1,person,0.7739,1438,576,1507,722,1472.5,649.0,1472.5,722.0
88,3.480,2,person,0.8435,1301,758,1383,900,1342.0,829.0,1342.0,900.0
88,3.480,6,person,0.8303,1526,705,1613,869,1569.5,787.0,1569.5,869.0
88,3.480,11,person,0.6348,350,381,404,482,377.0,431.5,377.0,482.0
88,3.480,12,person,0.6040,1169,442,1219,545,1194.0,493.5,1194.0,545.0
88,3.480,15,person,0.5879,940,413,981,511,960.5,462.0,960.5,511.0
88,3.480,89,person,0.8675,985,694,1047,847,1016.0,770.5,1016.0,847.0
88,3.480,119,person,0.4633,972,408,1018,514,995.0,461.0,995.0,514.0
88,3.480,136,person,0.6885,1215,413,1261,518,1238.0,465.5,1238.0,518.0
88,3.480,158,person,0.4001,809,353,855,429,832.0,391.0,832.0,429.0
88,3.480,55,person,0.5900,990,562,1052,677,1021.0,619.5,1021.0,677.0
88,3.480,175,person,0.6941,336,461,397,566,366.5,513.5,366.5,566.0
88,3.480,8,person,0.6775,622,444,680,554,651.0,499.0,651.0,554.0
88,3.480,189,person,0.8796,121,695,179,865,150.0,780.0,150.0,865.0
88,3.480,1,person,0.7717,1443,575,1513,722,1478.0,648.5,1478.0,722.0
89,3.520,2,person,0.8101,1293,761,1377,900,1335.0,830.5,1335.0,900.0
89,3.520,6,person,0.8689,1533,704,1622,870,1577.5,787.0,1577.5,870.0
89,3.520,11,person,0.4339,354,380,401,468,377.5,424.0,377.5,468.0
89,3.520,12,person,0.7042,1171,443,1222,549,1196.5,496.0,1196.5,549.0
89,3.520,15,person,0.7076,942,416,983,513,962.5,464.5,962.5,513.0
89,3.520,89,person,0.8342,991,693,1053,847,1022.0,770.0,1022.0,847.0
89,3.520,119,person,0.3969,974,407,1018,512,996.0,459.5,996.0,512.0
89,3.520,136,person,0.7547,1217,413,1264,521,1240.5,467.0,1240.5,521.0
89,3.520,158,person,0.4708,810,352,857,429,833.5,390.5,833.5,429.0
89,3.520,55,person,0.6200,994,566,1057,681,1025.5,623.5,1025.5,681.0
89,3.520,175,person,0.6900,347,447,415,567,381.0,507.0,381.0,567.0
89,3.520,8,person,0.7576,623,443,681,553,652.0,498.0,652.0,553.0
89,3.520,189,person,0.8848,125,693,183,863,154.0,778.0,154.0,863.0
89,3.520,1,person,0.7907,1446,574,1518,721,1482.0,647.5,1482.0,721.0
90,3.560,2,person,0.8384,1280,761,1364,901,1322.0,831.0,1322.0,901.0
90,3.560,6,person,0.8442,1539,704,1629,870,1584.0,787.0,1584.0,870.0
90,3.560,11,person,0.4881,357,380,401,462,379.0,421.0,379.0,462.0
90,3.560,12,person,0.6708,1170,444,1222,551,1196.0,497.5,1196.0,551.0
90,3.560,15,person,0.6558,943,419,985,516,964.0,467.5,964.0,516.0
90,3.560,89,person,0.8477,995,691,1057,848,1026.0,769.5,1026.0,848.0
90,3.560,119,person,0.3949,975,409,1019,515,997.0,462.0,997.0,515.0
90,3.560,136,person,0.7789,1219,414,1266,522,1242.5,468.0,1242.5,522.0
90,3.560,158,person,0.5248,808,350,855,429,831.5,389.5,831.5,429.0
90,3.560,55,person,0.6354,996,566,1061,679,1028.5,622.5,1028.5,679.0
90,3.560,175,person,0.7280,361,448,426,568,393.5,508.0,393.5,568.0
90,3.560,8,person,0.7183,622,444,680,554,651.0,499.0,651.0,554.0
90,3.560,189,person,0.8744,129,689,188,858,158.5,773.5,158.5,858.0
90,3.560,1,person,0.7267,1449,575,1520,721,1484.5,648.0,1484.5,721.0
90,3.560,236,person,0.4488,1519,366,1580,440,1549.5,403.0,1549.5,440.0
91,3.600,2,person,0.8193,1272,762,1359,902,1315.5,832.0,1315.5,902.0
91,3.600,6,person,0.8148,1547,707,1637,870,1592.0,788.5,1592.0,870.0
91,3.600,11,person,0.4750,361,382,401,459,381.0,420.5,381.0,459.0
91,3.600,12,person,0.7623,1172,447,1225,553,1198.5,500.0,1198.5,553.0
91,3.600,15,person,0.5558,942,420,985,515,963.5,467.5,963.5,515.0
91,3.600,89,person,0.8585,999,690,1062,850,1030.5,770.0,1030.5,850.0
91,3.600,119,person,0.4881,974,410,1017,515,995.5,462.5,995.5,515.0
91,3.600,136,person,0.7573,1222,415,1268,521,1245.0,468.0,1245.0,521.0
91,3.600,158,person,0.6411,805,349,855,434,830.0,391.5,830.0,434.0
91,3.600,55,person,0.6826,995,563,1062,678,1028.5,620.5,1028.5,678.0
91,3.600,175,person,0.6766,376,455,435,567,405.5,511.0,405.5,567.0
91,3.600,8,person,0.6617,618,447,677,558,647.5,502.5,647.5,558.0
91,3.600,189,person,0.8901,134,685,194,856,164.0,770.5,164.0,856.0
91,3.600,1,person,0.6808,1447,574,1521,722,1484.0,648.0,1484.0,722.0
91,3.600,236,person,0.3768,1526,363,1591,441,1558.5,402.0,1558.5,441.0
92,3.640,2,person,0.8717,1268,760,1358,902,1313.0,831.0,1313.0,902.0
92,3.640,6,person,0.8500,1553,710,1643,871,1598.0,790.5,1598.0,871.0
92,3.640,11,person,0.7115,359,383,406,474,382.5,428.5,382.5,474.0
92,3.640,12,person,0.7319,1174,448,1227,554,1200.5,501.0,1200.5,554.0
92,3.640,15,person,0.6129,942,420,985,516,963.5,468.0,963.5,516.0
92,3.640,89,person,0.8144,1003,691,1067,853,1035.0,772.0,1035.0,853.0
92,3.640,119,person,0.4801,978,413,1020,516,999.0,464.5,999.0,516.0
92,3.640,136,person,0.7160,1222,414,1268,522,1245.0,468.0,1245.0,522.0
92,3.640,158,person,0.5597,805,349,854,434,829.5,391.5,829.5,434.0
92,3.640,55,person,0.6648,994,562,1062,677,1028.0,619.5,1028.0,677.0
92,3.640,175,person,0.7681,396,462,452,567,424.0,514.5,424.0,567.0
92,3.640,8,person,0.8141,616,449,677,560,646.5,504.5,646.5,560.0
92,3.640,189,person,0.9070,139,682,200,853,169.5,767.5,169.5,853.0
92,3.640,1,person,0.6462,1447,576,1520,721,1483.5,648.5,1483.5,721.0
92,3.640,236,person,0.3030,1536,369,1597,442,1566.5,405.5,1566.5,442.0
92,3.640,242,person,0.4962,635,450,681,561,658.0,505.5,658.0,561.0
93,3.680,2,person,0.9148,1263,759,1357,902,1310.0,830.5,1310.0,902.0
93,3.680,6,person,0.8439,1570,710,1657,869,1613.5,789.5,1613.5,869.0
93,3.680,11,person,0.7835,360,385,408,480,384.0,432.5,384.0,480.0
93,3.680,12,person,0.6999,1174,449,1228,555,1201.0,502.0,1201.0,555.0
93,3.680,15,person,0.6176,943,418,987,517,965.0,467.5,965.0,517.0
93,3.680,89,person,0.7572,1009,692,1073,857,1041.0,774.5,1041.0,857.0
93,3.680,119,person,0.4535,977,414,1019,517,998.0,465.5,998.0,517.0
93,3.680,136,person,0.6850,1223,413,1268,521,1245.5,467.0,1245.5,521.0
93,3.680,158,person,0.6985,805,350,854,436,829.5,393.0,829.5,436.0
93,3.680,55,person,0.6070,990,563,1057,676,1023.5,619.5,1023.5,676.0
93,3.680,175,person,0.6984,415,471,470,570,442.5,520.5,442.5,570.0
93,3.680,8,person,0.7380,613,451,675,561,644.0,506.0,644.0,561.0
93,3.680,189,person,0.8869,143,679,205,850,174.0,764.5,174.0,850.0
93,3.680,1,person,0.5906,1453,584,1522,721,1487.5,652.5,1487.5,721.0
93,3.680,236,person,0.4003,1551,387,1598,442,1574.5,414.5,1574.5,442.0
93,3.680,242,person,0.3556,637,453,681,560,659.0,506.5,659.0,560.0
93,3.680,243,person,0.5657,937,417,1019,519,978.0,468.0,978.0,519.0
93,3.680,244,person,0.3813,874,381,912,457,893.0,419.0,893.0,457.0
94,3.720,2,person,0.8823,1261,758,1356,900,1308.5,829.0,1308.5,900.0
94,3.720,6,person,0.8136,1574,711,1660,869,1617.0,790.0,1617.0,869.0
94,3.720,11,person,0.7503,360,389,409,487,384.5,438.0,384.5,487.0
94,3.720,12,person,0.6064,1175,449,1228,556,1201.5,502.5,1201.5,556.0
94,3.720,89,person,0.7863,1015,696,1077,858,1046.0,777.0,1046.0,858.0
94,3.720,119,person,0.5471,980,414,1021,518,1000.5,466.0,1000.5,518.0
94,3.720,136,person,0.6593,1224,414,1269,525,1246.5,469.5,1246.5,525.0
94,3.720,158,person,0.6704,805,353,853,440,829.0,396.5,829.0,440.0
94,3.720,55,person,0.4944,982,563,1049,676,1015.5,619.5,1015.5,676.0
94,3.720,175,person,0.8191,428,472,486,572,457.0,522.0,457.0,572.0
94,3.720,8,person,0.7648,612,455,677,563,644.5,509.0,644.5,563.0
94,3.720,189,person,0.8381,149,676,211,845,180.0,760.5,180.0,845.0
94,3.720,1,person,0.6523,1458,591,1522,722,1490.0,656.5,1490.0,722.0
94,3.720,236,person,0.5535,1550,367,1615,443,1582.5,405.0,1582.5,443.0
94,3.720,243,person,0.6983,938,416,1022,521,980.0,468.5,980.0,521.0
94,3.720,244,person,0.3954,873,383,908,452,890.5,417.5,890.5,452.0
95,3.760,2,person,0.8071,1259,760,1353,900,1306.0,830.0,1306.0,900.0
95,3.760,6,person,0.8336,1586,712,1670,867,1628.0,789.5,1628.0,867.0
95,3.760,11,person,0.7498,362,391,412,489,387.0,440.0,387.0,489.0
95,3.760,12,person,0.6651,1177,449,1229,557,1203.0,503.0,1203.0,557.0
95,3.760,89,person,0.8223,1020,701,1083,861,1051.5,781.0,1051.5,861.0
95,3.760,119,person,0.5156,983,415,1024,518,1003.5,466.5,1003.5,518.0
95,3.760,136,person,0.6947,1229,418,1271,524,1250.0,471.0,1250.0,524.0
95,3.760,158,person,0.6246,805,355,853,443,829.0,399.0,829.0,443.0
95,3.760,55,person,0.6573,979,562,1046,676,1012.5,619.0,1012.5,676.0
95,3.760,175,person,0.8187,439,476,496,573,467.5,524.5,467.5,573.0
95,3.760,8,person,0.7917,614,458,681,564,647.5,511.0,647.5,564.0
95,3.760,189,person,0.8165,158,679,220,843,189.0,761.0,189.0,843.0
95,3.760,1,person,0.6034,1459,591,1522,722,1490.5,656.5,1490.5,722.0
95,3.760,236,person,0.6120,1555,360,1624,443,1589.5,401.5,1589.5,443.0
95,3.760,243,person,0.6231,941,416,1026,522,983.5,469.0,983.5,522.0
95,3.760,144,person,0.4152,1443,584,1514,722,1478.5,653.0,1478.5,722.0
95,3.760,15,person,0.5537,946,417,991,517,968.5,467.0,968.5,517.0
96,3.800,2,person,0.6750,1243,762,1333,902,1288.0,832.0,1288.0,902.0
96,3.800,6,person,0.8918,1602,711,1683,864,1642.5,787.5,1642.5,864.0
96,3.800,11,person,0.7699,367,393,417,489,392.0,441.0,392.0,489.0
96,3.800,12,person,0.6872,1180,449,1232,559,1206.0,504.0,1206.0,559.0
96,3.800,89,person,0.8120,1024,703,1088,865,1056.0,784.0,1056.0,865.0
96,3.800,119,person,0.4408,987,415,1028,519,1007.5,467.0,1007.5,519.0
96,3.800,136,person,0.7108,1233,419,1275,525,1254.0,472.0,1254.0,525.0
96,3.800,158,person,0.6275,807,357,853,444,830.0,400.5,830.0,444.0
96,3.800,55,person,0.6590,976,561,1044,677,1010.0,619.0,1010.0,677.0
96,3.800,175,person,0.7621,449,476,506,572,477.5,524.0,477.5,572.0
96,3.800,8,person,0.8245,615,459,686,564,650.5,511.5,650.5,564.0
96,3.800,189,person,0.8315,165,679,227,842,196.0,760.5,196.0,842.0
96,3.800,1,person,0.6271,1460,586,1524,722,1492.0,654.0,1492.0,722.0
96,3.800,236,person,0.5981,1565,360,1634,443,1599.5,401.5,1599.5,443.0
96,3.800,243,person,0.5094,943,416,1027,521,985.0,468.5,985.0,521.0
96,3.800,144,person,0.5164,1443,580,1518,722,1480.5,651.0,1480.5,722.0
96,3.800,15,person,0.4954,951,416,996,518,973.5,467.0,973.5,518.0
96,3.800,244,person,0.3340,873,382,907,449,890.0,415.5,890.0,449.0
97,3.840,2,person,0.7211,1242,764,1329,901,1285.5,832.5,1285.5,901.0
97,3.840,6,person,0.8703,1614,709,1694,863,1654.0,786.0,1654.0,863.0
97,3.840,11,person,0.7210,373,394,424,489,398.5,441.5,398.5,489.0
97,3.840,12,person,0.6761,1181,448,1233,559,1207.0,503.5,1207.0,559.0
97,3.840,89,person,0.8014,1030,706,1094,866,1062.0,786.0,1062.0,866.0
97,3.840,119,person,0.3019,991,415,1033,518,1012.0,466.5,1012.0,518.0
97,3.840,136,person,0.7051,1236,418,1280,525,1258.0,471.5,1258.0,525.0
97,3.840,158,person,0.6342,810,358,854,444,832.0,401.0,832.0,444.0
97,3.840,55,person,0.7404,976,559,1046,678,1011.0,618.5,1011.0,678.0
97,3.840,175,person,0.8009,459,478,517,576,488.0,527.0,488.0,576.0
97,3.840,8,person,0.7872,618,457,694,569,656.0,513.0,656.0,569.0
97,3.840,189,person,0.8574,172,679,234,839,203.0,759.0,203.0,839.0
97,3.840,1,person,0.5959,1462,587,1525,722,1493.5,654.5,1493.5,722.0
97,3.840,236,person,0.6115,1576,355,1647,443,1611.5,399.0,1611.5,443.0
97,3.840,243,person,0.3862,947,414,1029,519,988.0,466.5,988.0,519.0
97,3.840,144,person,0.2525,1447,584,1518,717,1482.5,650.5,1482.5,717.0
97,3.840,15,person,0.4812,957,415,1001,516,979.0,465.5,979.0,516.0
97,3.840,255,person,0.3869,1439,563,1474,653,1456.5,608.0,1456.5,653.0
97,3.840,257,person,0.3527,867,383,927,471,897.0,427.0,897.0,471.0
98,3.880,2,person,0.8105,1236,763,1324,903,1280.0,833.0,1280.0,903.0
98,3.880,6,person,0.8489,1628,707,1707,861,1667.5,784.0,1667.5,861.0
98,3.880,11,person,0.7273,378,393,430,488,404.0,440.5,404.0,488.0
98,3.880,12,person,0.5776,1186,448,1236,560,1211.0,504.0,1211.0,560.0
98,3.880,89,person,0.8141,1036,707,1102,867,1069.0,787.0,1069.0,867.0
98,3.880,119,person,0.2280,993,415,1036,519,1014.5,467.0,1014.5,519.0
98,3.880,136,person,0.6833,1240,418,1285,526,1262.5,472.0,1262.5,526.0
98,3.880,158,person,0.6417,813,359,857,445,835.0,402.0,835.0,445.0
98,3.880,55,person,0.7704,979,558,1050,680,1014.5,619.0,1014.5,680.0
98,3.880,175,person,0.7066,470,478,530,580,500.0,529.0,500.0,580.0
98,3.880,8,person,0.7967,625,458,701,571,663.0,514.5,663.0,571.0
98,3.880,189,person,0.9020,180,683,242,839,211.0,761.0,211.0,839.0
98,3.880,1,person,0.6659,1471,587,1534,722,1502.5,654.5,1502.5,722.0
98,3.880,236,person,0.6532,1586,351,1658,442,1622.0,396.5,1622.0,442.0
98,3.880,243,person,0.5953,956,411,1043,523,999.5,467.0,999.5,523.0
98,3.880,15,person,0.3216,963,415,1008,519,985.5,467.0,985.5,519.0
98,3.880,255,person,0.3945,1441,562,1475,651,1458.0,606.5,1458.0,651.0
98,3.880,257,person,0.2827,868,377,930,468,899.0,422.5,899.0,468.0
99,3.920,2,person,0.8414,1235,764,1324,906,1279.5,835.0,1279.5,906.0
99,3.920,6,person,0.8483,1641,706,1717,860,1679.0,783.0,1679.0,860.0
99,3.920,11,person,0.6824,376,394,426,485,401.0,439.5,401.0,485.0
99,3.920,12,person,0.6654,1191,448,1241,559,1216.0,503.5,1216.0,559.0
99,3.920,89,person,0.8245,1043,706,1110,867,1076.5,786.5,1076.5,867.0
99,3.920,136,person,0.7543,1245,416,1293,528,1269.0,472.0,1269.0,528.0
99,3.920,158,person,0.6139,815,359,860,447,837.5,403.0,837.5,447.0
99,3.920,55,person,0.7043,983,558,1053,680,1018.0,619.0,1018.0,680.0
99,3.920,175,person,0.7964,481,478,542,581,511.5,529.5,511.5,581.0
99,3.920,8,person,0.7819,630,460,707,572,668.5,516.0,668.5,572.0
99,3.920,189,person,0.8916,189,684,251,838,220.0,761.0,220.0,838.0
99,3.920,1,person,0.7793,1475,588,1539,723,1507.0,655.5,1507.0,723.0
99,3.920,236,person,0.4348,1600,351,1669,442,1634.5,396.5,1634.5,442.0
99,3.920,243,person,0.5398,960,410,1046,524,1003.0,467.0,1003.0,524.0
99,3.920,255,person,0.6215,1443,560,1488,677,1465.5,618.5,1465.5,677.0
99,3.920,257,person,0.2418,869,376,926,460,897.5,418.0,897.5,460.0
99,3.920,244,person,0.3722,869,378,902,441,885.5,409.5,885.5,441.0
100,3.960,2,person,0.8385,1233,763,1324,908,1278.5,835.5,1278.5,908.0
100,3.960,6,person,0.8697,1654,707,1728,860,1691.0,783.5,1691.0,860.0
100,3.960,11,person,0.4868,382,393,432,485,407.0,439.0,407.0,485.0
100,3.960,12,person,0.6802,1197,449,1247,560,1222.0,504.5,1222.0,560.0
100,3.960,89,person,0.8418,1046,709,1115,868,1080.5,788.5,1080.5,868.0
100,3.960,136,person,0.7202,1253,416,1302,530,1277.5,473.0,1277.5,530.0
100,3.960,158,person,0.6152,818,358,862,446,840.0,402.0,840.0,446.0
100,3.960,55,person,0.7383,986,558,1056,682,1021.0,620.0,1021.0,682.0
100,3.960,175,person,0.7519,491,478,552,582,521.5,530.0,521.5,582.0
100,3.960,8,person,0.5865,635,461,710,574,672.5,517.5,672.5,574.0
100,3.960,189,person,0.8782,197,684,261,836,229.0,760.0,229.0,836.0
100,3.960,1,person,0.8080,1481,591,1546,724,1513.5,657.5,1513.5,724.0
100,3.960,243,person,0.3528,970,412,1055,524,1012.5,468.0,1012.5,524.0
100,3.960,255,person,0.6302,1443,559,1491,688,1467.0,623.5,1467.0,688.0
100,3.960,244,person,0.4191,870,380,902,441,886.0,410.5,886.0,441.0
100,3.960,15,person,0.6335,978,414,1025,521,1001.5,467.5,1001.5,521.0
101,4.000,2,person,0.8527,1231,763,1324,909,1277.5,836.0,1277.5,909.0
101,4.000,6,person,0.9076,1664,706,1737,860,1700.5,783.0,1700.5,860.0
101,4.000,11,person,0.3234,388,394,431,471,409.5,432.5,409.5,471.0
101,4.000,12,person,0.7339,1200,450,1252,560,1226.0,505.0,1226.0,560.0
101,4.000,89,person,0.7787,1053,712,1121,868,1087.0,790.0,1087.0,868.0
101,4.000,136,person,0.6812,1260,418,1308,528,1284.0,473.0,1284.0,528.0
101,4.000,158,person,0.6358,819,358,865,450,842.0,404.0,842.0,450.0
101,4.000,55,person,0.6466,988,560,1057,682,1022.5,621.0,1022.5,682.0
101,4.000,175,person,0.6858,501,477,563,582,532.0,529.5,532.0,582.0
101,4.000,8,person,0.3585,637,462,712,576,674.5,519.0,674.5,576.0
101,4.000,189,person,0.8599,204,684,271,836,237.5,760.0,237.5,836.0
101,4.000,1,person,0.8308,1488,592,1555,723,1521.5,657.5,1521.5,723.0
101,4.000,255,person,0.5836,1444,558,1491,683,1467.5,620.5,1467.5,683.0
101,4.000,244,person,0.5501,873,380,904,442,888.5,411.0,888.5,442.0
101,4.000,15,person,0.6923,985,415,1032,520,1008.5,467.5,1008.5,520.0
101,4.000,242,person,0.5892,650,463,685,547,667.5,505.0,667.5,547.0
101,4.000,236,person,0.5146,1625,353,1691,443,1658.0,398.0,1658.0,443.0
102,4.040,2,person,0.7929,1228,763,1323,913,1275.5,838.0,1275.5,913.0
102,4.040,6,person,0.8440,1677,708,1747,860,1712.0,784.0,1712.0,860.0
102,4.040,11,person,0.2707,391,394,433,468,412.0,431.0,412.0,468.0
102,4.040,12,person,0.7231,1206,453,1258,561,1232.0,507.0,1232.0,561.0
102,4.040,89,person,0.7783,1059,711,1128,871,1093.5,791.0,1093.5,871.0
102,4.040,136,person,0.6516,1266,417,1313,526,1289.5,471.5,1289.5,526.0
102,4.040,158,person,0.7024,823,359,866,449,844.5,404.0,844.5,449.0
102,4.040,55,person,0.6107,989,561,1053,678,1021.0,619.5,1021.0,678.0
102,4.040,175,person,0.8235,510,476,573,582,541.5,529.0,541.5,582.0
102,4.040,8,person,0.2883,644,463,717,575,680.5,519.0,680.5,575.0
102,4.040,189,person,0.8868,210,681,279,835,244.5,758.0,244.5,835.0
102,4.040,1,person,0.8253,1496,591,1563,721,1529.5,656.0,1529.5,721.0
102,4.040,255,person,0.5981,1447,556,1496,687,1471.5,621.5,1471.5,687.0
102,4.040,244,person,0.5143,873,382,906,445,889.5,413.5,889.5,445.0
102,4.040,15,person,0.6801,992,414,1040,518,1016.0,466.0,1016.0,518.0
102,4.040,242,person,0.5122,651,462,691,559,671.0,510.5,671.0,559.0
102,4.040,236,person,0.6151,1637,347,1703,441,1670.0,394.0,1670.0,441.0
103,4.080,2,person,0.7849,1223,765,1318,914,1270.5,839.5,1270.5,914.0
103,4.080,6,person,0.8575,1690,709,1758,858,1724.0,783.5,1724.0,858.0
103,4.080,11,person,0.4745,390,393,440,478,415.0,435.5,415.0,478.0
103,4.080,12,person,0.6666,1211,453,1265,561,1238.0,507.0,1238.0,561.0
103,4.080,89,person,0.7833,1062,708,1132,872,1097.0,790.0,1097.0,872.0
103,4.080,136,person,0.5708,1272,417,1319,526,1295.5,471.5,1295.5,526.0
103,4.080,158,person,0.7159,826,359,869,449,847.5,404.0,847.5,449.0
103,4.080,55,person,0.5984,991,563,1054,682,1022.5,622.5,1022.5,682.0
103,4.080,175,person,0.6750,518,474,582,582,550.0,528.0,550.0,582.0
103,4.080,189,person,0.8926,215,680,286,835,250.5,757.5,250.5,835.0
103,4.080,1,person,0.8466,1502,592,1571,721,1536.5,656.5,1536.5,721.0
103,4.080,255,person,0.6110,1452,556,1500,688,1476.0,622.0,1476.0,688.0
103,4.080,15,person,0.6618,997,411,1047,518,1022.0,464.5,1022.0,518.0
103,4.080,242,person,0.7360,655,460,699,566,677.0,513.0,677.0,566.0
103,4.080,236,person,0.5474,1650,348,1712,441,1681.0,394.5,1681.0,441.0
103,4.080,275,person,0.5590,1228,763,1280,916,1254.0,839.5,1254.0,916.0
104,4.120,6,person,0.8701,1702,710,1768,859,1735.0,784.5,1735.0,859.0
104,4.120,11,person,0.5708,394,390,447,481,420.5,435.5,420.5,481.0
104,4.120,12,person,0.7614,1218,455,1272,560,1245.0,507.5,1245.0,560.0
104,4.120,89,person,0.7800,1069,707,1137,869,1103.0,788.0,1103.0,869.0
104,4.120,136,person,0.7196,1278,420,1322,525,1300.0,472.5,1300.0,525.0
104,4.120,158,person,0.6056,831,359,872,447,851.5,403.0,851.5,447.0
104,4.120,55,person,0.5767,995,564,1056,681,1025.5,622.5,1025.5,681.0
104,4.120,175,person,0.7909,528,474,590,580,559.0,527.0,559.0,580.0
104,4.120,189,person,0.8240,218,673,291,831,254.5,752.0,254.5,831.0
104,4.120,1,person,0.7673,1509,589,1580,721,1544.5,655.0,1544.5,721.0
104,4.120,255,person,0.6981,1461,558,1510,689,1485.5,623.5,1485.5,689.0
104,4.120,15,person,0.7551,1003,410,1054,518,1028.5,464.0,1028.5,518.0
104,4.120,242,person,0.6979,658,457,704,567,681.0,512.0,681.0,567.0
104,4.120,236,person,0.6532,1661,345,1723,441,1692.0,393.0,1692.0,441.0
104,4.120,275,person,0.7872,1228,764,1281,917,1254.5,840.5,1254.5,917.0
105,4.160,6,person,0.8421,1710,708,1777,859,1743.5,783.5,1743.5,859.0
105,4.160,11,person,0.6327,398,386,455,484,426.5,435.0,426.5,484.0
105,4.160,12,person,0.5549,1223,453,1278,559,1250.5,506.0,1250.5,559.0
105,4.160,89,person,0.7448,1076,707,1143,870,1109.5,788.5,1109.5,870.0
105,4.160,136,person,0.7011,1284,420,1327,523,1305.5,471.5,1305.5,523.0
105,4.160,158,person,0.6501,835,359,875,446,855.0,402.5,855.0,446.0
105,4.160,55,person,0.6501,1000,564,1063,682,1031.5,623.0,1031.5,682.0
105,4.160,175,person,0.8380,535,472,600,582,567.5,527.0,567.5,582.0
105,4.160,189,person,0.8653,219,668,294,827,256.5,747.5,256.5,827.0
105,4.160,1,person,0.7142,1514,590,1586,719,1550.0,654.5,1550.0,719.0
105,4.160,255,person,0.5847,1464,556,1513,689,1488.5,622.5,1488.5,689.0
105,4.160,15,person,0.7551,1011,408,1064,521,1037.5,464.5,1037.5,521.0
105,4.160,242,person,0.8063,662,455,709,568,685.5,511.5,685.5,568.0
105,4.160,236,person,0.5548,1674,347,1732,441,1703.0,394.0,1703.0,441.0
105,4.160,2,person,0.8329,1208,764,1301,915,1254.5,839.5,1254.5,915.0
106,4.200,6,person,0.8233,1720,707,1786,859,1753.0,783.0,1753.0,859.0
106,4.200,11,person,0.5568,402,385,460,484,431.0,434.5,431.0,484.0
106,4.200,12,person,0.5915,1228,451,1282,556,1255.0,503.5,1255.0,556.0
106,4.200,89,person,0.7495,1081,707,1147,869,1114.0,788.0,1114.0,869.0
106,4.200,136,person,0.7298,1289,419,1331,522,1310.0,470.5,1310.0,522.0
106,4.200,158,person,0.5274,839,355,880,445,859.5,400.0,859.5,445.0
106,4.200,55,person,0.6353,1001,563,1066,685,1033.5,624.0,1033.5,685.0
106,4.200,175,person,0.7862,544,473,608,583,576.0,528.0,576.0,583.0
106,4.200,189,person,0.8682,220,661,296,825,258.0,743.0,258.0,825.0
106,4.200,1,person,0.7535,1516,589,1588,716,1552.0,652.5,1552.0,716.0
106,4.200,255,person,0.5552,1467,552,1515,681,1491.0,616.5,1491.0,681.0
106,4.200,15,person,0.6092,1018,406,1072,521,1045.0,463.5,1045.0,521.0
106,4.200,242,person,0.8088,666,452,715,570,690.5,511.0,690.5,570.0
106,4.200,236,person,0.6442,1684,341,1743,439,1713.5,390.0,1713.5,439.0
106,4.200,284,person,0.4647,1227,450,1268,551,1247.5,500.5,1247.5,551.0
106,4.200,2,person,0.7887,1204,759,1298,912,1251.0,835.5,1251.0,912.0
107,4.240,6,person,0.8099,1730,705,1795,858,1762.5,781.5,1762.5,858.0
107,4.240,11,person,0.5573,408,384,466,482,437.0,433.0,437.0,482.0
107,4.240,12,person,0.5991,1231,447,1285,554,1258.0,500.5,1258.0,554.0
107,4.240,89,person,0.7464,1086,707,1151,869,1118.5,788.0,1118.5,869.0
107,4.240,136,person,0.8231,1293,418,1336,523,1314.5,470.5,1314.5,523.0
107,4.240,158,person,0.4309,843,352,882,439,862.5,395.5,862.5,439.0
107,4.240,55,person,0.5561,998,563,1061,684,1029.5,623.5,1029.5,684.0
107,4.240,175,person,0.8574,552,474,616,584,584.0,529.0,584.0,584.0
107,4.240,189,person,0.8253,224,656,298,819,261.0,737.5,261.0,819.0
107,4.240,1,person,0.8258,1518,587,1589,716,1553.5,651.5,1553.5,716.0
107,4.240,255,person,0.5527,1469,549,1517,681,1493.0,615.0,1493.0,681.0
107,4.240,15,person,0.5733,1022,406,1077,523,1049.5,464.5,1049.5,523.0
107,4.240,242,person,0.7073,669,451,719,571,694.0,511.0,694.0,571.0
107,4.240,236,person,0.6881,1695,337,1753,437,1724.0,387.0,1724.0,437.0
107,4.240,2,person,0.8204,1201,755,1297,913,1249.0,834.0,1249.0,913.0
107,4.240,289,person,0.4836,843,352,873,428,858.0,390.0,858.0,428.0
107,4.240,290,person,0.5093,841,351,900,442,870.5,396.5,870.5,442.0
107,4.240,292,person,0.4872,998,562,1054,672,1026.0,617.0,1026.0,672.0
108,4.280,6,person,0.7829,1740,704,1805,858,1772.5,781.0,1772.5,858.0
108,4.280,11,person,0.4558,409,384,463,476,436.0,430.0,436.0,476.0
108,4.280,12,person,0.7170,1233,444,1286,552,1259.5,498.0,1259.5,552.0
108,4.280,89,person,0.6988,1096,710,1161,872,1128.5,791.0,1128.5,872.0
108,4.280,136,person,0.7624,1299,418,1343,524,1321.0,471.0,1321.0,524.0
108,4.280,158,person,0.6321,844,348,884,436,864.0,392.0,864.0,436.0
108,4.280,55,person,0.6254,1000,563,1063,684,1031.5,623.5,1031.5,684.0
108,4.280,175,person,0.8473,561,476,625,583,593.0,529.5,593.0,583.0
108,4.280,189,person,0.8614,227,651,301,815,264.0,733.0,264.0,815.0
108,4.280,1,person,0.8416,1521,586,1591,716,1556.0,651.0,1556.0,716.0
108,4.280,255,person,0.6849,1470,545,1518,674,1494.0,609.5,1494.0,674.0
108,4.280,15,person,0.6216,1030,405,1083,519,1056.5,462.0,1056.5,519.0
108,4.280,242,person,0.7179,673,452,723,571,698.0,511.5,698.0,571.0
108,4.280,236,person,0.6513,1707,337,1763,438,1735.0,387.5,1735.0,438.0
108,4.280,2,person,0.8508,1195,753,1292,910,1243.5,831.5,1243.5,910.0
108,4.280,290,person,0.6028,839,347,899,439,869.0,393.0,869.0,439.0
108,4.280,292,person,0.2056,999,560,1058,677,1028.5,618.5,1028.5,677.0
109,4.320,6,person,0.7961,1749,704,1813,857,1781.0,780.5,1781.0,857.0
109,4.320,11,person,0.6291,413,385,465,474,439.0,429.5,439.0,474.0
109,4.320,12,person,0.7811,1237,443,1289,551,1263.0,497.0,1263.0,551.0
109,4.320,89,person,0.7101,1103,716,1167,873,1135.0,794.5,1135.0,873.0
109,4.320,136,person,0.6920,1305,419,1350,524,1327.5,471.5,1327.5,524.0
109,4.320,158,person,0.6289,848,348,888,435,868.0,391.5,868.0,435.0
109,4.320,175,person,0.8743,568,477,632,583,600.0,530.0,600.0,583.0
109,4.320,189,person,0.8599,232,647,305,811,268.5,729.0,268.5,811.0
109,4.320,1,person,0.7776,1523,585,1591,714,1557.0,649.5,1557.0,714.0
109,4.320,255,person,0.6635,1472,541,1520,672,1496.0,606.5,1496.0,672.0
109,4.320,15,person,0.7125,1035,403,1087,517,1061.0,460.0,1061.0,517.0
109,4.320,242,person,0.7486,677,452,726,570,701.5,511.0,701.5,570.0
109,4.320,236,person,0.6100,1719,336,1773,436,1746.0,386.0,1746.0,436.0
109,4.320,2,person,0.8691,1188,751,1287,907,1237.5,829.0,1237.5,907.0
109,4.320,290,person,0.2919,843,347,901,437,872.0,392.0,872.0,437.0
109,4.320,292,person,0.7075,998,560,1059,681,1028.5,620.5,1028.5,681.0
110,4.360,6,person,0.7907,1758,702,1821,855,1789.5,778.5,1789.5,855.0
110,4.360,11,person,0.6862,415,384,467,472,441.0,428.0,441.0,472.0
110,4.360,12,person,0.7248,1241,440,1293,552,1267.0,496.0,1267.0,552.0
110,4.360,89,person,0.7399,1109,719,1173,873,1141.0,796.0,1141.0,873.0
110,4.360,136,person,0.6475,1309,416,1353,520,1331.0,468.0,1331.0,520.0
110,4.360,158,person,0.6027,848,348,889,438,868.5,393.0,868.5,438.0
110,4.360,175,person,0.8704,573,475,639,580,606.0,527.5,606.0,580.0
110,4.360,189,person,0.9017,239,646,308,805,273.5,725.5,273.5,805.0
110,4.360,1,person,0.7542,1530,585,1595,712,1562.5,648.5,1562.5,712.0
110,4.360,255,person,0.6610,1472,538,1521,671,1496.5,604.5,1496.5,671.0
110,4.360,15,person,0.6112,1040,402,1090,513,1065.0,457.5,1065.0,513.0
110,4.360,242,person,0.6721,680,452,728,570,704.0,511.0,704.0,570.0
110,4.360,236,person,0.4789,1729,335,1781,434,1755.0,384.5,1755.0,434.0
110,4.360,2,person,0.8165,1184,750,1284,907,1234.0,828.5,1234.0,907.0
110,4.360,290,person,0.3035,841,346,905,446,873.0,396.0,873.0,446.0
110,4.360,292,person,0.6980,995,557,1058,683,1026.5,620.0,1026.5,683.0
111,4.400,6,person,0.7557,1766,703,1830,854,1798.0,778.5,1798.0,854.0
111,4.400,11,person,0.6948,417,382,469,473,443.0,427.5,443.0,473.0
111,4.400,12,person,0.6806,1246,440,1297,550,1271.5,495.0,1271.5,550.0
111,4.400,89,person,0.6708,1113,722,1178,875,1145.5,798.5,1145.5,875.0
111,4.400,136,person,0.6574,1315,414,1361,521,1338.0,467.5,1338.0,521.0
111,4.400,158,person,0.6048,848,348,889,440,868.5,394.0,868.5,440.0
111,4.400,175,person,0.8646,578,475,646,580,612.0,527.5,612.0,580.0
111,4.400,189,person,0.8625,244,646,312,803,278.0,724.5,278.0,803.0
111,4.400,1,person,0.7746,1536,586,1600,711,1568.0,648.5,1568.0,711.0
111,4.400,255,person,0.6068,1474,537,1520,666,1497.0,601.5,1497.0,666.0
111,4.400,15,person,0.6102,1046,403,1095,513,1070.5,458.0,1070.5,513.0
111,4.400,242,person,0.7288,684,453,732,570,708.0,511.5,708.0,570.0
111,4.400,236,person,0.7266,1738,331,1790,432,1764.0,381.5,1764.0,432.0
111,4.400,2,person,0.6984,1170,750,1266,908,1218.0,829.0,1218.0,908.0
111,4.400,290,person,0.5185,842,347,905,446,873.5,396.5,873.5,446.0
111,4.400,292,person,0.6711,998,554,1060,678,1029.0,616.0,1029.0,678.0
111,4.400,297,person,0.4158,1471,535,1530,669,1500.5,602.0,1500.5,669.0
112,4.440,6,person,0.7602,1775,704,1839,854,1807.0,779.0,1807.0,854.0
112,4.440,11,person,0.7074,420,380,472,471,446.0,425.5,446.0,471.0
112,4.440,12,person,0.6714,1250,440,1300,549,1275.0,494.5,1275.0,549.0
112,4.440,89,person,0.4972,1111,724,1174,873,1142.5,798.5,1142.5,873.0
112,4.440,136,person,0.6673,1320,414,1366,521,1343.0,467.5,1343.0,521.0
112,4.440,158,person,0.5267,851,349,893,440,872.0,394.5,872.0,440.0
112,4.440,175,person,0.8594,581,474,650,579,615.5,526.5,615.5,579.0
112,4.440,189,person,0.8552,249,643,316,799,282.5,721.0,282.5,799.0
112,4.440,1,person,0.8037,1541,587,1605,708,1573.0,647.5,1573.0,708.0
112,4.440,255,person,0.6632,1474,537,1519,667,1496.5,602.0,1496.5,667.0
112,4.440,15,person,0.5930,1050,402,1098,511,1074.0,456.5,1074.0,511.0
112,4.440,242,person,0.7579,687,453,738,572,712.5,512.5,712.5,572.0
112,4.440,236,person,0.7735,1750,333,1798,430,1774.0,381.5,1774.0,430.0
112,4.440,2,person,0.6923,1162,751,1253,908,1207.5,829.5,1207.5,908.0
112,4.440,290,person,0.2399,850,349,910,442,880.0,395.5,880.0,442.0
112,4.440,292,person,0.7094,1001,551,1060,670,1030.5,610.5,1030.5,670.0
113,4.480,6,person,0.7967,1782,703,1846,852,1814.0,777.5,1814.0,852.0
113,4.480,11,person,0.6873,423,378,477,471,450.0,424.5,450.0,471.0
113,4.480,12,person,0.6241,1254,440,1302,546,1278.0,493.0,1278.0,546.0
113,4.480,89,person,0.5075,1109,725,1171,873,1140.0,799.0,1140.0,873.0
113,4.480,136,person,0.6823,1324,413,1369,516,1346.5,464.5,1346.5,516.0
113,4.480,158,person,0.6378,855,350,896,439,875.5,394.5,875.5,439.0
113,4.480,175,person,0.8754,581,474,652,579,616.5,526.5,616.5,579.0
113,4.480,189,person,0.8066,253,641,319,797,286.0,719.0,286.0,797.0
113,4.480,1,person,0.8157,1542,586,1608,707,1575.0,646.5,1575.0,707.0
113,4.480,255,person,0.6697,1475,536,1520,666,1497.5,601.0,1497.5,666.0
113,4.480,15,person,0.6356,1055,403,1102,511,1078.5,457.0,1078.5,511.0
113,4.480,242,person,0.7804,689,453,742,570,715.5,511.5,715.5,570.0
113,4.480,236,person,0.6773,1757,327,1807,429,1782.0,378.0,1782.0,429.0
113,4.480,2,person,0.7493,1158,750,1245,904,1201.5,827.0,1201.5,904.0
113,4.480,292,person,0.7573,1002,548,1060,666,1031.0,607.0,1031.0,666.0
113,4.480,302,person,0.5032,1,384,30,493,15.5,438.5,15.5,493.0
114,4.520,6,person,0.7692,1790,703,1854,851,1822.0,777.0,1822.0,851.0
114,4.520,11,person,0.7635,425,374,481,469,453.0,421.5,453.0,469.0
114,4.520,12,person,0.6420,1257,440,1303,544,1280.0,492.0,1280.0,544.0
114,4.520,89,person,0.4168,1108,724,1166,867,1137.0,795.5,1137.0,867.0
114,4.520,136,person,0.7021,1329,413,1372,514,1350.5,463.5,1350.5,514.0
114,4.520,158,person,0.7022,854,349,898,441,876.0,395.0,876.0,441.0
114,4.520,175,person,0.8615,581,473,653,578,617.0,525.5,617.0,578.0
114,4.520,189,person,0.8452,256,637,323,796,289.5,716.5,289.5,796.0
114,4.520,1,person,0.8240,1548,587,1615,705,1581.5,646.0,1581.5,705.0
114,4.520,255,person,0.6378,1477,536,1522,664,1499.5,600.0,1499.5,664.0
114,4.520,15,person,0.7529,1059,400,1106,509,1082.5,454.5,1082.5,509.0
114,4.520,242,person,0.8365,690,453,744,566,717.0,509.5,717.0,566.0
114,4.520,236,person,0.7249,1768,326,1816,426,1792.0,376.0,1792.0,426.0
114,4.520,2,person,0.7430,1153,746,1240,901,1196.5,823.5,1196.5,901.0
114,4.520,292,person,0.7979,1004,546,1061,664,1032.5,605.0,1032.5,664.0
114,4.520,302,person,0.4964,4,378,34,491,19.0,434.5,19.0,491.0
115,4.560,6,person,0.7927,1796,703,1861,850,1828.5,776.5,1828.5,850.0
115,4.560,11,person,0.6924,425,372,483,467,454.0,419.5,454.0,467.0
115,4.560,12,person,0.6309,1259,438,1304,542,1281.5,490.0,1281.5,542.0
115,4.560,89,person,0.2044,1114,728,1179,885,1146.5,806.5,1146.5,885.0
115,4.560,136,person,0.6926,1331,409,1375,513,1353.0,461.0,1353.0,513.0
115,4.560,158,person,0.6881,852,347,900,448,876.0,397.5,876.0,448.0
115,4.560,175,person,0.7809,580,470,652,575,616.0,522.5,616.0,575.0
115,4.560,189,person,0.8372,260,635,326,790,293.0,712.5,293.0,790.0
115,4.560,1,person,0.7631,1550,586,1619,703,1584.5,644.5,1584.5,703.0
115,4.560,255,person,0.6011,1479,534,1522,659,1500.5,596.5,1500.5,659.0
115,4.560,15,person,0.6853,1064,396,1111,506,1087.5,451.0,1087.5,506.0
115,4.560,242,person,0.8504,692,453,747,565,719.5,509.0,719.5,565.0
115,4.560,236,person,0.6828,1778,327,1823,424,1800.5,375.5,1800.5,424.0
115,4.560,2,person,0.7287,1144,740,1233,898,1188.5,819.0,1188.5,898.0
115,4.560,292,person,0.7805,1004,542,1060,659,1032.0,600.5,1032.0,659.0
115,4.560,302,person,0.5634,7,374,40,492,23.5,433.0,23.5,492.0
115,4.560,303,person,0.3581,1106,721,1158,822,1132.0,771.5,1132.0,822.0
116,4.600,6,person,0.7894,1804,704,1867,845,1835.5,774.5,1835.5,845.0
116,4.600,11,person,0.6360,418,371,473,465,445.5,418.0,445.5,465.0
116,4.600,12,person,0.6447,1262,436,1306,540,1284.0,488.0,1284.0,540.0
116,4.600,136,person,0.7430,1335,407,1377,511,1356.0,459.0,1356.0,511.0
116,4.600,158,person,0.6339,851,344,894,435,872.5,389.5,872.5,435.0
116,4.600,175,person,0.8197,579,467,652,573,615.5,520.0,615.5,573.0
116,4.600,189,person,0.8611,263,632,330,787,296.5,709.5,296.5,787.0
116,4.600,1,person,0.4779,1551,583,1621,699,1586.0,641.0,1586.0,699.0
116,4.600,255,person,0.5957,1482,529,1525,656,1503.5,592.5,1503.5,656.0
116,4.600,15,person,0.7081,1068,395,1116,506,1092.0,450.5,1092.0,506.0
116,4.600,242,person,0.7456,692,449,750,562,721.0,505.5,721.0,562.0
116,4.600,236,person,0.6541,1786,327,1831,423,1808.5,375.0,1808.5,423.0
116,4.600,2,person,0.7177,1130,729,1226,896,1178.0,812.5,1178.0,896.0
116,4.600,292,person,0.7704,1003,540,1056,654,1029.5,597.0,1029.5,654.0
116,4.600,302,person,0.7556,14,371,46,485,30.0,428.0,30.0,485.0
116,4.600,303,person,0.2330,1105,718,1156,820,1130.5,769.0,1130.5,820.0
117,4.640,6,person,0.7773,1810,703,1873,843,1841.5,773.0,1841.5,843.0
117,4.640,11,person,0.6341,416,371,468,462,442.0,416.5,442.0,462.0
117,4.640,12,person,0.7109,1264,432,1310,541,1287.0,486.5,1287.0,541.0
117,4.640,136,person,0.7272,1337,404,1379,508,1358.0,456.0,1358.0,508.0
117,4.640,158,person,0.6122,845,338,893,441,869.0,389.5,869.0,441.0
117,4.640,175,person,0.8260,581,465,656,573,618.5,519.0,618.5,573.0
117,4.640,189,person,0.8506,267,627,336,783,301.5,705.0,301.5,783.0
117,4.640,1,person,0.5838,1551,584,1621,697,1586.0,640.5,1586.0,697.0
117,4.640,255,person,0.5846,1484,525,1528,654,1506.0,589.5,1506.0,654.0
117,4.640,15,person,0.6982,1072,394,1120,505,1096.0,449.5,1096.0,505.0
117,4.640,242,person,0.5463,690,449,749,559,719.5,504.0,719.5,559.0
117,4.640,236,person,0.7513,1795,323,1839,420,1817.0,371.5,1817.0,420.0
117,4.640,2,person,0.7751,1120,721,1221,894,1170.5,807.5,1170.5,894.0
117,4.640,292,person,0.7065,1003,538,1057,654,1030.0,596.0,1030.0,654.0
117,4.640,302,person,0.7305,19,370,51,482,35.0,426.0,35.0,482.0
117,4.640,306,person,0.4438,424,371,479,463,451.5,417.0,451.5,463.0
117,4.640,89,person,0.4052,1118,727,1188,895,1153.0,811.0,1153.0,895.0
118,4.680,6,person,0.7324,1810,704,1870,838,1840.0,771.0,1840.0,838.0
118,4.680,11,person,0.6669,419,369,471,461,445.0,415.0,445.0,461.0
118,4.680,12,person,0.7085,1267,430,1314,540,1290.5,485.0,1290.5,540.0
118,4.680,136,person,0.7454,1340,402,1382,505,1361.0,453.5,1361.0,505.0
118,4.680,158,person,0.6335,846,336,895,440,870.5,388.0,870.5,440.0
118,4.680,175,person,0.7835,582,463,659,573,620.5,518.0,620.5,573.0
118,4.680,189,person,0.8420,267,621,335,779,301.0,700.0,301.0,779.0
118,4.680,1,person,0.4292,1544,579,1614,692,1579.0,635.5,1579.0,692.0
118,4.680,255,person,0.4571,1482,519,1527,650,1504.5,584.5,1504.5,650.0
118,4.680,15,person,0.7027,1077,393,1124,502,1100.5,447.5,1100.5,502.0
118,4.680,242,person,0.4382,688,449,746,554,717.0,501.5,717.0,554.0
118,4.680,236,person,0.7010,1802,318,1846,418,1824.0,368.0,1824.0,418.0
118,4.680,2,person,0.7452,1111,717,1215,894,1163.0,805.5,1163.0,894.0
118,4.680,292,person,0.7301,1003,534,1057,652,1030.0,593.0,1030.0,652.0
118,4.680,302,person,0.6296,27,368,60,482,43.5,425.0,43.5,482.0
118,4.680,89,person,0.3035,1114,721,1188,897,1151.0,809.0,1151.0,897.0
119,4.720,6,person,0.7405,1810,705,1868,833,1839.0,769.0,1839.0,833.0
119,4.720,11,person,0.6923,419,369,468,457,443.5,413.0,443.5,457.0
119,4.720,12,person,0.7589,1269,427,1317,539,1293.0,483.0,1293.0,539.0
119,4.720,136,person,0.7194,1343,400,1385,504,1364.0,452.0,1364.0,504.0
119,4.720,158,person,0.6184,847,334,896,438,871.5,386.0,871.5,438.0
119,4.720,175,person,0.8032,582,461,660,573,621.0,517.0,621.0,573.0
119,4.720,189,person,0.8464,265,616,333,774,299.0,695.0,299.0,774.0
119,4.720,1,person,0.2449,1530,565,1607,689,1568.5,627.0,1568.5,689.0
119,4.720,255,person,0.6082,1480,514,1528,647,1504.0,580.5,1504.0,647.0
119,4.720,15,person,0.6652,1082,392,1128,499,1105.0,445.5,1105.0,499.0
119,4.720,242,person,0.5589,684,448,737,545,710.5,496.5,710.5,545.0
119,4.720,236,person,0.7578,1809,312,1854,416,1831.5,364.0,1831.5,416.0
119,4.720,2,person,0.6914,1103,710,1209,892,1156.0,801.0,1156.0,892.0
119,4.720,292,person,0.6946,1000,532,1053,646,1026.5,589.0,1026.5,646.0
119,4.720,302,person,0.8026,35,367,70,478,52.5,422.5,52.5,478.0
119,4.720,89,person,0.5127,1109,716,1184,896,1146.5,806.0,1146.5,896.0
119,4.720,308,person,0.7332,4,519,45,652,24.5,585.5,24.5,652.0
119,4.720,310,person,0.4067,682,449,724,532,703.0,490.5,703.0,532.0
119,4.720,144,person,0.5408,1537,573,1602,691,1569.5,632.0,1569.5,691.0
120,4.760,6,person,0.7662,1810,707,1867,834,1838.5,770.5,1838.5,834.0
120,4.760,11,person,0.5600,418,368,468,456,443.0,412.0,443.0,456.0
120,4.760,12,person,0.7561,1271,424,1321,538,1296.0,481.0,1296.0,538.0
120,4.760,136,person,0.7021,1344,396,1389,503,1366.5,449.5,1366.5,503.0
120,4.760,158,person,0.6917,848,334,900,440,874.0,387.0,874.0,440.0
120,4.760,175,person,0.7901,579,460,658,572,618.5,516.0,618.5,572.0
120,4.760,189,person,0.8380,266,610,333,769,299.5,689.5,299.5,769.0
120,4.760,1,person,0.6500,1530,567,1608,690,1569.0,628.5,1569.0,690.0
120,4.760,255,person,0.6035,1475,513,1521,643,1498.0,578.0,1498.0,643.0
120,4.760,15,person,0.6167,1086,392,1132,497,1109.0,444.5,1109.0,497.0
120,4.760,242,person,0.5514,679,445,736,547,707.5,496.0,707.5,547.0
120,4.760,236,person,0.7218,1814,310,1859,416,1836.5,363.0,1836.5,416.0
120,4.760,2,person,0.6332,1088,705,1193,889,1140.5,797.0,1140.5,889.0
120,4.760,292,person,0.6801,994,529,1048,643,1021.0,586.0,1021.0,643.0
120,4.760,302,person,0.7754,43,369,77,472,60.0,420.5,60.0,472.0
120,4.760,308,person,0.7410,9,514,51,647,30.0,580.5,30.0,647.0
120,4.760,310,person,0.3644,679,446,722,530,700.5,488.0,700.5,530.0
120,4.760,289,person,0.6215,848,336,887,433,867.5,384.5,867.5,433.0
121,4.800,6,person,0.7594,1810,707,1867,831,1838.5,769.0,1838.5,831.0
121,4.800,11,person,0.6609,420,362,472,454,446.0,408.0,446.0,454.0
121,4.800,12,person,0.7219,1272,424,1323,537,1297.5,480.5,1297.5,537.0
121,4.800,136,person,0.6880,1347,395,1392,502,1369.5,448.5,1369.5,502.0
121,4.800,175,person,0.7738,578,459,654,569,616.0,514.0,616.0,569.0
121,4.800,189,person,0.8526,268,606,334,764,301.0,685.0,301.0,764.0
121,4.800,1,person,0.7739,1533,565,1611,687,1572.0,626.0,1572.0,687.0
121,4.800,255,person,0.6612,1473,512,1518,641,1495.5,576.5,1495.5,641.0
121,4.800,15,person,0.6469,1091,393,1136,496,1113.5,444.5,1113.5,496.0
121,4.800,242,person,0.7378,678,443,739,549,708.5,496.0,708.5,549.0
121,4.800,236,person,0.6730,1821,309,1864,412,1842.5,360.5,1842.5,412.0
121,4.800,2,person,0.7456,1081,713,1178,886,1129.5,799.5,1129.5,886.0
121,4.800,292,person,0.7664,988,527,1044,642,1016.0,584.5,1016.0,642.0
121,4.800,302,person,0.7255,51,369,86,467,68.5,418.0,68.5,467.0
121,4.800,308,person,0.7531,17,511,60,642,38.5,576.5,38.5,642.0
121,4.800,289,person,0.7197,846,334,888,433,867.0,383.5,867.0,433.0
122,4.840,6,person,0.7914,1808,704,1869,832,1838.5,768.0,1838.5,832.0
122,4.840,11,person,0.7113,422,357,477,453,449.5,405.0,449.5,453.0
122,4.840,12,person,0.7215,1275,423,1326,537,1300.5,480.0,1300.5,537.0
122,4.840,136,person,0.7047,1348,393,1395,502,1371.5,447.5,1371.5,502.0
122,4.840,175,person,0.7820,578,458,653,569,615.5,513.5,615.5,569.0
122,4.840,189,person,0.8559,272,602,335,756,303.5,679.0,303.5,756.0
122,4.840,1,person,0.8046,1533,563,1611,685,1572.0,624.0,1572.0,685.0
122,4.840,255,person,0.6072,1472,510,1516,638,1494.0,574.0,1494.0,638.0
122,4.840,15,person,0.5610,1095,391,1141,495,1118.0,443.0,1118.0,495.0
122,4.840,242,person,0.8162,676,440,740,549,708.0,494.5,708.0,549.0
122,4.840,236,person,0.6907,1828,310,1870,411,1849.0,360.5,1849.0,411.0
122,4.840,2,person,0.7437,1080,726,1168,882,1124.0,804.0,1124.0,882.0
122,4.840,292,person,0.7571,983,526,1042,642,1012.5,584.0,1012.5,642.0
122,4.840,302,person,0.7420,54,365,94,465,74.0,415.0,74.0,465.0
122,4.840,308,person,0.8083,29,510,71,636,50.0,573.0,50.0,636.0
122,4.840,306,person,0.3448,431,388,473,456,452.0,422.0,452.0,456.0
122,4.840,158,person,0.7716,841,333,893,436,867.0,384.5,867.0,436.0
123,4.880,6,person,0.8119,1808,699,1872,829,1840.0,764.0,1840.0,829.0
123,4.880,11,person,0.6137,423,355,479,451,451.0,403.0,451.0,451.0
123,4.880,12,person,0.6682,1276,424,1325,533,1300.5,478.5,1300.5,533.0
123,4.880,136,person,0.7152,1348,393,1394,501,1371.0,447.0,1371.0,501.0
123,4.880,175,person,0.7787,582,457,653,566,617.5,511.5,617.5,566.0
123,4.880,189,person,0.8183,275,601,335,748,305.0,674.5,305.0,748.0
123,4.880,1,person,0.8330,1532,560,1610,680,1571.0,620.0,1571.0,680.0
123,4.880,255,person,0.6585,1471,510,1514,636,1492.5,573.0,1492.5,636.0
123,4.880,15,person,0.5224,1100,390,1146,494,1123.0,442.0,1123.0,494.0
123,4.880,242,person,0.7776,675,434,741,546,708.0,490.0,708.0,546.0
123,4.880,236,person,0.6955,1834,308,1875,409,1854.5,358.5,1854.5,409.0
123,4.880,2,person,0.8285,1072,708,1167,879,1119.5,793.5,1119.5,879.0
123,4.880,292,person,0.7306,980,525,1042,641,1011.0,583.0,1011.0,641.0
123,4.880,302,person,0.5290,64,363,106,466,85.0,414.5,85.0,466.0
123,4.880,308,person,0.8264,47,510,90,633,68.5,571.5,68.5,633.0
123,4.880,314,person,0.5333,992,526,1054,638,1023.0,582.0,1023.0,638.0
123,4.880,306,person,0.2261,435,395,473,453,454.0,424.0,454.0,453.0
123,4.880,158,person,0.7363,837,330,893,435,865.0,382.5,865.0,435.0
124,4.920,6,person,0.7839,1809,695,1876,827,1842.5,761.0,1842.5,827.0
124,4.920,11,person,0.6221,420,354,476,450,448.0,402.0,448.0,450.0
124,4.920,12,person,0.5771,1276,422,1323,529,1299.5,475.5,1299.5,529.0
124,4.920,136,person,0.6800,1348,394,1393,499,1370.5,446.5,1370.5,499.0
124,4.920,175,person,0.8086,587,458,657,563,622.0,510.5,622.0,563.0
124,4.920,189,person,0.8120,279,598,338,743,308.5,670.5,308.5,743.0
124,4.920,1,person,0.8248,1530,559,1606,674,1568.0,616.5,1568.0,674.0
124,4.920,255,person,0.4975,1471,508,1513,629,1492.0,568.5,1492.0,629.0
124,4.920,15,person,0.4610,1109,388,1153,489,1131.0,438.5,1131.0,489.0
124,4.920,242,person,0.6685,676,433,743,541,709.5,487.0,709.5,541.0
124,4.920,236,person,0.7636,1839,307,1879,407,1859.0,357.0,1859.0,407.0
124,4.920,2,person,0.8563,1064,707,1158,874,1111.0,790.5,1111.0,874.0
124,4.920,302,person,0.7058,68,358,113,462,90.5,410.0,90.5,462.0
124,4.920,308,person,0.8159,71,510,115,629,93.0,569.5,93.0,629.0
124,4.920,314,person,0.7092,997,526,1058,638,1027.5,582.0,1027.5,638.0
124,4.920,158,person,0.7441,837,327,894,432,865.5,379.5,865.5,432.0
124,4.920,310,person,0.3880,668,434,718,532,693.0,483.0,693.0,532.0
125,4.960,6,person,0.8140,1807,693,1877,827,1842.0,760.0,1842.0,827.0
125,4.960,11,person,0.5674,421,353,476,449,448.5,401.0,448.5,449.0
125,4.960,12,person,0.6874,1277,420,1323,528,1300.0,474.0,1300.0,528.0
125,4.960,136,person,0.7008,1350,393,1392,494,1371.0,443.5,1371.0,494.0
125,4.960,175,person,0.8476,590,457,660,561,625.0,509.0,625.0,561.0
125,4.960,189,person,0.7819,281,594,339,738,310.0,666.0,310.0,738.0
125,4.960,1,person,0.6722,1528,559,1603,671,1565.5,615.0,1565.5,671.0
125,4.960,255,person,0.6269,1470,502,1513,628,1491.5,565.0,1491.5,628.0
125,4.960,15,person,0.3857,1118,388,1160,487,1139.0,437.5,1139.0,487.0
125,4.960,242,person,0.3973,674,431,743,543,708.5,487.0,708.5,543.0
125,4.960,236,person,0.7330,1844,306,1884,405,1864.0,355.5,1864.0,405.0
125,4.960,2,person,0.7863,1057,709,1150,868,1103.5,788.5,1103.5,868.0
125,4.960,302,person,0.7812,72,351,121,459,96.5,405.0,96.5,459.0
125,4.960,308,person,0.8036,92,513,137,627,114.5,570.0,114.5,627.0
125,4.960,314,person,0.6862,1002,523,1065,636,1033.5,579.5,1033.5,636.0
125,4.960,158,person,0.6075,834,324,889,426,861.5,375.0,861.5,426.0
125,4.960,321,person,0.3941,1095,380,1130,488,1112.5,434.0,1112.5,488.0
125,4.960,310,person,0.5944,666,431,715,528,690.5,479.5,690.5,528.0
125,4.960,303,person,0.4597,1093,705,1169,859,1131.0,782.0,1131.0,859.0
126,5.000,6,person,0.7015,1802,692,1873,827,1837.5,759.5,1837.5,827.0
126,5.000,11,person,0.5191,426,351,478,442,452.0,396.5,452.0,442.0
126,5.000,12,person,0.6683,1279,418,1325,527,1302.0,472.5,1302.0,527.0
126,5.000,136,person,0.6630,1350,389,1394,491,1372.0,440.0,1372.0,491.0
126,5.000,175,person,0.8998,591,454,662,557,626.5,505.5,626.5,557.0
126,5.000,189,person,0.8709,282,594,341,734,311.5,664.0,311.5,734.0
126,5.000,1,person,0.5532,1521,558,1594,669,1557.5,613.5,1557.5,669.0
126,5.000,255,person,0.6071,1470,498,1513,622,1491.5,560.0,1491.5,622.0
126,5.000,15,person,0.5621,1125,387,1165,484,1145.0,435.5,1145.0,484.0
126,5.000,242,person,0.6418,667,428,732,534,699.5,481.0,699.5,534.0
126,5.000,236,person,0.7119,1849,308,1887,402,1868.0,355.0,1868.0,402.0
126,5.000,2,person,0.6561,1040,712,1128,867,1084.0,789.5,1084.0,867.0
126,5.000,302,person,0.8078,76,347,126,456,101.0,401.5,101.0,456.0
126,5.000,308,person,0.5929,109,515,158,628,133.5,571.5,133.5,628.0
126,5.000,314,person,0.7206,1007,518,1071,634,1039.0,576.0,1039.0,634.0
126,5.000,158,person,0.5368,830,322,886,425,858.0,373.5,858.0,425.0
126,5.000,321,person,0.4606,1098,376,1134,487,1116.0,431.5,1116.0,487.0
126,5.000,310,person,0.5392,665,429,713,525,689.0,477.0,689.0,525.0
126,5.000,322,person,0.6696,1519,559,1565,669,1542.0,614.0,1542.0,669.0
126,5.000,303,person,0.7119,1095,701,1168,847,1131.5,774.0,1131.5,847.0
127,5.040,6,person,0.6999,1795,692,1864,823,1829.5,757.5,1829.5,823.0
127,5.040,11,person,0.6619,427,350,478,441,452.5,395.5,452.5,441.0
127,5.040,12,person,0.6519,1280,414,1327,526,1303.5,470.0,1303.5,526.0
127,5.040,136,person,0.6206,1352,385,1396,489,1374.0,437.0,1374.0,489.0
127,5.040,175,person,0.6774,591,450,664,554,627.5,502.0,627.5,554.0
127,5.040,189,person,0.8515,286,593,345,729,315.5,661.0,315.5,729.0
127,5.040,255,person,0.6326,1467,491,1511,619,1489.0,555.0,1489.0,619.0
127,5.040,15,person,0.4454,1130,387,1170,482,1150.0,434.5,1150.0,482.0
127,5.040,242,person,0.6587,665,425,729,529,697.0,477.0,697.0,529.0
127,5.040,236,person,0.6581,1854,305,1892,400,1873.0,352.5,1873.0,400.0
127,5.040,2,person,0.7186,1035,714,1117,863,1076.0,788.5,1076.0,863.0
127,5.040,302,person,0.7285,82,341,133,452,107.5,396.5,107.5,452.0
127,5.040,308,person,0.5661,123,516,174,622,148.5,569.0,148.5,622.0
127,5.040,314,person,0.7264,1012,514,1074,628,1043.0,571.0,1043.0,628.0
127,5.040,158,person,0.6753,827,320,883,426,855.0,373.0,855.0,426.0
127,5.040,321,person,0.5583,1103,375,1139,486,1121.0,430.5,1121.0,486.0
127,5.040,310,person,0.4681,667,426,714,521,690.5,473.5,690.5,521.0
127,5.040,322,person,0.7784,1517,557,1564,670,1540.5,613.5,1540.5,670.0
127,5.040,303,person,0.7490,1096,698,1169,841,1132.5,769.5,1132.5,841.0
128,5.080,6,person,0.5720,1790,689,1858,818,1824.0,753.5,1824.0,818.0
128,5.080,11,person,0.6585,430,347,478,432,454.0,389.5,454.0,432.0
128,5.080,12,person,0.5282,1283,413,1328,521,1305.5,467.0,1305.5,521.0
128,5.080,136,person,0.6001,1352,381,1397,489,1374.5,435.0,1374.5,489.0
128,5.080,175,person,0.6907,580,450,650,552,615.0,501.0,615.0,552.0
128,5.080,189,person,0.7937,290,589,352,726,321.0,657.5,321.0,726.0
128,5.080,255,person,0.7021,1465,488,1511,616,1488.0,552.0,1488.0,616.0
128,5.080,15,person,0.5987,1136,386,1174,478,1155.0,432.0,1155.0,478.0
128,5.080,242,person,0.7124,660,420,727,531,693.5,475.5,693.5,531.0
128,5.080,236,person,0.6161,1860,302,1898,398,1879.0,350.0,1879.0,398.0
128,5.080,2,person,0.7290,1031,713,1109,861,1070.0,787.0,1070.0,861.0
128,5.080,302,person,0.6939,91,337,141,446,116.0,391.5,116.0,446.0
128,5.080,308,person,0.7824,136,514,190,619,163.0,566.5,163.0,619.0
128,5.080,314,person,0.6992,1015,512,1077,626,1046.0,569.0,1046.0,626.0
128,5.080,158,person,0.4749,823,320,879,424,851.0,372.0,851.0,424.0
128,5.080,321,person,0.6428,1106,374,1142,485,1124.0,429.5,1124.0,485.0
128,5.080,310,person,0.4295,665,421,713,519,689.0,470.0,689.0,519.0
128,5.080,322,person,0.7970,1515,554,1562,667,1538.5,610.5,1538.5,667.0
128,5.080,303,person,0.7266,1095,696,1166,831,1130.5,763.5,1130.5,831.0
128,5.080,289,person,0.5028,839,324,882,425,860.5,374.5,860.5,425.0
129,5.120,6,person,0.6716,1788,688,1858,817,1823.0,752.5,1823.0,817.0
129,5.120,11,person,0.7275,433,344,486,439,459.5,391.5,459.5,439.0
129,5.120,12,person,0.5466,1287,414,1331,518,1309.0,466.0,1309.0,518.0
129,5.120,136,person,0.5780,1352,378,1400,489,1376.0,433.5,1376.0,489.0
129,5.120,175,person,0.7333,576,450,642,550,609.0,500.0,609.0,550.0
129,5.120,189,person,0.8068,298,587,362,721,330.0,654.0,330.0,721.0
129,5.120,255,person,0.6274,1460,487,1506,615,1483.0,551.0,1483.0,615.0
129,5.120,15,person,0.6558,1142,385,1178,474,1160.0,429.5,1160.0,474.0
129,5.120,242,person,0.6434,658,418,726,533,692.0,475.5,692.0,533.0
129,5.120,236,person,0.5714,1865,303,1902,397,1883.5,350.0,1883.5,397.0
129,5.120,2,person,0.7315,1026,708,1102,856,1064.0,782.0,1064.0,856.0
129,5.120,302,person,0.6249,100,334,150,443,125.0,388.5,125.0,443.0
129,5.120,308,person,0.6661,151,514,207,618,179.0,566.0,179.0,618.0
129,5.120,314,person,0.6771,1016,510,1076,622,1046.0,566.0,1046.0,622.0
129,5.120,158,person,0.2006,819,322,875,421,847.0,371.5,847.0,421.0
129,5.120,321,person,0.6023,1110,375,1146,482,1128.0,428.5,1128.0,482.0
129,5.120,310,person,0.4352,663,417,714,522,688.5,469.5,688.5,522.0
129,5.120,322,person,0.7922,1514,547,1562,661,1538.0,604.0,1538.0,661.0
129,5.120,303,person,0.5919,1086,691,1159,831,1122.5,761.0,1122.5,831.0
129,5.120,289,person,0.4954,839,322,880,420,859.5,371.0,859.5,420.0
130,5.160,6,person,0.7319,1786,686,1859,819,1822.5,752.5,1822.5,819.0
130,5.160,11,person,0.5809,436,341,491,439,463.5,390.0,463.5,439.0
130,5.160,12,person,0.5273,1291,414,1334,517,1312.5,465.5,1312.5,517.0
130,5.160,136,person,0.6352,1354,376,1401,487,1377.5,431.5,1377.5,487.0
130,5.160,175,person,0.7638,577,450,642,547,609.5,498.5,609.5,547.0
130,5.160,189,person,0.8146,304,584,369,717,336.5,650.5,336.5,717.0
130,5.160,255,person,0.5440,1460,487,1504,609,1482.0,548.0,1482.0,609.0
130,5.160,15,person,0.6553,1147,384,1183,474,1165.0,429.0,1165.0,474.0
130,5.160,242,person,0.7674,659,415,729,531,694.0,473.0,694.0,531.0
130,5.160,236,person,0.5158,1869,303,1906,396,1887.5,349.5,1887.5,396.0
130,5.160,2,person,0.7763,1022,705,1097,852,1059.5,778.5,1059.5,852.0
130,5.160,302,person,0.6144,109,332,158,440,133.5,386.0,133.5,440.0
130,5.160,308,person,0.5470,161,512,222,619,191.5,565.5,191.5,619.0
130,5.160,314,person,0.6685,1017,510,1074,619,1045.5,564.5,1045.5,619.0
130,5.160,158,person,0.3312,821,320,877,418,849.0,369.0,849.0,418.0
130,5.160,321,person,0.5832,1112,374,1147,478,1129.5,426.0,1129.5,478.0
130,5.160,310,person,0.2419,660,413,711,522,685.5,467.5,685.5,522.0
130,5.160,303,person,0.6153,1079,691,1148,828,1113.5,759.5,1113.5,828.0
130,5.160,289,person,0.6050,841,321,882,417,861.5,369.0,861.5,417.0
130,5.160,334,person,0.6677,4,516,28,633,16.0,574.5,16.0,633.0
130,5.160,1,person,0.8689,1504,544,1579,658,1541.5,601.0,1541.5,658.0
131,5.200,6,person,0.8092,1784,684,1859,820,1821.5,752.0,1821.5,820.0
131,5.200,11,person,0.4945,435,339,491,438,463.0,388.5,463.0,438.0
131,5.200,12,person,0.5475,1292,411,1335,515,1313.5,463.0,1313.5,515.0
131,5.200,136,person,0.6367,1356,376,1402,484,1379.0,430.0,1379.0,484.0
131,5.200,175,person,0.6222,579,448,641,540,610.0,494.0,610.0,540.0
131,5.200,189,person,0.8246,309,577,375,713,342.0,645.0,342.0,713.0
131,5.200,255,person,0.4721,1462,487,1506,605,1484.0,546.0,1484.0,605.0
131,5.200,15,person,0.6890,1152,381,1189,470,1170.5,425.5,1170.5,470.0
131,5.200,242,person,0.3473,661,410,732,529,696.5,469.5,696.5,529.0
131,5.200,236,person,0.5986,1875,300,1912,394,1893.5,347.0,1893.5,394.0
131,5.200,2,person,0.7933,1020,700,1096,845,1058.0,772.5,1058.0,845.0
131,5.200,302,person,0.6153,119,331,167,439,143.0,385.0,143.0,439.0
131,5.200,308,person,0.5695,171,507,237,617,204.0,562.0,204.0,617.0
131,5.200,314,person,0.6051,1017,509,1073,617,1045.0,563.0,1045.0,617.0
131,5.200,158,person,0.2116,827,319,883,415,855.0,367.0,855.0,415.0
131,5.200,321,person,0.5932,1113,372,1147,475,1130.0,423.5,1130.0,475.0
131,5.200,303,person,0.7045,1076,691,1144,829,1110.0,760.0,1110.0,829.0
131,5.200,289,person,0.6169,843,319,882,410,862.5,364.5,862.5,410.0
131,5.200,334,person,0.6955,9,513,35,637,22.0,575.0,22.0,637.0
131,5.200,341,person,0.4478,807,322,841,410,824.0,366.0,824.0,410.0
131,5.200,342,person,0.4270,434,338,481,422,457.5,380.0,457.5,422.0
131,5.200,1,person,0.8866,1500,543,1575,656,1537.5,599.5,1537.5,656.0
132,5.240,6,person,0.7807,1783,682,1859,820,1821.0,751.0,1821.0,820.0
132,5.240,12,person,0.5534,1292,409,1335,515,1313.5,462.0,1313.5,515.0
132,5.240,136,person,0.6700,1358,374,1402,480,1380.0,427.0,1380.0,480.0
132,5.240,175,person,0.7716,580,443,649,542,614.5,492.5,614.5,542.0
132,5.240,189,person,0.8169,312,573,378,711,345.0,642.0,345.0,711.0
132,5.240,15,person,0.6528,1158,379,1195,467,1176.5,423.0,1176.5,467.0
132,5.240,242,person,0.5165,663,406,732,521,697.5,463.5,697.5,521.0
132,5.240,236,person,0.3070,1879,292,1918,392,1898.5,342.0,1898.5,392.0
132,5.240,2,person,0.8188,1011,696,1089,843,1050.0,769.5,1050.0,843.0
132,5.240,302,person,0.5832,130,332,176,435,153.0,383.5,153.0,435.0
132,5.240,308,person,0.4942,177,503,246,616,211.5,559.5,211.5,616.0
132,5.240,314,person,0.5902,1017,507,1075,615,1046.0,561.0,1046.0,615.0
132,5.240,321,person,0.6252,1116,371,1150,472,1133.0,421.5,1133.0,472.0
132,5.240,303,person,0.8084,1074,693,1142,831,1108.0,762.0,1108.0,831.0
132,5.240,289,person,0.6016,846,316,888,407,867.0,361.5,867.0,407.0
132,5.240,334,person,0.7402,15,511,42,637,28.5,574.0,28.5,637.0
132,5.240,341,person,0.3696,809,321,843,410,826.0,365.5,826.0,410.0
132,5.240,342,person,0.4852,434,340,482,426,458.0,383.0,458.0,426.0
132,5.240,1,person,0.7558,1496,540,1572,652,1534.0,596.0,1534.0,652.0
132,5.240,345,person,0.4588,664,406,703,487,683.5,446.5,683.5,487.0
132,5.240,297,person,0.3963,1459,494,1528,652,1493.5,573.0,1493.5,652.0
133,5.280,6,person,0.7380,1781,681,1857,821,1819.0,751.0,1819.0,821.0
133,5.280,12,person,0.6777,1295,407,1337,512,1316.0,459.5,1316.0,512.0
133,5.280,136,person,0.6992,1362,375,1404,478,1383.0,426.5,1383.0,478.0
133,5.280,175,person,0.8299,582,440,654,542,618.0,491.0,618.0,542.0
133,5.280,189,person,0.8071,314,567,380,709,347.0,638.0,347.0,709.0
133,5.280,15,person,0.7359,1165,377,1201,466,1183.0,421.5,1183.0,466.0
133,5.280,242,person,0.5699,668,405,733,513,700.5,459.0,700.5,513.0
133,5.280,236,person,0.4958,1883,289,1920,391,1901.5,340.0,1901.5,391.0
133,5.280,2,person,0.8313,1002,693,1083,840,1042.5,766.5,1042.5,840.0
133,5.280,302,person,0.5983,141,333,187,433,164.0,383.0,164.0,433.0
133,5.280,308,person,0.3851,183,502,254,612,218.5,557.0,218.5,612.0
133,5.280,314,person,0.6720,1019,504,1079,615,1049.0,559.5,1049.0,615.0
133,5.280,321,person,0.5033,1119,369,1154,469,1136.5,419.0,1136.5,469.0
133,5.280,303,person,0.8130,1075,693,1140,824,1107.5,758.5,1107.5,824.0
133,5.280,289,person,0.6511,846,313,891,405,868.5,359.0,868.5,405.0
133,5.280,334,person,0.8043,28,511,56,634,42.0,572.5,42.0,634.0
133,5.280,341,person,0.2136,813,322,846,408,829.5,365.0,829.5,408.0
133,5.280,342,person,0.5466,433,338,486,434,459.5,386.0,459.5,434.0
133,5.280,1,person,0.6115,1473,508,1570,651,1521.5,579.5,1521.5,651.0
133,5.280,345,person,0.3720,662,407,705,497,683.5,452.0,683.5,497.0
133,5.280,297,person,0.6610,1462,496,1532,653,1497.0,574.5,1497.0,653.0
133,5.280,11,person,0.3448,440,334,496,435,468.0,384.5,468.0,435.0
134,5.320,6,person,0.8132,1781,681,1855,819,1818.0,750.0,1818.0,819.0
134,5.320,12,person,0.6256,1298,405,1341,514,1319.5,459.5,1319.5,514.0
134,5.320,136,person,0.6633,1363,374,1404,476,1383.5,425.0,1383.5,476.0
134,5.320,175,person,0.7619,583,438,655,540,619.0,489.0,619.0,540.0
134,5.320,189,person,0.7843,318,563,384,706,351.0,634.5,351.0,706.0
134,5.320,15,person,0.6414,1171,376,1207,466,1189.0,421.0,1189.0,466.0
134,5.320,242,person,0.5549,665,405,730,512,697.5,458.5,697.5,512.0
134,5.320,2,person,0.6002,990,691,1071,839,1030.5,765.0,1030.5,839.0
134,5.320,302,person,0.6656,152,332,198,429,175.0,380.5,175.0,429.0
134,5.320,314,person,0.6150,1021,501,1085,615,1053.0,558.0,1053.0,615.0
134,5.320,321,person,0.5584,1125,364,1162,470,1143.5,417.0,1143.5,470.0
134,5.320,303,person,0.7897,1076,691,1140,816,1108.0,753.5,1108.0,816.0
134,5.320,289,person,0.5479,843,311,885,398,864.0,354.5,864.0,398.0
134,5.320,334,person,0.7184,42,514,72,631,57.0,572.5,57.0,631.0
134,5.320,341,person,0.4028,807,323,839,406,823.0,364.5,823.0,406.0
134,5.320,342,person,0.6644,438,340,489,432,463.5,386.0,463.5,432.0
134,5.320,1,person,0.5885,1469,520,1552,648,1510.5,584.0,1510.5,648.0
134,5.320,345,person,0.4033,660,407,708,508,684.0,457.5,684.0,508.0
134,5.320,297,person,0.6507,1466,515,1528,650,1497.0,582.5,1497.0,650.0
134,5.320,255,person,0.4569,1459,483,1516,639,1487.5,561.0,1487.5,639.0
134,5.320,158,person,0.4087,832,310,888,411,860.0,360.5,860.0,411.0
135,5.360,6,person,0.8008,1783,680,1853,814,1818.0,747.0,1818.0,814.0
135,5.360,12,person,0.5545,1302,402,1346,514,1324.0,458.0,1324.0,514.0
135,5.360,136,person,0.7035,1365,373,1405,474,1385.0,423.5,1385.0,474.0
135,5.360,175,person,0.6792,582,437,656,538,619.0,487.5,619.0,538.0
135,5.360,189,person,0.7360,325,560,389,703,357.0,631.5,357.0,703.0
135,5.360,15,person,0.6279,1176,374,1213,464,1194.5,419.0,1194.5,464.0
135,5.360,242,person,0.5691,664,406,730,515,697.0,460.5,697.0,515.0
135,5.360,2,person,0.6330,982,693,1056,835,1019.0,764.0,1019.0,835.0
135,5.360,302,person,0.5787,161,329,209,426,185.0,377.5,185.0,426.0
135,5.360,314,person,0.4866,1023,499,1087,613,1055.0,556.0,1055.0,613.0
135,5.360,321,person,0.4581,1128,360,1167,471,1147.5,415.5,1147.5,471.0
135,5.360,303,person,0.5921,1075,689,1141,811,1108.0,750.0,1108.0,811.0
135,5.360,289,person,0.7070,840,312,885,407,862.5,359.5,862.5,407.0
135,5.360,334,person,0.6962,56,514,88,626,72.0,570.0,72.0,626.0
135,5.360,341,person,0.4511,801,324,832,403,816.5,363.5,816.5,403.0
135,5.360,342,person,0.6785,444,339,494,429,469.0,384.0,469.0,429.0
135,5.360,1,person,0.6505,1476,528,1548,644,1512.0,586.0,1512.0,644.0
135,5.360,297,person,0.2083,1459,492,1524,635,1491.5,563.5,1491.5,635.0
135,5.360,255,person,0.4945,1457,479,1507,617,1482.0,548.0,1482.0,617.0
135,5.360,158,person,0.5991,839,311,895,411,867.0,361.0,867.0,411.0
136,5.400,6,person,0.7796,1785,680,1852,811,1818.5,745.5,1818.5,811.0
136,5.400,12,person,0.5203,1305,399,1351,513,1328.0,456.0,1328.0,513.0
136,5.400,136,person,0.6620,1368,372,1408,473,1388.0,422.5,1388.0,473.0
136,5.400,175,person,0.6708,574,434,645,536,609.5,485.0,609.5,536.0
136,5.400,189,person,0.7611,330,557,393,699,361.5,628.0,361.5,699.0
136,5.400,15,person,0.6499,1183,376,1219,464,1201.0,420.0,1201.0,464.0
136,5.400,242,person,0.5977,662,406,724,513,693.0,459.5,693.0,513.0
136,5.400,2,person,0.7033,978,697,1047,835,1012.5,766.0,1012.5,835.0
136,5.400,302,person,0.7449,169,326,222,425,195.5,375.5,195.5,425.0
136,5.400,314,person,0.5514,1023,498,1088,612,1055.5,555.0,1055.5,612.0
136,5.400,321,person,0.6188,1129,357,1169,469,1149.0,413.0,1149.0,469.0
136,5.400,303,person,0.6305,1060,685,1129,815,1094.5,750.0,1094.5,815.0
136,5.400,289,person,0.7222,841,312,885,407,863.0,359.5,863.0,407.0
136,5.400,334,person,0.7720,69,515,103,624,86.0,569.5,86.0,624.0
136,5.400,341,person,0.4641,797,322,828,399,812.5,360.5,812.5,399.0
136,5.400,342,person,0.5302,451,337,500,429,475.5,383.0,475.5,429.0
136,5.400,1,person,0.6632,1463,518,1539,641,1501.0,579.5,1501.0,641.0
136,5.400,255,person,0.3209,1460,476,1512,615,1486.0,545.5,1486.0,615.0
136,5.400,358,person,0.3985,1020,497,1070,610,1045.0,553.5,1045.0,610.0
137,5.440,6,person,0.7122,1787,679,1852,809,1819.5,744.0,1819.5,809.0
137,5.440,12,person,0.5341,1310,397,1356,510,1333.0,453.5,1333.0,510.0
137,5.440,136,person,0.7276,1372,370,1413,473,1392.5,421.5,1392.5,473.0
137,5.440,175,person,0.7133,573,432,642,535,607.5,483.5,607.5,535.0
137,5.440,189,person,0.7415,337,557,396,694,366.5,625.5,366.5,694.0
137,5.440,15,person,0.6336,1189,376,1225,463,1207.0,419.5,1207.0,463.0
137,5.440,242,person,0.5739,661,401,724,509,692.5,455.0,692.5,509.0
137,5.440,2,person,0.7680,974,695,1043,833,1008.5,764.0,1008.5,833.0
137,5.440,302,person,0.6179,177,325,230,422,203.5,373.5,203.5,422.0
137,5.440,314,person,0.5064,1025,495,1091,613,1058.0,554.0,1058.0,613.0
137,5.440,321,person,0.6451,1131,357,1171,467,1151.0,412.0,1151.0,467.0
137,5.440,303,person,0.6239,1059,685,1125,812,1092.0,748.5,1092.0,812.0
137,5.440,289,person,0.6531,843,311,887,406,865.0,358.5,865.0,406.0
137,5.440,334,person,0.6594,81,516,118,622,99.5,569.0,99.5,622.0
137,5.440,341,person,0.6441,793,319,825,399,809.0,359.0,809.0,399.0
137,5.440,342,person,0.4530,455,335,502,422,478.5,378.5,478.5,422.0
137,5.440,1,person,0.6918,1469,522,1541,640,1505.0,581.0,1505.0,640.0
137,5.440,358,person,0.4281,1023,497,1073,610,1048.0,553.5,1048.0,610.0
137,5.440,345,person,0.4863,664,400,712,501,688.0,450.5,688.0,501.0
138,5.480,6,person,0.8223,1786,678,1853,810,1819.5,744.0,1819.5,810.0
138,5.480,12,person,0.6637,1314,399,1360,510,1337.0,454.5,1337.0,510.0
138,5.480,136,person,0.5494,1375,369,1418,473,1396.5,421.0,1396.5,473.0
138,5.480,175,person,0.8117,575,431,644,534,609.5,482.5,609.5,534.0
138,5.480,189,person,0.8180,341,559,400,692,370.5,625.5,370.5,692.0
138,5.480,15,person,0.7334,1196,375,1231,462,1213.5,418.5,1213.5,462.0
138,5.480,242,person,0.5387,664,400,725,507,694.5,453.5,694.5,507.0
138,5.480,2,person,0.8368,972,691,1041,826,1006.5,758.5,1006.5,826.0
138,5.480,302,person,0.6862,186,320,240,419,213.0,369.5,213.0,419.0
138,5.480,321,person,0.5001,1137,357,1177,464,1157.0,410.5,1157.0,464.0
138,5.480,303,person,0.6722,1058,686,1123,810,1090.5,748.0,1090.5,810.0
138,5.480,289,person,0.5750,847,310,890,403,868.5,356.5,868.5,403.0
138,5.480,334,person,0.6810,91,515,132,619,111.5,567.0,111.5,619.0
138,5.480,341,person,0.5649,792,317,825,400,808.5,358.5,808.5,400.0
138,5.480,342,person,0.4484,460,335,509,427,484.5,381.0,484.5,427.0
138,5.480,1,person,0.7838,1472,524,1542,639,1507.0,581.5,1507.0,639.0
138,5.480,358,person,0.5877,1028,494,1078,607,1053.0,550.5,1053.0,607.0
138,5.480,345,person,0.4458,667,399,714,501,690.5,450.0,690.5,501.0
139,5.520,6,person,0.8325,1786,676,1853,809,1819.5,742.5,1819.5,809.0
139,5.520,12,person,0.5243,1318,399,1363,509,1340.5,454.0,1340.5,509.0
139,5.520,136,person,0.5862,1379,368,1421,469,1400.0,418.5,1400.0,469.0
139,5.520,175,person,0.8198,578,428,647,533,612.5,480.5,612.5,533.0
139,5.520,189,person,0.7481,345,554,405,689,375.0,621.5,375.0,689.0
139,5.520,15,person,0.5855,1202,374,1237,459,1219.5,416.5,1219.5,459.0
139,5.520,242,person,0.7949,668,397,731,506,699.5,451.5,699.5,506.0
139,5.520,2,person,0.8819,967,683,1040,823,1003.5,753.0,1003.5,823.0
139,5.520,302,person,0.5989,193,316,247,414,220.0,365.0,220.0,414.0
139,5.520,321,person,0.4234,1140,358,1179,462,1159.5,410.0,1159.5,462.0
139,5.520,303,person,0.6775,1056,686,1119,808,1087.5,747.0,1087.5,808.0
139,5.520,289,person,0.5608,848,305,890,394,869.0,349.5,869.0,394.0
139,5.520,334,person,0.6127,95,516,141,616,118.0,566.0,118.0,616.0
139,5.520,341,person,0.6166,795,318,826,397,810.5,357.5,810.5,397.0
139,5.520,342,person,0.6167,463,331,515,429,489.0,380.0,489.0,429.0
139,5.520,1,person,0.7467,1469,513,1544,635,1506.5,574.0,1506.5,635.0
139,5.520,358,person,0.5725,1030,491,1079,601,1054.5,546.0,1054.5,601.0
139,5.520,345,person,0.2302,669,397,713,493,691.0,445.0,691.0,493.0
140,5.560,6,person,0.8249,1787,675,1856,810,1821.5,742.5,1821.5,810.0
140,5.560,12,person,0.5208,1322,399,1367,508,1344.5,453.5,1344.5,508.0
140,5.560,136,person,0.5491,1383,369,1424,467,1403.5,418.0,1403.5,467.0
140,5.560,175,person,0.8217,583,425,651,529,617.0,477.0,617.0,529.0
140,5.560,189,person,0.8093,350,551,411,686,380.5,618.5,380.5,686.0
140,5.560,15,person,0.4123,1210,376,1244,456,1227.0,416.0,1227.0,456.0
140,5.560,242,person,0.6200,671,395,733,502,702.0,448.5,702.0,502.0
140,5.560,2,person,0.8967,962,679,1037,819,999.5,749.0,999.5,819.0
140,5.560,302,person,0.6216,200,312,253,410,226.5,361.0,226.5,410.0
140,5.560,321,person,0.3337,1147,362,1184,462,1165.5,412.0,1165.5,462.0
140,5.560,303,person,0.7484,1053,685,1120,811,1086.5,748.0,1086.5,811.0
140,5.560,289,person,0.6295,852,305,893,391,872.5,348.0,872.5,391.0
140,5.560,334,person,0.6319,103,515,154,613,128.5,564.0,128.5,613.0
140,5.560,341,person,0.6891,796,316,829,398,812.5,357.0,812.5,398.0
140,5.560,342,person,0.5228,466,329,518,427,492.0,378.0,492.0,427.0
140,5.560,1,person,0.7595,1468,511,1543,632,1505.5,571.5,1505.5,632.0
140,5.560,358,person,0.6205,1030,488,1080,602,1055.0,545.0,1055.0,602.0
140,5.560,345,person,0.3301,670,396,714,489,692.0,442.5,692.0,489.0
140,5.560,297,person,0.2835,1456,476,1525,633,1490.5,554.5,1490.5,633.0
141,5.600,6,person,0.7400,1789,677,1857,811,1823.0,744.0,1823.0,811.0
141,5.600,12,person,0.6433,1324,400,1367,505,1345.5,452.5,1345.5,505.0
141,5.600,136,person,0.6537,1383,367,1424,465,1403.5,416.0,1403.5,465.0
141,5.600,175,person,0.8585,585,423,654,526,619.5,474.5,619.5,526.0
141,5.600,189,person,0.8591,359,548,420,679,389.5,613.5,389.5,679.0
141,5.600,15,person,0.5883,1217,375,1252,456,1234.5,415.5,1234.5,456.0
141,5.600,242,person,0.5098,677,392,738,494,707.5,443.0,707.5,494.0
141,5.600,2,person,0.7527,959,679,1035,819,997.0,749.0,997.0,819.0
141,5.600,302,person,0.5835,210,308,263,409,236.5,358.5,236.5,409.0
141,5.600,321,person,0.4691,1152,361,1187,455,1169.5,408.0,1169.5,455.0
141,5.600,303,person,0.7921,1053,684,1121,810,1087.0,747.0,1087.0,810.0
141,5.600,289,person,0.6668,853,305,893,390,873.0,347.5,873.0,390.0
141,5.600,334,person,0.6805,107,512,163,610,135.0,561.0,135.0,610.0
141,5.600,341,person,0.6173,798,313,830,393,814.0,353.0,814.0,393.0
141,5.600,342,person,0.6175,470,328,521,424,495.5,376.0,495.5,424.0
141,5.600,1,person,0.6205,1459,483,1549,631,1504.0,557.0,1504.0,631.0
141,5.600,358,person,0.7050,1031,486,1084,606,1057.5,546.0,1057.5,606.0
141,5.600,345,person,0.4081,675,393,718,487,696.5,440.0,696.5,487.0
141,5.600,297,person,0.5504,1457,471,1526,632,1491.5,551.5,1491.5,632.0
142,5.640,6,person,0.7794,1786,678,1854,811,1820.0,744.5,1820.0,811.0
142,5.640,12,person,0.6260,1327,399,1369,503,1348.0,451.0,1348.0,503.0
142,5.640,136,person,0.6684,1386,366,1427,466,1406.5,416.0,1406.5,466.0
142,5.640,175,person,0.8327,585,421,655,523,620.0,472.0,620.0,523.0
142,5.640,189,person,0.7559,367,543,429,676,398.0,609.5,398.0,676.0
142,5.640,15,person,0.6033,1224,371,1260,455,1242.0,413.0,1242.0,455.0
142,5.640,242,person,0.4805,678,389,739,489,708.5,439.0,708.5,489.0
142,5.640,2,person,0.6272,958,680,1033,818,995.5,749.0,995.5,818.0
142,5.640,302,person,0.5631,220,308,271,408,245.5,358.0,245.5,408.0
142,5.640,321,person,0.4473,1157,360,1193,456,1175.0,408.0,1175.0,456.0
142,5.640,303,person,0.6829,1047,684,1115,814,1081.0,749.0,1081.0,814.0
142,5.640,289,person,0.6274,852,307,894,396,873.0,351.5,873.0,396.0
142,5.640,334,person,0.6929,109,509,172,609,140.5,559.0,140.5,609.0
142,5.640,341,person,0.5962,797,311,830,393,813.5,352.0,813.5,393.0
142,5.640,342,person,0.4103,476,328,525,421,500.5,374.5,500.5,421.0
142,5.640,1,person,0.5609,1457,483,1545,630,1501.0,556.5,1501.0,630.0
142,5.640,358,person,0.7086,1035,483,1088,603,1061.5,543.0,1061.5,603.0
142,5.640,345,person,0.4959,676,391,718,481,697.0,436.0,697.0,481.0
142,5.640,381,person,0.6180,244,489,318,591,281.0,540.0,281.0,591.0
142,5.640,255,person,0.6472,1461,472,1519,631,1490.0,551.5,1490.0,631.0
143,5.680,6,person,0.7824,1784,678,1850,809,1817.0,743.5,1817.0,809.0
143,5.680,12,person,0.6108,1331,396,1376,504,1353.5,450.0,1353.5,504.0
143,5.680,136,person,0.6524,1392,368,1432,466,1412.0,417.0,1412.0,466.0
143,5.680,175,person,0.6496,585,420,655,521,620.0,470.5,620.0,521.0
143,5.680,189,person,0.7916,380,538,441,670,410.5,604.0,410.5,670.0
143,5.680,15,person,0.6172,1231,370,1267,454,1249.0,412.0,1249.0,454.0
143,5.680,242,person,0.5264,679,389,734,481,706.5,435.0,706.5,481.0
143,5.680,2,person,0.7335,950,681,1022,816,986.0,748.5,986.0,816.0
143,5.680,302,person,0.3743,232,308,281,405,256.5,356.5,256.5,405.0
143,5.680,321,person,0.4537,1162,355,1200,455,1181.0,405.0,1181.0,455.0
143,5.680,303,person,0.7119,1048,687,1115,816,1081.5,751.5,1081.5,816.0
143,5.680,289,person,0.6545,854,308,896,398,875.0,353.0,875.0,398.0
143,5.680,334,person,0.7143,111,505,179,606,145.0,555.5,145.0,606.0
143,5.680,341,person,0.6446,798,308,833,393,815.5,350.5,815.5,393.0
143,5.680,342,person,0.4597,484,332,532,422,508.0,377.0,508.0,422.0
143,5.680,358,person,0.7259,1036,480,1089,599,1062.5,539.5,1062.5,599.0
143,5.680,345,person,0.4989,679,390,718,477,698.5,433.5,698.5,477.0
143,5.680,381,person,0.4392,251,487,325,589,288.0,538.0,288.0,589.0
143,5.680,297,person,0.7330,1463,477,1528,630,1495.5,553.5,1495.5,630.0
144,5.720,6,person,0.7557,1780,678,1846,806,1813.0,742.0,1813.0,806.0
144,5.720,12,person,0.6608,1336,394,1381,502,1358.5,448.0,1358.5,502.0
144,5.720,136,person,0.7211,1397,368,1437,464,1417.0,416.0,1417.0,464.0
144,5.720,175,person,0.7079,586,420,655,520,620.5,470.0,620.5,520.0
144,5.720,189,person,0.7396,388,534,448,665,418.0,599.5,418.0,665.0
144,5.720,15,person,0.5918,1238,369,1274,454,1256.0,411.5,1256.0,454.0
144,5.720,242,person,0.5075,677,388,733,484,705.0,436.0,705.0,484.0
144,5.720,2,person,0.6962,944,681,1011,809,977.5,745.0,977.5,809.0
144,5.720,302,person,0.5297,244,310,290,403,267.0,356.5,267.0,403.0
144,5.720,321,person,0.4185,1167,353,1206,455,1186.5,404.0,1186.5,455.0
144,5.720,303,person,0.7242,1046,689,1110,815,1078.0,752.0,1078.0,815.0
144,5.720,289,person,0.6768,857,309,899,401,878.0,355.0,878.0,401.0
144,5.720,334,person,0.6654,118,504,188,604,153.0,554.0,153.0,604.0
144,5.720,341,person,0.6376,797,307,833,388,815.0,347.5,815.0,388.0
144,5.720,342,person,0.4842,487,332,534,422,510.5,377.0,510.5,422.0
144,5.720,358,person,0.7165,1035,479,1086,595,1060.5,537.0,1060.5,595.0
144,5.720,345,person,0.5522,681,390,720,479,700.5,434.5,700.5,479.0
144,5.720,381,person,0.3195,258,482,338,590,298.0,536.0,298.0,590.0
144,5.720,386,person,0.5829,584,421,630,519,607.0,470.0,607.0,519.0
144,5.720,255,person,0.6966,1461,466,1518,627,1489.5,546.5,1489.5,627.0
145,5.760,6,person,0.7530,1783,677,1848,806,1815.5,741.5,1815.5,806.0
145,5.760,12,person,0.6569,1342,395,1387,501,1364.5,448.0,1364.5,501.0
145,5.760,136,person,0.6718,1401,365,1441,462,1421.0,413.5,1421.0,462.0
145,5.760,189,person,0.7198,394,531,453,663,423.5,597.0,423.5,663.0
145,5.760,15,person,0.6920,1244,369,1282,454,1263.0,411.5,1263.0,454.0
145,5.760,2,person,0.7863,942,680,1010,809,976.0,744.5,976.0,809.0
145,5.760,302,person,0.4198,256,310,300,400,278.0,355.0,278.0,400.0
145,5.760,321,person,0.4118,1172,351,1212,454,1192.0,402.5,1192.0,454.0
145,5.760,303,person,0.7799,1045,692,1109,814,1077.0,753.0,1077.0,814.0
145,5.760,289,person,0.6297,860,311,900,400,880.0,355.5,880.0,400.0
145,5.760,334,person,0.6311,126,501,199,601,162.5,551.0,162.5,601.0
145,5.760,341,person,0.4412,795,307,831,386,813.0,346.5,813.0,386.0
145,5.760,342,person,0.5091,495,332,535,409,515.0,370.5,515.0,409.0
145,5.760,358,person,0.6363,1037,478,1087,595,1062.0,536.5,1062.0,595.0
145,5.760,345,person,0.4848,685,389,723,473,704.0,431.0,704.0,473.0
145,5.760,381,person,0.4222,265,480,346,589,305.5,534.5,305.5,589.0
145,5.760,386,person,0.6830,588,421,634,521,611.0,471.0,611.0,521.0
145,5.760,255,person,0.6984,1462,475,1516,624,1489.0,549.5,1489.0,624.0
146,5.800,6,person,0.8665,1781,675,1850,812,1815.5,743.5,1815.5,812.0
146,5.800,12,person,0.6598,1346,395,1393,501,1369.5,448.0,1369.5,501.0
146,5.800,136,person,0.7664,1404,359,1446,461,1425.0,410.0,1425.0,461.0
146,5.800,189,person,0.7141,400,528,459,659,429.5,593.5,429.5,659.0
146,5.800,15,person,0.6058,1252,370,1288,453,1270.0,411.5,1270.0,453.0
146,5.800,2,person,0.7162,939,678,1010,810,974.5,744.0,974.5,810.0
146,5.800,302,person,0.3635,266,312,306,394,286.0,353.0,286.0,394.0
146,5.800,321,person,0.3449,1177,352,1216,452,1196.5,402.0,1196.5,452.0
146,5.800,303,person,0.8247,1046,691,1110,810,1078.0,750.5,1078.0,810.0
146,5.800,289,person,0.5142,863,312,900,395,881.5,353.5,881.5,395.0
146,5.800,334,person,0.4646,135,500,210,598,172.5,549.0,172.5,598.0
146,5.800,341,person,0.3569,796,306,832,386,814.0,346.0,814.0,386.0
146,5.800,342,person,0.6019,499,329,544,415,521.5,372.0,521.5,415.0
146,5.800,358,person,0.6454,1040,475,1089,591,1064.5,533.0,1064.5,591.0
146,5.800,381,person,0.2006,263,478,346,589,304.5,533.5,304.5,589.0
146,5.800,386,person,0.6783,589,416,636,518,612.5,467.0,612.5,518.0
146,5.800,297,person,0.7319,1459,477,1522,621,1490.5,549.0,1490.5,621.0
146,5.800,242,person,0.4990,680,385,738,485,709.0,435.0,709.0,485.0
147,5.840,6,person,0.8392,1780,674,1852,815,1816.0,744.5,1816.0,815.0
147,5.840,12,person,0.4649,1347,395,1392,499,1369.5,447.0,1369.5,499.0
147,5.840,136,person,0.6956,1406,359,1447,460,1426.5,409.5,1426.5,460.0
147,5.840,189,person,0.8014,408,525,466,656,437.0,590.5,437.0,656.0
147,5.840,15,person,0.6792,1260,373,1295,452,1277.5,412.5,1277.5,452.0
147,5.840,2,person,0.6767,933,675,1005,809,969.0,742.0,969.0,809.0
147,5.840,302,person,0.3811,274,312,315,393,294.5,352.5,294.5,393.0
147,5.840,321,person,0.3765,1180,352,1218,451,1199.0,401.5,1199.0,451.0
147,5.840,303,person,0.8740,1045,688,1112,808,1078.5,748.0,1078.5,808.0
147,5.840,289,person,0.4320,865,312,902,394,883.5,353.0,883.5,394.0
147,5.840,334,person,0.3906,136,495,213,595,174.5,545.0,174.5,595.0
147,5.840,341,person,0.4924,796,305,832,385,814.0,345.0,814.0,385.0
147,5.840,342,person,0.6367,503,326,552,420,527.5,373.0,527.5,420.0
147,5.840,358,person,0.6004,1041,472,1088,586,1064.5,529.0,1064.5,586.0
147,5.840,386,person,0.7148,592,412,640,514,616.0,463.0,616.0,514.0
147,5.840,242,person,0.5942,682,384,742,487,712.0,435.5,712.0,487.0
147,5.840,1,person,0.7775,1442,464,1533,619,1487.5,541.5,1487.5,619.0
148,5.880,6,person,0.7651,1781,677,1852,818,1816.5,747.5,1816.5,818.0
148,5.880,12,person,0.5113,1349,396,1392,497,1370.5,446.5,1370.5,497.0
148,5.880,136,person,0.7017,1407,357,1450,460,1428.5,408.5,1428.5,460.0
148,5.880,189,person,0.7680,415,526,470,652,442.5,589.0,442.5,652.0
148,5.880,15,person,0.6721,1268,373,1302,452,1285.0,412.5,1285.0,452.0
148,5.880,2,person,0.6732,921,676,990,810,955.5,743.0,955.5,810.0
148,5.880,302,person,0.2699,285,311,325,390,305.0,350.5,305.0,390.0
148,5.880,321,person,0.3838,1179,356,1217,449,1198.0,402.5,1198.0,449.0
148,5.880,303,person,0.6467,1041,687,1111,810,1076.0,748.5,1076.0,810.0
148,5.880,289,person,0.4205,867,310,905,393,886.0,351.5,886.0,393.0
148,5.880,334,person,0.6486,139,493,215,594,177.0,543.5,177.0,594.0
148,5.880,341,person,0.5194,797,304,833,384,815.0,344.0,815.0,384.0
148,5.880,342,person,0.4777,507,326,558,421,532.5,373.5,532.5,421.0
148,5.880,358,person,0.5696,1043,471,1090,585,1066.5,528.0,1066.5,585.0
148,5.880,242,person,0.5275,685,381,747,486,716.0,433.5,716.0,486.0
148,5.880,1,person,0.7907,1439,466,1527,617,1483.0,541.5,1483.0,617.0
148,5.880,175,person,0.6688,586,409,657,514,621.5,461.5,621.5,514.0
148,5.880,381,person,0.3686,258,479,338,584,298.0,531.5,298.0,584.0
149,5.920,6,person,0.8124,1783,679,1853,821,1818.0,750.0,1818.0,821.0
149,5.920,12,person,0.6374,1351,397,1394,497,1372.5,447.0,1372.5,497.0
149,5.920,136,person,0.6204,1412,357,1453,459,1432.5,408.0,1432.5,459.0
149,5.920,189,person,0.7149,420,527,473,649,446.5,588.0,446.5,649.0
149,5.920,15,person,0.5724,1274,372,1308,450,1291.0,411.0,1291.0,450.0
149,5.920,2,person,0.7282,912,674,982,811,947.0,742.5,947.0,811.0
149,5.920,302,person,0.3395,293,309,335,390,314.0,349.5,314.0,390.0
149,5.920,321,person,0.3271,1181,358,1220,449,1200.5,403.5,1200.5,449.0
149,5.920,303,person,0.5737,1023,685,1097,818,1060.0,751.5,1060.0,818.0
149,5.920,289,person,0.4057,868,310,903,385,885.5,347.5,885.5,385.0
149,5.920,334,person,0.6391,145,492,223,596,184.0,544.0,184.0,596.0
149,5.920,341,person,0.4347,797,303,832,381,814.5,342.0,814.5,381.0
149,5.920,358,person,0.5993,1047,470,1093,583,1070.0,526.5,1070.0,583.0
149,5.920,242,person,0.3451,686,380,744,479,715.0,429.5,715.0,479.0
149,5.920,1,person,0.7449,1436,464,1524,617,1480.0,540.5,1480.0,617.0
149,5.920,175,person,0.5892,587,406,658,511,622.5,458.5,622.5,511.0
149,5.920,381,person,0.2096,263,480,341,581,302.0,530.5,302.0,581.0
149,5.920,345,person,0.3363,689,382,727,468,708.0,425.0,708.0,468.0
150,5.960,6,person,0.7965,1784,679,1852,821,1818.0,750.0,1818.0,821.0
150,5.960,12,person,0.5351,1355,397,1399,499,1377.0,448.0,1377.0,499.0
150,5.960,136,person,0.6850,1416,359,1456,459,1436.0,409.0,1436.0,459.0
150,5.960,189,person,0.7113,426,526,478,645,452.0,585.5,452.0,645.0
150,5.960,15,person,0.6634,1281,372,1315,450,1298.0,411.0,1298.0,450.0
150,5.960,2,person,0.7782,901,676,970,810,935.5,743.0,935.5,810.0
150,5.960,302,person,0.2934,300,306,344,390,322.0,348.0,322.0,390.0
150,5.960,321,person,0.4254,1186,357,1226,449,1206.0,403.0,1206.0,449.0
150,5.960,303,person,0.6442,1021,686,1093,818,1057.0,752.0,1057.0,818.0
150,5.960,289,person,0.4738,870,310,906,389,888.0,349.5,888.0,389.0
150,5.960,334,person,0.7643,155,491,232,594,193.5,542.5,193.5,594.0
150,5.960,341,person,0.5193,797,302,836,382,816.5,342.0,816.5,382.0
150,5.960,358,person,0.6089,1050,469,1093,575,1071.5,522.0,1071.5,575.0
150,5.960,242,person,0.2641,688,378,747,478,717.5,428.0,717.5,478.0
150,5.960,1,person,0.6918,1436,462,1521,616,1478.5,539.0,1478.5,616.0
150,5.960,175,person,0.6817,586,405,658,511,622.0,458.0,622.0,511.0
150,5.960,381,person,0.5576,265,476,347,581,306.0,528.5,306.0,581.0
150,5.960,345,person,0.4049,689,379,730,475,709.5,427.0,709.5,475.0
150,5.960,314,person,0.5655,1030,470,1094,578,1062.0,524.0,1062.0,578.0
150,5.960,342,person,0.5758,510,325,558,415,534.0,370.0,534.0,415.0
151,6.000,6,person,0.8302,1786,679,1850,818,1818.0,748.5,1818.0,818.0
151,6.000,12,person,0.6473,1360,397,1404,499,1382.0,448.0,1382.0,499.0
151,6.000,136,person,0.6691,1422,363,1460,459,1441.0,411.0,1441.0,459.0
151,6.000,189,person,0.8188,432,526,485,642,458.5,584.0,458.5,642.0
151,6.000,15,person,0.7136,1286,368,1322,452,1304.0,410.0,1304.0,452.0
151,6.000,2,person,0.8397,900,678,969,807,934.5,742.5,934.5,807.0
151,6.000,302,person,0.2836,308,305,353,389,330.5,347.0,330.5,389.0
151,6.000,321,person,0.5768,1191,352,1232,447,1211.5,399.5,1211.5,447.0
151,6.000,303,person,0.6948,1015,686,1085,814,1050.0,750.0,1050.0,814.0
151,6.000,289,person,0.4582,871,311,909,392,890.0,351.5,890.0,392.0
151,6.000,334,person,0.6998,165,490,242,593,203.5,541.5,203.5,593.0
151,6.000,341,person,0.5384,795,300,833,380,814.0,340.0,814.0,380.0
151,6.000,358,person,0.4865,1053,472,1097,575,1075.0,523.5,1075.0,575.0
151,6.000,242,person,0.2008,696,380,753,476,724.5,428.0,724.5,476.0
151,6.000,1,person,0.6804,1436,488,1505,618,1470.5,553.0,1470.5,618.0
151,6.000,175,person,0.5614,584,405,656,511,620.0,458.0,620.0,511.0
151,6.000,381,person,0.6822,268,473,353,579,310.5,526.0,310.5,579.0
151,6.000,345,person,0.4270,694,380,735,478,714.5,429.0,714.5,478.0
151,6.000,406,person,0.4137,0,370,41,461,20.5,415.5,20.5,461.0
151,6.000,314,person,0.6566,1030,472,1097,578,1063.5,525.0,1063.5,578.0
151,6.000,342,person,0.5969,514,322,562,415,538.0,368.5,538.0,415.0
152,6.040,6,person,0.8054,1787,679,1849,814,1818.0,746.5,1818.0,814.0
152,6.040,12,person,0.6671,1364,396,1409,499,1386.5,447.5,1386.5,499.0
152,6.040,136,person,0.8056,1426,363,1463,458,1444.5,410.5,1444.5,458.0
152,6.040,189,person,0.8004,443,529,495,641,469.0,585.0,469.0,641.0
152,6.040,15,person,0.7032,1293,366,1330,454,1311.5,410.0,1311.5,454.0
152,6.040,2,person,0.8547,901,678,971,805,936.0,741.5,936.0,805.0
152,6.040,302,person,0.3165,312,304,358,388,335.0,346.0,335.0,388.0
152,6.040,321,person,0.5667,1199,352,1240,448,1219.5,400.0,1219.5,448.0
152,6.040,303,person,0.6949,1014,686,1082,808,1048.0,747.0,1048.0,808.0
152,6.040,289,person,0.5655,872,311,911,394,891.5,352.5,891.5,394.0
152,6.040,334,person,0.7506,174,488,251,590,212.5,539.0,212.5,590.0
152,6.040,341,person,0.5262,795,300,832,376,813.5,338.0,813.5,376.0
152,6.040,358,person,0.6160,1054,474,1098,573,1076.0,523.5,1076.0,573.0
152,6.040,242,person,0.4920,697,380,753,477,725.0,428.5,725.0,477.0
152,6.040,1,person,0.7060,1437,502,1495,616,1466.0,559.0,1466.0,616.0
152,6.040,175,person,0.5413,583,407,651,510,617.0,458.5,617.0,510.0
152,6.040,381,person,0.3839,272,472,358,578,315.0,525.0,315.0,578.0
152,6.040,406,person,0.4616,0,371,41,460,20.5,415.5,20.5,460.0
152,6.040,314,person,0.6527,1031,474,1099,578,1065.0,526.0,1065.0,578.0
152,6.040,342,person,0.5402,523,326,567,412,545.0,369.0,545.0,412.0
152,6.040,255,person,0.4298,1466,458,1509,575,1487.5,516.5,1487.5,575.0
153,6.080,6,person,0.7467,1788,678,1850,814,1819.0,746.0,1819.0,814.0
153,6.080,12,person,0.6209,1368,398,1413,498,1390.5,448.0,1390.5,498.0
153,6.080,136,person,0.7266,1429,363,1466,457,1447.5,410.0,1447.5,457.0
153,6.080,189,person,0.7522,452,527,506,640,479.0,583.5,479.0,640.0
153,6.080,15,person,0.5891,1299,369,1334,453,1316.5,411.0,1316.5,453.0
153,6.080,2,person,0.8802,897,673,972,803,934.5,738.0,934.5,803.0
153,6.080,302,person,0.2474,321,302,370,389,345.5,345.5,345.5,389.0
153,6.080,321,person,0.3615,1208,349,1251,448,1229.5,398.5,1229.5,448.0
153,6.080,303,person,0.7903,1013,688,1083,810,1048.0,749.0,1048.0,810.0
153,6.080,289,person,0.5482,876,312,915,394,895.5,353.0,895.5,394.0
153,6.080,334,person,0.7434,179,486,258,589,218.5,537.5,218.5,589.0
153,6.080,341,person,0.5543,796,300,832,374,814.0,337.0,814.0,374.0
153,6.080,242,person,0.5968,698,380,754,479,726.0,429.5,726.0,479.0
153,6.080,1,person,0.7512,1436,504,1491,613,1463.5,558.5,1463.5,613.0
153,6.080,175,person,0.6012,586,408,649,509,617.5,458.5,617.5,509.0
153,6.080,381,person,0.5328,265,471,343,570,304.0,520.5,304.0,570.0
153,6.080,406,person,0.4975,1,370,42,456,21.5,413.0,21.5,456.0
153,6.080,314,person,0.6619,1035,478,1103,579,1069.0,528.5,1069.0,579.0
153,6.080,342,person,0.4472,527,325,571,412,549.0,368.5,549.0,412.0
153,6.080,418,person,0.4148,795,301,848,374,821.5,337.5,821.5,374.0
153,6.080,255,person,0.5095,1474,456,1515,564,1494.5,510.0,1494.5,564.0
154,6.120,6,person,0.7894,1790,679,1852,815,1821.0,747.0,1821.0,815.0
154,6.120,12,person,0.6102,1370,396,1417,497,1393.5,446.5,1393.5,497.0
154,6.120,136,person,0.6402,1434,361,1471,457,1452.5,409.0,1452.5,457.0
154,6.120,189,person,0.7279,458,523,513,636,485.5,579.5,485.5,636.0
154,6.120,15,person,0.6577,1305,369,1342,456,1323.5,412.5,1323.5,456.0
154,6.120,2,person,0.7545,898,673,975,807,936.5,740.0,936.5,807.0
154,6.120,302,person,0.5558,330,302,377,386,353.5,344.0,353.5,386.0
154,6.120,321,person,0.3441,1213,348,1258,450,1235.5,399.0,1235.5,450.0
154,6.120,303,person,0.7435,1010,689,1085,819,1047.5,754.0,1047.5,819.0
154,6.120,289,person,0.4067,880,312,915,386,897.5,349.0,897.5,386.0
154,6.120,334,person,0.7010,184,483,264,586,224.0,534.5,224.0,586.0
154,6.120,341,person,0.4186,796,303,830,374,813.0,338.5,813.0,374.0
154,6.120,242,person,0.5311,700,377,756,476,728.0,426.5,728.0,476.0
154,6.120,1,person,0.8175,1437,505,1491,610,1464.0,557.5,1464.0,610.0
154,6.120,175,person,0.7305,588,409,649,510,618.5,459.5,618.5,510.0
154,6.120,381,person,0.6138,261,470,342,576,301.5,523.0,301.5,576.0
154,6.120,406,person,0.5592,7,367,49,456,28.0,411.5,28.0,456.0
154,6.120,314,person,0.6159,1040,480,1106,577,1073.0,528.5,1073.0,577.0
154,6.120,342,person,0.4837,532,329,574,410,553.0,369.5,553.0,410.0
154,6.120,418,person,0.2908,797,304,847,373,822.0,338.5,822.0,373.0
154,6.120,255,person,0.4558,1478,453,1521,562,1499.5,507.5,1499.5,562.0
154,6.120,345,person,0.3374,701,378,741,472,721.0,425.0,721.0,472.0
155,6.160,6,person,0.7886,1789,680,1854,819,1821.5,749.5,1821.5,819.0
155,6.160,12,person,0.5504,1371,396,1418,496,1394.5,446.0,1394.5,496.0
155,6.160,136,person,0.5159,1438,362,1476,457,1457.0,409.5,1457.0,457.0
155,6.160,189,person,0.7621,463,518,519,633,491.0,575.5,491.0,633.0
155,6.160,15,person,0.6605,1312,371,1348,456,1330.0,413.5,1330.0,456.0
155,6.160,2,person,0.7046,893,675,971,810,932.0,742.5,932.0,810.0
155,6.160,302,person,0.4202,335,299,384,385,359.5,342.0,359.5,385.0
155,6.160,321,person,0.2026,1217,347,1263,449,1240.0,398.0,1240.0,449.0
155,6.160,303,person,0.6437,993,690,1069,826,1031.0,758.0,1031.0,826.0
155,6.160,289,person,0.4786,881,309,920,389,900.5,349.0,900.5,389.0
155,6.160,334,person,0.6281,184,482,266,586,225.0,534.0,225.0,586.0
155,6.160,242,person,0.5822,703,379,760,480,731.5,429.5,731.5,480.0
155,6.160,1,person,0.8317,1434,505,1490,610,1462.0,557.5,1462.0,610.0
155,6.160,175,person,0.6803,592,410,652,510,622.0,460.0,622.0,510.0
155,6.160,381,person,0.5520,267,471,346,574,306.5,522.5,306.5,574.0
155,6.160,406,person,0.6096,12,363,55,454,33.5,408.5,33.5,454.0
155,6.160,314,person,0.7119,1044,479,1111,577,1077.5,528.0,1077.5,577.0
155,6.160,342,person,0.4498,535,325,581,414,558.0,369.5,558.0,414.0
155,6.160,418,person,0.4034,794,303,847,376,820.5,339.5,820.5,376.0
155,6.160,255,person,0.2238,1480,452,1522,554,1501.0,503.0,1501.0,554.0
155,6.160,425,person,0.5748,892,673,945,810,918.5,741.5,918.5,810.0
155,6.160,427,person,0.6465,178,483,229,588,203.5,535.5,203.5,588.0
156,6.200,6,person,0.7306,1791,680,1855,818,1823.0,749.0,1823.0,818.0
156,6.200,12,person,0.5884,1373,397,1417,494,1395.0,445.5,1395.0,494.0
156,6.200,136,person,0.5590,1440,362,1478,455,1459.0,408.5,1459.0,455.0
156,6.200,189,person,0.7235,469,516,525,633,497.0,574.5,497.0,633.0
156,6.200,15,person,0.6970,1319,374,1354,456,1336.5,415.0,1336.5,456.0
156,6.200,302,person,0.3835,346,300,394,383,370.0,341.5,370.0,383.0
156,6.200,321,person,0.3228,1219,348,1263,449,1241.0,398.5,1241.0,449.0
156,6.200,303,person,0.7031,988,693,1062,829,1025.0,761.0,1025.0,829.0
156,6.200,289,person,0.4969,883,308,925,390,904.0,349.0,904.0,390.0
156,6.200,242,person,0.5231,706,377,764,477,735.0,427.0,735.0,477.0
156,6.200,1,person,0.8051,1431,504,1489,606,1460.0,555.0,1460.0,606.0
156,6.200,175,person,0.7123,595,407,655,507,625.0,457.0,625.0,507.0
156,6.200,381,person,0.5571,271,468,352,573,311.5,520.5,311.5,573.0
156,6.200,406,person,0.5901,20,362,63,453,41.5,407.5,41.5,453.0
156,6.200,314,person,0.7593,1051,478,1120,580,1085.5,529.0,1085.5,580.0
156,6.200,342,person,0.5759,538,324,585,415,561.5,369.5,561.5,415.0
156,6.200,255,person,0.5412,1479,446,1515,537,1497.0,491.5,1497.0,537.0
156,6.200,425,person,0.7589,890,673,943,809,916.5,741.0,916.5,809.0
156,6.200,427,person,0.6630,186,481,237,585,211.5,533.0,211.5,585.0
156,6.200,341,person,0.5085,800,300,835,374,817.5,337.0,817.5,374.0
157,6.240,6,person,0.7506,1790,684,1855,825,1822.5,754.5,1822.5,825.0
157,6.240,12,person,0.5974,1376,395,1418,490,1397.0,442.5,1397.0,490.0
157,6.240,136,person,0.5548,1445,361,1484,455,1464.5,408.0,1464.5,455.0
157,6.240,189,person,0.6909,476,515,532,630,504.0,572.5,504.0,630.0
157,6.240,15,person,0.6489,1325,374,1359,456,1342.0,415.0,1342.0,456.0
157,6.240,302,person,0.5321,356,301,403,382,379.5,341.5,379.5,382.0
157,6.240,303,person,0.7716,985,697,1055,828,1020.0,762.5,1020.0,828.0
157,6.240,289,person,0.6181,881,309,921,388,901.0,348.5,901.0,388.0
157,6.240,242,person,0.4232,711,373,767,469,739.0,421.0,739.0,469.0
157,6.240,1,person,0.7670,1428,505,1486,604,1457.0,554.5,1457.0,604.0
157,6.240,175,person,0.7126,598,404,658,503,628.0,453.5,628.0,503.0
157,6.240,381,person,0.3504,278,468,359,571,318.5,519.5,318.5,571.0
157,6.240,406,person,0.7009,28,364,71,454,49.5,409.0,49.5,454.0
157,6.240,314,person,0.6447,1060,478,1129,584,1094.5,531.0,1094.5,584.0
157,6.240,342,person,0.5471,542,324,587,411,564.5,367.5,564.5,411.0
157,6.240,255,person,0.5949,1478,446,1514,533,1496.0,489.5,1496.0,533.0
157,6.240,427,person,0.5827,190,480,236,573,213.0,526.5,213.0,573.0
157,6.240,341,person,0.4359,800,299,833,370,816.5,334.5,816.5,370.0
157,6.240,2,person,0.7718,878,673,953,804,915.5,738.5,915.5,804.0
158,6.280,6,person,0.7461,1786,690,1849,825,1817.5,757.5,1817.5,825.0
158,6.280,12,person,0.5492,1381,395,1423,490,1402.0,442.5,1402.0,490.0
158,6.280,136,person,0.5930,1447,360,1486,456,1466.5,408.0,1466.5,456.0
158,6.280,189,person,0.7632,483,514,537,627,510.0,570.5,510.0,627.0
158,6.280,15,person,0.7061,1330,373,1365,456,1347.5,414.5,1347.5,456.0
158,6.280,302,person,0.3886,364,302,410,382,387.0,342.0,387.0,382.0
158,6.280,303,person,0.8717,984,697,1055,826,1019.5,761.5,1019.5,826.0
158,6.280,289,person,0.5585,880,310,919,389,899.5,349.5,899.5,389.0
158,6.280,242,person,0.5904,718,371,770,457,744.0,414.0,744.0,457.0
158,6.280,1,person,0.7506,1424,506,1482,606,1453.0,556.0,1453.0,606.0
158,6.280,175,person,0.7586,596,403,659,502,627.5,452.5,627.5,502.0
158,6.280,381,person,0.5244,279,465,365,571,322.0,518.0,322.0,571.0
158,6.280,406,person,0.6566,36,365,79,455,57.5,410.0,57.5,455.0
158,6.280,314,person,0.4737,1072,474,1142,589,1107.0,531.5,1107.0,589.0
158,6.280,342,person,0.5975,545,322,591,413,568.0,367.5,568.0,413.0
158,6.280,255,person,0.5519,1477,444,1516,541,1496.5,492.5,1496.5,541.0
158,6.280,341,person,0.4044,800,298,835,372,817.5,335.0,817.5,372.0
158,6.280,432,person,0.6102,1386,396,1417,472,1401.5,434.0,1401.5,472.0
158,6.280,2,person,0.7695,871,673,947,804,909.0,738.5,909.0,804.0
158,6.280,345,person,0.5105,716,370,753,454,734.5,412.0,734.5,454.0
158,6.280,334,person,0.7556,185,481,266,583,225.5,532.0,225.5,583.0
158,6.280,418,person,0.3445,794,298,853,380,823.5,339.0,823.5,380.0
158,6.280,321,person,0.3300,1232,350,1273,445,1252.5,397.5,1252.5,445.0
159,6.320,6,person,0.7375,1786,693,1847,823,1816.5,758.0,1816.5,823.0
159,6.320,12,person,0.5855,1385,396,1426,491,1405.5,443.5,1405.5,491.0
159,6.320,136,person,0.5701,1452,362,1489,454,1470.5,408.0,1470.5,454.0
159,6.320,189,person,0.7350,489,514,542,624,515.5,569.0,515.5,624.0
159,6.320,15,person,0.5512,1338,373,1371,452,1354.5,412.5,1354.5,452.0
159,6.320,302,person,0.4026,370,302,415,380,392.5,341.0,392.5,380.0
159,6.320,303,person,0.7801,982,696,1053,823,1017.5,759.5,1017.5,823.0
159,6.320,289,person,0.5917,882,311,920,388,901.0,349.5,901.0,388.0
159,6.320,242,person,0.5509,715,371,768,458,741.5,414.5,741.5,458.0
159,6.320,1,person,0.7621,1422,508,1477,605,1449.5,556.5,1449.5,605.0
159,6.320,175,person,0.7207,596,403,661,502,628.5,452.5,628.5,502.0
159,6.320,406,person,0.6640,44,366,87,456,65.5,411.0,65.5,456.0
159,6.320,314,person,0.5746,1083,471,1150,588,1116.5,529.5,1116.5,588.0
159,6.320,342,person,0.5922,550,322,595,412,572.5,367.0,572.5,412.0
159,6.320,255,person,0.6273,1476,444,1517,547,1496.5,495.5,1496.5,547.0
159,6.320,341,person,0.4156,800,295,834,367,817.0,331.0,817.0,367.0
159,6.320,2,person,0.7817,865,671,943,806,904.0,738.5,904.0,806.0
159,6.320,345,person,0.5040,715,371,752,457,733.5,414.0,733.5,457.0
159,6.320,334,person,0.7462,188,480,268,580,228.0,530.0,228.0,580.0
159,6.320,321,person,0.2936,1238,351,1278,443,1258.0,397.0,1258.0,443.0
160,6.360,6,person,0.7013,1787,695,1849,826,1818.0,760.5,1818.0,826.0
160,6.360,12,person,0.7195,1390,398,1431,493,1410.5,445.5,1410.5,493.0
160,6.360,136,person,0.6102,1457,361,1493,453,1475.0,407.0,1475.0,453.0
160,6.360,189,person,0.7741,492,513,546,622,519.0,567.5,519.0,622.0
160,6.360,15,person,0.7248,1344,370,1378,452,1361.0,411.0,1361.0,452.0
160,6.360,302,person,0.4897,381,302,425,378,403.0,340.0,403.0,378.0
160,6.360,303,person,0.7417,976,695,1050,822,1013.0,758.5,1013.0,822.0
160,6.360,289,person,0.6116,883,311,922,391,902.5,351.0,902.5,391.0
160,6.360,242,person,0.5228,720,372,773,459,746.5,415.5,746.5,459.0
160,6.360,1,person,0.7404,1422,510,1473,604,1447.5,557.0,1447.5,604.0
160,6.360,175,person,0.6117,598,405,661,501,629.5,453.0,629.5,501.0
160,6.360,406,person,0.7381,53,366,96,456,74.5,411.0,74.5,456.0
160,6.360,314,person,0.6728,1098,468,1155,572,1126.5,520.0,1126.5,572.0
160,6.360,342,person,0.4636,557,325,600,411,578.5,368.0,578.5,411.0
160,6.360,255,person,0.5179,1478,446,1520,551,1499.0,498.5,1499.0,551.0
160,6.360,341,person,0.4668,804,295,834,359,819.0,327.0,819.0,359.0
160,6.360,2,person,0.7176,851,670,928,807,889.5,738.5,889.5,807.0
160,6.360,345,person,0.4345,719,372,755,455,737.0,413.5,737.0,455.0
160,6.360,334,person,0.6816,188,476,274,580,231.0,528.0,231.0,580.0
160,6.360,321,person,0.3546,1242,351,1281,442,1261.5,396.5,1261.5,442.0
160,6.360,437,person,0.6421,592,406,644,501,618.0,453.5,618.0,501.0
160,6.360,425,person,0.6325,870,672,925,811,897.5,741.5,897.5,811.0
160,6.360,427,person,0.4660,190,473,244,581,217.0,527.0,217.0,581.0
160,6.360,381,person,0.5916,265,463,348,571,306.5,517.0,306.5,571.0
161,6.400,6,person,0.7382,1785,695,1851,833,1818.0,764.0,1818.0,833.0
161,6.400,12,person,0.6978,1391,397,1435,495,1413.0,446.0,1413.0,495.0
161,6.400,136,person,0.3486,1462,363,1501,457,1481.5,410.0,1481.5,457.0
161,6.400,189,person,0.8305,496,513,550,621,523.0,567.0,523.0,621.0
161,6.400,15,person,0.5635,1349,370,1383,453,1366.0,411.5,1366.0,453.0
161,6.400,302,person,0.3489,390,300,433,375,411.5,337.5,411.5,375.0
161,6.400,303,person,0.5535,963,695,1041,828,1002.0,761.5,1002.0,828.0
161,6.400,289,person,0.6169,885,311,924,393,904.5,352.0,904.5,393.0
161,6.400,242,person,0.5244,720,371,776,464,748.0,417.5,748.0,464.0
161,6.400,1,person,0.7521,1421,512,1471,603,1446.0,557.5,1446.0,603.0
161,6.400,406,person,0.6422,64,366,106,453,85.0,409.5,85.0,453.0
161,6.400,314,person,0.7998,1107,466,1160,566,1133.5,516.0,1133.5,566.0
161,6.400,342,person,0.5154,561,327,602,410,581.5,368.5,581.5,410.0
161,6.400,255,person,0.5303,1482,452,1521,552,1501.5,502.0,1501.5,552.0
161,6.400,341,person,0.3879,805,297,834,357,819.5,327.0,819.5,357.0
161,6.400,2,person,0.7409,845,672,921,811,883.0,741.5,883.0,811.0
161,6.400,321,person,0.5021,1247,350,1285,440,1266.0,395.0,1266.0,440.0
161,6.400,437,person,0.7156,596,405,648,502,622.0,453.5,622.0,502.0
161,6.400,427,person,0.7485,187,471,243,583,215.0,527.0,215.0,583.0
161,6.400,381,person,0.6479,266,463,349,572,307.5,517.5,307.5,572.0
161,6.400,432,person,0.4635,1392,395,1425,473,1408.5,434.0,1408.5,473.0
162,6.440,6,person,0.7523,1784,697,1852,838,1818.0,767.5,1818.0,838.0
162,6.440,12,person,0.6662,1394,398,1437,495,1415.5,446.5,1415.5,495.0
162,6.440,136,person,0.2265,1465,363,1503,456,1484.0,409.5,1484.0,456.0
162,6.440,189,person,0.8520,501,514,556,620,528.5,567.0,528.5,620.0
162,6.440,15,person,0.7227,1355,371,1389,456,1372.0,413.5,1372.0,456.0
162,6.440,302,person,0.3766,395,300,437,373,416.0,336.5,416.0,373.0
162,6.440,303,person,0.5723,957,697,1037,833,997.0,765.0,997.0,833.0
162,6.440,289,person,0.5190,888,311,926,391,907.0,351.0,907.0,391.0
162,6.440,242,person,0.5589,720,370,772,458,746.0,414.0,746.0,458.0
162,6.440,1,person,0.8106,1416,514,1468,604,1442.0,559.0,1442.0,604.0
162,6.440,406,person,0.6423,71,365,115,453,93.0,409.0,93.0,453.0
162,6.440,314,person,0.7519,1115,462,1167,563,1141.0,512.5,1141.0,563.0
162,6.440,342,person,0.3620,567,327,604,402,585.5,364.5,585.5,402.0
162,6.440,255,person,0.5435,1485,451,1525,553,1505.0,502.0,1505.0,553.0
162,6.440,341,person,0.3311,805,299,834,363,819.5,331.0,819.5,363.0
162,6.440,2,person,0.8313,838,675,910,812,874.0,743.5,874.0,812.0
162,6.440,321,person,0.3948,1251,353,1289,444,1270.0,398.5,1270.0,444.0
162,6.440,437,person,0.7220,600,403,653,502,626.5,452.5,626.5,502.0
162,6.440,427,person,0.5971,187,471,242,582,214.5,526.5,214.5,582.0
162,6.440,381,person,0.5028,269,462,345,563,307.0,512.5,307.0,563.0
162,6.440,440,person,0.5596,953,699,1020,832,986.5,765.5,986.5,832.0
162,6.440,432,person,0.6909,1395,397,1427,475,1411.0,436.0,1411.0,475.0
162,6.440,345,person,0.3218,723,370,757,450,740.0,410.0,740.0,450.0
163,6.480,6,person,0.8063,1783,698,1852,843,1817.5,770.5,1817.5,843.0
163,6.480,12,person,0.5647,1394,397,1438,493,1416.0,445.0,1416.0,493.0
163,6.480,136,person,0.4347,1465,363,1516,490,1490.5,426.5,1490.5,490.0
163,6.480,189,person,0.7901,508,515,564,620,536.0,567.5,536.0,620.0
163,6.480,15,person,0.7018,1359,371,1394,456,1376.5,413.5,1376.5,456.0
163,6.480,302,person,0.2454,397,299,438,372,417.5,335.5,417.5,372.0
163,6.480,289,person,0.6265,890,308,930,391,910.0,349.5,910.0,391.0
163,6.480,242,person,0.6105,721,368,778,466,749.5,417.0,749.5,466.0
163,6.480,1,person,0.8549,1410,514,1464,605,1437.0,559.5,1437.0,605.0
163,6.480,406,person,0.7308,78,362,124,450,101.0,406.0,101.0,450.0
163,6.480,314,person,0.6303,1122,460,1173,563,1147.5,511.5,1147.5,563.0
163,6.480,342,person,0.4256,569,327,607,406,588.0,366.5,588.0,406.0
163,6.480,255,person,0.4264,1486,444,1529,552,1507.5,498.0,1507.5,552.0
163,6.480,341,person,0.3191,806,299,834,360,820.0,329.5,820.0,360.0
163,6.480,2,person,0.7863,834,678,903,810,868.5,744.0,868.5,810.0
163,6.480,321,person,0.4561,1256,350,1295,444,1275.5,397.0,1275.5,444.0
163,6.480,437,person,0.7031,601,400,656,502,628.5,451.0,628.5,502.0
163,6.480,427,person,0.7035,191,472,246,579,218.5,525.5,218.5,579.0
163,6.480,381,person,0.5249,273,462,351,564,312.0,513.0,312.0,564.0
163,6.480,440,person,0.6286,948,700,1015,833,981.5,766.5,981.5,833.0
163,6.480,432,person,0.6187,1396,396,1430,478,1413.0,437.0,1413.0,478.0
163,6.480,345,person,0.2792,724,369,760,454,742.0,411.5,742.0,454.0
164,6.520,6,person,0.7846,1779,702,1846,844,1812.5,773.0,1812.5,844.0
164,6.520,12,person,0.4276,1397,398,1442,494,1419.5,446.0,1419.5,494.0
164,6.520,136,person,0.5131,1467,362,1532,525,1499.5,443.5,1499.5,525.0
164,6.520,189,person,0.8863,517,516,574,617,545.5,566.5,545.5,617.0
164,6.520,15,person,0.4771,1365,372,1399,457,1382.0,414.5,1382.0,457.0
164,6.520,302,person,0.4028,403,298,445,371,424.0,334.5,424.0,371.0
164,6.520,289,person,0.4573,889,306,929,390,909.0,348.0,909.0,390.0
164,6.520,242,person,0.6550,723,366,782,466,752.5,416.0,752.5,466.0
164,6.520,1,person,0.8092,1405,517,1460,608,1432.5,562.5,1432.5,608.0
164,6.520,406,person,0.6012,83,362,128,450,105.5,406.0,105.5,450.0
164,6.520,314,person,0.7423,1127,456,1178,561,1152.5,508.5,1152.5,561.0
164,6.520,342,person,0.5814,570,325,611,407,590.5,366.0,590.5,407.0
164,6.520,255,person,0.3850,1487,443,1531,550,1509.0,496.5,1509.0,550.0
164,6.520,341,person,0.4645,808,298,840,369,824.0,333.5,824.0,369.0
164,6.520,2,person,0.8562,831,680,899,805,865.0,742.5,865.0,805.0
164,6.520,321,person,0.3526,1259,349,1299,443,1279.0,396.0,1279.0,443.0
164,6.520,437,person,0.7738,603,397,658,501,630.5,449.0,630.5,501.0
164,6.520,427,person,0.8362,196,470,250,574,223.0,522.0,223.0,574.0
164,6.520,381,person,0.6107,274,459,354,562,314.0,510.5,314.0,562.0
164,6.520,440,person,0.8089,938,699,1005,831,971.5,765.0,971.5,831.0
164,6.520,432,person,0.2204,1401,398,1430,466,1415.5,432.0,1415.5,466.0
165,6.560,6,person,0.7058,1779,705,1841,842,1810.0,773.5,1810.0,842.0
165,6.560,12,person,0.3373,1396,394,1442,492,1419.0,443.0,1419.0,492.0
165,6.560,136,person,0.3191,1474,379,1537,538,1505.5,458.5,1505.5,538.0
165,6.560,189,person,0.7932,524,516,583,615,553.5,565.5,553.5,615.0
165,6.560,15,person,0.6347,1368,374,1401,456,1384.5,415.0,1384.5,456.0
165,6.560,302,person,0.4334,412,299,453,369,432.5,334.0,432.5,369.0
165,6.560,289,person,0.4854,885,304,924,387,904.5,345.5,904.5,387.0
165,6.560,242,person,0.5618,723,363,782,462,752.5,412.5,752.5,462.0
165,6.560,1,person,0.7271,1402,516,1458,609,1430.0,562.5,1430.0,609.0
165,6.560,406,person,0.6868,88,362,133,450,110.5,406.0,110.5,450.0
165,6.560,314,person,0.7633,1130,453,1182,560,1156.0,506.5,1156.0,560.0
165,6.560,342,person,0.4904,571,324,613,409,592.0,366.5,592.0,409.0
165,6.560,255,person,0.6862,1489,441,1534,548,1511.5,494.5,1511.5,548.0
165,6.560,341,person,0.4619,806,296,840,371,823.0,333.5,823.0,371.0
165,6.560,2,person,0.8407,824,679,892,800,858.0,739.5,858.0,800.0
165,6.560,321,person,0.3302,1263,349,1302,440,1282.5,394.5,1282.5,440.0
165,6.560,437,person,0.7529,604,395,659,499,631.5,447.0,631.5,499.0
165,6.560,427,person,0.7278,200,467,256,572,228.0,519.5,228.0,572.0
165,6.560,381,person,0.4550,277,458,355,555,316.0,506.5,316.0,555.0
165,6.560,440,person,0.8193,932,698,997,826,964.5,762.0,964.5,826.0
165,6.560,345,person,0.3022,725,364,762,451,743.5,407.5,743.5,451.0
166,6.600,6,person,0.7033,1774,704,1835,838,1804.5,771.0,1804.5,838.0
166,6.600,12,person,0.4076,1398,395,1441,490,1419.5,442.5,1419.5,490.0
166,6.600,136,person,0.6393,1481,411,1537,545,1509.0,478.0,1509.0,545.0
166,6.600,189,person,0.7757,525,516,585,613,555.0,564.5,555.0,613.0
166,6.600,15,person,0.5362,1372,376,1403,454,1387.5,415.0,1387.5,454.0
166,6.600,302,person,0.4769,413,298,455,369,434.0,333.5,434.0,369.0
166,6.600,289,person,0.5464,883,303,921,385,902.0,344.0,902.0,385.0
166,6.600,242,person,0.5501,724,361,783,457,753.5,409.0,753.5,457.0
166,6.600,1,person,0.7195,1400,515,1454,605,1427.0,560.0,1427.0,605.0
166,6.600,406,person,0.6783,92,360,136,448,114.0,404.0,114.0,448.0
166,6.600,314,person,0.6780,1131,452,1183,558,1157.0,505.0,1157.0,558.0
166,6.600,342,person,0.5298,567,321,611,410,589.0,365.5,589.0,410.0
166,6.600,341,person,0.4017,805,294,840,372,822.5,333.0,822.5,372.0
166,6.600,2,person,0.7955,813,677,887,803,850.0,740.0,850.0,803.0
166,6.600,321,person,0.2192,1263,348,1302,439,1282.5,393.5,1282.5,439.0
166,6.600,427,person,0.6692,202,465,261,570,231.5,517.5,231.5,570.0
166,6.600,381,person,0.2733,275,456,353,552,314.0,504.0,314.0,552.0
166,6.600,440,person,0.7851,925,698,990,825,957.5,761.5,957.5,825.0
166,6.600,457,person,0.3375,1264,349,1293,432,1278.5,390.5,1278.5,432.0
166,6.600,345,person,0.2433,725,362,762,447,743.5,404.5,743.5,447.0
166,6.600,175,person,0.7157,598,396,663,496,630.5,446.0,630.5,496.0
167,6.640,6,person,0.8027,1771,703,1833,838,1802.0,770.5,1802.0,838.0
167,6.640,12,person,0.4781,1395,389,1437,485,1416.0,437.0,1416.0,485.0
167,6.640,189,person,0.7943,525,514,586,612,555.5,563.0,555.5,612.0
167,6.640,15,person,0.4152,1375,378,1404,451,1389.5,414.5,1389.5,451.0
167,6.640,302,person,0.3955,414,296,455,366,434.5,331.0,434.5,366.0
167,6.640,289,person,0.6590,882,305,920,385,901.0,345.0,901.0,385.0
167,6.640,1,person,0.8052,1399,514,1451,603,1425.0,558.5,1425.0,603.0
167,6.640,406,person,0.6389,95,360,138,444,116.5,402.0,116.5,444.0
167,6.640,314,person,0.6907,1137,451,1189,555,1163.0,503.0,1163.0,555.0
167,6.640,342,person,0.3577,568,324,611,413,589.5,368.5,589.5,413.0
167,6.640,2,person,0.7135,803,677,880,808,841.5,742.5,841.5,808.0
167,6.640,427,person,0.7498,199,465,260,570,229.5,517.5,229.5,570.0
167,6.640,440,person,0.6801,915,702,984,832,949.5,767.0,949.5,832.0
167,6.640,457,person,0.5479,1266,349,1294,435,1280.0,392.0,1280.0,435.0
167,6.640,345,person,0.4627,725,360,762,448,743.5,404.0,743.5,448.0
167,6.640,463,person,0.3581,1470,362,1511,453,1490.5,407.5,1490.5,453.0
167,6.640,175,person,0.6802,595,397,659,493,627.0,445.0,627.0,493.0
167,6.640,334,person,0.4944,242,457,324,564,283.0,510.5,283.0,564.0
167,6.640,255,person,0.5010,1483,436,1529,542,1506.0,489.0,1506.0,542.0
168,6.680,6,person,0.8475,1767,699,1831,836,1799.0,767.5,1799.0,836.0
168,6.680,12,person,0.5853,1386,380,1434,486,1410.0,433.0,1410.0,486.0
168,6.680,189,person,0.7953,524,513,586,612,555.0,562.5,555.0,612.0
168,6.680,15,person,0.2943,1378,377,1408,452,1393.0,414.5,1393.0,452.0
168,6.680,302,person,0.3416,416,293,459,364,437.5,328.5,437.5,364.0
168,6.680,289,person,0.6883,882,306,918,386,900.0,346.0,900.0,386.0
168,6.680,1,person,0.7965,1396,514,1446,602,1421.0,558.0,1421.0,602.0
168,6.680,406,person,0.7351,99,358,142,443,120.5,400.5,120.5,443.0
168,6.680,314,person,0.7077,1140,449,1193,553,1166.5,501.0,1166.5,553.0
168,6.680,342,person,0.3913,570,325,612,413,591.0,369.0,591.0,413.0
168,6.680,2,person,0.7340,789,680,859,803,824.0,741.5,824.0,803.0
168,6.680,427,person,0.6996,186,465,248,571,217.0,518.0,217.0,571.0
168,6.680,440,person,0.8318,901,702,973,839,937.0,770.5,937.0,839.0
168,6.680,457,person,0.5442,1269,349,1298,436,1283.5,392.5,1283.5,436.0
168,6.680,345,person,0.2782,723,360,760,446,741.5,403.0,741.5,446.0
168,6.680,463,person,0.5147,1470,360,1514,457,1492.0,408.5,1492.0,457.0
168,6.680,175,person,0.6171,588,398,652,494,620.0,446.0,620.0,494.0
168,6.680,334,person,0.6681,251,456,326,559,288.5,507.5,288.5,559.0
168,6.680,255,person,0.5319,1482,437,1529,542,1505.5,489.5,1505.5,542.0
168,6.680,242,person,0.5989,725,359,781,451,753.0,405.0,753.0,451.0
168,6.680,341,person,0.5032,797,291,834,367,815.5,329.0,815.5,367.0
169,6.720,6,person,0.8572,1758,697,1828,842,1793.0,769.5,1793.0,842.0
169,6.720,12,person,0.7280,1383,376,1434,487,1408.5,431.5,1408.5,487.0
169,6.720,189,person,0.6797,523,513,582,608,552.5,560.5,552.5,608.0
169,6.720,302,person,0.3408,418,292,458,361,438.0,326.5,438.0,361.0
169,6.720,289,person,0.7003,880,306,918,388,899.0,347.0,899.0,388.0
169,6.720,1,person,0.8106,1389,513,1440,602,1414.5,557.5,1414.5,602.0
169,6.720,406,person,0.6937,104,355,147,440,125.5,397.5,125.5,440.0
169,6.720,314,person,0.7370,1144,447,1198,552,1171.0,499.5,1171.0,552.0
169,6.720,342,person,0.2928,573,325,612,406,592.5,365.5,592.5,406.0
169,6.720,2,person,0.7287,776,679,844,798,810.0,738.5,810.0,798.0
169,6.720,427,person,0.7575,175,466,237,571,206.0,518.5,206.0,571.0
169,6.720,440,person,0.7538,881,705,955,845,918.0,775.0,918.0,845.0
169,6.720,457,person,0.5435,1269,348,1298,435,1283.5,391.5,1283.5,435.0
169,6.720,345,person,0.4754,724,359,760,444,742.0,401.5,742.0,444.0
169,6.720,463,person,0.5502,1468,359,1516,464,1492.0,411.5,1492.0,464.0
169,6.720,175,person,0.5589,591,399,652,494,621.5,446.5,621.5,494.0
169,6.720,334,person,0.6310,254,453,328,556,291.0,504.5,291.0,556.0
169,6.720,255,person,0.3206,1480,439,1528,542,1504.0,490.5,1504.0,542.0
169,6.720,242,person,0.5060,724,358,778,448,751.0,403.0,751.0,448.0
169,6.720,341,person,0.3616,798,289,836,361,817.0,325.0,817.0,361.0
170,6.760,6,person,0.7900,1752,699,1826,847,1789.0,773.0,1789.0,847.0
170,6.760,12,person,0.6573,1381,373,1434,485,1407.5,429.0,1407.5,485.0
170,6.760,189,person,0.6181,524,510,582,604,553.0,557.0,553.0,604.0
170,6.760,302,person,0.3602,419,292,458,359,438.5,325.5,438.5,359.0
170,6.760,289,person,0.6145,879,305,917,388,898.0,346.5,898.0,388.0
170,6.760,1,person,0.7576,1383,512,1436,604,1409.5,558.0,1409.5,604.0
170,6.760,406,person,0.6701,109,353,152,438,130.5,395.5,130.5,438.0
170,6.760,314,person,0.7582,1148,446,1202,551,1175.0,498.5,1175.0,551.0
170,6.760,342,person,0.5040,576,323,610,393,593.0,358.0,593.0,393.0
170,6.760,2,person,0.7844,767,677,838,801,802.5,739.0,802.5,801.0
170,6.760,427,person,0.7349,170,466,231,569,200.5,517.5,200.5,569.0
170,6.760,440,person,0.7190,870,706,940,843,905.0,774.5,905.0,843.0
170,6.760,457,person,0.4681,1270,349,1300,435,1285.0,392.0,1285.0,435.0
170,6.760,345,person,0.4256,724,359,758,439,741.0,399.0,741.0,439.0
170,6.760,463,person,0.4620,1467,358,1517,470,1492.0,414.0,1492.0,470.0
170,6.760,175,person,0.5125,589,396,649,493,619.0,444.5,619.0,493.0
170,6.760,255,person,0.2889,1476,432,1525,540,1500.5,486.0,1500.5,540.0
170,6.760,242,person,0.4704,721,358,774,447,747.5,402.5,747.5,447.0
171,6.800,6,person,0.6054,1749,702,1822,848,1785.5,775.0,1785.5,848.0
171,6.800,12,person,0.6451,1381,370,1435,484,1408.0,427.0,1408.0,484.0
171,6.800,189,person,0.6455,527,507,584,600,555.5,553.5,555.5,600.0
171,6.800,302,person,0.3536,420,290,457,357,438.5,323.5,438.5,357.0
171,6.800,289,person,0.7600,878,301,916,383,897.0,342.0,897.0,383.0
171,6.800,1,person,0.7295,1380,513,1435,608,1407.5,560.5,1407.5,608.0
171,6.800,406,person,0.6965,111,351,153,436,132.0,393.5,132.0,436.0
171,6.800,314,person,0.7518,1151,444,1204,545,1177.5,494.5,1177.5,545.0
171,6.800,2,person,0.8352,758,676,830,800,794.0,738.0,794.0,800.0
171,6.800,427,person,0.6950,170,465,230,564,200.0,514.5,200.0,564.0
171,6.800,440,person,0.7140,860,704,929,839,894.5,771.5,894.5,839.0
171,6.800,457,person,0.5153,1272,346,1302,435,1287.0,390.5,1287.0,435.0
171,6.800,345,person,0.4765,723,354,759,441,741.0,397.5,741.0,441.0
171,6.800,463,person,0.4705,1465,358,1517,477,1491.0,417.5,1491.0,477.0
171,6.800,175,person,0.5550,589,395,646,492,617.5,443.5,617.5,492.0
171,6.800,255,person,0.3250,1477,437,1521,539,1499.0,488.0,1499.0,539.0
171,6.800,475,person,0.4382,252,448,285,514,268.5,481.0,268.5,514.0
171,6.800,341,person,0.4665,793,288,830,360,811.5,324.0,811.5,360.0
172,6.840,6,person,0.5172,1744,704,1814,845,1779.0,774.5,1779.0,845.0
172,6.840,12,person,0.6449,1379,370,1432,482,1405.5,426.0,1405.5,482.0
172,6.840,189,person,0.7528,529,505,587,602,558.0,553.5,558.0,602.0
172,6.840,302,person,0.4669,422,288,461,360,441.5,324.0,441.5,360.0
172,6.840,289,person,0.7130,875,299,915,382,895.0,340.5,895.0,382.0
172,6.840,1,person,0.7319,1380,513,1434,608,1407.0,560.5,1407.0,608.0
172,6.840,406,person,0.6915,116,352,157,435,136.5,393.5,136.5,435.0
172,6.840,314,person,0.7098,1154,442,1204,540,1179.0,491.0,1179.0,540.0
172,6.840,2,person,0.8530,744,672,819,800,781.5,736.0,781.5,800.0
172,6.840,427,person,0.6986,171,459,236,564,203.5,511.5,203.5,564.0
172,6.840,440,person,0.7314,853,698,921,831,887.0,764.5,887.0,831.0
172,6.840,457,person,0.6069,1272,343,1303,433,1287.5,388.0,1287.5,433.0
172,6.840,345,person,0.3148,723,351,758,432,740.5,391.5,740.5,432.0
172,6.840,463,person,0.5042,1459,355,1527,516,1493.0,435.5,1493.0,516.0
172,6.840,175,person,0.6845,589,391,644,487,616.5,439.0,616.5,487.0
172,6.840,255,person,0.4564,1473,427,1519,535,1496.0,481.0,1496.0,535.0
172,6.840,475,person,0.4062,248,445,280,511,264.0,478.0,264.0,511.0
172,6.840,477,person,0.6894,1740,703,1792,844,1766.0,773.5,1766.0,844.0
172,6.840,341,person,0.5884,791,287,828,361,809.5,324.0,809.5,361.0
172,6.840,342,person,0.3173,576,321,614,400,595.0,360.5,595.0,400.0
172,6.840,242,person,0.5730,719,351,774,444,746.5,397.5,746.5,444.0
173,6.880,12,person,0.6147,1379,370,1431,480,1405.0,425.0,1405.0,480.0
173,6.880,189,person,0.7632,529,502,589,603,559.0,552.5,559.0,603.0
173,6.880,302,person,0.4856,426,287,464,359,445.0,323.0,445.0,359.0
173,6.880,289,person,0.7425,874,299,914,380,894.0,339.5,894.0,380.0
173,6.880,1,person,0.7141,1381,512,1433,605,1407.0,558.5,1407.0,605.0
173,6.880,406,person,0.6990,121,350,160,431,140.5,390.5,140.5,431.0
173,6.880,314,person,0.7002,1156,440,1204,533,1180.0,486.5,1180.0,533.0
173,6.880,2,person,0.7944,730,671,805,801,767.5,736.0,767.5,801.0
173,6.880,427,person,0.6019,174,456,240,559,207.0,507.5,207.0,559.0
173,6.880,440,person,0.6523,846,695,912,821,879.0,758.0,879.0,821.0
173,6.880,457,person,0.6612,1272,340,1305,430,1288.5,385.0,1288.5,430.0
173,6.880,463,person,0.6003,1457,353,1531,531,1494.0,442.0,1494.0,531.0
173,6.880,175,person,0.7333,590,391,643,484,616.5,437.5,616.5,484.0
173,6.880,255,person,0.3503,1473,428,1518,534,1495.5,481.0,1495.5,534.0
173,6.880,475,person,0.4037,243,441,276,508,259.5,474.5,259.5,508.0
173,6.880,477,person,0.7248,1740,703,1790,841,1765.0,772.0,1765.0,841.0
173,6.880,341,person,0.4997,791,284,829,362,810.0,323.0,810.0,362.0
173,6.880,481,person,0.4218,1474,353,1506,475,1490.0,414.0,1490.0,475.0
173,6.880,342,person,0.2418,575,320,613,397,594.0,358.5,594.0,397.0
173,6.880,242,person,0.6974,719,350,774,442,746.5,396.0,746.5,442.0
174,6.920,12,person,0.6368,1380,368,1431,478,1405.5,423.0,1405.5,478.0
174,6.920,189,person,0.7274,530,501,589,602,559.5,551.5,559.5,602.0
174,6.920,302,person,0.4705,430,283,467,355,448.5,319.0,448.5,355.0
174,6.920,289,person,0.6800,868,298,907,379,887.5,338.5,887.5,379.0
174,6.920,1,person,0.7318,1381,511,1433,601,1407.0,556.0,1407.0,601.0
174,6.920,406,person,0.7623,126,348,164,427,145.0,387.5,145.0,427.0
174,6.920,314,person,0.7152,1157,436,1204,531,1180.5,483.5,1180.5,531.0
174,6.920,2,person,0.7826,721,673,793,802,757.0,737.5,757.0,802.0
174,6.920,427,person,0.6271,176,455,243,555,209.5,505.0,209.5,555.0
174,6.920,440,person,0.6982,833,691,907,827,870.0,759.0,870.0,827.0
174,6.920,457,person,0.5819,1273,337,1308,429,1290.5,383.0,1290.5,429.0
174,6.920,463,person,0.6023,1458,352,1531,533,1494.5,442.5,1494.5,533.0
174,6.920,175,person,0.6716,592,389,645,479,618.5,434.0,618.5,479.0
174,6.920,255,person,0.4825,1470,413,1519,529,1494.5,471.0,1494.5,529.0
174,6.920,475,person,0.4852,238,438,274,511,256.0,474.5,256.0,511.0
174,6.920,477,person,0.7123,1734,699,1783,835,1758.5,767.0,1758.5,835.0
174,6.920,341,person,0.5441,790,281,828,360,809.0,320.5,809.0,360.0
174,6.920,481,person,0.2830,1475,351,1507,472,1491.0,411.5,1491.0,472.0
174,6.920,342,person,0.2471,575,320,616,401,595.5,360.5,595.5,401.0
174,6.920,242,person,0.6544,717,349,773,440,745.0,394.5,745.0,440.0
175,6.960,12,person,0.5859,1382,368,1430,473,1406.0,420.5,1406.0,473.0
175,6.960,189,person,0.7702,532,500,589,598,560.5,549.0,560.5,598.0
175,6.960,302,person,0.4979,433,280,470,351,451.5,315.5,451.5,351.0
175,6.960,289,person,0.6054,865,298,903,377,884.0,337.5,884.0,377.0
175,6.960,1,person,0.7244,1381,508,1433,599,1407.0,553.5,1407.0,599.0
175,6.960,406,person,0.7332,133,347,170,424,151.5,385.5,151.5,424.0
175,6.960,314,person,0.7005,1159,434,1206,528,1182.5,481.0,1182.5,528.0
175,6.960,2,person,0.7920,713,674,780,798,746.5,736.0,746.5,798.0
175,6.960,427,person,0.7359,164,451,231,555,197.5,503.0,197.5,555.0
175,6.960,440,person,0.5570,819,691,899,834,859.0,762.5,859.0,834.0
175,6.960,457,person,0.4992,1273,335,1310,428,1291.5,381.5,1291.5,428.0
175,6.960,463,person,0.5992,1459,350,1530,531,1494.5,440.5,1494.5,531.0
175,6.960,175,person,0.6538,591,384,647,476,619.0,430.0,619.0,476.0
175,6.960,255,person,0.3655,1468,404,1519,526,1493.5,465.0,1493.5,526.0
175,6.960,475,person,0.5282,232,436,276,526,254.0,481.0,254.0,526.0
175,6.960,477,person,0.7107,1727,698,1780,841,1753.5,769.5,1753.5,841.0
175,6.960,341,person,0.5093,790,278,829,358,809.5,318.0,809.5,358.0
175,6.960,342,person,0.3185,576,319,617,399,596.5,359.0,596.5,399.0
175,6.960,242,person,0.6582,716,344,773,433,744.5,388.5,744.5,433.0
175,6.960,425,person,0.7030,812,693,873,837,842.5,765.0,842.5,837.0
176,7.000,12,person,0.5932,1383,363,1431,471,1407.0,417.0,1407.0,471.0
176,7.000,189,person,0.7511,534,498,590,595,562.0,546.5,562.0,595.0
176,7.000,302,person,0.3960,437,277,475,348,456.0,312.5,456.0,348.0
176,7.000,289,person,0.6507,865,298,902,377,883.5,337.5,883.5,377.0
176,7.000,1,person,0.6818,1379,506,1434,601,1406.5,553.5,1406.5,601.0
176,7.000,406,person,0.7036,138,345,176,421,157.0,383.0,157.0,421.0
176,7.000,314,person,0.6523,1162,431,1207,525,1184.5,478.0,1184.5,525.0
176,7.000,2,person,0.7392,706,672,771,793,738.5,732.5,738.5,793.0
176,7.000,427,person,0.8009,161,449,224,552,192.5,500.5,192.5,552.0
176,7.000,457,person,0.5517,1275,335,1311,425,1293.0,380.0,1293.0,425.0
176,7.000,463,person,0.5972,1460,350,1530,529,1495.0,439.5,1495.0,529.0
176,7.000,175,person,0.6033,588,376,648,473,618.0,424.5,618.0,473.0
176,7.000,255,person,0.4750,1469,407,1519,523,1494.0,465.0,1494.0,523.0
176,7.000,475,person,0.5573,228,433,276,531,252.0,482.0,252.0,531.0
176,7.000,477,person,0.7659,1720,696,1773,839,1746.5,767.5,1746.5,839.0
176,7.000,341,person,0.4266,790,276,829,356,809.5,316.0,809.5,356.0
176,7.000,242,person,0.5568,718,342,772,425,745.0,383.5,745.0,425.0
176,7.000,483,person,0.3892,435,277,464,342,449.5,309.5,449.5,342.0
176,7.000,486,person,0.4388,1273,335,1304,422,1288.5,378.5,1288.5,422.0
176,7.000,425,person,0.6310,807,694,870,837,838.5,765.5,838.5,837.0
176,7.000,345,person,0.4390,722,341,754,417,738.0,379.0,738.0,417.0
177,7.040,12,person,0.6421,1385,361,1434,472,1409.5,416.5,1409.5,472.0
177,7.040,189,person,0.7216,538,495,589,586,563.5,540.5,563.5,586.0
177,7.040,302,person,0.4248,437,273,476,348,456.5,310.5,456.5,348.0
177,7.040,289,person,0.6604,864,297,901,376,882.5,336.5,882.5,376.0
177,7.040,1,person,0.6537,1376,504,1434,605,1405.0,554.5,1405.0,605.0
177,7.040,406,person,0.7399,142,342,180,418,161.0,380.0,161.0,418.0
177,7.040,314,person,0.6969,1167,431,1211,522,1189.0,476.5,1189.0,522.0
177,7.040,2,person,0.7425,703,673,767,789,735.0,731.0,735.0,789.0
177,7.040,427,person,0.7810,162,447,222,547,192.0,497.0,192.0,547.0
177,7.040,457,person,0.5854,1276,332,1314,423,1295.0,377.5,1295.0,423.0
177,7.040,175,person,0.5928,588,379,646,472,617.0,425.5,617.0,472.0
177,7.040,255,person,0.4014,1473,411,1519,519,1496.0,465.0,1496.0,519.0
177,7.040,475,person,0.5819,227,430,276,527,251.5,478.5,251.5,527.0
177,7.040,477,person,0.7875,1713,695,1768,840,1740.5,767.5,1740.5,840.0
177,7.040,341,person,0.3283,790,276,830,355,810.0,315.5,810.0,355.0
177,7.040,242,person,0.6239,721,339,775,423,748.0,381.0,748.0,423.0
177,7.040,486,person,0.4536,1275,332,1306,420,1290.5,376.0,1290.5,420.0
177,7.040,425,person,0.6255,803,696,865,835,834.0,765.5,834.0,835.0
177,7.040,345,person,0.4536,723,339,757,418,740.0,378.5,740.0,418.0
177,7.040,481,person,0.4652,1483,349,1504,430,1493.5,389.5,1493.5,430.0
178,7.080,12,person,0.6968,1387,354,1438,470,1412.5,412.0,1412.5,470.0
178,7.080,189,person,0.7517,542,492,595,585,568.5,538.5,568.5,585.0
178,7.080,302,person,0.3060,443,269,481,341,462.0,305.0,462.0,341.0
178,7.080,289,person,0.6702,864,295,900,373,882.0,334.0,882.0,373.0
178,7.080,1,person,0.7129,1376,505,1434,607,1405.0,556.0,1405.0,607.0
178,7.080,406,person,0.6096,147,340,184,415,165.5,377.5,165.5,415.0
178,7.080,314,person,0.7191,1171,435,1213,520,1192.0,477.5,1192.0,520.0
178,7.080,2,person,0.7527,692,671,761,790,726.5,730.5,726.5,790.0
178,7.080,427,person,0.7654,165,444,223,542,194.0,493.0,194.0,542.0
178,7.080,457,person,0.6142,1278,330,1315,420,1296.5,375.0,1296.5,420.0
178,7.080,175,person,0.4126,588,379,643,471,615.5,425.0,615.5,471.0
178,7.080,255,person,0.4649,1474,408,1519,516,1496.5,462.0,1496.5,516.0
178,7.080,475,person,0.5920,229,426,281,526,255.0,476.0,255.0,526.0
178,7.080,477,person,0.8128,1707,694,1763,838,1735.0,766.0,1735.0,838.0
178,7.080,341,person,0.2085,788,275,829,351,808.5,313.0,808.5,351.0
178,7.080,242,person,0.5494,719,337,773,422,746.0,379.5,746.0,422.0
178,7.080,425,person,0.6786,794,696,855,834,824.5,765.0,824.5,834.0
178,7.080,345,person,0.4257,723,338,757,416,740.0,377.0,740.0,416.0
178,7.080,481,person,0.4877,1485,348,1507,428,1496.0,388.0,1496.0,428.0
178,7.080,463,person,0.5781,1465,352,1529,522,1497.0,437.0,1497.0,522.0
179,7.120,12,person,0.6712,1391,353,1441,467,1416.0,410.0,1416.0,467.0
179,7.120,189,person,0.7414,549,489,603,585,576.0,537.0,576.0,585.0
179,7.120,302,person,0.2657,448,265,484,333,466.0,299.0,466.0,333.0
179,7.120,289,person,0.6721,866,291,902,372,884.0,331.5,884.0,372.0
179,7.120,1,person,0.7758,1378,506,1431,603,1404.5,554.5,1404.5,603.0
179,7.120,406,person,0.6027,152,338,189,414,170.5,376.0,170.5,414.0
179,7.120,314,person,0.7439,1175,437,1217,522,1196.0,479.5,1196.0,522.0
179,7.120,2,person,0.7913,676,670,748,794,712.0,732.0,712.0,794.0
179,7.120,427,person,0.7760,170,444,227,537,198.5,490.5,198.5,537.0
179,7.120,457,person,0.6748,1280,327,1317,417,1298.5,372.0,1298.5,417.0
179,7.120,175,person,0.5784,588,377,641,469,614.5,423.0,614.5,469.0
179,7.120,475,person,0.4910,231,424,282,516,256.5,470.0,256.5,516.0
179,7.120,477,person,0.7531,1704,693,1759,835,1731.5,764.0,1731.5,835.0
179,7.120,341,person,0.4984,790,275,828,345,809.0,310.0,809.0,345.0
179,7.120,242,person,0.4407,717,334,773,426,745.0,380.0,745.0,426.0
179,7.120,425,person,0.6364,787,693,844,820,815.5,756.5,815.5,820.0
179,7.120,345,person,0.3709,725,336,757,412,741.0,374.0,741.0,412.0
179,7.120,481,person,0.2171,1486,347,1508,422,1497.0,384.5,1497.0,422.0
179,7.120,463,person,0.7457,1468,351,1529,518,1498.5,434.5,1498.5,518.0
180,7.160,12,person,0.6345,1395,353,1443,462,1419.0,407.5,1419.0,462.0
180,7.160,189,person,0.7525,553,488,610,587,581.5,537.5,581.5,587.0
180,7.160,302,person,0.4252,452,263,486,327,469.0,295.0,469.0,327.0
180,7.160,289,person,0.7161,868,290,907,374,887.5,332.0,887.5,374.0
180,7.160,1,person,0.7462,1377,507,1429,603,1403.0,555.0,1403.0,603.0
180,7.160,406,person,0.6492,156,334,193,410,174.5,372.0,174.5,410.0
180,7.160,314,person,0.8070,1177,438,1220,521,1198.5,479.5,1198.5,521.0
180,7.160,2,person,0.7074,671,671,741,795,706.0,733.0,706.0,795.0
180,7.160,427,person,0.8046,171,440,231,534,201.0,487.0,201.0,534.0
180,7.160,457,person,0.7336,1284,326,1320,415,1302.0,370.5,1302.0,415.0
180,7.160,175,person,0.5281,590,373,641,465,615.5,419.0,615.5,465.0
180,7.160,477,person,0.7564,1699,695,1751,832,1725.0,763.5,1725.0,832.0
180,7.160,341,person,0.5365,793,274,829,343,811.0,308.5,811.0,343.0
180,7.160,242,person,0.5512,718,332,776,431,747.0,381.5,747.0,431.0
180,7.160,345,person,0.3843,727,335,760,414,743.5,374.5,743.5,414.0
180,7.160,463,person,0.6293,1471,348,1529,512,1500.0,430.0,1500.0,512.0
180,7.160,440,person,0.7608,771,689,846,826,808.5,757.5,808.5,826.0
180,7.160,255,person,0.5158,1476,406,1520,513,1498.0,459.5,1498.0,513.0
181,7.200,12,person,0.3928,1398,353,1446,461,1422.0,407.0,1422.0,461.0
181,7.200,189,person,0.7819,556,486,616,589,586.0,537.5,586.0,589.0
181,7.200,302,person,0.3589,454,262,491,332,472.5,297.0,472.5,332.0
181,7.200,289,person,0.5584,869,288,909,369,889.0,328.5,889.0,369.0
181,7.200,1,person,0.7778,1378,505,1427,599,1402.5,552.0,1402.5,599.0
181,7.200,406,person,0.5668,161,332,198,407,179.5,369.5,179.5,407.0
181,7.200,314,person,0.8033,1182,437,1226,521,1204.0,479.0,1204.0,521.0
181,7.200,2,person,0.7186,662,671,733,798,697.5,734.5,697.5,798.0
181,7.200,427,person,0.7466,171,436,232,529,201.5,482.5,201.5,529.0
181,7.200,457,person,0.6454,1287,324,1323,413,1305.0,368.5,1305.0,413.0
181,7.200,175,person,0.5949,593,371,642,461,617.5,416.0,617.5,461.0
181,7.200,477,person,0.7939,1694,694,1747,832,1720.5,763.0,1720.5,832.0
181,7.200,341,person,0.5730,795,272,831,344,813.0,308.0,813.0,344.0
181,7.200,242,person,0.5834,720,328,775,423,747.5,375.5,747.5,423.0
181,7.200,345,person,0.3432,727,331,761,412,744.0,371.5,744.0,412.0
181,7.200,463,person,0.5603,1472,346,1530,513,1501.0,429.5,1501.0,513.0
181,7.200,503,person,0.4676,216,418,257,486,236.5,452.0,236.5,486.0
181,7.200,440,person,0.7842,766,687,842,823,804.0,755.0,804.0,823.0
181,7.200,255,person,0.5333,1476,399,1522,513,1499.0,456.0,1499.0,513.0
182,7.240,12,person,0.6087,1400,352,1449,459,1424.5,405.5,1424.5,459.0
182,7.240,189,person,0.8062,557,485,619,591,588.0,538.0,588.0,591.0
182,7.240,302,person,0.4393,460,264,495,330,477.5,297.0,477.5,330.0
182,7.240,289,person,0.5248,864,287,901,361,882.5,324.0,882.5,361.0
182,7.240,1,person,0.7548,1378,502,1427,597,1402.5,549.5,1402.5,597.0
182,7.240,406,person,0.4645,168,330,204,404,186.0,367.0,186.0,404.0
182,7.240,314,person,0.6716,1186,438,1228,514,1207.0,476.0,1207.0,514.0
182,7.240,2,person,0.7379,657,666,724,790,690.5,728.0,690.5,790.0
182,7.240,427,person,0.5964,167,432,233,530,200.0,481.0,200.0,530.0
182,7.240,457,person,0.5724,1289,321,1326,412,1307.5,366.5,1307.5,412.0
182,7.240,175,person,0.6137,597,373,646,462,621.5,417.5,621.5,462.0
182,7.240,477,person,0.8004,1690,693,1743,830,1716.5,761.5,1716.5,830.0
182,7.240,341,person,0.3378,797,271,833,343,815.0,307.0,815.0,343.0
182,7.240,242,person,0.4943,722,325,776,418,749.0,371.5,749.0,418.0
182,7.240,345,person,0.3338,729,326,761,402,745.0,364.0,745.0,402.0
182,7.240,463,person,0.4441,1474,342,1531,512,1502.5,427.0,1502.5,512.0
182,7.240,503,person,0.4403,213,418,260,497,236.5,457.5,236.5,497.0
182,7.240,440,person,0.6880,751,686,829,827,790.0,756.5,790.0,827.0
182,7.240,255,person,0.6098,1478,400,1522,511,1500.0,455.5,1500.0,511.0
182,7.240,425,person,0.4863,762,687,816,805,789.0,746.0,789.0,805.0
183,7.280,12,person,0.4831,1409,353,1456,457,1432.5,405.0,1432.5,457.0
183,7.280,189,person,0.7137,557,483,619,588,588.0,535.5,588.0,588.0
183,7.280,302,person,0.4064,464,263,499,328,481.5,295.5,481.5,328.0
183,7.280,289,person,0.5375,865,286,902,359,883.5,322.5,883.5,359.0
183,7.280,1,person,0.7209,1378,502,1428,598,1403.0,550.0,1403.0,598.0
183,7.280,406,person,0.3268,174,332,209,401,191.5,366.5,191.5,401.0
183,7.280,314,person,0.5637,1186,437,1226,509,1206.0,473.0,1206.0,509.0
183,7.280,2,person,0.7298,652,660,720,788,686.0,724.0,686.0,788.0
183,7.280,427,person,0.7200,156,431,221,531,188.5,481.0,188.5,531.0
183,7.280,457,person,0.5945,1292,320,1328,410,1310.0,365.0,1310.0,410.0
183,7.280,175,person,0.6399,602,374,650,459,626.0,416.5,626.0,459.0
183,7.280,477,person,0.7790,1681,689,1739,830,1710.0,759.5,1710.0,830.0
183,7.280,341,person,0.4092,799,269,834,341,816.5,305.0,816.5,341.0
183,7.280,242,person,0.3432,723,325,774,415,748.5,370.0,748.5,415.0
183,7.280,463,person,0.4736,1476,337,1533,512,1504.5,424.5,1504.5,512.0
183,7.280,503,person,0.5777,209,416,262,507,235.5,461.5,235.5,507.0
183,7.280,440,person,0.7977,740,685,821,831,780.5,758.0,780.5,831.0
183,7.280,255,person,0.5813,1481,399,1525,511,1503.0,455.0,1503.0,511.0
184,7.320,12,person,0.3801,1419,353,1462,447,1440.5,400.0,1440.5,447.0
184,7.320,189,person,0.7646,556,482,616,583,586.0,532.5,586.0,583.0
184,7.320,302,person,0.3631,467,261,504,329,485.5,295.0,485.5,329.0
184,7.320,289,person,0.6291,865,287,903,361,884.0,324.0,884.0,361.0
184,7.320,1,person,0.7105,1377,503,1428,602,1402.5,552.5,1402.5,602.0
184,7.320,406,person,0.3351,179,332,213,399,196.0,365.5,196.0,399.0
184,7.320,314,person,0.5689,1188,437,1226,504,1207.0,470.5,1207.0,504.0
184,7.320,2,person,0.8058,644,657,716,791,680.0,724.0,680.0,791.0
184,7.320,427,person,0.7451,152,430,214,528,183.0,479.0,183.0,528.0
184,7.320,457,person,0.6688,1295,318,1331,407,1313.0,362.5,1313.0,407.0
184,7.320,175,person,0.6758,600,371,650,457,625.0,414.0,625.0,457.0
184,7.320,477,person,0.7551,1675,687,1736,831,1705.5,759.0,1705.5,831.0
184,7.320,341,person,0.3703,801,266,837,340,819.0,303.0,819.0,340.0
184,7.320,463,person,0.5594,1479,335,1534,507,1506.5,421.0,1506.5,507.0
184,7.320,503,person,0.4551,208,409,267,509,237.5,459.0,237.5,509.0
184,7.320,440,person,0.7031,727,692,805,833,766.0,762.5,766.0,833.0
184,7.320,255,person,0.5042,1486,408,1525,507,1505.5,457.5,1505.5,507.0
184,7.320,515,person,0.3802,1397,368,1430,456,1413.5,412.0,1413.5,456.0
184,7.320,516,person,0.6117,589,338,659,456,624.0,397.0,624.0,456.0
184,7.320,345,person,0.4449,732,323,763,396,747.5,359.5,747.5,396.0
185,7.360,12,person,0.3236,1422,354,1465,448,1443.5,401.0,1443.5,448.0
185,7.360,189,person,0.7528,556,481,614,580,585.0,530.5,585.0,580.0
185,7.360,302,person,0.4654,470,257,509,330,489.5,293.5,489.5,330.0
185,7.360,289,person,0.6309,863,286,901,365,882.0,325.5,882.0,365.0
185,7.360,1,person,0.7573,1377,504,1427,603,1402.0,553.5,1402.0,603.0
185,7.360,406,person,0.5555,183,328,218,397,200.5,362.5,200.5,397.0
185,7.360,314,person,0.5525,1188,435,1227,502,1207.5,468.5,1207.5,502.0
185,7.360,2,person,0.8048,632,658,704,792,668.0,725.0,668.0,792.0
185,7.360,427,person,0.6745,149,429,211,525,180.0,477.0,180.0,525.0
185,7.360,457,person,0.6061,1296,318,1333,405,1314.5,361.5,1314.5,405.0
185,7.360,477,person,0.7087,1675,689,1735,829,1705.0,759.0,1705.0,829.0
185,7.360,341,person,0.2940,804,264,837,331,820.5,297.5,820.5,331.0
185,7.360,463,person,0.6474,1481,334,1534,505,1507.5,419.5,1507.5,505.0
185,7.360,503,person,0.5338,210,406,271,509,240.5,457.5,240.5,509.0
185,7.360,440,person,0.6783,720,693,792,830,756.0,761.5,756.0,830.0
185,7.360,255,person,0.5819,1485,393,1529,505,1507.0,449.0,1507.0,505.0
185,7.360,515,person,0.4167,1395,366,1430,457,1412.5,411.5,1412.5,457.0
185,7.360,516,person,0.5606,582,322,661,458,621.5,390.0,621.5,458.0
185,7.360,345,person,0.3509,728,322,762,403,745.0,362.5,745.0,403.0
186,7.400,12,person,0.4373,1429,355,1467,439,1448.0,397.0,1448.0,439.0
186,7.400,189,person,0.7651,557,479,613,575,585.0,527.0,585.0,575.0
186,7.400,302,person,0.4600,473,254,512,327,492.5,290.5,492.5,327.0
186,7.400,289,person,0.5998,863,285,901,363,882.0,324.0,882.0,363.0
186,7.400,1,person,0.7998,1377,507,1425,604,1401.0,555.5,1401.0,604.0
186,7.400,406,person,0.3809,187,327,221,396,204.0,361.5,204.0,396.0
186,7.400,314,person,0.5242,1187,434,1227,502,1207.0,468.0,1207.0,502.0
186,7.400,2,person,0.7850,619,657,693,795,656.0,726.0,656.0,795.0
186,7.400,427,person,0.7585,148,428,212,523,180.0,475.5,180.0,523.0
186,7.400,457,person,0.6363,1298,319,1335,404,1316.5,361.5,1316.5,404.0
186,7.400,477,person,0.6844,1672,694,1728,827,1700.0,760.5,1700.0,827.0
186,7.400,341,person,0.3640,807,265,837,329,822.0,297.0,822.0,329.0
186,7.400,463,person,0.5536,1484,336,1535,502,1509.5,419.0,1509.5,502.0
186,7.400,503,person,0.3245,209,401,270,504,239.5,452.5,239.5,504.0
186,7.400,440,person,0.7238,711,692,782,832,746.5,762.0,746.5,832.0
186,7.400,255,person,0.4638,1487,391,1532,502,1509.5,446.5,1509.5,502.0
186,7.400,515,person,0.6491,1395,363,1430,458,1412.5,410.5,1412.5,458.0
186,7.400,242,person,0.3101,732,323,777,402,754.5,362.5,754.5,402.0
186,7.400,175,person,0.4594,593,352,652,457,622.5,404.5,622.5,457.0
187,7.440,12,person,0.6852,1433,351,1470,435,1451.5,393.0,1451.5,435.0
187,7.440,189,person,0.7766,558,476,615,573,586.5,524.5,586.5,573.0
187,7.440,302,person,0.3238,472,252,516,334,494.0,293.0,494.0,334.0
187,7.440,289,person,0.6225,863,281,900,359,881.5,320.0,881.5,359.0
187,7.440,1,person,0.7245,1377,510,1423,601,1400.0,555.5,1400.0,601.0
187,7.440,406,person,0.2618,192,326,225,392,208.5,359.0,208.5,392.0
187,7.440,314,person,0.4387,1188,432,1228,500,1208.0,466.0,1208.0,500.0
187,7.440,2,person,0.8689,608,660,684,800,646.0,730.0,646.0,800.0
187,7.440,427,person,0.6824,145,425,214,524,179.5,474.5,179.5,524.0
187,7.440,457,person,0.6804,1300,318,1335,402,1317.5,360.0,1317.5,402.0
187,7.440,477,person,0.6750,1665,694,1719,823,1692.0,758.5,1692.0,823.0
187,7.440,341,person,0.4148,808,266,838,328,823.0,297.0,823.0,328.0
187,7.440,463,person,0.5198,1486,337,1535,498,1510.5,417.5,1510.5,498.0
187,7.440,503,person,0.3097,211,402,265,491,238.0,446.5,238.0,491.0
187,7.440,440,person,0.6585,703,690,768,821,735.5,755.5,735.5,821.0
187,7.440,255,person,0.4442,1488,387,1533,499,1510.5,443.0,1510.5,499.0
187,7.440,515,person,0.5636,1394,362,1430,457,1412.0,409.5,1412.0,457.0
187,7.440,242,person,0.4986,733,324,776,402,754.5,363.0,754.5,402.0
187,7.440,175,person,0.5525,591,347,649,456,620.0,401.5,620.0,456.0
188,7.480,12,person,0.6835,1434,351,1472,438,1453.0,394.5,1453.0,438.0
188,7.480,189,person,0.6931,558,473,618,576,588.0,524.5,588.0,576.0
188,7.480,302,person,0.4099,470,252,514,333,492.0,292.5,492.0,333.0
188,7.480,289,person,0.7103,861,277,900,358,880.5,317.5,880.5,358.0
188,7.480,1,person,0.6732,1376,511,1422,600,1399.0,555.5,1399.0,600.0
188,7.480,314,person,0.6092,1188,427,1229,498,1208.5,462.5,1208.5,498.0
188,7.480,2,person,0.8606,599,663,673,800,636.0,731.5,636.0,800.0
188,7.480,427,person,0.6857,143,424,217,526,180.0,475.0,180.0,526.0
188,7.480,457,person,0.6750,1300,317,1335,402,1317.5,359.5,1317.5,402.0
188,7.480,477,person,0.7759,1659,691,1715,823,1687.0,757.0,1687.0,823.0
188,7.480,341,person,0.5546,809,266,841,331,825.0,298.5,825.0,331.0
188,7.480,463,person,0.5820,1487,339,1534,497,1510.5,418.0,1510.5,497.0
188,7.480,440,person,0.7830,698,688,765,818,731.5,753.0,731.5,818.0
188,7.480,255,person,0.4899,1490,389,1532,498,1511.0,443.5,1511.0,498.0
188,7.480,515,person,0.5647,1392,362,1428,454,1410.0,408.0,1410.0,454.0
188,7.480,242,person,0.5610,730,321,775,403,752.5,362.0,752.5,403.0
188,7.480,175,person,0.5773,591,344,648,454,619.5,399.0,619.5,454.0
188,7.480,525,person,0.5064,193,325,236,467,214.5,396.0,214.5,467.0
189,7.520,12,person,0.7073,1437,353,1474,441,1455.5,397.0,1455.5,441.0
189,7.520,189,person,0.7688,561,471,622,576,591.5,523.5,591.5,576.0
189,7.520,302,person,0.4517,475,251,511,320,493.0,285.5,493.0,320.0
189,7.520,289,person,0.5827,861,276,901,357,881.0,316.5,881.0,357.0
189,7.520,1,person,0.7023,1373,510,1422,605,1397.5,557.5,1397.5,605.0
189,7.520,314,person,0.6668,1187,424,1230,499,1208.5,461.5,1208.5,499.0
189,7.520,2,person,0.8235,591,665,664,800,627.5,732.5,627.5,800.0
189,7.520,427,person,0.7404,135,422,206,524,170.5,473.0,170.5,524.0
189,7.520,457,person,0.6006,1301,317,1336,400,1318.5,358.5,1318.5,400.0
189,7.520,477,person,0.7988,1655,690,1712,822,1683.5,756.0,1683.5,822.0
189,7.520,341,person,0.6314,810,265,843,332,826.5,298.5,826.5,332.0
189,7.520,463,person,0.5395,1488,339,1533,494,1510.5,416.5,1510.5,494.0
189,7.520,440,person,0.7913,693,687,760,814,726.5,750.5,726.5,814.0
189,7.520,255,person,0.3547,1490,387,1532,497,1511.0,442.0,1511.0,497.0
189,7.520,515,person,0.5692,1392,362,1427,453,1409.5,407.5,1409.5,453.0
189,7.520,242,person,0.5812,730,319,775,404,752.5,361.5,752.5,404.0
189,7.520,175,person,0.6450,593,344,647,451,620.0,397.5,620.0,451.0
189,7.520,525,person,0.6338,196,325,241,474,218.5,399.5,218.5,474.0
189,7.520,528,person,0.3737,596,306,643,447,619.5,376.5,619.5,447.0
190,7.560,12,person,0.6672,1442,353,1478,439,1460.0,396.0,1460.0,439.0
190,7.560,189,person,0.7535,562,471,625,579,593.5,525.0,593.5,579.0
190,7.560,302,person,0.4553,480,252,512,314,496.0,283.0,496.0,314.0
190,7.560,289,person,0.5877,857,276,895,351,876.0,313.5,876.0,351.0
190,7.560,1,person,0.7201,1371,511,1421,610,1396.0,560.5,1396.0,610.0
190,7.560,314,person,0.7785,1186,421,1231,501,1208.5,461.0,1208.5,501.0
190,7.560,2,person,0.7518,585,664,656,796,620.5,730.0,620.5,796.0
190,7.560,427,person,0.7989,132,421,201,522,166.5,471.5,166.5,522.0
190,7.560,457,person,0.6031,1303,313,1338,400,1320.5,356.5,1320.5,400.0
190,7.560,477,person,0.6756,1651,692,1708,820,1679.5,756.0,1679.5,820.0
190,7.560,341,person,0.6325,812,263,845,332,828.5,297.5,828.5,332.0
190,7.560,463,person,0.5287,1489,339,1531,488,1510.0,413.5,1510.0,488.0
190,7.560,440,person,0.6647,679,685,756,828,717.5,756.5,717.5,828.0
190,7.560,255,person,0.3679,1493,393,1531,494,1512.0,443.5,1512.0,494.0
190,7.560,515,person,0.6162,1393,363,1427,450,1410.0,406.5,1410.0,450.0
190,7.560,242,person,0.4633,731,317,778,405,754.5,361.0,754.5,405.0
190,7.560,175,person,0.7235,598,347,649,449,623.5,398.0,623.5,449.0
190,7.560,525,person,0.4937,197,324,243,479,220.0,401.5,220.0,479.0
191,7.600,12,person,0.6904,1446,355,1480,435,1463.0,395.0,1463.0,435.0
191,7.600,189,person,0.7335,564,471,627,578,595.5,524.5,595.5,578.0
191,7.600,302,person,0.3828,484,253,517,316,500.5,284.5,500.5,316.0
191,7.600,289,person,0.5932,857,275,892,346,874.5,310.5,874.5,346.0
191,7.600,1,person,0.7407,1368,512,1419,612,1393.5,562.0,1393.5,612.0
191,7.600,314,person,0.7804,1188,420,1233,501,1210.5,460.5,1210.5,501.0
191,7.600,2,person,0.8254,584,661,653,790,618.5,725.5,618.5,790.0
191,7.600,427,person,0.7762,133,419,199,518,166.0,468.5,166.0,518.0
191,7.600,457,person,0.4365,1307,310,1340,393,1323.5,351.5,1323.5,393.0
191,7.600,477,person,0.7294,1638,692,1698,820,1668.0,756.0,1668.0,820.0
191,7.600,341,person,0.6218,814,260,848,331,831.0,295.5,831.0,331.0
191,7.600,463,person,0.6295,1491,335,1535,491,1513.0,413.0,1513.0,491.0
191,7.600,440,person,0.6425,671,688,749,831,710.0,759.5,710.0,831.0
191,7.600,515,person,0.6215,1396,364,1429,450,1412.5,407.0,1412.5,450.0
191,7.600,242,person,0.3083,732,314,779,403,755.5,358.5,755.5,403.0
191,7.600,175,person,0.6982,602,350,652,449,627.0,399.5,627.0,449.0
191,7.600,525,person,0.6734,200,377,232,481,216.0,429.0,216.0,481.0
191,7.600,532,person,0.5181,660,684,732,835,696.0,759.5,696.0,835.0
191,7.600,406,person,0.5140,208,319,242,387,225.0,353.0,225.0,387.0
192,7.640,12,person,0.6707,1451,356,1482,431,1466.5,393.5,1466.5,431.0
192,7.640,189,person,0.7508,564,471,626,577,595.0,524.0,595.0,577.0
192,7.640,302,person,0.3355,489,250,521,313,505.0,281.5,505.0,313.0
192,7.640,289,person,0.6189,859,275,894,347,876.5,311.0,876.5,347.0
192,7.640,1,person,0.7199,1367,513,1416,610,1391.5,561.5,1391.5,610.0
192,7.640,314,person,0.6906,1192,419,1235,498,1213.5,458.5,1213.5,498.0
192,7.640,2,person,0.8180,578,659,652,794,615.0,726.5,615.0,794.0
192,7.640,427,person,0.7778,135,419,198,511,166.5,465.0,166.5,511.0
192,7.640,457,person,0.5271,1309,307,1345,393,1327.0,350.0,1327.0,393.0
192,7.640,477,person,0.7830,1639,692,1702,824,1670.5,758.0,1670.5,824.0
192,7.640,341,person,0.4974,817,258,850,328,833.5,293.0,833.5,328.0
192,7.640,463,person,0.7060,1495,332,1538,490,1516.5,411.0,1516.5,490.0
192,7.640,515,person,0.5521,1398,362,1432,449,1415.0,405.5,1415.0,449.0
192,7.640,242,person,0.3765,737,310,781,390,759.0,350.0,759.0,390.0
192,7.640,175,person,0.6568,605,346,657,446,631.0,396.0,631.0,446.0
192,7.640,525,person,0.6541,201,397,227,481,214.0,439.0,214.0,481.0
192,7.640,532,person,0.5952,658,689,727,834,692.5,761.5,692.5,834.0
192,7.640,406,person,0.5664,209,315,246,389,227.5,352.0,227.5,389.0
192,7.640,528,person,0.4461,606,300,654,445,630.0,372.5,630.0,445.0
193,7.680,12,person,0.4906,1457,353,1489,430,1473.0,391.5,1473.0,430.0
193,7.680,189,person,0.7740,565,471,624,575,594.5,523.0,594.5,575.0
193,7.680,302,person,0.3907,494,249,524,309,509.0,279.0,509.0,309.0
193,7.680,289,person,0.6511,860,276,896,353,878.0,314.5,878.0,353.0
193,7.680,1,person,0.7584,1368,514,1415,608,1391.5,561.0,1391.5,608.0
193,7.680,314,person,0.7132,1196,417,1236,494,1216.0,455.5,1216.0,494.0
193,7.680,2,person,0.7881,565,659,639,794,602.0,726.5,602.0,794.0
193,7.680,427,person,0.7049,138,417,203,509,170.5,463.0,170.5,509.0
193,7.680,457,person,0.4766,1312,304,1350,392,1331.0,348.0,1331.0,392.0
193,7.680,477,person,0.7575,1639,693,1701,824,1670.0,758.5,1670.0,824.0
193,7.680,463,person,0.6904,1497,326,1542,487,1519.5,406.5,1519.5,487.0
193,7.680,515,person,0.5081,1401,359,1435,447,1418.0,403.0,1418.0,447.0
193,7.680,242,person,0.3000,737,305,783,389,760.0,347.0,760.0,389.0
193,7.680,175,person,0.5884,608,343,661,443,634.5,393.0,634.5,443.0
193,7.680,532,person,0.6696,656,691,722,831,689.0,761.0,689.0,831.0
193,7.680,406,person,0.4956,217,314,251,383,234.0,348.5,234.0,383.0
193,7.680,539,person,0.4458,1315,304,1346,384,1330.5,344.0,1330.5,384.0
193,7.680,528,person,0.4798,607,298,655,443,631.0,370.5,631.0,443.0
193,7.680,475,person,0.6799,192,392,252,499,222.0,445.5,222.0,499.0
193,7.680,345,person,0.5006,742,304,773,377,757.5,340.5,757.5,377.0
194,7.720,12,person,0.5496,1464,351,1495,428,1479.5,389.5,1479.5,428.0
194,7.720,189,person,0.7327,569,471,625,572,597.0,521.5,597.0,572.0
194,7.720,302,person,0.3841,498,244,528,305,513.0,274.5,513.0,305.0
194,7.720,289,person,0.6487,862,277,897,352,879.5,314.5,879.5,352.0
194,7.720,1,person,0.7522,1370,513,1416,605,1393.0,559.0,1393.0,605.0
194,7.720,314,person,0.7220,1199,416,1238,490,1218.5,453.0,1218.5,490.0
194,7.720,2,person,0.8112,557,661,631,797,594.0,729.0,594.0,797.0
194,7.720,427,person,0.6427,140,415,205,504,172.5,459.5,172.5,504.0
194,7.720,457,person,0.5652,1317,302,1356,390,1336.5,346.0,1336.5,390.0
194,7.720,477,person,0.7235,1637,696,1696,822,1666.5,759.0,1666.5,822.0
194,7.720,463,person,0.6788,1501,325,1545,483,1523.0,404.0,1523.0,483.0
194,7.720,515,person,0.5976,1404,356,1439,447,1421.5,401.5,1421.5,447.0
194,7.720,242,person,0.2387,739,305,785,388,762.0,346.5,762.0,388.0
194,7.720,175,person,0.5770,604,344,657,444,630.5,394.0,630.5,444.0
194,7.720,532,person,0.6380,654,690,710,810,682.0,750.0,682.0,810.0
194,7.720,406,person,0.6154,222,312,256,380,239.0,346.0,239.0,380.0
194,7.720,539,person,0.3875,1318,303,1349,383,1333.5,343.0,1333.5,383.0
194,7.720,475,person,0.5161,191,388,253,493,222.0,440.5,222.0,493.0
194,7.720,345,person,0.3753,745,306,774,374,759.5,340.0,759.5,374.0
195,7.760,12,person,0.4893,1469,351,1500,427,1484.5,389.0,1484.5,427.0
195,7.760,189,person,0.7705,575,472,629,569,602.0,520.5,602.0,569.0
195,7.760,302,person,0.3497,499,243,531,310,515.0,276.5,515.0,310.0
195,7.760,289,person,0.5752,865,276,898,348,881.5,312.0,881.5,348.0
195,7.760,1,person,0.7720,1372,512,1420,606,1396.0,559.0,1396.0,606.0
195,7.760,314,person,0.6823,1203,413,1243,489,1223.0,451.0,1223.0,489.0
195,7.760,2,person,0.8197,552,662,625,801,588.5,731.5,588.5,801.0
195,7.760,427,person,0.6350,138,413,205,503,171.5,458.0,171.5,503.0
195,7.760,457,person,0.5374,1320,303,1358,388,1339.0,345.5,1339.0,388.0
195,7.760,477,person,0.7397,1636,702,1690,820,1663.0,761.0,1663.0,820.0
195,7.760,463,person,0.6957,1504,323,1548,481,1526.0,402.0,1526.0,481.0
195,7.760,515,person,0.5705,1406,354,1442,447,1424.0,400.5,1424.0,447.0
195,7.760,242,person,0.2166,735,307,785,398,760.0,352.5,760.0,398.0
195,7.760,175,person,0.4768,607,344,656,441,631.5,392.5,631.5,441.0
195,7.760,406,person,0.5720,229,310,263,379,246.0,344.5,246.0,379.0
195,7.760,539,person,0.4534,1321,303,1352,382,1336.5,342.5,1336.5,382.0
195,7.760,475,person,0.3749,190,386,246,477,218.0,431.5,218.0,477.0
195,7.760,345,person,0.3881,748,307,775,373,761.5,340.0,761.5,373.0
195,7.760,543,person,0.5029,836,255,863,318,849.5,286.5,849.5,318.0
195,7.760,503,person,0.4848,197,385,257,478,227.0,431.5,227.0,478.0
195,7.760,440,person,0.7442,642,685,716,821,679.0,753.0,679.0,821.0
196,7.800,12,person,0.4780,1474,351,1505,425,1489.5,388.0,1489.5,425.0
196,7.800,189,person,0.8571,581,472,634,568,607.5,520.0,607.5,568.0
196,7.800,302,person,0.3668,504,241,533,303,518.5,272.0,518.5,303.0
196,7.800,289,person,0.5369,868,270,902,345,885.0,307.5,885.0,345.0
196,7.800,1,person,0.7679,1369,513,1418,610,1393.5,561.5,1393.5,610.0
196,7.800,314,person,0.7460,1207,412,1249,492,1228.0,452.0,1228.0,492.0
196,7.800,2,person,0.8214,546,665,618,801,582.0,733.0,582.0,801.0
196,7.800,427,person,0.6489,128,411,195,506,161.5,458.5,161.5,506.0
196,7.800,457,person,0.5951,1325,304,1362,388,1343.5,346.0,1343.5,388.0
196,7.800,477,person,0.7465,1631,704,1687,823,1659.0,763.5,1659.0,823.0
196,7.800,463,person,0.6059,1505,323,1549,479,1527.0,401.0,1527.0,479.0
196,7.800,515,person,0.5021,1406,355,1443,446,1424.5,400.5,1424.5,446.0
196,7.800,242,person,0.5598,744,307,787,388,765.5,347.5,765.5,388.0
196,7.800,175,person,0.4637,611,345,656,436,633.5,390.5,633.5,436.0
196,7.800,406,person,0.6329,234,309,269,381,251.5,345.0,251.5,381.0
196,7.800,475,person,0.4521,186,384,234,463,210.0,423.5,210.0,463.0
196,7.800,345,person,0.3284,750,307,778,376,764.0,341.5,764.0,376.0
196,7.800,543,person,0.3995,838,254,867,323,852.5,288.5,852.5,323.0
196,7.800,503,person,0.2117,195,384,249,465,222.0,424.5,222.0,465.0
196,7.800,440,person,0.8361,637,686,712,822,674.5,754.0,674.5,822.0
196,7.800,15,person,0.6061,1507,355,1555,480,1531.0,417.5,1531.0,480.0
196,7.800,528,person,0.3003,615,300,659,433,637.0,366.5,637.0,433.0
197,7.840,12,person,0.4922,1476,348,1509,427,1492.5,387.5,1492.5,427.0
197,7.840,189,person,0.7544,585,470,641,568,613.0,519.0,613.0,568.0
197,7.840,302,person,0.4495,509,241,541,309,525.0,275.0,525.0,309.0
197,7.840,289,person,0.4603,866,264,904,345,885.0,304.5,885.0,345.0
197,7.840,1,person,0.7987,1365,513,1415,615,1390.0,564.0,1390.0,615.0
197,7.840,314,person,0.6648,1207,410,1253,496,1230.0,453.0,1230.0,496.0
197,7.840,2,person,0.7751,542,665,611,797,576.5,731.0,576.5,797.0
197,7.840,427,person,0.6863,124,411,191,507,157.5,459.0,157.5,507.0
197,7.840,457,person,0.4829,1329,305,1366,387,1347.5,346.0,1347.5,387.0
197,7.840,477,person,0.7845,1629,704,1684,823,1656.5,763.5,1656.5,823.0
197,7.840,463,person,0.5278,1510,328,1552,479,1531.0,403.5,1531.0,479.0
197,7.840,515,person,0.4645,1409,358,1445,445,1427.0,401.5,1427.0,445.0
197,7.840,242,person,0.6072,748,305,789,383,768.5,344.0,768.5,383.0
197,7.840,175,person,0.5312,615,347,658,434,636.5,390.5,636.5,434.0
197,7.840,406,person,0.5492,240,311,274,381,257.0,346.0,257.0,381.0
197,7.840,475,person,0.5906,182,383,232,470,207.0,426.5,207.0,470.0
197,7.840,440,person,0.6937,629,687,706,828,667.5,757.5,667.5,828.0
197,7.840,15,person,0.5332,1513,362,1557,481,1535.0,421.5,1535.0,481.0
197,7.840,528,person,0.2857,620,312,660,431,640.0,371.5,640.0,431.0
198,7.880,12,person,0.5831,1481,347,1515,430,1498.0,388.5,1498.0,430.0
198,7.880,189,person,0.7640,588,468,646,570,617.0,519.0,617.0,570.0
198,7.880,302,person,0.4408,517,243,548,307,532.5,275.0,532.5,307.0
198,7.880,289,person,0.4486,862,259,902,343,882.0,301.0,882.0,343.0
198,7.880,1,person,0.8398,1364,515,1414,616,1389.0,565.5,1389.0,616.0
198,7.880,314,person,0.6195,1211,410,1256,496,1233.5,453.0,1233.5,496.0
198,7.880,2,person,0.7482,541,666,607,794,574.0,730.0,574.0,794.0
198,7.880,427,person,0.7182,125,409,194,507,159.5,458.0,159.5,507.0
198,7.880,457,person,0.5908,1333,303,1369,385,1351.0,344.0,1351.0,385.0
198,7.880,477,person,0.8085,1628,705,1685,823,1656.5,764.0,1656.5,823.0
198,7.880,463,person,0.6118,1512,329,1554,478,1533.0,403.5,1533.0,478.0
198,7.880,515,person,0.5789,1413,359,1448,445,1430.5,402.0,1430.5,445.0
198,7.880,242,person,0.4926,751,302,792,383,771.5,342.5,771.5,383.0
198,7.880,175,person,0.5965,621,346,661,427,641.0,386.5,641.0,427.0
198,7.880,406,person,0.6536,247,312,280,379,263.5,345.5,263.5,379.0
198,7.880,475,person,0.5610,185,384,231,467,208.0,425.5,208.0,467.0
198,7.880,440,person,0.7010,614,691,693,834,653.5,762.5,653.5,834.0
198,7.880,15,person,0.4804,1515,356,1560,480,1537.5,418.0,1537.5,480.0
198,7.880,528,person,0.2478,624,306,664,425,644.0,365.5,644.0,425.0
198,7.880,551,person,0.4793,1509,329,1551,431,1530.0,380.0,1530.0,431.0
199,7.920,12,person,0.5583,1487,347,1520,429,1503.5,388.0,1503.5,429.0
199,7.920,189,person,0.6081,588,467,649,572,618.5,519.5,618.5,572.0
199,7.920,302,person,0.5317,525,242,553,302,539.0,272.0,539.0,302.0
199,7.920,289,person,0.5419,862,255,903,343,882.5,299.0,882.5,343.0
199,7.920,1,person,0.7407,1367,517,1415,613,1391.0,565.0,1391.0,613.0
199,7.920,314,person,0.6225,1216,412,1258,493,1237.0,452.5,1237.0,493.0
199,7.920,2,person,0.7898,535,662,605,798,570.0,730.0,570.0,798.0
199,7.920,427,person,0.5866,130,409,198,504,164.0,456.5,164.0,504.0
199,7.920,457,person,0.6151,1338,304,1373,384,1355.5,344.0,1355.5,384.0
199,7.920,477,person,0.7254,1627,705,1688,826,1657.5,765.5,1657.5,826.0
199,7.920,463,person,0.4544,1518,327,1560,475,1539.0,401.0,1539.0,475.0
199,7.920,515,person,0.6309,1416,362,1450,445,1433.0,403.5,1433.0,445.0
199,7.920,242,person,0.5320,756,299,799,384,777.5,341.5,777.5,384.0
199,7.920,175,person,0.5155,625,349,666,430,645.5,389.5,645.5,430.0
199,7.920,406,person,0.6695,254,311,287,378,270.5,344.5,270.5,378.0
199,7.920,475,person,0.5438,189,385,235,469,212.0,427.0,212.0,469.0
199,7.920,440,person,0.7042,603,692,682,838,642.5,765.0,642.5,838.0
199,7.920,528,person,0.4152,628,306,669,427,648.5,366.5,648.5,427.0
199,7.920,557,person,0.4755,581,466,632,574,606.5,520.0,606.5,574.0
200,7.960,12,person,0.4179,1492,349,1524,428,1508.0,388.5,1508.0,428.0
200,7.960,189,person,0.6566,589,466,650,572,619.5,519.0,619.5,572.0
200,7.960,302,person,0.5144,529,239,558,302,543.5,270.5,543.5,302.0
200,7.960,289,person,0.6445,864,252,908,344,886.0,298.0,886.0,344.0
200,7.960,1,person,0.6628,1370,521,1417,612,1393.5,566.5,1393.5,612.0
200,7.960,314,person,0.7298,1219,413,1260,494,1239.5,453.5,1239.5,494.0
200,7.960,2,person,0.7772,525,662,597,802,561.0,732.0,561.0,802.0
200,7.960,427,person,0.6858,129,408,197,501,163.0,454.5,163.0,501.0
200,7.960,457,person,0.6295,1342,302,1377,383,1359.5,342.5,1359.5,383.0
200,7.960,477,person,0.6920,1623,705,1687,831,1655.0,768.0,1655.0,831.0
200,7.960,463,person,0.3930,1523,337,1562,476,1542.5,406.5,1542.5,476.0
200,7.960,515,person,0.6642,1421,362,1453,441,1437.0,401.5,1437.0,441.0
200,7.960,242,person,0.5677,760,298,804,383,782.0,340.5,782.0,383.0
200,7.960,175,person,0.5366,624,350,671,442,647.5,396.0,647.5,442.0
200,7.960,406,person,0.5155,263,310,295,374,279.0,342.0,279.0,374.0
200,7.960,475,person,0.4875,191,383,233,462,212.0,422.5,212.0,462.0
200,7.960,440,person,0.7357,597,694,672,838,634.5,766.0,634.5,838.0
200,7.960,528,person,0.2256,631,304,675,432,653.0,368.0,653.0,432.0
200,7.960,557,person,0.3312,583,465,633,573,608.0,519.0,608.0,573.0
200,7.960,15,person,0.3906,1526,371,1565,479,1545.5,425.0,1545.5,479.0
201,8.000,12,person,0.3418,1498,350,1530,428,1514.0,389.0,1514.0,428.0
201,8.000,302,person,0.5530,533,237,564,302,548.5,269.5,548.5,302.0
201,8.000,289,person,0.6565,866,250,910,345,888.0,297.5,888.0,345.0
201,8.000,1,person,0.7681,1368,522,1418,617,1393.0,569.5,1393.0,617.0
201,8.000,314,person,0.6843,1222,412,1263,494,1242.5,453.0,1242.5,494.0
201,8.000,2,person,0.8566,518,661,590,803,554.0,732.0,554.0,803.0
201,8.000,427,person,0.7507,122,406,189,501,155.5,453.5,155.5,501.0
201,8.000,457,person,0.6981,1345,301,1380,383,1362.5,342.0,1362.5,383.0
201,8.000,477,person,0.6588,1617,706,1681,830,1649.0,768.0,1649.0,830.0
201,8.000,463,person,0.3783,1525,344,1563,474,1544.0,409.0,1544.0,474.0
201,8.000,515,person,0.5861,1424,360,1457,441,1440.5,400.5,1440.5,441.0
201,8.000,242,person,0.4387,764,295,808,377,786.0,336.0,786.0,377.0
201,8.000,175,person,0.5888,626,349,674,440,650.0,394.5,650.0,440.0
201,8.000,406,person,0.6321,270,309,305,373,287.5,341.0,287.5,373.0
201,8.000,440,person,0.7507,594,696,663,832,628.5,764.0,628.5,832.0
201,8.000,528,person,0.3997,632,301,679,436,655.5,368.5,655.5,436.0
201,8.000,557,person,0.6748,589,467,637,570,613.0,518.5,613.0,570.0
201,8.000,15,person,0.3522,1531,381,1567,477,1549.0,429.0,1549.0,477.0
201,8.000,503,person,0.5755,192,377,255,473,223.5,425.0,223.5,473.0
202,8.040,12,person,0.3717,1503,353,1534,426,1518.5,389.5,1518.5,426.0
202,8.040,302,person,0.3852,539,235,569,297,554.0,266.0,554.0,297.0
202,8.040,289,person,0.6646,870,247,914,343,892.0,295.0,892.0,343.0
202,8.040,1,person,0.7400,1364,522,1416,622,1390.0,572.0,1390.0,622.0
202,8.040,314,person,0.6552,1226,411,1268,496,1247.0,453.5,1247.0,496.0
202,8.040,2,person,0.8070,512,662,585,808,548.5,735.0,548.5,808.0
202,8.040,427,person,0.7797,123,406,188,500,155.5,453.0,155.5,500.0
202,8.040,457,person,0.7202,1349,298,1385,382,1367.0,340.0,1367.0,382.0
202,8.040,477,person,0.6725,1609,706,1674,828,1641.5,767.0,1641.5,828.0
202,8.040,463,person,0.6331,1529,348,1567,476,1548.0,412.0,1548.0,476.0
202,8.040,515,person,0.6473,1426,356,1461,442,1443.5,399.0,1443.5,442.0
202,8.040,242,person,0.3131,768,293,812,374,790.0,333.5,790.0,374.0
202,8.040,175,person,0.4701,626,347,675,440,650.5,393.5,650.5,440.0
202,8.040,406,person,0.5317,276,309,311,371,293.5,340.0,293.5,371.0
202,8.040,440,person,0.8065,591,695,659,828,625.0,761.5,625.0,828.0
202,8.040,528,person,0.2343,634,307,680,436,657.0,371.5,657.0,436.0
202,8.040,557,person,0.7384,590,467,636,566,613.0,516.5,613.0,566.0
202,8.040,15,person,0.2197,1535,378,1572,478,1553.5,428.0,1553.5,478.0
202,8.040,565,person,0.4231,1519,322,1571,457,1545.0,389.5,1545.0,457.0
202,8.040,566,person,0.3754,766,294,795,362,780.5,328.0,780.5,362.0
202,8.040,503,person,0.2826,190,376,251,471,220.5,423.5,220.5,471.0
202,8.040,475,person,0.3057,186,375,234,467,210.0,421.0,210.0,467.0
203,8.080,12,person,0.3791,1511,354,1538,420,1524.5,387.0,1524.5,420.0
203,8.080,302,person,0.3360,542,231,573,296,557.5,263.5,557.5,296.0
203,8.080,289,person,0.7193,874,247,917,343,895.5,295.0,895.5,343.0
203,8.080,1,person,0.8002,1362,523,1414,623,1388.0,573.0,1388.0,623.0
203,8.080,314,person,0.7212,1231,407,1274,495,1252.5,451.0,1252.5,495.0
203,8.080,2,person,0.8152,508,665,578,805,543.0,735.0,543.0,805.0
203,8.080,427,person,0.8114,123,405,186,499,154.5,452.0,154.5,499.0
203,8.080,457,person,0.6340,1353,294,1391,379,1372.0,336.5,1372.0,379.0
203,8.080,477,person,0.8621,1604,707,1670,826,1637.0,766.5,1637.0,826.0
203,8.080,463,person,0.6436,1534,347,1572,473,1553.0,410.0,1553.0,473.0
203,8.080,515,person,0.6228,1429,354,1465,440,1447.0,397.0,1447.0,440.0
203,8.080,242,person,0.3489,770,293,812,370,791.0,331.5,791.0,370.0
203,8.080,175,person,0.5133,633,346,678,431,655.5,388.5,655.5,431.0
203,8.080,406,person,0.5812,280,307,316,369,298.0,338.0,298.0,369.0
203,8.080,440,person,0.8131,590,693,656,820,623.0,756.5,623.0,820.0
203,8.080,557,person,0.7517,591,464,638,562,614.5,513.0,614.5,562.0
203,8.080,566,person,0.4233,770,294,799,361,784.5,327.5,784.5,361.0
203,8.080,503,person,0.2025,190,373,250,466,220.0,419.5,220.0,466.0
203,8.080,475,person,0.3424,186,372,234,466,210.0,419.0,210.0,466.0
204,8.120,12,person,0.3380,1519,352,1548,419,1533.5,385.5,1533.5,419.0
204,8.120,302,person,0.4221,547,230,577,293,562.0,261.5,562.0,293.0
204,8.120,289,person,0.7203,881,247,920,335,900.5,291.0,900.5,335.0
204,8.120,1,person,0.7078,1361,525,1411,620,1386.0,572.5,1386.0,620.0
204,8.120,314,person,0.6386,1235,405,1277,492,1256.0,448.5,1256.0,492.0
204,8.120,2,person,0.7658,505,667,571,802,538.0,734.5,538.0,802.0
204,8.120,427,person,0.7986,126,403,187,495,156.5,449.0,156.5,495.0
204,8.120,457,person,0.5004,1359,295,1396,377,1377.5,336.0,1377.5,377.0
204,8.120,477,person,0.8698,1596,707,1669,831,1632.5,769.0,1632.5,831.0
204,8.120,515,person,0.5681,1432,351,1469,439,1450.5,395.0,1450.5,439.0
204,8.120,242,person,0.5389,772,293,814,373,793.0,333.0,793.0,373.0
204,8.120,175,person,0.5937,638,344,683,429,660.5,386.5,660.5,429.0
204,8.120,406,person,0.3924,283,306,319,367,301.0,336.5,301.0,367.0
204,8.120,440,person,0.7688,587,688,659,821,623.0,754.5,623.0,821.0
204,8.120,566,person,0.5070,775,294,804,362,789.5,328.0,789.5,362.0
204,8.120,475,person,0.4962,189,371,231,456,210.0,413.5,210.0,456.0
204,8.120,189,person,0.7208,594,461,652,560,623.0,510.5,623.0,560.0
204,8.120,15,person,0.4835,1542,361,1585,474,1563.5,417.5,1563.5,474.0
204,8.120,565,person,0.6727,1528,345,1577,473,1552.5,409.0,1552.5,473.0
205,8.160,12,person,0.2329,1524,349,1556,420,1540.0,384.5,1540.0,420.0
205,8.160,302,person,0.4365,555,231,583,290,569.0,260.5,569.0,290.0
205,8.160,289,person,0.7277,887,247,926,334,906.5,290.5,906.5,334.0
205,8.160,1,person,0.7987,1364,526,1411,618,1387.5,572.0,1387.5,618.0
205,8.160,314,person,0.6273,1240,403,1282,492,1261.0,447.5,1261.0,492.0
205,8.160,2,person,0.7500,507,666,570,794,538.5,730.0,538.5,794.0
205,8.160,427,person,0.7977,131,401,191,490,161.0,445.5,161.0,490.0
205,8.160,457,person,0.6344,1365,294,1402,375,1383.5,334.5,1383.5,375.0
205,8.160,477,person,0.8878,1591,710,1668,835,1629.5,772.5,1629.5,835.0
205,8.160,515,person,0.6138,1436,351,1474,436,1455.0,393.5,1455.0,436.0
205,8.160,242,person,0.5160,779,292,819,367,799.0,329.5,799.0,367.0
205,8.160,175,person,0.4865,643,342,683,420,663.0,381.0,663.0,420.0
205,8.160,406,person,0.3668,291,306,327,363,309.0,334.5,309.0,363.0
205,8.160,440,person,0.5966,575,687,649,823,612.0,755.0,612.0,823.0
205,8.160,475,person,0.5716,194,370,234,453,214.0,411.5,214.0,453.0
205,8.160,574,person,0.4390,667,299,706,370,686.5,334.5,686.5,370.0
205,8.160,189,person,0.7451,598,458,657,557,627.5,507.5,627.5,557.0
205,8.160,565,person,0.5283,1532,339,1584,471,1558.0,405.0,1558.0,471.0
205,8.160,425,person,0.7668,592,689,654,802,623.0,745.5,623.0,802.0
206,8.200,302,person,0.3759,563,230,590,287,576.5,258.5,576.5,287.0
206,8.200,289,person,0.6369,893,246,933,334,913.0,290.0,913.0,334.0
206,8.200,1,person,0.8217,1366,527,1415,621,1390.5,574.0,1390.5,621.0
206,8.200,314,person,0.6862,1246,405,1287,492,1266.5,448.5,1266.5,492.0
206,8.200,2,person,0.7500,507,667,580,812,543.5,739.5,543.5,812.0
206,8.200,427,person,0.7735,137,400,198,488,167.5,444.0,167.5,488.0
206,8.200,457,person,0.7505,1372,295,1408,376,1390.0,335.5,1390.0,376.0
206,8.200,477,person,0.6583,1574,710,1652,839,1613.0,774.5,1613.0,839.0
206,8.200,515,person,0.7021,1443,351,1483,438,1463.0,394.5,1463.0,438.0
206,8.200,242,person,0.4963,781,289,825,372,803.0,330.5,803.0,372.0
206,8.200,175,person,0.5182,648,341,685,413,666.5,377.0,666.5,413.0
206,8.200,406,person,0.3811,300,305,336,363,318.0,334.0,318.0,363.0
206,8.200,440,person,0.6064,565,688,635,819,600.0,753.5,600.0,819.0
206,8.200,475,person,0.5816,198,370,237,451,217.5,410.5,217.5,451.0
206,8.200,574,person,0.3397,674,298,711,365,692.5,331.5,692.5,365.0
206,8.200,189,person,0.7565,603,458,663,560,633.0,509.0,633.0,560.0
206,8.200,565,person,0.4408,1534,325,1590,467,1562.0,396.0,1562.0,467.0
206,8.200,463,person,0.5776,1546,345,1585,467,1565.5,406.0,1565.5,467.0
207,8.240,302,person,0.4422,570,229,598,289,584.0,259.0,584.0,289.0
207,8.240,289,person,0.6598,897,246,938,334,917.5,290.0,917.5,334.0
207,8.240,1,person,0.7940,1366,528,1417,624,1391.5,576.0,1391.5,624.0
207,8.240,314,person,0.7022,1255,406,1294,488,1274.5,447.0,1274.5,488.0
207,8.240,2,person,0.6763,502,666,579,815,540.5,740.5,540.5,815.0
207,8.240,427,person,0.7029,139,399,203,488,171.0,443.5,171.0,488.0
207,8.240,457,person,0.5427,1377,294,1413,374,1395.0,334.0,1395.0,374.0
207,8.240,477,person,0.6054,1572,712,1646,836,1609.0,774.0,1609.0,836.0
207,8.240,515,person,0.6871,1449,352,1489,438,1469.0,395.0,1469.0,438.0
207,8.240,242,person,0.5292,786,287,827,367,806.5,327.0,806.5,367.0
207,8.240,175,person,0.6683,653,339,691,413,672.0,376.0,672.0,413.0
207,8.240,406,person,0.5817,308,303,346,361,327.0,332.0,327.0,361.0
207,8.240,440,person,0.5366,560,693,632,829,596.0,761.0,596.0,829.0
207,8.240,475,person,0.6930,204,367,241,445,222.5,406.0,222.5,445.0
207,8.240,574,person,0.4282,681,298,716,362,698.5,330.0,698.5,362.0
207,8.240,189,person,0.6416,601,456,663,561,632.0,508.5,632.0,561.0
207,8.240,565,person,0.4390,1540,328,1593,462,1566.5,395.0,1566.5,462.0
207,8.240,579,person,0.4388,1530,319,1583,422,1556.5,370.5,1556.5,422.0
207,8.240,15,person,0.4009,1561,363,1600,467,1580.5,415.0,1580.5,467.0
208,8.280,302,person,0.4668,580,232,605,286,592.5,259.0,592.5,286.0
208,8.280,289,person,0.6142,901,244,944,333,922.5,288.5,922.5,333.0
208,8.280,1,person,0.7888,1365,530,1418,629,1391.5,579.5,1391.5,629.0
208,8.280,314,person,0.7211,1262,406,1299,485,1280.5,445.5,1280.5,485.0
208,8.280,2,person,0.6983,492,668,564,809,528.0,738.5,528.0,809.0
208,8.280,427,person,0.6757,135,397,199,486,167.0,441.5,167.0,486.0
208,8.280,457,person,0.4681,1384,292,1420,375,1402.0,333.5,1402.0,375.0
208,8.280,477,person,0.7915,1574,713,1648,836,1611.0,774.5,1611.0,836.0
208,8.280,515,person,0.6899,1455,352,1493,435,1474.0,393.5,1474.0,435.0
208,8.280,242,person,0.5647,793,285,839,374,816.0,329.5,816.0,374.0
208,8.280,175,person,0.6683,659,339,699,415,679.0,377.0,679.0,415.0
208,8.280,406,person,0.4965,316,301,351,355,333.5,328.0,333.5,355.0
208,8.280,440,person,0.7003,554,693,626,832,590.0,762.5,590.0,832.0
208,8.280,189,person,0.7246,600,453,661,560,630.5,506.5,630.5,560.0
208,8.280,565,person,0.4551,1545,322,1603,464,1574.0,393.0,1574.0,464.0
208,8.280,579,person,0.4276,1540,326,1592,427,1566.0,376.5,1566.0,427.0
208,8.280,15,person,0.4910,1557,359,1602,469,1579.5,414.0,1579.5,469.0
208,8.280,503,person,0.6089,203,363,264,457,233.5,410.0,233.5,457.0
209,8.320,302,person,0.3573,589,230,614,285,601.5,257.5,601.5,285.0
209,8.320,289,person,0.5566,907,251,947,335,927.0,293.0,927.0,335.0
209,8.320,1,person,0.7935,1363,532,1416,633,1389.5,582.5,1389.5,633.0
209,8.320,314,person,0.6381,1269,406,1305,484,1287.0,445.0,1287.0,484.0
209,8.320,2,person,0.7374,488,670,557,807,522.5,738.5,522.5,807.0
209,8.320,427,person,0.6698,136,397,199,488,167.5,442.5,167.5,488.0
209,8.320,457,person,0.4603,1392,292,1424,367,1408.0,329.5,1408.0,367.0
209,8.320,477,person,0.7476,1573,713,1647,834,1610.0,773.5,1610.0,834.0
209,8.320,515,person,0.6995,1459,351,1498,437,1478.5,394.0,1478.5,437.0
209,8.320,242,person,0.5150,798,285,846,378,822.0,331.5,822.0,378.0
209,8.320,175,person,0.6615,665,334,709,416,687.0,375.0,687.0,416.0
209,8.320,406,person,0.3329,324,301,359,353,341.5,327.0,341.5,353.0
209,8.320,440,person,0.6945,554,694,622,825,588.0,759.5,588.0,825.0
209,8.320,189,person,0.7237,603,453,662,559,632.5,506.0,632.5,559.0
209,8.320,565,person,0.5679,1552,318,1610,459,1581.0,388.5,1581.0,459.0
209,8.320,579,person,0.4906,1548,318,1605,427,1576.5,372.5,1576.5,427.0
209,8.320,591,person,0.4391,997,1021,1127,1079,1062.0,1050.0,1062.0,1079.0
209,8.320,503,person,0.4439,209,361,269,452,239.0,406.5,239.0,452.0
209,8.320,574,person,0.4441,699,297,729,351,714.0,324.0,714.0,351.0
210,8.360,302,person,0.4326,597,227,623,282,610.0,254.5,610.0,282.0
210,8.360,289,person,0.5293,913,262,949,338,931.0,300.0,931.0,338.0
210,8.360,1,person,0.7502,1365,536,1416,633,1390.5,584.5,1390.5,633.0
210,8.360,314,person,0.6578,1278,406,1313,484,1295.5,445.0,1295.5,484.0
210,8.360,2,person,0.7538,487,672,555,807,521.0,739.5,521.0,807.0
210,8.360,427,person,0.7462,137,394,199,486,168.0,440.0,168.0,486.0
210,8.360,457,person,0.4863,1400,288,1434,369,1417.0,328.5,1417.0,369.0
210,8.360,477,person,0.7571,1573,712,1650,835,1611.5,773.5,1611.5,835.0
210,8.360,515,person,0.6361,1465,350,1505,437,1485.0,393.5,1485.0,437.0
210,8.360,242,person,0.3922,805,282,855,375,830.0,328.5,830.0,375.0
210,8.360,175,person,0.6777,667,331,711,417,689.0,374.0,689.0,417.0
210,8.360,406,person,0.2619,331,299,367,356,349.0,327.5,349.0,356.0
210,8.360,440,person,0.7189,551,692,617,819,584.0,755.5,584.0,819.0
210,8.360,189,person,0.7263,609,454,667,559,638.0,506.5,638.0,559.0
210,8.360,565,person,0.5811,1559,316,1620,463,1589.5,389.5,1589.5,463.0
210,8.360,579,person,0.4154,1556,317,1614,429,1585.0,373.0,1585.0,429.0
210,8.360,591,person,0.3981,1003,1018,1140,1079,1071.5,1048.5,1071.5,1079.0
210,8.360,503,person,0.3318,210,360,263,441,236.5,400.5,236.5,441.0
210,8.360,574,person,0.3054,705,299,734,350,719.5,324.5,719.5,350.0
211,8.400,302,person,0.3342,607,227,631,277,619.0,252.0,619.0,277.0
211,8.400,289,person,0.5130,918,263,952,337,935.0,300.0,935.0,337.0
211,8.400,1,person,0.6985,1369,537,1419,632,1394.0,584.5,1394.0,632.0
211,8.400,314,person,0.6400,1285,405,1322,486,1303.5,445.5,1303.5,486.0
211,8.400,2,person,0.6845,488,671,553,801,520.5,736.0,520.5,801.0
211,8.400,427,person,0.7428,142,394,202,483,172.0,438.5,172.0,483.0
211,8.400,457,person,0.4809,1409,287,1445,370,1427.0,328.5,1427.0,370.0
211,8.400,477,person,0.8745,1569,707,1651,834,1610.0,770.5,1610.0,834.0
211,8.400,515,person,0.5697,1473,350,1512,438,1492.5,394.0,1492.5,438.0
211,8.400,242,person,0.4428,814,281,860,366,837.0,323.5,837.0,366.0
211,8.400,175,person,0.6759,673,332,718,418,695.5,375.0,695.5,418.0
211,8.400,406,person,0.2377,338,301,378,364,358.0,332.5,358.0,364.0
211,8.400,440,person,0.7366,550,691,618,815,584.0,753.0,584.0,815.0
211,8.400,189,person,0.7463,617,454,671,554,644.0,504.0,644.0,554.0
211,8.400,565,person,0.6583,1568,315,1632,468,1600.0,391.5,1600.0,468.0
211,8.400,591,person,0.5948,1014,1017,1156,1079,1085.0,1048.0,1085.0,1079.0
211,8.400,503,person,0.3106,214,358,266,441,240.0,399.5,240.0,441.0
211,8.400,574,person,0.3323,714,298,744,352,729.0,325.0,729.0,352.0
211,8.400,15,person,0.3630,1577,357,1626,468,1601.5,412.5,1601.5,468.0
212,8.440,302,person,0.3960,618,224,642,275,630.0,249.5,630.0,275.0
212,8.440,289,person,0.5316,926,262,960,336,943.0,299.0,943.0,336.0
212,8.440,1,person,0.7121,1370,538,1423,637,1396.5,587.5,1396.5,637.0
212,8.440,314,person,0.5801,1292,403,1330,489,1311.0,446.0,1311.0,489.0
212,8.440,2,person,0.7251,491,667,567,819,529.0,743.0,529.0,819.0
212,8.440,427,person,0.6652,150,391,211,481,180.5,436.0,180.5,481.0
212,8.440,457,person,0.4536,1417,286,1454,371,1435.5,328.5,1435.5,371.0
212,8.440,477,person,0.7496,1564,707,1649,834,1606.5,770.5,1606.5,834.0
212,8.440,515,person,0.6610,1481,348,1521,438,1501.0,393.0,1501.0,438.0
212,8.440,175,person,0.6322,682,330,725,415,703.5,372.5,703.5,415.0
212,8.440,440,person,0.6828,550,692,621,816,585.5,754.0,585.5,816.0
212,8.440,189,person,0.7893,625,454,679,549,652.0,501.5,652.0,549.0
212,8.440,591,person,0.7188,1031,1017,1173,1079,1102.0,1048.0,1102.0,1079.0
212,8.440,503,person,0.5428,222,356,270,433,246.0,394.5,246.0,433.0
212,8.440,574,person,0.4736,723,297,754,354,738.5,325.5,738.5,354.0
213,8.480,302,person,0.2219,627,225,651,273,639.0,249.0,639.0,273.0
213,8.480,289,person,0.6285,934,258,967,330,950.5,294.0,950.5,330.0
213,8.480,1,person,0.7852,1369,541,1424,643,1396.5,592.0,1396.5,643.0
213,8.480,314,person,0.5799,1302,405,1336,482,1319.0,443.5,1319.0,482.0
213,8.480,2,person,0.7264,486,666,557,811,521.5,738.5,521.5,811.0
213,8.480,427,person,0.6891,156,385,220,478,188.0,431.5,188.0,478.0
213,8.480,457,person,0.3113,1426,286,1462,367,1444.0,326.5,1444.0,367.0
213,8.480,477,person,0.6393,1552,705,1637,834,1594.5,769.5,1594.5,834.0
213,8.480,515,person,0.4880,1487,349,1528,438,1507.5,393.5,1507.5,438.0
213,8.480,175,person,0.6941,692,330,733,414,712.5,372.0,712.5,414.0
213,8.480,440,person,0.5893,546,690,625,827,585.5,758.5,585.5,827.0
213,8.480,189,person,0.8018,633,453,688,548,660.5,500.5,660.5,548.0
213,8.480,591,person,0.6861,1046,1015,1192,1080,1119.0,1047.5,1119.0,1080.0
213,8.480,503,person,0.5197,229,354,276,433,252.5,393.5,252.5,433.0
213,8.480,574,person,0.4935,729,294,764,359,746.5,326.5,746.5,359.0
213,8.480,425,person,0.7255,533,688,607,830,570.0,759.0,570.0,830.0
213,8.480,579,person,0.4001,1578,311,1632,416,1605.0,363.5,1605.0,416.0
213,8.480,242,person,0.4238,831,280,872,357,851.5,318.5,851.5,357.0
214,8.520,302,person,0.2235,637,225,662,274,649.5,249.5,649.5,274.0
214,8.520,289,person,0.5526,942,259,976,332,959.0,295.5,959.0,332.0
214,8.520,1,person,0.8378,1367,542,1424,648,1395.5,595.0,1395.5,648.0
214,8.520,314,person,0.6907,1309,405,1345,487,1327.0,446.0,1327.0,487.0
214,8.520,2,person,0.7172,482,666,553,813,517.5,739.5,517.5,813.0
214,8.520,427,person,0.7507,161,385,225,476,193.0,430.5,193.0,476.0
214,8.520,457,person,0.4355,1433,284,1470,368,1451.5,326.0,1451.5,368.0
214,8.520,477,person,0.5311,1541,705,1621,832,1581.0,768.5,1581.0,832.0
214,8.520,515,person,0.6047,1496,349,1535,434,1515.5,391.5,1515.5,434.0
214,8.520,175,person,0.6235,701,331,740,410,720.5,370.5,720.5,410.0
214,8.520,440,person,0.5778,541,693,606,806,573.5,749.5,573.5,806.0
214,8.520,189,person,0.7625,637,451,695,549,666.0,500.0,666.0,549.0
214,8.520,591,person,0.6958,1059,1012,1209,1080,1134.0,1046.0,1134.0,1080.0
214,8.520,503,person,0.6070,235,350,284,434,259.5,392.0,259.5,434.0
214,8.520,574,person,0.4959,739,293,772,352,755.5,322.5,755.5,352.0
214,8.520,425,person,0.4131,526,690,601,834,563.5,762.0,563.5,834.0
214,8.520,579,person,0.5059,1588,311,1639,412,1613.5,361.5,1613.5,412.0
214,8.520,242,person,0.4334,839,280,877,354,858.0,317.0,858.0,354.0
214,8.520,406,person,0.5231,367,296,405,356,386.0,326.0,386.0,356.0
214,8.520,15,person,0.5727,1611,360,1658,466,1634.5,413.0,1634.5,466.0
215,8.560,302,person,0.3599,645,224,673,277,659.0,250.5,659.0,277.0
215,8.560,289,person,0.6693,947,256,984,333,965.5,294.5,965.5,333.0
215,8.560,1,person,0.8367,1367,543,1423,650,1395.0,596.5,1395.0,650.0
215,8.560,314,person,0.6161,1316,408,1352,489,1334.0,448.5,1334.0,489.0
215,8.560,2,person,0.7274,478,668,548,813,513.0,740.5,513.0,813.0
215,8.560,427,person,0.6847,161,385,224,476,192.5,430.5,192.5,476.0
215,8.560,457,person,0.4442,1443,285,1477,365,1460.0,325.0,1460.0,365.0
215,8.560,477,person,0.6750,1538,707,1617,831,1577.5,769.0,1577.5,831.0
215,8.560,515,person,0.6241,1505,349,1544,433,1524.5,391.0,1524.5,433.0
215,8.560,175,person,0.6695,709,328,748,406,728.5,367.0,728.5,406.0
215,8.560,440,person,0.5687,531,696,603,824,567.0,760.0,567.0,824.0
215,8.560,189,person,0.7768,639,451,700,550,669.5,500.5,669.5,550.0
215,8.560,591,person,0.7399,1075,1008,1230,1079,1152.5,1043.5,1152.5,1079.0
215,8.560,503,person,0.7022,242,347,289,428,265.5,387.5,265.5,428.0
215,8.560,574,person,0.4280,749,295,779,351,764.0,323.0,764.0,351.0
215,8.560,579,person,0.5345,1593,311,1646,417,1619.5,364.0,1619.5,417.0
215,8.560,242,person,0.4224,847,279,885,354,866.0,316.5,866.0,354.0
215,8.560,406,person,0.6004,376,294,413,354,394.5,324.0,394.5,354.0
215,8.560,15,person,0.3647,1617,368,1663,465,1640.0,416.5,1640.0,465.0
216,8.600,302,person,0.4692,654,223,681,276,667.5,249.5,667.5,276.0
216,8.600,289,person,0.6813,953,256,989,330,971.0,293.0,971.0,330.0
216,8.600,1,person,0.8250,1369,544,1425,653,1397.0,598.5,1397.0,653.0
216,8.600,314,person,0.7141,1323,412,1360,493,1341.5,452.5,1341.5,493.0
216,8.600,2,person,0.8305,478,671,545,812,511.5,741.5,511.5,812.0
216,8.600,427,person,0.7291,162,384,225,476,193.5,430.0,193.5,476.0
216,8.600,457,person,0.4899,1452,286,1486,365,1469.0,325.5,1469.0,365.0
216,8.600,477,person,0.6503,1538,707,1616,830,1577.0,768.5,1577.0,830.0
216,8.600,515,person,0.6028,1511,350,1549,433,1530.0,391.5,1530.0,433.0
216,8.600,175,person,0.7120,718,327,759,408,738.5,367.5,738.5,408.0
216,8.600,440,person,0.7112,530,702,599,828,564.5,765.0,564.5,828.0
216,8.600,189,person,0.7398,642,451,702,548,672.0,499.5,672.0,548.0
216,8.600,591,person,0.6833,1092,1007,1248,1079,1170.0,1043.0,1170.0,1079.0
216,8.600,503,person,0.4785,247,344,294,426,270.5,385.0,270.5,426.0
216,8.600,574,person,0.4949,758,297,790,356,774.0,326.5,774.0,356.0
216,8.600,579,person,0.5886,1600,312,1654,422,1627.0,367.0,1627.0,422.0
216,8.600,242,person,0.5113,856,276,889,345,872.5,310.5,872.5,345.0
216,8.600,406,person,0.5382,385,293,422,352,403.5,322.5,403.5,352.0
216,8.600,629,person,0.7214,253,345,307,433,280.0,389.0,280.0,433.0
217,8.640,302,person,0.3314,664,222,691,273,677.5,247.5,677.5,273.0
217,8.640,289,person,0.4747,962,256,996,327,979.0,291.5,979.0,327.0
217,8.640,1,person,0.8366,1375,547,1428,649,1401.5,598.0,1401.5,649.0
217,8.640,314,person,0.7579,1332,412,1369,493,1350.5,452.5,1350.5,493.0
217,8.640,2,person,0.6497,480,674,543,811,511.5,742.5,511.5,811.0
217,8.640,427,person,0.8238,168,384,229,475,198.5,429.5,198.5,475.0
217,8.640,457,person,0.4994,1462,286,1496,366,1479.0,326.0,1479.0,366.0
217,8.640,477,person,0.8280,1535,708,1615,833,1575.0,770.5,1575.0,833.0
217,8.640,515,person,0.6720,1518,349,1556,433,1537.0,391.0,1537.0,433.0
217,8.640,175,person,0.6000,728,327,769,408,748.5,367.5,748.5,408.0
217,8.640,440,person,0.7856,531,702,598,828,564.5,765.0,564.5,828.0
217,8.640,189,person,0.6965,638,451,698,550,668.0,500.5,668.0,550.0
217,8.640,591,person,0.7205,1113,1005,1270,1080,1191.5,1042.5,1191.5,1080.0
217,8.640,503,person,0.4589,253,341,299,423,276.0,382.0,276.0,423.0
217,8.640,574,person,0.4711,766,298,799,357,782.5,327.5,782.5,357.0
217,8.640,579,person,0.4571,1608,314,1664,428,1636.0,371.0,1636.0,428.0
217,8.640,242,person,0.4518,863,277,897,345,880.0,311.0,880.0,345.0
217,8.640,406,person,0.5555,395,292,432,352,413.5,322.0,413.5,352.0
217,8.640,629,person,0.7171,259,343,316,434,287.5,388.5,287.5,434.0
217,8.640,543,person,0.4855,866,279,900,357,883.0,318.0,883.0,357.0
217,8.640,15,person,0.5629,1645,376,1686,464,1665.5,420.0,1665.5,464.0
218,8.680,302,person,0.4584,672,220,702,277,687.0,248.5,687.0,277.0
218,8.680,289,person,0.6744,968,256,1003,330,985.5,293.0,985.5,330.0
218,8.680,1,person,0.7930,1378,549,1432,651,1405.0,600.0,1405.0,651.0
218,8.680,314,person,0.6550,1341,410,1378,493,1359.5,451.5,1359.5,493.0
218,8.680,2,person,0.6779,481,677,540,805,510.5,741.0,510.5,805.0
218,8.680,427,person,0.8048,175,383,236,474,205.5,428.5,205.5,474.0
218,8.680,457,person,0.4983,1473,289,1505,364,1489.0,326.5,1489.0,364.0
218,8.680,477,person,0.8197,1531,708,1614,836,1572.5,772.0,1572.5,836.0
218,8.680,515,person,0.5972,1526,348,1565,435,1545.5,391.5,1545.5,435.0
218,8.680,175,person,0.7082,734,327,777,409,755.5,368.0,755.5,409.0
218,8.680,440,person,0.8077,529,698,598,825,563.5,761.5,563.5,825.0
218,8.680,189,person,0.7739,642,455,698,549,670.0,502.0,670.0,549.0
218,8.680,591,person,0.6952,1132,1002,1290,1080,1211.0,1041.0,1211.0,1080.0
218,8.680,503,person,0.5507,257,341,305,428,281.0,384.5,281.0,428.0
218,8.680,574,person,0.4226,774,298,809,362,791.5,330.0,791.5,362.0
218,8.680,579,person,0.5672,1620,314,1673,425,1646.5,369.5,1646.5,425.0
218,8.680,242,person,0.3944,872,277,903,342,887.5,309.5,887.5,342.0
218,8.680,406,person,0.5728,404,291,441,350,422.5,320.5,422.5,350.0
218,8.680,629,person,0.4830,268,342,323,429,295.5,385.5,295.5,429.0
218,8.680,15,person,0.5683,1655,380,1696,465,1675.5,422.5,1675.5,465.0
219,8.720,302,person,0.2565,681,220,709,274,695.0,247.0,695.0,274.0
219,8.720,289,person,0.6985,976,257,1011,330,993.5,293.5,993.5,330.0
219,8.720,1,person,0.7333,1376,551,1434,658,1405.0,604.5,1405.0,658.0
219,8.720,314,person,0.7204,1349,411,1387,496,1368.0,453.5,1368.0,496.0
219,8.720,2,person,0.6713,483,679,546,811,514.5,745.0,514.5,811.0
219,8.720,427,person,0.8448,181,381,243,469,212.0,425.0,212.0,469.0
219,8.720,457,person,0.6059,1482,288,1515,366,1498.5,327.0,1498.5,366.0
219,8.720,477,person,0.6427,1523,709,1609,838,1566.0,773.5,1566.0,838.0
219,8.720,515,person,0.6105,1534,349,1574,437,1554.0,393.0,1554.0,437.0
219,8.720,175,person,0.6244,735,325,778,408,756.5,366.5,756.5,408.0
219,8.720,440,person,0.7854,536,697,602,817,569.0,757.0,569.0,817.0
219,8.720,189,person,0.7832,647,453,702,547,674.5,500.0,674.5,547.0
219,8.720,591,person,0.7128,1154,1000,1311,1079,1232.5,1039.5,1232.5,1079.0
219,8.720,503,person,0.4892,260,341,308,430,284.0,385.5,284.0,430.0
219,8.720,574,person,0.4978,783,298,818,360,800.5,329.0,800.5,360.0
219,8.720,579,person,0.5245,1629,317,1682,430,1655.5,373.5,1655.5,430.0
219,8.720,242,person,0.4561,880,275,911,340,895.5,307.5,895.5,340.0
219,8.720,406,person,0.5452,415,292,451,350,433.0,321.0,433.0,350.0
219,8.720,629,person,0.2167,273,342,327,427,300.0,384.5,300.0,427.0
219,8.720,15,person,0.6812,1667,379,1709,468,1688.0,423.5,1688.0,468.0
219,8.720,638,person,0.5857,581,1027,640,1080,610.5,1053.5,610.5,1080.0
220,8.760,302,person,0.2577,692,219,718,271,705.0,245.0,705.0,271.0
220,8.760,289,person,0.5239,985,257,1018,330,1001.5,293.5,1001.5,330.0
220,8.760,1,person,0.6971,1372,552,1433,667,1402.5,609.5,1402.5,667.0
220,8.760,314,person,0.7106,1357,410,1395,496,1376.0,453.0,1376.0,496.0
220,8.760,2,person,0.6881,478,680,543,813,510.5,746.5,510.5,813.0
220,8.760,427,person,0.6685,186,380,245,464,215.5,422.0,215.5,464.0
220,8.760,457,person,0.5027,1491,288,1523,366,1507.0,327.0,1507.0,366.0
220,8.760,477,person,0.6330,1509,708,1594,839,1551.5,773.5,1551.5,839.0
220,8.760,515,person,0.5766,1543,350,1584,440,1563.5,395.0,1563.5,440.0
220,8.760,175,person,0.5685,741,327,783,410,762.0,368.5,762.0,410.0
220,8.760,440,person,0.7800,540,697,604,808,572.0,752.5,572.0,808.0
220,8.760,189,person,0.8154,653,452,709,546,681.0,499.0,681.0,546.0
220,8.760,591,person,0.7839,1171,997,1328,1080,1249.5,1038.5,1249.5,1080.0
220,8.760,503,person,0.5511,266,340,313,430,289.5,385.0,289.5,430.0
220,8.760,574,person,0.5860,790,296,830,370,810.0,333.0,810.0,370.0
220,8.760,579,person,0.3186,1637,316,1692,434,1664.5,375.0,1664.5,434.0
220,8.760,242,person,0.3047,889,277,918,339,903.5,308.0,903.5,339.0
220,8.760,406,person,0.6875,425,292,461,349,443.0,320.5,443.0,349.0
220,8.760,15,person,0.6788,1677,381,1719,471,1698.0,426.0,1698.0,471.0
220,8.760,638,person,0.6628,593,1024,655,1080,624.0,1052.0,624.0,1080.0
221,8.800,302,person,0.3455,701,221,728,276,714.5,248.5,714.5,276.0
221,8.800,289,person,0.4344,993,257,1025,328,1009.0,292.5,1009.0,328.0
221,8.800,1,person,0.7570,1371,557,1430,671,1400.5,614.0,1400.5,671.0
221,8.800,314,person,0.7410,1364,412,1403,498,1383.5,455.0,1383.5,498.0
221,8.800,2,person,0.6742,470,679,536,811,503.0,745.0,503.0,811.0
221,8.800,427,person,0.6849,182,380,239,463,210.5,421.5,210.5,463.0
221,8.800,457,person,0.6050,1500,287,1532,366,1516.0,326.5,1516.0,366.0
221,8.800,477,person,0.6652,1508,708,1592,840,1550.0,774.0,1550.0,840.0
221,8.800,515,person,0.3553,1551,350,1593,439,1572.0,394.5,1572.0,439.0
221,8.800,175,person,0.6928,749,326,790,408,769.5,367.0,769.5,408.0
221,8.800,440,person,0.4580,526,699,586,806,556.0,752.5,556.0,806.0
221,8.800,189,person,0.7904,659,450,716,544,687.5,497.0,687.5,544.0
221,8.800,591,person,0.7577,1189,995,1342,1080,1265.5,1037.5,1265.5,1080.0
221,8.800,503,person,0.6810,276,340,320,428,298.0,384.0,298.0,428.0
221,8.800,574,person,0.4840,797,298,838,372,817.5,335.0,817.5,372.0
221,8.800,579,person,0.4670,1644,313,1699,432,1671.5,372.5,1671.5,432.0
221,8.800,242,person,0.3811,896,279,924,339,910.0,309.0,910.0,339.0
221,8.800,406,person,0.4849,433,290,470,348,451.5,319.0,451.5,348.0
221,8.800,15,person,0.5899,1685,380,1729,471,1707.0,425.5,1707.0,471.0
221,8.800,638,person,0.7054,606,1019,674,1080,640.0,1049.5,640.0,1080.0
221,8.800,425,person,0.5475,504,699,573,832,538.5,765.5,538.5,832.0
222,8.840,302,person,0.4245,712,221,740,275,726.0,248.0,726.0,275.0
222,8.840,289,person,0.7126,1001,256,1034,326,1017.5,291.0,1017.5,326.0
222,8.840,1,person,0.7245,1371,562,1428,673,1399.5,617.5,1399.5,673.0
222,8.840,314,person,0.7530,1373,416,1411,502,1392.0,459.0,1392.0,502.0
222,8.840,2,person,0.6866,464,681,531,815,497.5,748.0,497.5,815.0
222,8.840,427,person,0.6166,186,381,240,463,213.0,422.0,213.0,463.0
222,8.840,457,person,0.4902,1508,287,1541,367,1524.5,327.0,1524.5,367.0
222,8.840,477,person,0.7800,1502,709,1583,842,1542.5,775.5,1542.5,842.0
222,8.840,515,person,0.5514,1555,350,1600,440,1577.5,395.0,1577.5,440.0
222,8.840,175,person,0.7342,757,327,797,409,777.0,368.0,777.0,409.0
222,8.840,440,person,0.5964,522,706,594,829,558.0,767.5,558.0,829.0
222,8.840,189,person,0.8057,663,447,723,544,693.0,495.5,693.0,544.0
222,8.840,591,person,0.7546,1203,992,1355,1079,1279.0,1035.5,1279.0,1079.0
222,8.840,503,person,0.5915,285,342,324,421,304.5,381.5,304.5,421.0
222,8.840,574,person,0.5177,805,299,847,375,826.0,337.0,826.0,375.0
222,8.840,579,person,0.2261,1656,329,1702,428,1679.0,378.5,1679.0,428.0
222,8.840,242,person,0.2721,904,281,931,338,917.5,309.5,917.5,338.0
222,8.840,406,person,0.6033,440,289,481,351,460.5,320.0,460.5,351.0
222,8.840,15,person,0.5962,1694,378,1739,471,1716.5,424.5,1716.5,471.0
222,8.840,638,person,0.6967,619,1015,690,1079,654.5,1047.0,654.5,1079.0
222,8.840,425,person,0.3787,507,705,572,832,539.5,768.5,539.5,832.0
223,8.880,302,person,0.4345,721,222,748,275,734.5,248.5,734.5,275.0
223,8.880,289,person,0.5834,1007,256,1041,329,1024.0,292.5,1024.0,329.0
223,8.880,1,person,0.7324,1373,564,1428,671,1400.5,617.5,1400.5,671.0
223,8.880,314,person,0.7930,1380,417,1419,504,1399.5,460.5,1399.5,504.0
223,8.880,2,person,0.7663,461,683,526,816,493.5,749.5,493.5,816.0
223,8.880,427,person,0.6504,189,377,244,464,216.5,420.5,216.5,464.0
223,8.880,457,person,0.5095,1517,290,1549,366,1533.0,328.0,1533.0,366.0
223,8.880,477,person,0.7315,1497,708,1576,839,1536.5,773.5,1536.5,839.0
223,8.880,515,person,0.4966,1562,352,1606,441,1584.0,396.5,1584.0,441.0
223,8.880,175,person,0.5858,766,328,804,408,785.0,368.0,785.0,408.0
223,8.880,189,person,0.6881,659,446,722,547,690.5,496.5,690.5,547.0
223,8.880,591,person,0.7791,1217,989,1368,1079,1292.5,1034.0,1292.5,1079.0
223,8.880,503,person,0.4835,292,341,328,411,310.0,376.0,310.0,411.0
223,8.880,574,person,0.6286,811,297,855,380,833.0,338.5,833.0,380.0
223,8.880,579,person,0.4155,1664,347,1704,432,1684.0,389.5,1684.0,432.0
223,8.880,242,person,0.5234,914,280,942,341,928.0,310.5,928.0,341.0
223,8.880,406,person,0.5170,443,289,482,349,462.5,319.0,462.5,349.0
223,8.880,15,person,0.6368,1703,379,1748,471,1725.5,425.0,1725.5,471.0
223,8.880,638,person,0.7114,631,1012,705,1079,668.0,1045.5,668.0,1079.0
223,8.880,425,person,0.7472,507,706,571,833,539.0,769.5,539.0,833.0
223,8.880,665,person,0.6179,652,447,705,549,678.5,498.0,678.5,549.0
223,8.880,629,person,0.3276,293,341,342,417,317.5,379.0,317.5,417.0
224,8.920,302,person,0.2291,730,221,757,274,743.5,247.5,743.5,274.0
224,8.920,289,person,0.5086,1012,257,1048,334,1030.0,295.5,1030.0,334.0
224,8.920,1,person,0.7640,1371,564,1428,676,1399.5,620.0,1399.5,676.0
224,8.920,314,person,0.7426,1390,418,1427,504,1408.5,461.0,1408.5,504.0
224,8.920,2,person,0.7369,459,684,523,816,491.0,750.0,491.0,816.0
224,8.920,427,person,0.7049,195,374,250,461,222.5,417.5,222.5,461.0
224,8.920,457,person,0.4749,1526,290,1559,368,1542.5,329.0,1542.5,368.0
224,8.920,477,person,0.8131,1494,709,1573,839,1533.5,774.0,1533.5,839.0
224,8.920,515,person,0.4797,1569,353,1614,442,1591.5,397.5,1591.5,442.0
224,8.920,175,person,0.7405,774,326,813,405,793.5,365.5,793.5,405.0
224,8.920,189,person,0.7159,661,446,725,550,693.0,498.0,693.0,550.0
224,8.920,591,person,0.7890,1231,986,1379,1079,1305.0,1032.5,1305.0,1079.0
224,8.920,574,person,0.5334,821,299,861,375,841.0,337.0,841.0,375.0
224,8.920,579,person,0.4556,1672,352,1710,434,1691.0,393.0,1691.0,434.0
224,8.920,242,person,0.3353,921,281,951,346,936.0,313.5,936.0,346.0
224,8.920,406,person,0.4521,451,288,487,346,469.0,317.0,469.0,346.0
224,8.920,15,person,0.5422,1711,384,1754,473,1732.5,428.5,1732.5,473.0
224,8.920,638,person,0.6516,642,1005,722,1079,682.0,1042.0,682.0,1079.0
224,8.920,425,person,0.7006,509,706,570,830,539.5,768.0,539.5,830.0
224,8.920,665,person,0.3734,654,446,709,551,681.5,498.5,681.5,551.0
224,8.920,629,person,0.7568,298,341,351,423,324.5,382.0,324.5,423.0
225,8.960,302,person,0.3772,738,218,767,275,752.5,246.5,752.5,275.0
225,8.960,289,person,0.5776,1016,257,1054,337,1035.0,297.0,1035.0,337.0
225,8.960,1,person,0.7932,1365,566,1425,680,1395.0,623.0,1395.0,680.0
225,8.960,314,person,0.6980,1398,418,1434,502,1416.0,460.0,1416.0,502.0
225,8.960,2,person,0.7214,459,685,518,805,488.5,745.0,488.5,805.0
225,8.960,427,person,0.6574,198,375,254,457,226.0,416.0,226.0,457.0
225,8.960,457,person,0.5927,1534,289,1567,369,1550.5,329.0,1550.5,369.0
225,8.960,477,person,0.7805,1487,708,1570,840,1528.5,774.0,1528.5,840.0
225,8.960,515,person,0.5640,1576,352,1620,442,1598.0,397.0,1598.0,442.0
225,8.960,175,person,0.7644,781,325,822,405,801.5,365.0,801.5,405.0
225,8.960,591,person,0.7404,1243,984,1389,1080,1316.0,1032.0,1316.0,1080.0
225,8.960,574,person,0.6442,828,299,869,376,848.5,337.5,848.5,376.0
225,8.960,579,person,0.2938,1677,356,1716,440,1696.5,398.0,1696.5,440.0
225,8.960,242,person,0.4308,927,280,959,347,943.0,313.5,943.0,347.0
225,8.960,406,person,0.5547,460,289,495,345,477.5,317.0,477.5,345.0
225,8.960,15,person,0.4589,1719,383,1762,473,1740.5,428.0,1740.5,473.0
225,8.960,638,person,0.7096,655,1003,736,1079,695.5,1041.0,695.5,1079.0
225,8.960,425,person,0.6843,507,705,569,828,538.0,766.5,538.0,828.0
225,8.960,665,person,0.6913,660,449,714,552,687.0,500.5,687.0,552.0
225,8.960,629,person,0.5604,303,339,360,427,331.5,383.0,331.5,427.0
225,8.960,503,person,0.4162,305,338,345,414,325.0,376.0,325.0,414.0
226,9.000,302,person,0.3729,746,216,775,273,760.5,244.5,760.5,273.0
226,9.000,289,person,0.5742,1023,256,1060,334,1041.5,295.0,1041.5,334.0
226,9.000,1,person,0.8099,1360,566,1423,687,1391.5,626.5,1391.5,687.0
226,9.000,314,person,0.7606,1404,417,1440,501,1422.0,459.0,1422.0,501.0
226,9.000,2,person,0.6404,457,682,521,810,489.0,746.0,489.0,810.0
226,9.000,427,person,0.6847,199,372,260,458,229.5,415.0,229.5,458.0
226,9.000,457,person,0.3809,1543,291,1574,366,1558.5,328.5,1558.5,366.0
226,9.000,477,person,0.7794,1477,710,1567,847,1522.0,778.5,1522.0,847.0
226,9.000,515,person,0.5057,1583,355,1626,443,1604.5,399.0,1604.5,443.0
226,9.000,175,person,0.7140,787,324,829,404,808.0,364.0,808.0,404.0
226,9.000,591,person,0.7981,1257,982,1399,1080,1328.0,1031.0,1328.0,1080.0
226,9.000,574,person,0.7064,835,302,874,376,854.5,339.0,854.5,376.0
226,9.000,579,person,0.4866,1681,332,1731,439,1706.0,385.5,1706.0,439.0
226,9.000,242,person,0.4157,934,278,967,348,950.5,313.0,950.5,348.0
226,9.000,406,person,0.6436,466,289,504,349,485.0,319.0,485.0,349.0
226,9.000,15,person,0.3259,1725,385,1768,473,1746.5,429.0,1746.5,473.0
226,9.000,638,person,0.6623,668,1001,751,1079,709.5,1040.0,709.5,1079.0
226,9.000,425,person,0.5294,508,705,569,825,538.5,765.0,538.5,825.0
226,9.000,665,person,0.7272,665,453,716,550,690.5,501.5,690.5,550.0
226,9.000,629,person,0.4704,303,337,357,424,330.0,380.5,330.0,424.0
226,9.000,674,person,0.6205,191,372,246,456,218.5,414.0,218.5,456.0
226,9.000,503,person,0.5386,308,337,345,408,326.5,372.5,326.5,408.0
227,9.040,289,person,0.5772,1031,259,1066,334,1048.5,296.5,1048.5,334.0
227,9.040,1,person,0.7489,1360,571,1421,691,1390.5,631.0,1390.5,691.0
227,9.040,314,person,0.7197,1412,416,1449,504,1430.5,460.0,1430.5,504.0
227,9.040,2,person,0.7654,455,681,527,824,491.0,752.5,491.0,824.0
227,9.040,427,person,0.6626,201,372,260,455,230.5,413.5,230.5,455.0
227,9.040,457,person,0.3801,1551,292,1581,365,1566.0,328.5,1566.0,365.0
227,9.040,477,person,0.7098,1472,713,1562,849,1517.0,781.0,1517.0,849.0
227,9.040,515,person,0.5552,1589,354,1632,444,1610.5,399.0,1610.5,444.0
227,9.040,175,person,0.6035,792,325,837,407,814.5,366.0,814.5,407.0
227,9.040,591,person,0.7617,1270,981,1407,1080,1338.5,1030.5,1338.5,1080.0
227,9.040,574,person,0.5800,844,301,882,375,863.0,338.0,863.0,375.0
227,9.040,579,person,0.3893,1687,325,1739,440,1713.0,382.5,1713.0,440.0
227,9.040,242,person,0.4038,941,278,972,344,956.5,311.0,956.5,344.0
227,9.040,406,person,0.6641,474,287,512,347,493.0,317.0,493.0,347.0
227,9.040,15,person,0.3464,1736,387,1778,475,1757.0,431.0,1757.0,475.0
227,9.040,638,person,0.7578,681,999,765,1079,723.0,1039.0,723.0,1079.0
227,9.040,665,person,0.7099,669,454,717,547,693.0,500.5,693.0,547.0
227,9.040,629,person,0.2355,315,338,364,413,339.5,375.5,339.5,413.0
227,9.040,674,person,0.7222,195,373,248,453,221.5,413.0,221.5,453.0
227,9.040,503,person,0.4724,312,337,349,410,330.5,373.5,330.5,410.0
227,9.040,679,person,0.4786,0,435,50,499,25.0,467.0,25.0,499.0
227,9.040,440,person,0.6807,508,706,579,826,543.5,766.0,543.5,826.0
228,9.080,289,person,0.5600,1038,262,1070,333,1054.0,297.5,1054.0,333.0
228,9.080,1,person,0.7442,1356,575,1416,697,1386.0,636.0,1386.0,697.0
228,9.080,314,person,0.6775,1419,419,1457,510,1438.0,464.5,1438.0,510.0
228,9.080,2,person,0.7530,446,681,520,828,483.0,754.5,483.0,828.0
228,9.080,427,person,0.4765,208,373,268,458,238.0,415.5,238.0,458.0
228,9.080,457,person,0.3916,1561,291,1589,360,1575.0,325.5,1575.0,360.0
228,9.080,477,person,0.7004,1466,714,1555,851,1510.5,782.5,1510.5,851.0
228,9.080,515,person,0.5548,1598,353,1640,443,1619.0,398.0,1619.0,443.0
228,9.080,175,person,0.4758,799,324,844,405,821.5,364.5,821.5,405.0
228,9.080,591,person,0.7697,1284,982,1415,1080,1349.5,1031.0,1349.5,1080.0
228,9.080,574,person,0.5913,853,299,893,379,873.0,339.0,873.0,379.0
228,9.080,579,person,0.2314,1694,321,1748,440,1721.0,380.5,1721.0,440.0
228,9.080,242,person,0.3938,949,278,976,335,962.5,306.5,962.5,335.0
228,9.080,406,person,0.5996,483,287,522,347,502.5,317.0,502.5,347.0
228,9.080,15,person,0.6306,1746,391,1788,479,1767.0,435.0,1767.0,479.0
228,9.080,638,person,0.7216,693,996,779,1079,736.0,1037.5,736.0,1079.0
228,9.080,665,person,0.8390,676,453,724,546,700.0,499.5,700.0,546.0
228,9.080,674,person,0.7024,198,373,254,460,226.0,416.5,226.0,460.0
228,9.080,503,person,0.5689,318,337,352,406,335.0,371.5,335.0,406.0
228,9.080,679,person,0.2025,0,428,58,508,29.0,468.0,29.0,508.0
228,9.080,685,person,0.6227,791,325,831,405,811.0,365.0,811.0,405.0
228,9.080,440,person,0.6535,508,706,578,822,543.0,764.0,543.0,822.0
229,9.120,289,person,0.6688,1045,262,1076,330,1060.5,296.0,1060.5,330.0
229,9.120,1,person,0.7608,1355,578,1412,695,1383.5,636.5,1383.5,695.0
229,9.120,314,person,0.7117,1426,421,1465,511,1445.5,466.0,1445.5,511.0
229,9.120,2,person,0.7672,438,684,510,826,474.0,755.0,474.0,826.0
229,9.120,427,person,0.2284,206,371,270,465,238.0,418.0,238.0,465.0
229,9.120,457,person,0.3013,1569,290,1599,364,1584.0,327.0,1584.0,364.0
229,9.120,477,person,0.7057,1461,718,1545,851,1503.0,784.5,1503.0,851.0
229,9.120,515,person,0.6646,1605,354,1647,444,1626.0,399.0,1626.0,444.0
229,9.120,175,person,0.2045,802,322,849,406,825.5,364.0,825.5,406.0
229,9.120,591,person,0.7540,1298,982,1424,1080,1361.0,1031.0,1361.0,1080.0
229,9.120,574,person,0.6042,861,300,901,382,881.0,341.0,881.0,382.0
229,9.120,579,person,0.2256,1704,328,1755,441,1729.5,384.5,1729.5,441.0
229,9.120,242,person,0.5299,956,276,984,335,970.0,305.5,970.0,335.0
229,9.120,406,person,0.5727,489,286,526,341,507.5,313.5,507.5,341.0
229,9.120,15,person,0.6222,1753,389,1796,478,1774.5,433.5,1774.5,478.0
229,9.120,638,person,0.7381,705,993,792,1079,748.5,1036.0,748.5,1079.0
229,9.120,674,person,0.6960,201,372,259,464,230.0,418.0,230.0,464.0
229,9.120,503,person,0.4591,323,337,356,404,339.5,370.5,339.5,404.0
229,9.120,679,person,0.5914,0,425,59,515,29.5,470.0,29.5,515.0
229,9.120,685,person,0.6866,796,325,837,406,816.5,365.5,816.5,406.0
229,9.120,440,person,0.4171,499,709,565,818,532.0,763.5,532.0,818.0
229,9.120,689,person,0.6211,1131,241,1155,306,1143.0,273.5,1143.0,306.0
229,9.120,690,person,0.5019,1707,365,1741,440,1724.0,402.5,1724.0,440.0
229,9.120,189,person,0.8480,678,452,737,546,707.5,499.0,707.5,546.0
229,9.120,425,person,0.7160,486,706,559,848,522.5,777.0,522.5,848.0
230,9.160,289,person,0.6440,1052,259,1084,329,1068.0,294.0,1068.0,329.0
230,9.160,1,person,0.4490,1355,581,1412,694,1383.5,637.5,1383.5,694.0
230,9.160,314,person,0.6296,1433,425,1473,517,1453.0,471.0,1453.0,517.0
230,9.160,2,person,0.7810,434,688,503,825,468.5,756.5,468.5,825.0
230,9.160,457,person,0.3872,1577,289,1607,363,1592.0,326.0,1592.0,363.0
230,9.160,477,person,0.6391,1455,722,1535,853,1495.0,787.5,1495.0,853.0
230,9.160,515,person,0.7045,1612,356,1656,445,1634.0,400.5,1634.0,445.0
230,9.160,175,person,0.6175,807,324,851,405,829.0,364.5,829.0,405.0
230,9.160,591,person,0.7637,1309,980,1432,1080,1370.5,1030.0,1370.5,1080.0
230,9.160,574,person,0.4494,868,301,908,383,888.0,342.0,888.0,383.0
230,9.160,579,person,0.2136,1717,320,1762,420,1739.5,370.0,1739.5,420.0
230,9.160,242,person,0.5290,963,277,991,338,977.0,307.5,977.0,338.0
230,9.160,406,person,0.4862,490,286,526,339,508.0,312.5,508.0,339.0
230,9.160,15,person,0.4122,1761,390,1805,479,1783.0,434.5,1783.0,479.0
230,9.160,638,person,0.7305,719,992,805,1079,762.0,1035.5,762.0,1079.0
230,9.160,674,person,0.6391,210,371,263,456,236.5,413.5,236.5,456.0
230,9.160,503,person,0.5668,329,336,364,408,346.5,372.0,346.5,408.0
230,9.160,679,person,0.5992,0,421,60,514,30.0,467.5,30.0,514.0
230,9.160,440,person,0.3705,498,713,558,813,528.0,763.0,528.0,813.0
230,9.160,690,person,0.4882,1712,362,1748,443,1730.0,402.5,1730.0,443.0
230,9.160,189,person,0.8462,684,452,743,543,713.5,497.5,713.5,543.0
230,9.160,425,person,0.5703,485,714,557,852,521.0,783.0,521.0,852.0
231,9.200,289,person,0.7030,1059,260,1090,328,1074.5,294.0,1074.5,328.0
231,9.200,1,person,0.7192,1354,585,1412,697,1383.0,641.0,1383.0,697.0
231,9.200,314,person,0.6891,1441,428,1479,518,1460.0,473.0,1460.0,518.0
231,9.200,2,person,0.8076,429,693,496,825,462.5,759.0,462.5,825.0
231,9.200,457,person,0.3171,1585,289,1615,365,1600.0,327.0,1600.0,365.0
231,9.200,477,person,0.7561,1445,724,1525,855,1485.0,789.5,1485.0,855.0
231,9.200,515,person,0.6090,1616,355,1660,445,1638.0,400.0,1638.0,445.0
231,9.200,175,person,0.6471,813,326,855,405,834.0,365.5,834.0,405.0
231,9.200,591,person,0.7825,1321,978,1441,1080,1381.0,1029.0,1381.0,1080.0
231,9.200,574,person,0.6857,878,302,915,379,896.5,340.5,896.5,379.0
231,9.200,579,person,0.2244,1726,318,1770,414,1748.0,366.0,1748.0,414.0
231,9.200,242,person,0.4338,970,276,999,338,984.5,307.0,984.5,338.0
231,9.200,406,person,0.5948,498,285,534,338,516.0,311.5,516.0,338.0
231,9.200,15,person,0.5243,1768,391,1811,476,1789.5,433.5,1789.5,476.0
231,9.200,638,person,0.6919,731,988,819,1079,775.0,1033.5,775.0,1079.0
231,9.200,674,person,0.7201,216,369,270,453,243.0,411.0,243.0,453.0
231,9.200,503,person,0.5021,334,336,368,408,351.0,372.0,351.0,408.0
231,9.200,679,person,0.6225,0,421,65,513,32.5,467.0,32.5,513.0
231,9.200,440,person,0.2828,494,716,554,815,524.0,765.5,524.0,815.0
231,9.200,189,person,0.8436,687,450,748,541,717.5,495.5,717.5,541.0
231,9.200,425,person,0.7351,486,715,555,848,520.5,781.5,520.5,848.0
231,9.200,629,person,0.3748,332,337,381,413,356.5,375.0,356.5,413.0
232,9.240,289,person,0.5863,1065,259,1099,331,1082.0,295.0,1082.0,331.0
232,9.240,1,person,0.7675,1346,588,1409,704,1377.5,646.0,1377.5,704.0
232,9.240,314,person,0.7656,1448,430,1485,518,1466.5,474.0,1466.5,518.0
232,9.240,2,person,0.6877,428,694,493,825,460.5,759.5,460.5,825.0
232,9.240,457,person,0.2936,1593,288,1624,364,1608.5,326.0,1608.5,364.0
232,9.240,477,person,0.8094,1436,726,1515,860,1475.5,793.0,1475.5,860.0
232,9.240,515,person,0.5325,1622,353,1668,446,1645.0,399.5,1645.0,446.0
232,9.240,175,person,0.6598,820,328,861,404,840.5,366.0,840.5,404.0
232,9.240,591,person,0.7364,1333,977,1450,1080,1391.5,1028.5,1391.5,1080.0
232,9.240,574,person,0.5740,884,306,921,383,902.5,344.5,902.5,383.0
232,9.240,242,person,0.4146,977,276,1006,337,991.5,306.5,991.5,337.0
232,9.240,406,person,0.5441,504,285,539,339,521.5,312.0,521.5,339.0
232,9.240,15,person,0.4065,1777,395,1818,477,1797.5,436.0,1797.5,477.0
232,9.240,638,person,0.7339,744,985,832,1079,788.0,1032.0,788.0,1079.0
232,9.240,674,person,0.6976,222,368,275,450,248.5,409.0,248.5,450.0
232,9.240,679,person,0.7285,0,421,74,513,37.0,467.0,37.0,513.0
232,9.240,189,person,0.4974,689,451,749,536,719.0,493.5,719.0,536.0
232,9.240,425,person,0.8513,486,718,553,849,519.5,783.5,519.5,849.0
232,9.240,629,person,0.5210,335,332,385,412,360.0,372.0,360.0,412.0
232,9.240,302,person,0.3290,800,219,828,275,814.0,247.0,814.0,275.0
232,9.240,665,person,0.5490,678,449,728,546,703.0,497.5,703.0,546.0
233,9.280,289,person,0.5397,1073,259,1107,329,1090.0,294.0,1090.0,329.0
233,9.280,1,person,0.7586,1339,590,1407,713,1373.0,651.5,1373.0,713.0
233,9.280,314,person,0.6749,1457,431,1495,517,1476.0,474.0,1476.0,517.0
233,9.280,2,person,0.7491,429,691,495,821,462.0,756.0,462.0,821.0
233,9.280,457,person,0.4057,1603,289,1632,363,1617.5,326.0,1617.5,363.0
233,9.280,477,person,0.5859,1432,730,1508,859,1470.0,794.5,1470.0,859.0
233,9.280,515,person,0.5896,1628,354,1673,446,1650.5,400.0,1650.5,446.0
233,9.280,175,person,0.7290,827,328,869,404,848.0,366.0,848.0,404.0
233,9.280,591,person,0.7658,1345,977,1459,1080,1402.0,1028.5,1402.0,1080.0
233,9.280,574,person,0.6693,891,309,927,385,909.0,347.0,909.0,385.0
233,9.280,242,person,0.4905,984,275,1012,337,998.0,306.0,998.0,337.0
233,9.280,406,person,0.6213,510,285,548,344,529.0,314.5,529.0,344.0
233,9.280,15,person,0.4494,1786,394,1827,478,1806.5,436.0,1806.5,478.0
233,9.280,638,person,0.7444,756,981,846,1079,801.0,1030.0,801.0,1079.0
233,9.280,674,person,0.5324,222,364,276,448,249.0,406.0,249.0,448.0
233,9.280,679,person,0.5615,6,416,84,513,45.0,464.5,45.0,513.0
233,9.280,704,person,0.6648,181,1022,247,1079,214.0,1050.5,214.0,1079.0
233,9.280,665,person,0.6353,678,447,730,549,704.0,498.0,704.0,549.0
233,9.280,503,person,0.3427,341,329,376,402,358.5,365.5,358.5,402.0
233,9.280,440,person,0.7221,485,721,550,831,517.5,776.0,517.5,831.0
234,9.320,289,person,0.4266,1078,259,1112,327,1095.0,293.0,1095.0,327.0
234,9.320,1,person,0.6554,1340,595,1406,715,1373.0,655.0,1373.0,715.0
234,9.320,314,person,0.7076,1465,434,1503,520,1484.0,477.0,1484.0,520.0
234,9.320,2,person,0.6661,427,692,495,822,461.0,757.0,461.0,822.0
234,9.320,457,person,0.4756,1611,291,1642,367,1626.5,329.0,1626.5,367.0
234,9.320,477,person,0.3348,1433,733,1503,853,1468.0,793.0,1468.0,853.0
234,9.320,515,person,0.5587,1637,355,1680,446,1658.5,400.5,1658.5,446.0
234,9.320,175,person,0.6984,833,327,876,404,854.5,365.5,854.5,404.0
234,9.320,591,person,0.7312,1355,977,1466,1080,1410.5,1028.5,1410.5,1080.0
234,9.320,574,person,0.6806,900,311,934,382,917.0,346.5,917.0,382.0
234,9.320,242,person,0.3691,989,275,1017,336,1003.0,305.5,1003.0,336.0
234,9.320,406,person,0.7043,517,283,557,346,537.0,314.5,537.0,346.0
234,9.320,15,person,0.5161,1793,394,1835,480,1814.0,437.0,1814.0,480.0
234,9.320,638,person,0.7616,770,979,859,1079,814.5,1029.0,814.5,1079.0
234,9.320,674,person,0.4930,218,362,272,448,245.0,405.0,245.0,448.0
234,9.320,679,person,0.3397,8,414,86,512,47.0,463.0,47.0,512.0
234,9.320,704,person,0.5996,194,1018,265,1079,229.5,1048.5,229.5,1079.0
234,9.320,665,person,0.6169,684,450,734,548,709.0,499.0,709.0,548.0
234,9.320,711,person,0.4250,1740,356,1794,447,1767.0,401.5,1767.0,447.0
234,9.320,440,person,0.8181,485,719,554,837,519.5,778.0,519.5,837.0
234,9.320,427,person,0.3531,223,361,285,449,254.0,405.0,254.0,449.0
234,9.320,579,person,0.4211,1743,319,1799,440,1771.0,379.5,1771.0,440.0
234,9.320,302,person,0.4672,817,216,845,273,831.0,244.5,831.0,273.0
235,9.360,289,person,0.5669,1086,263,1120,329,1103.0,296.0,1103.0,329.0
235,9.360,1,person,0.7489,1342,599,1407,717,1374.5,658.0,1374.5,717.0
235,9.360,314,person,0.6573,1473,434,1510,519,1491.5,476.5,1491.5,519.0
235,9.360,2,person,0.7640,429,691,506,831,467.5,761.0,467.5,831.0
235,9.360,457,person,0.3217,1621,292,1651,367,1636.0,329.5,1636.0,367.0
235,9.360,477,person,0.6051,1429,734,1499,855,1464.0,794.5,1464.0,855.0
235,9.360,515,person,0.5266,1643,351,1688,448,1665.5,399.5,1665.5,448.0
235,9.360,175,person,0.6444,838,326,883,403,860.5,364.5,860.5,403.0
235,9.360,591,person,0.7521,1368,976,1478,1079,1423.0,1027.5,1423.0,1079.0
235,9.360,574,person,0.4972,909,313,941,379,925.0,346.0,925.0,379.0
235,9.360,242,person,0.4199,997,275,1026,339,1011.5,307.0,1011.5,339.0
235,9.360,406,person,0.6018,524,280,564,342,544.0,311.0,544.0,342.0
235,9.360,15,person,0.6359,1803,394,1845,480,1824.0,437.0,1824.0,480.0
235,9.360,638,person,0.7898,783,977,872,1079,827.5,1028.0,827.5,1079.0
235,9.360,674,person,0.5050,223,363,275,445,249.0,404.0,249.0,445.0
235,9.360,679,person,0.5519,9,414,85,513,47.0,463.5,47.0,513.0
235,9.360,704,person,0.6144,209,1014,283,1079,246.0,1046.5,246.0,1079.0
235,9.360,665,person,0.7527,685,450,736,548,710.5,499.0,710.5,548.0
235,9.360,711,person,0.5666,1748,364,1797,449,1772.5,406.5,1772.5,449.0
235,9.360,440,person,0.7413,489,718,558,835,523.5,776.5,523.5,835.0
235,9.360,579,person,0.3927,1750,320,1808,446,1779.0,383.0,1779.0,446.0
235,9.360,302,person,0.4348,824,215,854,274,839.0,244.5,839.0,274.0
235,9.360,503,person,0.3623,352,324,385,394,368.5,359.0,368.5,394.0
236,9.400,289,person,0.6134,1093,264,1126,327,1109.5,295.5,1109.5,327.0
236,9.400,1,person,0.7386,1340,601,1413,731,1376.5,666.0,1376.5,731.0
236,9.400,314,person,0.6195,1479,433,1521,529,1500.0,481.0,1500.0,529.0
236,9.400,2,person,0.6655,413,693,495,834,454.0,763.5,454.0,834.0
236,9.400,457,person,0.3011,1631,291,1662,366,1646.5,328.5,1646.5,366.0
236,9.400,477,person,0.6022,1418,732,1493,859,1455.5,795.5,1455.5,859.0
236,9.400,515,person,0.6211,1652,355,1696,450,1674.0,402.5,1674.0,450.0
236,9.400,175,person,0.5080,840,326,884,402,862.0,364.0,862.0,402.0
236,9.400,591,person,0.7623,1380,975,1488,1079,1434.0,1027.0,1434.0,1079.0
236,9.400,574,person,0.4552,916,313,949,381,932.5,347.0,932.5,381.0
236,9.400,242,person,0.3593,1006,273,1034,335,1020.0,304.0,1020.0,335.0
236,9.400,406,person,0.5095,532,280,569,338,550.5,309.0,550.5,338.0
236,9.400,15,person,0.5214,1811,392,1854,481,1832.5,436.5,1832.5,481.0
236,9.400,638,person,0.7817,796,975,884,1079,840.0,1027.0,840.0,1079.0
236,9.400,674,person,0.6060,226,361,279,447,252.5,404.0,252.5,447.0
236,9.400,679,person,0.6480,15,412,89,511,52.0,461.5,52.0,511.0
236,9.400,704,person,0.6567,224,1010,303,1079,263.5,1044.5,263.5,1079.0
236,9.400,665,person,0.7173,687,449,737,544,712.0,496.5,712.0,544.0
236,9.400,711,person,0.5097,1755,371,1802,451,1778.5,411.0,1778.5,451.0
236,9.400,440,person,0.6646,484,719,561,846,522.5,782.5,522.5,846.0
236,9.400,579,person,0.3632,1761,319,1818,445,1789.5,382.0,1789.5,445.0
236,9.400,503,person,0.3001,354,325,387,394,370.5,359.5,370.5,394.0
236,9.400,629,person,0.3370,346,326,398,411,372.0,368.5,372.0,411.0
237,9.440,289,person,0.5620,1100,263,1133,327,1116.5,295.0,1116.5,327.0
237,9.440,1,person,0.7821,1342,608,1415,736,1378.5,672.0,1378.5,736.0
237,9.440,314,person,0.7262,1487,436,1530,534,1508.5,485.0,1508.5,534.0
237,9.440,2,person,0.6914,400,694,479,831,439.5,762.5,439.5,831.0
237,9.440,457,person,0.3225,1642,292,1670,358,1656.0,325.0,1656.0,358.0
237,9.440,477,person,0.5973,1411,732,1488,858,1449.5,795.0,1449.5,858.0
237,9.440,515,person,0.6486,1659,355,1704,451,1681.5,403.0,1681.5,451.0
237,9.440,175,person,0.6376,843,325,887,403,865.0,364.0,865.0,403.0
237,9.440,591,person,0.7507,1394,975,1499,1079,1446.5,1027.0,1446.5,1079.0
237,9.440,574,person,0.4306,921,314,956,384,938.5,349.0,938.5,384.0
237,9.440,242,person,0.3871,1014,275,1042,333,1028.0,304.0,1028.0,333.0
237,9.440,406,person,0.5728,536,280,571,334,553.5,307.0,553.5,334.0
237,9.440,15,person,0.5865,1817,392,1861,482,1839.0,437.0,1839.0,482.0
237,9.440,638,person,0.7327,810,974,896,1079,853.0,1026.5,853.0,1079.0
237,9.440,674,person,0.6382,231,360,283,449,257.0,404.5,257.0,449.0
237,9.440,679,person,0.6751,23,410,97,511,60.0,460.5,60.0,511.0
237,9.440,704,person,0.6550,238,1005,323,1079,280.5,1042.0,280.5,1079.0
237,9.440,665,person,0.6930,690,446,739,541,714.5,493.5,714.5,541.0
237,9.440,711,person,0.4590,1766,373,1812,453,1789.0,413.0,1789.0,453.0
237,9.440,440,person,0.6449,477,720,560,857,518.5,788.5,518.5,857.0
237,9.440,579,person,0.2912,1768,319,1827,451,1797.5,385.0,1797.5,451.0
237,9.440,503,person,0.5153,361,325,397,402,379.0,363.5,379.0,402.0
237,9.440,302,person,0.3499,842,213,869,269,855.5,241.0,855.5,269.0
238,9.480,289,person,0.5040,1107,264,1141,330,1124.0,297.0,1124.0,330.0
238,9.480,1,person,0.8041,1340,616,1413,740,1376.5,678.0,1376.5,740.0
238,9.480,314,person,0.7224,1496,439,1538,535,1517.0,487.0,1517.0,535.0
238,9.480,2,person,0.8265,395,699,472,833,433.5,766.0,433.5,833.0
238,9.480,457,person,0.3377,1652,291,1681,360,1666.5,325.5,1666.5,360.0
238,9.480,477,person,0.6321,1413,733,1488,853,1450.5,793.0,1450.5,853.0
238,9.480,515,person,0.3938,1665,357,1712,452,1688.5,404.5,1688.5,452.0
238,9.480,175,person,0.5752,852,326,892,400,872.0,363.0,872.0,400.0
238,9.480,591,person,0.7332,1408,975,1510,1079,1459.0,1027.0,1459.0,1079.0
238,9.480,574,person,0.5445,929,313,965,385,947.0,349.0,947.0,385.0
238,9.480,242,person,0.2429,1019,272,1048,332,1033.5,302.0,1033.5,332.0
238,9.480,406,person,0.5872,542,279,576,333,559.0,306.0,559.0,333.0
238,9.480,15,person,0.5192,1826,393,1872,485,1849.0,439.0,1849.0,485.0
238,9.480,638,person,0.7348,822,970,909,1080,865.5,1025.0,865.5,1080.0
238,9.480,674,person,0.5561,235,360,284,444,259.5,402.0,259.5,444.0
238,9.480,679,person,0.6008,34,410,101,504,67.5,457.0,67.5,504.0
238,9.480,704,person,0.6808,253,1001,341,1079,297.0,1040.0,297.0,1079.0
238,9.480,665,person,0.7744,695,447,744,540,719.5,493.5,719.5,540.0
238,9.480,711,person,0.5433,1773,375,1818,453,1795.5,414.0,1795.5,453.0
238,9.480,440,person,0.6665,472,721,560,864,516.0,792.5,516.0,864.0
238,9.480,503,person,0.3664,369,326,404,403,386.5,364.5,386.5,403.0
238,9.480,302,person,0.2853,850,215,878,271,864.0,243.0,864.0,271.0
239,9.520,289,person,0.5201,1115,262,1148,328,1131.5,295.0,1131.5,328.0
239,9.520,1,person,0.8360,1337,622,1413,745,1375.0,683.5,1375.0,745.0
239,9.520,314,person,0.7660,1504,441,1545,536,1524.5,488.5,1524.5,536.0
239,9.520,2,person,0.8033,398,701,471,832,434.5,766.5,434.5,832.0
239,9.520,477,person,0.4825,1418,735,1492,853,1455.0,794.0,1455.0,853.0
239,9.520,515,person,0.2401,1670,360,1715,449,1692.5,404.5,1692.5,449.0
239,9.520,175,person,0.6141,859,324,899,401,879.0,362.5,879.0,401.0
239,9.520,591,person,0.7516,1421,975,1522,1079,1471.5,1027.0,1471.5,1079.0
239,9.520,574,person,0.6001,935,314,971,386,953.0,350.0,953.0,386.0
239,9.520,242,person,0.2352,1027,273,1053,327,1040.0,300.0,1040.0,327.0
239,9.520,406,person,0.5182,549,279,582,333,565.5,306.0,565.5,333.0
239,9.520,15,person,0.6133,1834,393,1882,488,1858.0,440.5,1858.0,488.0
239,9.520,638,person,0.7904,836,970,921,1079,878.5,1024.5,878.5,1079.0
239,9.520,679,person,0.8073,45,408,110,501,77.5,454.5,77.5,501.0
239,9.520,704,person,0.6800,268,996,360,1079,314.0,1037.5,314.0,1079.0
239,9.520,665,person,0.8210,698,447,749,545,723.5,496.0,723.5,545.0
239,9.520,711,person,0.4589,1781,376,1822,449,1801.5,412.5,1801.5,449.0
239,9.520,440,person,0.6445,470,724,554,863,512.0,793.5,512.0,863.0
239,9.520,503,person,0.6209,377,324,411,401,394.0,362.5,394.0,401.0
239,9.520,427,person,0.6234,241,360,298,441,269.5,400.5,269.5,441.0
240,9.560,289,person,0.6133,1123,259,1157,326,1140.0,292.5,1140.0,326.0
240,9.560,1,person,0.7846,1336,626,1413,747,1374.5,686.5,1374.5,747.0
240,9.560,314,person,0.8027,1512,444,1552,537,1532.0,490.5,1532.0,537.0
240,9.560,2,person,0.7835,396,700,470,833,433.0,766.5,433.0,833.0
240,9.560,477,person,0.6665,1416,738,1493,858,1454.5,798.0,1454.5,858.0
240,9.560,515,person,0.3381,1679,361,1723,449,1701.0,405.0,1701.0,449.0
240,9.560,175,person,0.6194,864,325,903,400,883.5,362.5,883.5,400.0
240,9.560,591,person,0.7757,1433,974,1533,1079,1483.0,1026.5,1483.0,1079.0
240,9.560,574,person,0.5812,941,313,978,389,959.5,351.0,959.5,389.0
240,9.560,242,person,0.3693,1034,275,1061,330,1047.5,302.5,1047.5,330.0
240,9.560,406,person,0.4120,556,281,588,333,572.0,307.0,572.0,333.0
240,9.560,15,person,0.4165,1840,394,1889,487,1864.5,440.5,1864.5,487.0
240,9.560,638,person,0.7571,848,967,933,1079,890.5,1023.0,890.5,1079.0
240,9.560,679,person,0.7485,54,407,119,500,86.5,453.5,86.5,500.0
240,9.560,704,person,0.6244,283,993,376,1080,329.5,1036.5,329.5,1080.0
240,9.560,665,person,0.8274,700,448,753,546,726.5,497.0,726.5,546.0
240,9.560,711,person,0.4680,1789,377,1830,450,1809.5,413.5,1809.5,450.0
240,9.560,440,person,0.7266,469,727,550,863,509.5,795.0,509.5,863.0
240,9.560,503,person,0.4320,383,325,414,393,398.5,359.0,398.5,393.0
240,9.560,427,person,0.7300,246,357,303,438,274.5,397.5,274.5,438.0
240,9.560,302,person,0.3179,869,216,894,267,881.5,241.5,881.5,267.0
241,9.600,289,person,0.6102,1129,258,1164,329,1146.5,293.5,1146.5,329.0
241,9.600,1,person,0.7198,1330,634,1405,745,1367.5,689.5,1367.5,745.0
241,9.600,314,person,0.8352,1521,445,1559,533,1540.0,489.0,1540.0,533.0
241,9.600,2,person,0.7391,396,699,466,827,431.0,763.0,431.0,827.0
241,9.600,477,person,0.6627,1413,743,1489,859,1451.0,801.0,1451.0,859.0
241,9.600,515,person,0.3762,1688,357,1735,449,1711.5,403.0,1711.5,449.0
241,9.600,175,person,0.6529,870,323,909,400,889.5,361.5,889.5,400.0
241,9.600,591,person,0.7576,1445,973,1544,1079,1494.5,1026.0,1494.5,1079.0
241,9.600,574,person,0.6245,948,314,984,388,966.0,351.0,966.0,388.0
241,9.600,242,person,0.3984,1040,276,1068,336,1054.0,306.0,1054.0,336.0
241,9.600,406,person,0.4614,561,278,596,334,578.5,306.0,578.5,334.0
241,9.600,15,person,0.4828,1849,395,1897,486,1873.0,440.5,1873.0,486.0
241,9.600,638,person,0.7883,860,965,944,1079,902.0,1022.0,902.0,1079.0
241,9.600,679,person,0.7362,61,406,126,499,93.5,452.5,93.5,499.0
241,9.600,704,person,0.6666,297,991,390,1080,343.5,1035.5,343.5,1080.0
241,9.600,665,person,0.8130,699,447,753,546,726.0,496.5,726.0,546.0
241,9.600,711,person,0.5340,1794,373,1837,451,1815.5,412.0,1815.5,451.0
241,9.600,440,person,0.7264,471,728,549,862,510.0,795.0,510.0,862.0
241,9.600,503,person,0.3295,387,324,416,390,401.5,357.0,401.5,390.0
241,9.600,427,person,0.2339,247,354,306,438,276.5,396.0,276.5,438.0
241,9.600,736,person,0.5602,1247,242,1278,306,1262.5,274.0,1262.5,306.0
241,9.600,674,person,0.5786,243,355,291,438,267.0,396.5,267.0,438.0
242,9.640,289,person,0.5324,1136,259,1170,328,1153.0,293.5,1153.0,328.0
242,9.640,1,person,0.7906,1322,639,1399,745,1360.5,692.0,1360.5,745.0
242,9.640,314,person,0.7774,1526,444,1565,532,1545.5,488.0,1545.5,532.0
242,9.640,2,person,0.7680,391,697,464,831,427.5,764.0,427.5,831.0
242,9.640,477,person,0.6344,1412,744,1490,860,1451.0,802.0,1451.0,860.0
242,9.640,515,person,0.3637,1692,357,1738,449,1715.0,403.0,1715.0,449.0
242,9.640,175,person,0.7492,875,324,916,400,895.5,362.0,895.5,400.0
242,9.640,591,person,0.7152,1455,972,1554,1079,1504.5,1025.5,1504.5,1079.0
242,9.640,574,person,0.6655,953,311,989,386,971.0,348.5,971.0,386.0
242,9.640,242,person,0.4889,1046,275,1075,336,1060.5,305.5,1060.5,336.0
242,9.640,406,person,0.5801,567,276,601,332,584.0,304.0,584.0,332.0
242,9.640,15,person,0.5267,1855,395,1903,487,1879.0,441.0,1879.0,487.0
242,9.640,638,person,0.7351,871,964,954,1079,912.5,1021.5,912.5,1079.0
242,9.640,679,person,0.8101,61,406,129,501,95.0,453.5,95.0,501.0
242,9.640,704,person,0.6959,309,987,404,1080,356.5,1033.5,356.5,1080.0
242,9.640,665,person,0.8328,700,450,753,546,726.5,498.0,726.5,546.0
242,9.640,711,person,0.6004,1800,378,1842,454,1821.0,416.0,1821.0,454.0
242,9.640,440,person,0.8221,472,728,544,854,508.0,791.0,508.0,854.0
242,9.640,503,person,0.4390,391,321,420,388,405.5,354.5,405.5,388.0
242,9.640,736,person,0.5579,1253,244,1284,308,1268.5,276.0,1268.5,308.0
242,9.640,674,person,0.6424,248,354,296,436,272.0,395.0,272.0,436.0
242,9.640,629,person,0.4641,381,320,430,404,405.5,362.0,405.5,404.0
243,9.680,289,person,0.6665,1140,259,1176,329,1158.0,294.0,1158.0,329.0
243,9.680,1,person,0.8757,1315,643,1394,750,1354.5,696.5,1354.5,750.0
243,9.680,314,person,0.6800,1533,444,1572,535,1552.5,489.5,1552.5,535.0
243,9.680,2,person,0.7830,386,697,461,836,423.5,766.5,423.5,836.0
243,9.680,477,person,0.7041,1417,743,1496,863,1456.5,803.0,1456.5,863.0
243,9.680,515,person,0.4217,1694,354,1741,450,1717.5,402.0,1717.5,450.0
243,9.680,175,person,0.6917,876,322,919,401,897.5,361.5,897.5,401.0
243,9.680,591,person,0.7849,1468,971,1565,1079,1516.5,1025.0,1516.5,1079.0
243,9.680,574,person,0.4323,958,313,990,379,974.0,346.0,974.0,379.0
243,9.680,242,person,0.5028,1051,274,1080,337,1065.5,305.5,1065.5,337.0
243,9.680,406,person,0.5857,573,275,607,329,590.0,302.0,590.0,329.0
243,9.680,15,person,0.4887,1862,394,1908,484,1885.0,439.0,1885.0,484.0
243,9.680,638,person,0.7703,879,959,963,1079,921.0,1019.0,921.0,1079.0
243,9.680,679,person,0.7750,63,405,133,503,98.0,454.0,98.0,503.0
243,9.680,704,person,0.7738,321,984,417,1080,369.0,1032.0,369.0,1080.0
243,9.680,665,person,0.8057,700,450,753,547,726.5,498.5,726.5,547.0
243,9.680,711,person,0.6084,1806,379,1848,454,1827.0,416.5,1827.0,454.0
243,9.680,440,person,0.6936,470,727,546,862,508.0,794.5,508.0,862.0
243,9.680,503,person,0.4707,393,318,424,387,408.5,352.5,408.5,387.0
243,9.680,736,person,0.5187,1260,243,1292,309,1276.0,276.0,1276.0,309.0
243,9.680,674,person,0.6874,249,354,300,443,274.5,398.5,274.5,443.0
243,9.680,738,person,0.4338,1836,322,1869,393,1852.5,357.5,1852.5,393.0
243,9.680,629,person,0.4717,385,318,432,401,408.5,359.5,408.5,401.0
243,9.680,427,person,0.3831,247,355,301,433,274.0,394.0,274.0,433.0
244,9.720,289,person,0.6514,1142,259,1179,331,1160.5,295.0,1160.5,331.0
244,9.720,1,person,0.7780,1313,646,1393,754,1353.0,700.0,1353.0,754.0
244,9.720,314,person,0.7573,1537,445,1577,539,1557.0,492.0,1557.0,539.0
244,9.720,2,person,0.8400,378,699,453,836,415.5,767.5,415.5,836.0
244,9.720,477,person,0.7314,1421,743,1500,862,1460.5,802.5,1460.5,862.0
244,9.720,515,person,0.4890,1699,357,1745,452,1722.0,404.5,1722.0,452.0
244,9.720,175,person,0.6663,877,321,921,400,899.0,360.5,899.0,400.0
244,9.720,591,person,0.7743,1478,973,1572,1079,1525.0,1026.0,1525.0,1079.0
244,9.720,574,person,0.6106,960,313,995,388,977.5,350.5,977.5,388.0
244,9.720,242,person,0.4236,1054,271,1085,338,1069.5,304.5,1069.5,338.0
244,9.720,406,person,0.6343,576,275,611,328,593.5,301.5,593.5,328.0
244,9.720,15,person,0.4819,1867,394,1912,485,1889.5,439.5,1889.5,485.0
244,9.720,638,person,0.7736,888,957,971,1080,929.5,1018.5,929.5,1080.0
244,9.720,679,person,0.6984,67,407,134,500,100.5,453.5,100.5,500.0
244,9.720,704,person,0.7109,331,981,428,1080,379.5,1030.5,379.5,1080.0
244,9.720,665,person,0.8548,698,450,750,547,724.0,498.5,724.0,547.0
244,9.720,711,person,0.6399,1807,380,1851,459,1829.0,419.5,1829.0,459.0
244,9.720,440,person,0.7574,464,727,542,870,503.0,798.5,503.0,870.0
244,9.720,503,person,0.4218,395,317,424,383,409.5,350.0,409.5,383.0
244,9.720,736,person,0.5016,1266,242,1301,314,1283.5,278.0,1283.5,314.0
244,9.720,674,person,0.6338,248,354,298,443,273.0,398.5,273.0,443.0
244,9.720,738,person,0.4845,1839,321,1874,394,1856.5,357.5,1856.5,394.0
244,9.720,629,person,0.3716,386,318,431,398,408.5,358.0,408.5,398.0
245,9.760,289,person,0.6454,1146,261,1181,329,1163.5,295.0,1163.5,329.0
245,9.760,1,person,0.7643,1314,650,1391,755,1352.5,702.5,1352.5,755.0
245,9.760,314,person,0.7990,1540,447,1582,546,1561.0,496.5,1561.0,546.0
245,9.760,2,person,0.8457,370,704,445,840,407.5,772.0,407.5,840.0
245,9.760,477,person,0.7934,1426,740,1506,862,1466.0,801.0,1466.0,862.0
245,9.760,515,person,0.6244,1702,356,1749,453,1725.5,404.5,1725.5,453.0
245,9.760,175,person,0.6175,876,321,916,392,896.0,356.5,896.0,392.0
245,9.760,591,person,0.7539,1487,971,1581,1079,1534.0,1025.0,1534.0,1079.0
245,9.760,574,person,0.6219,963,316,998,389,980.5,352.5,980.5,389.0
245,9.760,242,person,0.4351,1057,269,1088,336,1072.5,302.5,1072.5,336.0
245,9.760,406,person,0.6077,576,274,614,329,595.0,301.5,595.0,329.0
245,9.760,15,person,0.3916,1873,393,1920,487,1896.5,440.0,1896.5,487.0
245,9.760,638,person,0.7570,897,957,978,1080,937.5,1018.5,937.5,1080.0
245,9.760,679,person,0.6498,68,407,133,499,100.5,453.0,100.5,499.0
245,9.760,704,person,0.7368,342,979,439,1080,390.5,1029.5,390.5,1080.0
245,9.760,665,person,0.8469,698,449,748,543,723.0,496.0,723.0,543.0
245,9.760,711,person,0.5846,1808,382,1853,462,1830.5,422.0,1830.5,462.0
245,9.760,440,person,0.7279,456,728,537,878,496.5,803.0,496.5,878.0
245,9.760,503,person,0.4547,397,318,425,381,411.0,349.5,411.0,381.0
245,9.760,736,person,0.5564,1272,241,1306,312,1289.0,276.5,1289.0,312.0
245,9.760,674,person,0.5622,249,350,300,445,274.5,397.5,274.5,445.0
245,9.760,738,person,0.5327,1841,320,1877,396,1859.0,358.0,1859.0,396.0
245,9.760,629,person,0.2205,390,318,432,396,411.0,357.0,411.0,396.0
245,9.760,744,person,0.4146,871,320,917,397,894.0,358.5,894.0,397.0
246,9.800,289,person,0.6807,1147,262,1182,331,1164.5,296.5,1164.5,331.0
246,9.800,1,person,0.7246,1313,657,1388,759,1350.5,708.0,1350.5,759.0
246,9.800,314,person,0.6899,1544,450,1586,548,1565.0,499.0,1565.0,548.0
246,9.800,2,person,0.8734,361,706,439,845,400.0,775.5,400.0,845.0
246,9.800,477,person,0.8394,1432,736,1514,860,1473.0,798.0,1473.0,860.0
246,9.800,515,person,0.6526,1701,356,1750,454,1725.5,405.0,1725.5,454.0
246,9.800,175,person,0.5938,876,321,915,393,895.5,357.0,895.5,393.0
246,9.800,591,person,0.7885,1496,970,1589,1079,1542.5,1024.5,1542.5,1079.0
246,9.800,574,person,0.5528,964,317,998,389,981.0,353.0,981.0,389.0
246,9.800,242,person,0.4799,1060,269,1090,333,1075.0,301.0,1075.0,333.0
246,9.800,406,person,0.5616,575,273,613,330,594.0,301.5,594.0,330.0
246,9.800,15,person,0.3594,1877,393,1920,490,1898.5,441.5,1898.5,490.0
246,9.800,638,person,0.7590,905,955,985,1080,945.0,1017.5,945.0,1080.0
246,9.800,679,person,0.7423,66,407,129,498,97.5,452.5,97.5,498.0
246,9.800,704,person,0.7158,350,977,447,1080,398.5,1028.5,398.5,1080.0
246,9.800,665,person,0.8486,696,448,746,542,721.0,495.0,721.0,542.0
246,9.800,711,person,0.5478,1810,383,1856,466,1833.0,424.5,1833.0,466.0
246,9.800,440,person,0.7519,449,733,530,885,489.5,809.0,489.5,885.0
246,9.800,736,person,0.6217,1276,240,1311,313,1293.5,276.5,1293.5,313.0
246,9.800,674,person,0.7097,251,348,301,442,276.0,395.0,276.0,442.0
246,9.800,738,person,0.5265,1845,318,1881,395,1863.0,356.5,1863.0,395.0
246,9.800,629,person,0.4310,392,319,430,389,411.0,354.0,411.0,389.0
247,9.840,289,person,0.6122,1149,263,1182,331,1165.5,297.0,1165.5,331.0
247,9.840,1,person,0.7156,1309,663,1384,763,1346.5,713.0,1346.5,763.0
247,9.840,314,person,0.6730,1549,453,1588,546,1568.5,499.5,1568.5,546.0
247,9.840,2,person,0.7913,355,710,433,846,394.0,778.0,394.0,846.0
247,9.840,477,person,0.6032,1438,733,1519,857,1478.5,795.0,1478.5,857.0
247,9.840,515,person,0.5261,1701,356,1752,454,1726.5,405.0,1726.5,454.0
247,9.840,175,person,0.5455,879,323,916,394,897.5,358.5,897.5,394.0
247,9.840,591,person,0.7731,1506,972,1595,1080,1550.5,1026.0,1550.5,1080.0
247,9.840,574,person,0.4772,966,318,997,385,981.5,351.5,981.5,385.0
247,9.840,242,person,0.4569,1064,271,1091,330,1077.5,300.5,1077.5,330.0
247,9.840,406,person,0.5761,574,274,612,330,593.0,302.0,593.0,330.0
247,9.840,638,person,0.7956,913,955,992,1080,952.5,1017.5,952.5,1080.0
247,9.840,679,person,0.7774,67,405,130,498,98.5,451.5,98.5,498.0
247,9.840,704,person,0.7437,359,976,454,1080,406.5,1028.0,406.5,1080.0
247,9.840,665,person,0.7825,691,448,742,542,716.5,495.0,716.5,542.0
247,9.840,711,person,0.4302,1815,384,1858,464,1836.5,424.0,1836.5,464.0
247,9.840,440,person,0.7545,445,737,525,889,485.0,813.0,485.0,889.0
247,9.840,736,person,0.5155,1282,238,1317,314,1299.5,276.0,1299.5,314.0
247,9.840,674,person,0.7222,252,348,299,434,275.5,391.0,275.5,434.0
247,9.840,738,person,0.5223,1849,318,1885,394,1867.0,356.0,1867.0,394.0
247,9.840,629,person,0.3895,393,318,428,386,410.5,352.0,410.5,386.0
248,9.880,289,person,0.5674,1150,262,1184,332,1167.0,297.0,1167.0,332.0
248,9.880,1,person,0.7204,1304,668,1379,766,1341.5,717.0,1341.5,766.0
248,9.880,314,person,0.6648,1553,456,1591,544,1572.0,500.0,1572.0,544.0
248,9.880,2,person,0.7666,351,713,427,846,389.0,779.5,389.0,846.0
248,9.880,477,person,0.7289,1443,731,1524,855,1483.5,793.0,1483.5,855.0
248,9.880,515,person,0.6284,1705,362,1753,451,1729.0,406.5,1729.0,451.0
248,9.880,175,person,0.5360,880,323,917,394,898.5,358.5,898.5,394.0
248,9.880,591,person,0.7799,1514,971,1602,1079,1558.0,1025.0,1558.0,1079.0
248,9.880,574,person,0.4964,966,320,998,388,982.0,354.0,982.0,388.0
248,9.880,242,person,0.5394,1065,273,1093,334,1079.0,303.5,1079.0,334.0
248,9.880,406,person,0.5455,573,274,611,333,592.0,303.5,592.0,333.0
248,9.880,638,person,0.7729,921,956,997,1080,959.0,1018.0,959.0,1080.0
248,9.880,679,person,0.8013,68,403,131,499,99.5,451.0,99.5,499.0
248,9.880,704,person,0.7680,367,973,461,1079,414.0,1026.0,414.0,1079.0
248,9.880,665,person,0.7959,687,445,739,541,713.0,493.0,713.0,541.0
248,9.880,711,person,0.3098,1818,385,1858,461,1838.0,423.0,1838.0,461.0
248,9.880,736,person,0.5892,1287,238,1322,314,1304.5,276.0,1304.5,314.0
248,9.880,674,person,0.7217,252,348,299,432,275.5,390.0,275.5,432.0
248,9.880,738,person,0.3729,1853,318,1889,395,1871.0,356.5,1871.0,395.0
248,9.880,629,person,0.4823,391,314,431,392,411.0,353.0,411.0,392.0
248,9.880,425,person,0.7291,438,740,509,888,473.5,814.0,473.5,888.0
249,9.920,289,person,0.6857,1152,259,1185,328,1168.5,293.5,1168.5,328.0
249,9.920,1,person,0.6567,1301,671,1376,764,1338.5,717.5,1338.5,764.0
249,9.920,314,person,0.7294,1555,459,1593,548,1574.0,503.5,1574.0,548.0
249,9.920,2,person,0.7651,349,711,423,842,386.0,776.5,386.0,842.0
249,9.920,477,person,0.7282,1447,723,1529,850,1488.0,786.5,1488.0,850.0
249,9.920,515,person,0.4884,1707,362,1754,448,1730.5,405.0,1730.5,448.0
249,9.920,175,person,0.5816,880,321,916,392,898.0,356.5,898.0,392.0
249,9.920,591,person,0.8100,1521,972,1607,1079,1564.0,1025.5,1564.0,1079.0
249,9.920,574,person,0.6159,965,321,998,392,981.5,356.5,981.5,392.0
249,9.920,242,person,0.5491,1066,271,1095,336,1080.5,303.5,1080.5,336.0
249,9.920,406,person,0.5473,572,273,610,333,591.0,303.0,591.0,333.0
249,9.920,638,person,0.7817,927,955,1003,1080,965.0,1017.5,965.0,1080.0
249,9.920,679,person,0.7613,69,402,131,500,100.0,451.0,100.0,500.0
249,9.920,704,person,0.7306,374,971,468,1079,421.0,1025.0,421.0,1079.0
249,9.920,665,person,0.7635,683,445,736,541,709.5,493.0,709.5,541.0
249,9.920,711,person,0.5055,1819,383,1860,460,1839.5,421.5,1839.5,460.0
249,9.920,736,person,0.5621,1291,239,1325,313,1308.0,276.0,1308.0,313.0
249,9.920,674,person,0.7114,247,347,296,430,271.5,388.5,271.5,430.0
249,9.920,738,person,0.3709,1856,316,1892,393,1874.0,354.5,1874.0,393.0
249,9.920,629,person,0.5156,389,311,433,400,411.0,355.5,411.0,400.0
249,9.920,752,person,0.5600,1704,288,1748,445,1726.0,366.5,1726.0,445.0
249,9.920,425,person,0.7827,434,741,502,887,468.0,814.0,468.0,887.0
250,9.960,289,person,0.6429,1152,258,1186,330,1169.0,294.0,1169.0,330.0
250,9.960,1,person,0.6096,1300,674,1376,767,1338.0,720.5,1338.0,767.0
250,9.960,314,person,0.6807,1558,460,1595,549,1576.5,504.5,1576.5,549.0
250,9.960,2,person,0.8164,339,709,414,840,376.5,774.5,376.5,840.0
250,9.960,477,person,0.7873,1450,719,1532,847,1491.0,783.0,1491.0,847.0
250,9.960,515,person,0.4934,1707,363,1753,448,1730.0,405.5,1730.0,448.0
250,9.960,175,person,0.5621,879,319,917,394,898.0,356.5,898.0,394.0
250,9.960,591,person,0.8033,1528,971,1614,1079,1571.0,1025.0,1571.0,1079.0
250,9.960,574,person,0.5549,963,320,998,398,980.5,359.0,980.5,398.0
250,9.960,242,person,0.4830,1066,271,1096,337,1081.0,304.0,1081.0,337.0
250,9.960,406,person,0.6280,573,272,609,329,591.0,300.5,591.0,329.0
250,9.960,638,person,0.8134,932,954,1007,1080,969.5,1017.0,969.5,1080.0
250,9.960,679,person,0.8031,66,402,128,501,97.0,451.5,97.0,501.0
250,9.960,704,person,0.7218,381,971,473,1079,427.0,1025.0,427.0,1079.0
250,9.960,665,person,0.8096,681,447,734,544,707.5,495.5,707.5,544.0
250,9.960,711,person,0.5238,1818,381,1862,464,1840.0,422.5,1840.0,464.0
250,9.960,736,person,0.5875,1295,241,1328,313,1311.5,277.0,1311.5,313.0
250,9.960,674,person,0.6908,244,348,294,428,269.0,388.0,269.0,428.0
250,9.960,738,person,0.2957,1858,316,1894,392,1876.0,354.0,1876.0,392.0
250,9.960,629,person,0.4134,392,310,435,396,413.5,353.0,413.5,396.0
250,9.960,752,person,0.5358,1707,288,1751,446,1729.0,367.0,1729.0,446.0
250,9.960,425,person,0.6876,428,741,492,880,460.0,810.5,460.0,880.0
251,10.000,289,person,0.5988,1151,257,1187,331,1169.0,294.0,1169.0,331.0
251,10.000,1,person,0.5921,1295,677,1378,779,1336.5,728.0,1336.5,779.0
251,10.000,314,person,0.6920,1559,460,1599,555,1579.0,507.5,1579.0,555.0
251,10.000,2,person,0.8038,328,710,404,840,366.0,775.0,366.0,840.0
251,10.000,477,person,0.7848,1452,716,1536,846,1494.0,781.0,1494.0,846.0
251,10.000,515,person,0.6794,1701,360,1748,450,1724.5,405.0,1724.5,450.0
251,10.000,591,person,0.7787,1534,972,1617,1079,1575.5,1025.5,1575.5,1079.0
251,10.000,574,person,0.6196,962,321,997,398,979.5,359.5,979.5,398.0
251,10.000,242,person,0.5079,1066,271,1095,335,1080.5,303.0,1080.5,335.0
251,10.000,406,person,0.6158,571,269,608,328,589.5,298.5,589.5,328.0
251,10.000,638,person,0.8139,938,953,1012,1080,975.0,1016.5,975.0,1080.0
251,10.000,679,person,0.7432,64,401,126,501,95.0,451.0,95.0,501.0
251,10.000,704,person,0.6642,386,969,477,1079,431.5,1024.0,431.5,1079.0
251,10.000,665,person,0.7641,679,446,732,543,705.5,494.5,705.5,543.0
251,10.000,711,person,0.5932,1817,381,1861,464,1839.0,422.5,1839.0,464.0
251,10.000,736,person,0.5810,1297,242,1329,314,1313.0,278.0,1313.0,314.0
251,10.000,674,person,0.6813,242,348,293,429,267.5,388.5,267.5,429.0
251,10.000,738,person,0.3406,1860,317,1894,388,1877.0,352.5,1877.0,388.0
251,10.000,629,person,0.4966,393,310,435,393,414.0,351.5,414.0,393.0
251,10.000,752,person,0.2304,1705,289,1749,443,1727.0,366.0,1727.0,443.0
251,10.000,425,person,0.5923,422,742,489,886,455.5,814.0,455.5,886.0
251,10.000,744,person,0.5067,872,319,919,397,895.5,358.0,895.5,397.0
252,10.040,289,person,0.5851,1149,257,1185,332,1167.0,294.5,1167.0,332.0
252,10.040,1,person,0.7097,1296,681,1375,776,1335.5,728.5,1335.5,776.0
252,10.040,314,person,0.6230,1560,462,1601,562,1580.5,512.0,1580.5,562.0
252,10.040,2,person,0.8473,319,709,397,844,358.0,776.5,358.0,844.0
252,10.040,477,person,0.8146,1455,715,1540,848,1497.5,781.5,1497.5,848.0
252,10.040,515,person,0.6556,1701,359,1748,450,1724.5,404.5,1724.5,450.0
252,10.040,591,person,0.7549,1537,973,1619,1079,1578.0,1026.0,1578.0,1079.0
252,10.040,574,person,0.4388,961,323,992,387,976.5,355.0,976.5,387.0
252,10.040,242,person,0.4704,1065,273,1093,334,1079.0,303.5,1079.0,334.0
252,10.040,406,person,0.5918,570,269,607,327,588.5,298.0,588.5,327.0
252,10.040,638,person,0.7844,942,954,1014,1080,978.0,1017.0,978.0,1080.0
252,10.040,679,person,0.6876,64,402,123,498,93.5,450.0,93.5,498.0
252,10.040,704,person,0.7049,391,967,481,1079,436.0,1023.0,436.0,1079.0
252,10.040,665,person,0.7746,679,446,731,543,705.0,494.5,705.0,543.0
252,10.040,711,person,0.6109,1816,385,1859,465,1837.5,425.0,1837.5,465.0
252,10.040,736,person,0.5665,1298,241,1331,313,1314.5,277.0,1314.5,313.0
252,10.040,674,person,0.4651,234,345,292,436,263.0,390.5,263.0,436.0
252,10.040,738,person,0.4973,1861,320,1894,391,1877.5,355.5,1877.5,391.0
252,10.040,629,person,0.4038,389,308,434,392,411.5,350.0,411.5,392.0
252,10.040,425,person,0.6831,412,747,482,890,447.0,818.5,447.0,890.0
252,10.040,757,person,0.6855,229,346,275,430,252.0,388.0,252.0,430.0
252,10.040,744,person,0.6142,868,318,917,398,892.5,358.0,892.5,398.0
253,10.080,289,person,0.6012,1145,258,1183,334,1164.0,296.0,1164.0,334.0
253,10.080,1,person,0.7655,1297,681,1375,774,1336.0,727.5,1336.0,774.0
253,10.080,314,person,0.6205,1559,464,1600,566,1579.5,515.0,1579.5,566.0
253,10.080,2,person,0.7495,313,712,393,849,353.0,780.5,353.0,849.0
253,10.080,477,person,0.8257,1460,715,1546,853,1503.0,784.0,1503.0,853.0
253,10.080,515,person,0.6646,1698,358,1747,450,1722.5,404.0,1722.5,450.0
253,10.080,591,person,0.7535,1539,972,1622,1079,1580.5,1025.5,1580.5,1079.0
253,10.080,574,person,0.6435,956,321,991,395,973.5,358.0,973.5,395.0
253,10.080,242,person,0.5056,1062,273,1091,338,1076.5,305.5,1076.5,338.0
253,10.080,406,person,0.6211,568,270,605,325,586.5,297.5,586.5,325.0
253,10.080,638,person,0.7390,946,954,1017,1080,981.5,1017.0,981.5,1080.0
253,10.080,679,person,0.6717,62,402,119,498,90.5,450.0,90.5,498.0
253,10.080,704,person,0.6959,395,967,484,1079,439.5,1023.0,439.5,1079.0
253,10.080,665,person,0.8093,677,447,728,542,702.5,494.5,702.5,542.0
253,10.080,711,person,0.6918,1813,386,1858,470,1835.5,428.0,1835.5,470.0
253,10.080,736,person,0.5503,1300,241,1331,312,1315.5,276.5,1315.5,312.0
253,10.080,738,person,0.4232,1861,322,1894,392,1877.5,357.0,1877.5,392.0
253,10.080,629,person,0.4801,382,310,428,393,405.0,351.5,405.0,393.0
253,10.080,425,person,0.7465,399,750,477,902,438.0,826.0,438.0,902.0
253,10.080,757,person,0.6986,227,343,274,429,250.5,386.0,250.5,429.0
253,10.080,744,person,0.5076,862,319,909,398,885.5,358.5,885.5,398.0
254,10.120,289,person,0.5920,1145,261,1179,332,1162.0,296.5,1162.0,332.0
254,10.120,1,person,0.8112,1297,679,1377,773,1337.0,726.0,1337.0,773.0
254,10.120,314,person,0.6474,1558,465,1600,571,1579.0,518.0,1579.0,571.0
254,10.120,2,person,0.7410,309,714,387,851,348.0,782.5,348.0,851.0
254,10.120,477,person,0.7653,1462,711,1550,853,1506.0,782.0,1506.0,853.0
254,10.120,515,person,0.5237,1692,358,1742,449,1717.0,403.5,1717.0,449.0
254,10.120,591,person,0.7531,1541,971,1624,1079,1582.5,1025.0,1582.5,1079.0
254,10.120,574,person,0.6982,951,323,989,400,970.0,361.5,970.0,400.0
254,10.120,242,person,0.4661,1058,272,1088,339,1073.0,305.5,1073.0,339.0
254,10.120,406,person,0.6580,564,272,600,327,582.0,299.5,582.0,327.0
254,10.120,638,person,0.7577,949,955,1018,1080,983.5,1017.5,983.5,1080.0
254,10.120,679,person,0.7132,58,402,115,499,86.5,450.5,86.5,499.0
254,10.120,704,person,0.7063,399,966,485,1079,442.0,1022.5,442.0,1079.0
254,10.120,665,person,0.8121,672,447,722,540,697.0,493.5,697.0,540.0
254,10.120,711,person,0.6648,1810,390,1853,472,1831.5,431.0,1831.5,472.0
254,10.120,736,person,0.5282,1300,241,1331,312,1315.5,276.5,1315.5,312.0
254,10.120,738,person,0.3536,1860,322,1894,393,1877.0,357.5,1877.0,393.0
254,10.120,425,person,0.7287,387,752,470,911,428.5,831.5,428.5,911.0
254,10.120,757,person,0.6962,221,341,268,427,244.5,384.0,244.5,427.0
254,10.120,744,person,0.6330,856,319,904,401,880.0,360.0,880.0,401.0
254,10.120,766,person,0.4802,372,311,401,388,386.5,349.5,386.5,388.0
255,10.160,289,person,0.6066,1141,262,1175,330,1158.0,296.0,1158.0,330.0
255,10.160,1,person,0.8249,1298,675,1378,771,1338.0,723.0,1338.0,771.0
255,10.160,314,person,0.6118,1558,467,1599,572,1578.5,519.5,1578.5,572.0
255,10.160,2,person,0.7462,303,715,380,854,341.5,784.5,341.5,854.0
255,10.160,477,person,0.8264,1465,709,1551,849,1508.0,779.0,1508.0,849.0
255,10.160,591,person,0.7628,1542,971,1624,1079,1583.0,1025.0,1583.0,1079.0
255,10.160,574,person,0.5519,944,325,982,403,963.0,364.0,963.0,403.0
255,10.160,242,person,0.4492,1058,272,1084,329,1071.0,300.5,1071.0,329.0
255,10.160,406,person,0.6372,557,273,592,326,574.5,299.5,574.5,326.0
255,10.160,638,person,0.7593,951,955,1020,1080,985.5,1017.5,985.5,1080.0
255,10.160,679,person,0.7325,53,399,109,497,81.0,448.0,81.0,497.0
255,10.160,704,person,0.6912,401,968,485,1079,443.0,1023.5,443.0,1079.0
255,10.160,665,person,0.7980,665,448,715,541,690.0,494.5,690.0,541.0
255,10.160,711,person,0.5918,1805,393,1847,473,1826.0,433.0,1826.0,473.0
255,10.160,736,person,0.5584,1299,240,1331,311,1315.0,275.5,1315.0,311.0
255,10.160,738,person,0.4375,1856,320,1893,396,1874.5,358.0,1874.5,396.0
255,10.160,425,person,0.8154,378,757,461,912,419.5,834.5,419.5,912.0
255,10.160,757,person,0.7082,216,339,262,425,239.0,382.0,239.0,425.0
255,10.160,744,person,0.7725,852,321,898,401,875.0,361.0,875.0,401.0
255,10.160,766,person,0.5075,369,313,396,384,382.5,348.5,382.5,384.0
256,10.200,289,person,0.5725,1138,264,1171,330,1154.5,297.0,1154.5,330.0
256,10.200,1,person,0.8539,1298,672,1380,771,1339.0,721.5,1339.0,771.0
256,10.200,314,person,0.6357,1558,471,1597,570,1577.5,520.5,1577.5,570.0
256,10.200,2,person,0.7662,294,714,372,859,333.0,786.5,333.0,859.0
256,10.200,477,person,0.8305,1469,706,1555,847,1512.0,776.5,1512.0,847.0
256,10.200,591,person,0.7703,1542,972,1624,1079,1583.0,1025.5,1583.0,1079.0
256,10.200,574,person,0.6119,937,324,976,402,956.5,363.0,956.5,402.0
256,10.200,406,person,0.6300,550,274,584,328,567.0,301.0,567.0,328.0
256,10.200,638,person,0.7555,953,955,1021,1080,987.0,1017.5,987.0,1080.0
256,10.200,679,person,0.7568,48,398,103,496,75.5,447.0,75.5,496.0
256,10.200,704,person,0.7274,404,969,485,1080,444.5,1024.5,444.5,1080.0
256,10.200,665,person,0.7792,660,449,710,542,685.0,495.5,685.0,542.0
256,10.200,711,person,0.6005,1800,394,1840,471,1820.0,432.5,1820.0,471.0
256,10.200,736,person,0.5394,1298,240,1329,310,1313.5,275.0,1313.5,310.0
256,10.200,738,person,0.4609,1854,320,1890,396,1872.0,358.0,1872.0,396.0
256,10.200,425,person,0.8081,367,760,447,913,407.0,836.5,407.0,913.0
256,10.200,757,person,0.7005,208,340,253,423,230.5,381.5,230.5,423.0
256,10.200,744,person,0.6577,847,321,892,402,869.5,361.5,869.5,402.0
256,10.200,766,person,0.5352,366,311,397,392,381.5,351.5,381.5,392.0
256,10.200,515,person,0.4627,1683,357,1734,447,1708.5,402.0,1708.5,447.0
257,10.240,289,person,0.5816,1134,264,1167,332,1150.5,298.0,1150.5,332.0
257,10.240,1,person,0.8449,1296,668,1381,771,1338.5,719.5,1338.5,771.0
257,10.240,314,person,0.6891,1556,475,1594,569,1575.0,522.0,1575.0,569.0
257,10.240,2,person,0.7310,287,714,364,861,325.5,787.5,325.5,861.0
257,10.240,477,person,0.8125,1475,704,1558,842,1516.5,773.0,1516.5,842.0
257,10.240,591,person,0.7953,1542,972,1624,1079,1583.0,1025.5,1583.0,1079.0
257,10.240,574,person,0.5239,931,323,971,405,951.0,364.0,951.0,405.0
257,10.240,638,person,0.7636,954,955,1021,1080,987.5,1017.5,987.5,1080.0
257,10.240,679,person,0.7704,41,397,97,495,69.0,446.0,69.0,495.0
257,10.240,704,person,0.7230,405,969,485,1080,445.0,1024.5,445.0,1080.0
257,10.240,665,person,0.8135,655,450,706,542,680.5,496.0,680.5,542.0
257,10.240,711,person,0.6959,1795,392,1835,471,1815.0,431.5,1815.0,471.0
257,10.240,736,person,0.5321,1296,240,1328,310,1312.0,275.0,1312.0,310.0
257,10.240,738,person,0.4110,1849,318,1885,395,1867.0,356.5,1867.0,395.0
257,10.240,425,person,0.8422,352,763,429,912,390.5,837.5,390.5,912.0
257,10.240,757,person,0.7641,202,340,246,419,224.0,379.5,224.0,419.0
257,10.240,744,person,0.6260,842,321,885,400,863.5,360.5,863.5,400.0
257,10.240,766,person,0.5287,356,311,390,398,373.0,354.5,373.0,398.0
257,10.240,775,person,0.4518,1703,292,1736,372,1719.5,332.0,1719.5,372.0
257,10.240,776,person,0.4908,1044,274,1075,335,1059.5,304.5,1059.5,335.0
257,10.240,777,person,0.3986,1878,395,1917,493,1897.5,444.0,1897.5,493.0
257,10.240,515,person,0.5447,1678,357,1729,447,1703.5,402.0,1703.5,447.0
258,10.280,289,person,0.5895,1130,262,1163,331,1146.5,296.5,1146.5,331.0
258,10.280,1,person,0.7414,1295,666,1381,771,1338.0,718.5,1338.0,771.0
258,10.280,314,person,0.7440,1553,476,1592,571,1572.5,523.5,1572.5,571.0
258,10.280,2,person,0.8245,277,713,355,865,316.0,789.0,316.0,865.0
258,10.280,477,person,0.8010,1476,701,1557,835,1516.5,768.0,1516.5,835.0
258,10.280,591,person,0.7928,1541,972,1623,1079,1582.0,1025.5,1582.0,1079.0
258,10.280,638,person,0.7672,954,955,1021,1080,987.5,1017.5,987.5,1080.0
258,10.280,679,person,0.7833,35,397,91,494,63.0,445.5,63.0,494.0
258,10.280,704,person,0.6807,404,969,483,1080,443.5,1024.5,443.5,1080.0
258,10.280,665,person,0.8513,651,451,701,542,676.0,496.5,676.0,542.0
258,10.280,711,person,0.7376,1789,394,1829,471,1809.0,432.5,1809.0,471.0
258,10.280,736,person,0.4669,1294,241,1326,311,1310.0,276.0,1310.0,311.0
258,10.280,738,person,0.5352,1843,318,1882,399,1862.5,358.5,1862.5,399.0
258,10.280,425,person,0.7707,339,765,413,912,376.0,838.5,376.0,912.0
258,10.280,757,person,0.7545,194,342,236,417,215.0,379.5,215.0,417.0
258,10.280,744,person,0.6452,838,320,879,398,858.5,359.0,858.5,398.0
258,10.280,766,person,0.5752,348,311,380,393,364.0,352.0,364.0,393.0
258,10.280,775,person,0.4285,1701,292,1732,368,1716.5,330.0,1716.5,368.0
258,10.280,776,person,0.5544,1040,275,1072,338,1056.0,306.5,1056.0,338.0
258,10.280,777,person,0.5755,1874,396,1913,494,1893.5,445.0,1893.5,494.0
258,10.280,515,person,0.5593,1673,360,1722,448,1697.5,404.0,1697.5,448.0
258,10.280,779,person,0.4669,541,271,565,326,553.0,298.5,553.0,326.0
259,10.320,289,person,0.6527,1124,261,1159,333,1141.5,297.0,1141.5,333.0
259,10.320,1,person,0.7394,1292,665,1380,774,1336.0,719.5,1336.0,774.0
259,10.320,314,person,0.7378,1550,478,1590,574,1570.0,526.0,1570.0,574.0
259,10.320,2,person,0.7927,266,711,345,868,305.5,789.5,305.5,868.0
259,10.320,477,person,0.7721,1476,699,1554,829,1515.0,764.0,1515.0,829.0
259,10.320,591,person,0.7945,1539,972,1622,1079,1580.5,1025.5,1580.5,1079.0
259,10.320,638,person,0.7637,954,955,1020,1080,987.0,1017.5,987.0,1080.0
259,10.320,679,person,0.7827,30,398,85,494,57.5,446.0,57.5,494.0
259,10.320,704,person,0.6734,404,969,481,1080,442.5,1024.5,442.5,1080.0
259,10.320,665,person,0.8092,642,452,692,542,667.0,497.0,667.0,542.0
259,10.320,711,person,0.6553,1780,397,1822,474,1801.0,435.5,1801.0,474.0
259,10.320,736,person,0.4736,1292,243,1324,312,1308.0,277.5,1308.0,312.0
259,10.320,738,person,0.5714,1838,317,1876,396,1857.0,356.5,1857.0,396.0
259,10.320,425,person,0.6609,325,766,400,919,362.5,842.5,362.5,919.0
259,10.320,757,person,0.7611,186,341,229,417,207.5,379.0,207.5,417.0
259,10.320,744,person,0.6781,833,319,875,398,854.0,358.5,854.0,398.0
259,10.320,766,person,0.4956,342,310,376,397,359.0,353.5,359.0,397.0
259,10.320,775,person,0.5015,1698,293,1729,369,1713.5,331.0,1713.5,369.0
259,10.320,776,person,0.5579,1033,275,1067,341,1050.0,308.0,1050.0,341.0
259,10.320,777,person,0.5151,1870,397,1911,499,1890.5,448.0,1890.5,499.0
259,10.320,515,person,0.3620,1666,361,1713,448,1689.5,404.5,1689.5,448.0
259,10.320,779,person,0.4995,537,272,560,324,548.5,298.0,548.5,324.0
260,10.360,289,person,0.5593,1118,262,1152,333,1135.0,297.5,1135.0,333.0
260,10.360,1,person,0.8543,1289,664,1378,776,1333.5,720.0,1333.5,776.0
260,10.360,314,person,0.7529,1543,480,1587,583,1565.0,531.5,1565.0,583.0
260,10.360,2,person,0.8214,257,714,334,871,295.5,792.5,295.5,871.0
260,10.360,477,person,0.6880,1474,693,1552,825,1513.0,759.0,1513.0,825.0
260,10.360,591,person,0.7692,1538,971,1621,1079,1579.5,1025.0,1579.5,1079.0
260,10.360,638,person,0.7616,952,955,1019,1080,985.5,1017.5,985.5,1080.0
260,10.360,679,person,0.7790,22,399,77,494,49.5,446.5,49.5,494.0
260,10.360,704,person,0.6937,405,970,481,1080,443.0,1025.0,443.0,1080.0
260,10.360,665,person,0.8468,631,451,684,544,657.5,497.5,657.5,544.0
260,10.360,711,person,0.6313,1770,397,1813,477,1791.5,437.0,1791.5,477.0
260,10.360,736,person,0.4018,1287,245,1319,313,1303.0,279.0,1303.0,313.0
260,10.360,738,person,0.5045,1832,319,1869,396,1850.5,357.5,1850.5,396.0
260,10.360,425,person,0.7899,315,767,385,913,350.0,840.0,350.0,913.0
260,10.360,757,person,0.7985,178,340,223,420,200.5,380.0,200.5,420.0
260,10.360,744,person,0.6990,825,317,869,398,847.0,357.5,847.0,398.0
260,10.360,766,person,0.5023,333,308,369,399,351.0,353.5,351.0,399.0
260,10.360,775,person,0.3881,1693,294,1725,369,1709.0,331.5,1709.0,369.0
260,10.360,776,person,0.5078,1027,275,1062,343,1044.5,309.0,1044.5,343.0
260,10.360,777,person,0.4675,1866,398,1905,496,1885.5,447.0,1885.5,496.0
260,10.360,515,person,0.6006,1656,359,1703,448,1679.5,403.5,1679.5,448.0
260,10.360,779,person,0.6500,528,271,552,324,540.0,297.5,540.0,324.0
260,10.360,175,person,0.5262,906,334,940,400,923.0,367.0,923.0,400.0
261,10.400,289,person,0.6302,1112,263,1145,332,1128.5,297.5,1128.5,332.0
261,10.400,1,person,0.8738,1284,662,1375,779,1329.5,720.5,1329.5,779.0
261,10.400,314,person,0.7222,1536,483,1582,588,1559.0,535.5,1559.0,588.0
261,10.400,2,person,0.7963,248,718,323,871,285.5,794.5,285.5,871.0
261,10.400,477,person,0.6984,1475,689,1550,819,1512.5,754.0,1512.5,819.0
261,10.400,591,person,0.7680,1537,971,1620,1079,1578.5,1025.0,1578.5,1079.0
261,10.400,638,person,0.7588,951,955,1016,1080,983.5,1017.5,983.5,1080.0
261,10.400,679,person,0.6640,15,398,69,495,42.0,446.5,42.0,495.0
261,10.400,704,person,0.6828,404,969,479,1080,441.5,1024.5,441.5,1080.0
261,10.400,665,person,0.8233,625,451,678,543,651.5,497.0,651.5,543.0
261,10.400,711,person,0.6836,1763,399,1806,478,1784.5,438.5,1784.5,478.0
261,10.400,736,person,0.5572,1282,247,1313,312,1297.5,279.5,1297.5,312.0
261,10.400,738,person,0.4394,1826,321,1862,395,1844.0,358.0,1844.0,395.0
261,10.400,425,person,0.6598,299,771,373,930,336.0,850.5,336.0,930.0
261,10.400,757,person,0.7665,169,341,216,425,192.5,383.0,192.5,425.0
261,10.400,744,person,0.7162,816,317,861,397,838.5,357.0,838.5,397.0
261,10.400,766,person,0.4500,323,309,356,391,339.5,350.0,339.5,391.0
261,10.400,775,person,0.3149,1685,292,1718,371,1701.5,331.5,1701.5,371.0
261,10.400,776,person,0.5603,1022,275,1056,342,1039.0,308.5,1039.0,342.0
261,10.400,777,person,0.3108,1861,398,1901,497,1881.0,447.5,1881.0,497.0
261,10.400,515,person,0.3157,1648,360,1695,448,1671.5,404.0,1671.5,448.0
261,10.400,779,person,0.5754,519,271,544,325,531.5,298.0,531.5,325.0
262,10.440,289,person,0.6202,1104,263,1137,332,1120.5,297.5,1120.5,332.0
262,10.440,1,person,0.8117,1281,662,1371,778,1326.0,720.0,1326.0,778.0
262,10.440,314,person,0.7263,1530,486,1577,594,1553.5,540.0,1553.5,594.0
262,10.440,2,person,0.8198,238,723,309,870,273.5,796.5,273.5,870.0
262,10.440,477,person,0.7410,1476,689,1548,814,1512.0,751.5,1512.0,814.0
262,10.440,591,person,0.7717,1535,972,1618,1079,1576.5,1025.5,1576.5,1079.0
262,10.440,638,person,0.7526,948,955,1014,1080,981.0,1017.5,981.0,1080.0
262,10.440,679,person,0.6922,9,400,62,495,35.5,447.5,35.5,495.0
262,10.440,704,person,0.7184,402,968,477,1080,439.5,1024.0,439.5,1080.0
262,10.440,665,person,0.8509,616,450,672,545,644.0,497.5,644.0,545.0
262,10.440,711,person,0.5623,1754,401,1797,482,1775.5,441.5,1775.5,482.0
262,10.440,736,person,0.5870,1277,250,1307,311,1292.0,280.5,1292.0,311.0
262,10.440,738,person,0.4797,1819,323,1853,394,1836.0,358.5,1836.0,394.0
262,10.440,425,person,0.5777,283,775,359,940,321.0,857.5,321.0,940.0
262,10.440,757,person,0.7086,159,338,206,424,182.5,381.0,182.5,424.0
262,10.440,744,person,0.6981,806,319,853,400,829.5,359.5,829.5,400.0
262,10.440,766,person,0.4574,315,309,345,380,330.0,344.5,330.0,380.0
262,10.440,775,person,0.3741,1677,293,1710,369,1693.5,331.0,1693.5,369.0
262,10.440,776,person,0.6342,1014,275,1048,342,1031.0,308.5,1031.0,342.0
262,10.440,777,person,0.5742,1854,398,1893,495,1873.5,446.5,1873.5,495.0
262,10.440,515,person,0.4034,1639,357,1686,445,1662.5,401.0,1662.5,445.0
262,10.440,779,person,0.6056,510,271,537,328,523.5,299.5,523.5,328.0
263,10.480,289,person,0.6104,1096,265,1127,331,1111.5,298.0,1111.5,331.0
263,10.480,1,person,0.7939,1279,659,1369,778,1324.0,718.5,1324.0,778.0
263,10.480,314,person,0.5845,1527,489,1572,592,1549.5,540.5,1549.5,592.0
263,10.480,2,person,0.6943,225,727,295,871,260.0,799.0,260.0,871.0
263,10.480,477,person,0.7297,1477,689,1546,810,1511.5,749.5,1511.5,810.0
263,10.480,591,person,0.7706,1533,972,1615,1079,1574.0,1025.5,1574.0,1079.0
263,10.480,638,person,0.7709,946,955,1011,1080,978.5,1017.5,978.5,1080.0
263,10.480,679,person,0.6514,1,401,55,502,28.0,451.5,28.0,502.0
263,10.480,704,person,0.6932,399,967,474,1080,436.5,1023.5,436.5,1080.0
263,10.480,665,person,0.8125,609,450,666,547,637.5,498.5,637.5,547.0
263,10.480,711,person,0.5375,1746,402,1788,482,1767.0,442.0,1767.0,482.0
263,10.480,736,person,0.5551,1270,246,1301,311,1285.5,278.5,1285.5,311.0
263,10.480,738,person,0.3887,1810,323,1844,395,1827.0,359.0,1827.0,395.0
263,10.480,425,person,0.6413,267,780,342,945,304.5,862.5,304.5,945.0
263,10.480,757,person,0.7011,149,338,195,423,172.0,380.5,172.0,423.0
263,10.480,744,person,0.7698,799,320,848,401,823.5,360.5,823.5,401.0
263,10.480,766,person,0.5452,306,312,334,379,320.0,345.5,320.0,379.0
263,10.480,775,person,0.3166,1671,295,1704,371,1687.5,333.0,1687.5,371.0
263,10.480,776,person,0.4158,1007,274,1040,340,1023.5,307.0,1023.5,340.0
263,10.480,777,person,0.3829,1849,397,1888,494,1868.5,445.5,1868.5,494.0
263,10.480,779,person,0.7165,501,273,528,331,514.5,302.0,514.5,331.0
264,10.520,289,person,0.6395,1088,267,1119,333,1103.5,300.0,1103.5,333.0
264,10.520,1,person,0.7794,1274,654,1367,780,1320.5,717.0,1320.5,780.0
264,10.520,314,person,0.6472,1521,490,1567,595,1544.0,542.5,1544.0,595.0
264,10.520,2,person,0.7427,206,729,280,876,243.0,802.5,243.0,876.0
264,10.520,477,person,0.7518,1477,690,1543,807,1510.0,748.5,1510.0,807.0
264,10.520,591,person,0.7686,1531,973,1612,1079,1571.5,1026.0,1571.5,1079.0
264,10.520,638,person,0.8027,943,955,1007,1080,975.0,1017.5,975.0,1080.0
264,10.520,679,person,0.6083,0,403,48,505,24.0,454.0,24.0,505.0
264,10.520,704,person,0.7417,397,967,471,1080,434.0,1023.5,434.0,1080.0
264,10.520,665,person,0.8364,606,450,662,546,634.0,498.0,634.0,546.0
264,10.520,711,person,0.4226,1737,402,1779,479,1758.0,440.5,1758.0,479.0
264,10.520,736,person,0.4518,1264,247,1295,311,1279.5,279.0,1279.5,311.0
264,10.520,738,person,0.4469,1802,323,1835,395,1818.5,359.0,1818.5,395.0
264,10.520,425,person,0.5644,252,784,325,946,288.5,865.0,288.5,946.0
264,10.520,757,person,0.6345,137,338,183,422,160.0,380.0,160.0,422.0
264,10.520,744,person,0.6466,792,322,840,402,816.0,362.0,816.0,402.0
264,10.520,766,person,0.5882,296,313,325,384,310.5,348.5,310.5,384.0
264,10.520,775,person,0.3684,1662,294,1694,370,1678.0,332.0,1678.0,370.0
264,10.520,776,person,0.5413,1000,275,1032,337,1016.0,306.0,1016.0,337.0
264,10.520,777,person,0.4926,1844,397,1883,493,1863.5,445.0,1863.5,493.0
264,10.520,779,person,0.5818,491,274,519,334,505.0,304.0,505.0,334.0
265,10.560,289,person,0.6462,1082,265,1114,335,1098.0,300.0,1098.0,335.0
265,10.560,1,person,0.8110,1271,648,1365,778,1318.0,713.0,1318.0,778.0
265,10.560,314,person,0.5358,1515,491,1561,599,1538.0,545.0,1538.0,599.0
265,10.560,2,person,0.6751,190,729,268,882,229.0,805.5,229.0,882.0
265,10.560,477,person,0.7806,1476,690,1540,803,1508.0,746.5,1508.0,803.0
265,10.560,591,person,0.7726,1528,972,1609,1079,1568.5,1025.5,1568.5,1079.0
265,10.560,638,person,0.8211,941,954,1005,1080,973.0,1017.0,973.0,1080.0
265,10.560,679,person,0.5193,0,403,43,504,21.5,453.5,21.5,504.0
265,10.560,704,person,0.7187,395,969,468,1079,431.5,1024.0,431.5,1079.0
265,10.560,665,person,0.8065,602,450,658,545,630.0,497.5,630.0,545.0
265,10.560,711,person,0.4263,1729,402,1769,476,1749.0,439.0,1749.0,476.0
265,10.560,736,person,0.5219,1258,247,1288,311,1273.0,279.0,1273.0,311.0
265,10.560,738,person,0.4097,1792,322,1827,397,1809.5,359.5,1809.5,397.0
265,10.560,425,person,0.7940,238,786,310,946,274.0,866.0,274.0,946.0
265,10.560,757,person,0.7117,130,335,176,421,153.0,378.0,153.0,421.0
265,10.560,744,person,0.6787,783,322,831,403,807.0,362.5,807.0,403.0
265,10.560,766,person,0.5441,285,314,318,393,301.5,353.5,301.5,393.0
265,10.560,775,person,0.3391,1654,291,1686,367,1670.0,329.0,1670.0,367.0
265,10.560,776,person,0.5650,992,277,1023,339,1007.5,308.0,1007.5,339.0
265,10.560,777,person,0.5522,1838,395,1879,495,1858.5,445.0,1858.5,495.0
265,10.560,779,person,0.5479,483,272,512,334,497.5,303.0,497.5,334.0
266,10.600,1,person,0.7804,1269,646,1362,776,1315.5,711.0,1315.5,776.0
266,10.600,314,person,0.5254,1511,491,1557,599,1534.0,545.0,1534.0,599.0
266,10.600,2,person,0.7575,177,730,256,885,216.5,807.5,216.5,885.0
266,10.600,477,person,0.7848,1475,689,1539,803,1507.0,746.0,1507.0,803.0
266,10.600,591,person,0.8113,1525,970,1608,1079,1566.5,1024.5,1566.5,1079.0
266,10.600,638,person,0.8105,938,953,1002,1080,970.0,1016.5,970.0,1080.0
266,10.600,679,person,0.5142,0,400,36,502,18.0,451.0,18.0,502.0
266,10.600,704,person,0.7592,393,970,464,1079,428.5,1024.5,428.5,1079.0
266,10.600,665,person,0.8333,599,448,655,544,627.0,496.0,627.0,544.0
266,10.600,711,person,0.4960,1718,402,1760,479,1739.0,440.5,1739.0,479.0
266,10.600,736,person,0.5860,1249,245,1281,312,1265.0,278.5,1265.0,312.0
266,10.600,738,person,0.5156,1783,319,1819,396,1801.0,357.5,1801.0,396.0
266,10.600,425,person,0.8310,220,790,295,950,257.5,870.0,257.5,950.0
266,10.600,757,person,0.7893,123,337,168,421,145.5,379.0,145.5,421.0
266,10.600,744,person,0.6495,772,322,820,404,796.0,363.0,796.0,404.0
266,10.600,766,person,0.5473,274,313,310,401,292.0,357.0,292.0,401.0
266,10.600,775,person,0.4765,1646,290,1680,369,1663.0,329.5,1663.0,369.0
266,10.600,776,person,0.5074,985,277,1017,339,1001.0,308.0,1001.0,339.0
266,10.600,777,person,0.5903,1830,395,1872,499,1851.0,447.0,1851.0,499.0
266,10.600,779,person,0.4320,474,272,502,332,488.0,302.0,488.0,332.0
266,10.600,242,person,0.6889,1071,265,1101,331,1086.0,298.0,1086.0,331.0
267,10.640,1,person,0.7708,1264,642,1355,774,1309.5,708.0,1309.5,774.0
267,10.640,314,person,0.6246,1508,491,1553,598,1530.5,544.5,1530.5,598.0
267,10.640,2,person,0.6959,166,733,245,889,205.5,811.0,205.5,889.0
267,10.640,477,person,0.7481,1473,688,1539,806,1506.0,747.0,1506.0,806.0
267,10.640,591,person,0.8099,1522,970,1605,1079,1563.5,1024.5,1563.5,1079.0
267,10.640,638,person,0.7883,935,954,999,1080,967.0,1017.0,967.0,1080.0
267,10.640,704,person,0.7617,390,971,461,1079,425.5,1025.0,425.5,1079.0
267,10.640,665,person,0.7798,594,446,650,544,622.0,495.0,622.0,544.0
267,10.640,711,person,0.5068,1706,404,1750,484,1728.0,444.0,1728.0,484.0
267,10.640,736,person,0.4520,1243,246,1276,312,1259.5,279.0,1259.5,312.0
267,10.640,738,person,0.4964,1774,318,1811,397,1792.5,357.5,1792.5,397.0
267,10.640,425,person,0.8734,207,793,285,955,246.0,874.0,246.0,955.0
267,10.640,757,person,0.6194,115,337,159,419,137.0,378.0,137.0,419.0
267,10.640,744,person,0.6097,762,320,809,404,785.5,362.0,785.5,404.0
267,10.640,766,person,0.5691,265,312,301,402,283.0,357.0,283.0,402.0
267,10.640,775,person,0.4981,1638,290,1671,368,1654.5,329.0,1654.5,368.0
267,10.640,776,person,0.4790,977,280,1007,341,992.0,310.5,992.0,341.0
267,10.640,777,person,0.6573,1822,395,1863,496,1842.5,445.5,1842.5,496.0
267,10.640,779,person,0.5523,466,272,494,333,480.0,302.5,480.0,333.0
267,10.640,242,person,0.5734,1067,265,1097,333,1082.0,299.0,1082.0,333.0
268,10.680,1,person,0.7871,1260,642,1346,769,1303.0,705.5,1303.0,769.0
268,10.680,314,person,0.6387,1504,491,1550,602,1527.0,546.5,1527.0,602.0
268,10.680,2,person,0.6151,157,735,233,888,195.0,811.5,195.0,888.0
268,10.680,477,person,0.7537,1471,686,1538,806,1504.5,746.0,1504.5,806.0
268,10.680,591,person,0.8062,1520,970,1602,1079,1561.0,1024.5,1561.0,1079.0
268,10.680,638,person,0.7734,932,954,995,1080,963.5,1017.0,963.5,1080.0
268,10.680,704,person,0.7332,387,972,457,1079,422.0,1025.5,422.0,1079.0
268,10.680,665,person,0.7310,588,443,643,543,615.5,493.0,615.5,543.0
268,10.680,711,person,0.4517,1694,407,1739,487,1716.5,447.0,1716.5,487.0
268,10.680,736,person,0.4397,1236,247,1269,312,1252.5,279.5,1252.5,312.0
268,10.680,738,person,0.5848,1765,318,1803,396,1784.0,357.0,1784.0,396.0
268,10.680,425,person,0.8152,192,798,274,958,233.0,878.0,233.0,958.0
268,10.680,757,person,0.7050,106,330,152,419,129.0,374.5,129.0,419.0
268,10.680,744,person,0.6171,752,320,797,402,774.5,361.0,774.5,402.0
268,10.680,766,person,0.6489,256,310,294,403,275.0,356.5,275.0,403.0
268,10.680,775,person,0.3502,1631,289,1666,369,1648.5,329.0,1648.5,369.0
268,10.680,776,person,0.5920,968,280,999,344,983.5,312.0,983.5,344.0
268,10.680,777,person,0.6312,1817,397,1857,493,1837.0,445.0,1837.0,493.0
268,10.680,779,person,0.5366,458,272,486,331,472.0,301.5,472.0,331.0
268,10.680,242,person,0.6327,1060,264,1091,335,1075.5,299.5,1075.5,335.0
269,10.720,1,person,0.7273,1255,640,1340,768,1297.5,704.0,1297.5,768.0
269,10.720,314,person,0.5572,1499,493,1548,613,1523.5,553.0,1523.5,613.0
269,10.720,2,person,0.3566,149,739,222,891,185.5,815.0,185.5,891.0
269,10.720,477,person,0.7996,1470,684,1537,805,1503.5,744.5,1503.5,805.0
269,10.720,591,person,0.7648,1515,970,1597,1079,1556.0,1024.5,1556.0,1079.0
269,10.720,638,person,0.7575,930,955,992,1080,961.0,1017.5,961.0,1080.0
269,10.720,704,person,0.7581,384,973,454,1079,419.0,1026.0,419.0,1079.0
269,10.720,665,person,0.7312,583,440,638,542,610.5,491.0,610.5,542.0
269,10.720,711,person,0.6361,1684,410,1728,490,1706.0,450.0,1706.0,490.0
269,10.720,736,person,0.5127,1229,249,1260,311,1244.5,280.0,1244.5,311.0
269,10.720,738,person,0.4959,1757,319,1795,397,1776.0,358.0,1776.0,397.0
269,10.720,425,person,0.7679,178,791,267,960,222.5,875.5,222.5,960.0
269,10.720,757,person,0.7484,98,326,146,421,122.0,373.5,122.0,421.0
269,10.720,744,person,0.5815,743,320,787,403,765.0,361.5,765.0,403.0
269,10.720,766,person,0.6809,246,309,288,412,267.0,360.5,267.0,412.0
269,10.720,776,person,0.5015,961,282,992,344,976.5,313.0,976.5,344.0
269,10.720,777,person,0.6887,1810,399,1850,494,1830.0,446.5,1830.0,494.0
269,10.720,779,person,0.3612,449,272,477,330,463.0,301.0,463.0,330.0
269,10.720,242,person,0.5968,1052,263,1084,335,1068.0,299.0,1068.0,335.0
270,10.760,1,person,0.6801,1251,642,1332,767,1291.5,704.5,1291.5,767.0
270,10.760,314,person,0.6312,1495,495,1544,615,1519.5,555.0,1519.5,615.0
270,10.760,2,person,0.3650,133,738,219,925,176.0,831.5,176.0,925.0
270,10.760,477,person,0.7558,1469,686,1536,804,1502.5,745.0,1502.5,804.0
270,10.760,591,person,0.7679,1512,970,1594,1079,1553.0,1024.5,1553.0,1079.0
270,10.760,638,person,0.7736,927,957,989,1080,958.0,1018.5,958.0,1080.0
270,10.760,704,person,0.8018,381,972,451,1079,416.0,1025.5,416.0,1079.0
270,10.760,665,person,0.7946,579,438,632,540,605.5,489.0,605.5,540.0
270,10.760,711,person,0.5435,1675,411,1717,489,1696.0,450.0,1696.0,489.0
270,10.760,736,person,0.5079,1220,249,1253,314,1236.5,281.5,1236.5,314.0
270,10.760,738,person,0.5676,1750,320,1786,394,1768.0,357.0,1768.0,394.0
270,10.760,425,person,0.7529,158,772,258,960,208.0,866.0,208.0,960.0
270,10.760,757,person,0.6493,90,325,137,422,113.5,373.5,113.5,422.0
270,10.760,744,person,0.6296,735,319,778,405,756.5,362.0,756.5,405.0
270,10.760,766,person,0.6932,236,308,279,410,257.5,359.0,257.5,410.0
270,10.760,776,person,0.5755,952,282,983,344,967.5,313.0,967.5,344.0
270,10.760,777,person,0.5816,1803,399,1842,492,1822.5,445.5,1822.5,492.0
270,10.760,779,person,0.5704,440,273,467,332,453.5,302.5,453.5,332.0
270,10.760,242,person,0.6653,1042,264,1076,336,1059.0,300.0,1059.0,336.0
270,10.760,809,person,0.5083,1566,350,1598,437,1582.0,393.5,1582.0,437.0
270,10.760,810,person,0.4906,1497,494,1541,662,1519.0,578.0,1519.0,662.0
270,10.760,775,person,0.5128,1616,290,1651,369,1633.5,329.5,1633.5,369.0
271,10.800,1,person,0.6708,1246,640,1327,767,1286.5,703.5,1286.5,767.0
271,10.800,314,person,0.7045,1491,499,1538,614,1514.5,556.5,1514.5,614.0
271,10.800,2,person,0.7022,130,736,229,949,179.5,842.5,179.5,949.0
271,10.800,477,person,0.7082,1468,688,1536,805,1502.0,746.5,1502.0,805.0
271,10.800,591,person,0.7650,1509,970,1591,1079,1550.0,1024.5,1550.0,1079.0
271,10.800,638,person,0.7578,923,956,985,1080,954.0,1018.0,954.0,1080.0
271,10.800,704,person,0.7805,378,972,447,1079,412.5,1025.5,412.5,1079.0
271,10.800,665,person,0.7338,575,439,626,540,600.5,489.5,600.5,540.0
271,10.800,711,person,0.5282,1665,413,1705,487,1685.0,450.0,1685.0,487.0
271,10.800,736,person,0.3721,1213,248,1245,313,1229.0,280.5,1229.0,313.0
271,10.800,738,person,0.4830,1742,323,1776,392,1759.0,357.5,1759.0,392.0
271,10.800,425,person,0.5903,150,791,240,960,195.0,875.5,195.0,960.0
271,10.800,757,person,0.6869,83,323,128,416,105.5,369.5,105.5,416.0
271,10.800,744,person,0.6454,725,321,768,407,746.5,364.0,746.5,407.0
271,10.800,766,person,0.6350,227,309,269,407,248.0,358.0,248.0,407.0
271,10.800,776,person,0.5481,943,283,974,346,958.5,314.5,958.5,346.0
271,10.800,777,person,0.5308,1797,399,1836,492,1816.5,445.5,1816.5,492.0
271,10.800,779,person,0.5955,431,274,460,334,445.5,304.0,445.5,334.0
271,10.800,242,person,0.6825,1035,264,1070,337,1052.5,300.5,1052.5,337.0
271,10.800,809,person,0.2484,1554,346,1588,437,1571.0,391.5,1571.0,437.0
271,10.800,813,person,0.5512,791,339,837,422,814.0,380.5,814.0,422.0
271,10.800,775,person,0.2500,1606,287,1641,365,1623.5,326.0,1623.5,365.0
272,10.840,1,person,0.6890,1241,638,1320,768,1280.5,703.0,1280.5,768.0
272,10.840,314,person,0.5778,1485,503,1532,617,1508.5,560.0,1508.5,617.0
272,10.840,2,person,0.7549,115,735,217,960,166.0,847.5,166.0,960.0
272,10.840,477,person,0.7122,1465,692,1535,811,1500.0,751.5,1500.0,811.0
272,10.840,591,person,0.7677,1505,969,1587,1079,1546.0,1024.0,1546.0,1079.0
272,10.840,638,person,0.8046,920,955,982,1080,951.0,1017.5,951.0,1080.0
272,10.840,704,person,0.7858,373,973,442,1079,407.5,1026.0,407.5,1079.0
272,10.840,665,person,0.7434,570,441,618,540,594.0,490.5,594.0,540.0
272,10.840,711,person,0.6446,1653,413,1692,486,1672.5,449.5,1672.5,486.0
272,10.840,736,person,0.5733,1205,248,1237,313,1221.0,280.5,1221.0,313.0
272,10.840,738,person,0.4457,1734,324,1768,394,1751.0,359.0,1751.0,394.0
272,10.840,425,person,0.4378,129,795,215,960,172.0,877.5,172.0,960.0
272,10.840,757,person,0.7403,75,325,118,412,96.5,368.5,96.5,412.0
272,10.840,744,person,0.6369,717,322,758,406,737.5,364.0,737.5,406.0
272,10.840,766,person,0.6324,219,311,257,397,238.0,354.0,238.0,397.0
272,10.840,776,person,0.4640,937,285,967,344,952.0,314.5,952.0,344.0
272,10.840,777,person,0.5694,1791,401,1828,490,1809.5,445.5,1809.5,490.0
272,10.840,779,person,0.6730,422,275,451,334,436.5,304.5,436.5,334.0
272,10.840,242,person,0.5979,1027,266,1063,336,1045.0,301.0,1045.0,336.0
272,10.840,813,person,0.4739,778,339,823,421,800.5,380.0,800.5,421.0
272,10.840,775,person,0.2763,1596,290,1632,368,1614.0,329.0,1614.0,368.0
273,10.880,1,person,0.7418,1239,635,1318,767,1278.5,701.0,1278.5,767.0
273,10.880,314,person,0.6027,1481,506,1527,618,1504.0,562.0,1504.0,618.0
273,10.880,477,person,0.6553,1463,693,1535,812,1499.0,752.5,1499.0,812.0
273,10.880,591,person,0.7844,1501,968,1584,1079,1542.5,1023.5,1542.5,1079.0
273,10.880,638,person,0.7786,915,954,978,1080,946.5,1017.0,946.5,1080.0
273,10.880,704,person,0.7629,370,975,437,1079,403.5,1027.0,403.5,1079.0
273,10.880,665,person,0.7703,565,440,612,541,588.5,490.5,588.5,541.0
273,10.880,711,person,0.7273,1641,412,1682,488,1661.5,450.0,1661.5,488.0
273,10.880,736,person,0.4709,1197,245,1231,313,1214.0,279.0,1214.0,313.0
273,10.880,738,person,0.5725,1726,322,1760,394,1743.0,358.0,1743.0,394.0
273,10.880,425,person,0.6373,116,802,197,963,156.5,882.5,156.5,963.0
273,10.880,757,person,0.6737,67,325,110,414,88.5,369.5,88.5,414.0
273,10.880,744,person,0.7613,707,323,749,408,728.0,365.5,728.0,408.0
273,10.880,766,person,0.5682,207,313,244,400,225.5,356.5,225.5,400.0
273,10.880,776,person,0.4225,931,285,959,340,945.0,312.5,945.0,340.0
273,10.880,777,person,0.6236,1781,401,1819,492,1800.0,446.5,1800.0,492.0
273,10.880,779,person,0.5546,412,276,440,333,426.0,304.5,426.0,333.0
273,10.880,242,person,0.6627,1018,269,1053,336,1035.5,302.5,1035.5,336.0
273,10.880,813,person,0.6249,764,342,810,424,787.0,383.0,787.0,424.0
273,10.880,775,person,0.3602,1588,291,1622,367,1605.0,329.0,1605.0,367.0
274,10.920,1,person,0.6857,1238,633,1314,767,1276.0,700.0,1276.0,767.0
274,10.920,314,person,0.6084,1475,508,1521,618,1498.0,563.0,1498.0,618.0
274,10.920,477,person,0.7011,1460,693,1535,814,1497.5,753.5,1497.5,814.0
274,10.920,591,person,0.7749,1496,969,1579,1079,1537.5,1024.0,1537.5,1079.0
274,10.920,638,person,0.7281,912,954,974,1080,943.0,1017.0,943.0,1080.0
274,10.920,704,person,0.7645,365,976,433,1079,399.0,1027.5,399.0,1079.0
274,10.920,665,person,0.7631,559,439,606,542,582.5,490.5,582.5,542.0
274,10.920,711,person,0.7084,1627,412,1670,492,1648.5,452.0,1648.5,492.0
274,10.920,736,person,0.4939,1189,246,1224,313,1206.5,279.5,1206.5,313.0
274,10.920,738,person,0.5599,1717,322,1752,395,1734.5,358.5,1734.5,395.0
274,10.920,425,person,0.5540,101,803,180,963,140.5,883.0,140.5,963.0
274,10.920,757,person,0.6762,58,325,101,412,79.5,368.5,79.5,412.0
274,10.920,744,person,0.7332,695,323,736,407,715.5,365.0,715.5,407.0
274,10.920,766,person,0.4342,197,314,230,390,213.5,352.0,213.5,390.0
274,10.920,776,person,0.4339,922,288,950,343,936.0,315.5,936.0,343.0
274,10.920,777,person,0.6694,1773,399,1811,493,1792.0,446.0,1792.0,493.0
274,10.920,779,person,0.5512,403,275,433,334,418.0,304.5,418.0,334.0
274,10.920,242,person,0.6574,1008,267,1045,337,1026.5,302.0,1026.5,337.0
274,10.920,813,person,0.6824,752,343,799,429,775.5,386.0,775.5,429.0
274,10.920,775,person,0.4260,1578,290,1614,369,1596.0,329.5,1596.0,369.0
274,10.920,809,person,0.5855,1525,349,1559,436,1542.0,392.5,1542.0,436.0
275,10.960,1,person,0.7127,1234,633,1308,766,1271.0,699.5,1271.0,766.0
275,10.960,314,person,0.6670,1467,510,1514,622,1490.5,566.0,1490.5,622.0
275,10.960,477,person,0.6569,1459,693,1536,813,1497.5,753.0,1497.5,813.0
275,10.960,591,person,0.7800,1491,968,1574,1079,1532.5,1023.5,1532.5,1079.0
275,10.960,638,person,0.7486,908,956,969,1080,938.5,1018.0,938.5,1080.0
275,10.960,704,person,0.7261,361,977,427,1080,394.0,1028.5,394.0,1080.0
275,10.960,665,person,0.7934,554,440,599,541,576.5,490.5,576.5,541.0
275,10.960,711,person,0.6473,1614,415,1659,495,1636.5,455.0,1636.5,495.0
275,10.960,736,person,0.5740,1182,246,1215,311,1198.5,278.5,1198.5,311.0
275,10.960,738,person,0.4210,1708,323,1742,395,1725.0,359.0,1725.0,395.0
275,10.960,425,person,0.6547,78,802,160,965,119.0,883.5,119.0,965.0
275,10.960,757,person,0.7448,47,326,90,412,68.5,369.0,68.5,412.0
275,10.960,744,person,0.6228,683,323,726,408,704.5,365.5,704.5,408.0
275,10.960,766,person,0.5244,186,313,221,395,203.5,354.0,203.5,395.0
275,10.960,776,person,0.5805,913,290,943,348,928.0,319.0,928.0,348.0
275,10.960,777,person,0.5914,1765,400,1804,495,1784.5,447.5,1784.5,495.0
275,10.960,779,person,0.6604,394,274,427,335,410.5,304.5,410.5,335.0
275,10.960,242,person,0.7221,999,269,1036,339,1017.5,304.0,1017.5,339.0
275,10.960,813,person,0.7355,739,343,787,432,763.0,387.5,763.0,432.0
275,10.960,775,person,0.4188,1570,289,1605,367,1587.5,328.0,1587.5,367.0
275,10.960,809,person,0.4878,1514,349,1547,434,1530.5,391.5,1530.5,434.0
275,10.960,2,person,0.4912,69,740,167,966,118.0,853.0,118.0,966.0
276,11.000,1,person,0.6698,1229,634,1301,769,1265.0,701.5,1265.0,769.0
276,11.000,314,person,0.6048,1462,512,1508,621,1485.0,566.5,1485.0,621.0
276,11.000,477,person,0.7308,1461,693,1540,816,1500.5,754.5,1500.5,816.0
276,11.000,591,person,0.7877,1488,969,1571,1079,1529.5,1024.0,1529.5,1079.0
276,11.000,638,person,0.7413,905,957,965,1080,935.0,1018.5,935.0,1080.0
276,11.000,704,person,0.7546,357,977,423,1080,390.0,1028.5,390.0,1080.0
276,11.000,665,person,0.7133,549,441,593,542,571.0,491.5,571.0,542.0
276,11.000,711,person,0.6703,1600,416,1647,500,1623.5,458.0,1623.5,500.0
276,11.000,736,person,0.4315,1174,247,1207,309,1190.5,278.0,1190.5,309.0
276,11.000,738,person,0.5792,1697,322,1734,396,1715.5,359.0,1715.5,396.0
276,11.000,425,person,0.2897,66,810,144,970,105.0,890.0,105.0,970.0
276,11.000,757,person,0.6911,37,326,82,414,59.5,370.0,59.5,414.0
276,11.000,744,person,0.6657,672,325,716,409,694.0,367.0,694.0,409.0
276,11.000,766,person,0.6181,175,312,211,395,193.0,353.5,193.0,395.0
276,11.000,776,person,0.6051,904,291,934,350,919.0,320.5,919.0,350.0
276,11.000,777,person,0.6998,1757,400,1797,497,1777.0,448.5,1777.0,497.0
276,11.000,779,person,0.6104,385,275,416,334,400.5,304.5,400.5,334.0
276,11.000,242,person,0.6002,989,268,1026,341,1007.5,304.5,1007.5,341.0
276,11.000,813,person,0.7524,727,346,775,435,751.0,390.5,751.0,435.0
276,11.000,775,person,0.5121,1562,289,1595,364,1578.5,326.5,1578.5,364.0
276,11.000,809,person,0.4569,1503,350,1536,434,1519.5,392.0,1519.5,434.0
276,11.000,2,person,0.5300,52,744,147,969,99.5,856.5,99.5,969.0
277,11.040,1,person,0.7260,1225,633,1296,773,1260.5,703.0,1260.5,773.0
277,11.040,314,person,0.6607,1457,513,1502,623,1479.5,568.0,1479.5,623.0
277,11.040,477,person,0.6824,1465,687,1545,815,1505.0,751.0,1505.0,815.0
277,11.040,591,person,0.7829,1484,970,1567,1079,1525.5,1024.5,1525.5,1079.0
277,11.040,638,person,0.7179,900,957,961,1080,930.5,1018.5,930.5,1080.0
277,11.040,704,person,0.7650,353,979,419,1080,386.0,1029.5,386.0,1080.0
277,11.040,665,person,0.7218,543,440,587,541,565.0,490.5,565.0,541.0
277,11.040,711,person,0.7088,1589,419,1637,505,1613.0,462.0,1613.0,505.0
277,11.040,736,person,0.4655,1166,248,1200,311,1183.0,279.5,1183.0,311.0
277,11.040,738,person,0.5406,1688,321,1726,397,1707.0,359.0,1707.0,397.0
277,11.040,425,person,0.2952,50,804,130,974,90.0,889.0,90.0,974.0
277,11.040,757,person,0.8085,27,327,73,415,50.0,371.0,50.0,415.0
277,11.040,744,person,0.6097,664,325,708,409,686.0,367.0,686.0,409.0
277,11.040,766,person,0.6267,167,311,204,395,185.5,353.0,185.5,395.0
277,11.040,776,person,0.6479,895,292,926,354,910.5,323.0,910.5,354.0
277,11.040,777,person,0.6263,1748,399,1789,498,1768.5,448.5,1768.5,498.0
277,11.040,779,person,0.6216,375,276,407,336,391.0,306.0,391.0,336.0
277,11.040,242,person,0.6606,980,265,1019,342,999.5,303.5,999.5,342.0
277,11.040,813,person,0.7170,716,345,763,432,739.5,388.5,739.5,432.0
277,11.040,775,person,0.3296,1556,288,1590,365,1573.0,326.5,1573.0,365.0
277,11.040,809,person,0.4703,1491,350,1524,436,1507.5,393.0,1507.5,436.0
277,11.040,2,person,0.7208,38,749,130,973,84.0,861.0,84.0,973.0
278,11.080,1,person,0.7203,1220,633,1290,776,1255.0,704.5,1255.0,776.0
278,11.080,314,person,0.6823,1450,514,1498,632,1474.0,573.0,1474.0,632.0
278,11.080,477,person,0.6802,1469,685,1549,814,1509.0,749.5,1509.0,814.0
278,11.080,591,person,0.7690,1482,972,1563,1079,1522.5,1025.5,1522.5,1079.0
278,11.080,638,person,0.7627,896,957,957,1080,926.5,1018.5,926.5,1080.0
278,11.080,704,person,0.7344,347,980,413,1080,380.0,1030.0,380.0,1080.0
278,11.080,665,person,0.7856,537,439,582,545,559.5,492.0,559.5,545.0
278,11.080,711,person,0.5938,1579,421,1628,509,1603.5,465.0,1603.5,509.0
278,11.080,736,person,0.5312,1158,248,1191,309,1174.5,278.5,1174.5,309.0
278,11.080,738,person,0.5782,1680,322,1718,398,1699.0,360.0,1699.0,398.0
278,11.080,757,person,0.6894,17,328,64,418,40.5,373.0,40.5,418.0
278,11.080,744,person,0.4773,658,326,700,404,679.0,365.0,679.0,404.0
278,11.080,766,person,0.4813,155,312,193,395,174.0,353.5,174.0,395.0
278,11.080,776,person,0.4628,886,292,918,358,902.0,325.0,902.0,358.0
278,11.080,777,person,0.5918,1741,401,1782,499,1761.5,450.0,1761.5,499.0
278,11.080,779,person,0.5467,364,275,397,337,380.5,306.0,380.5,337.0
278,11.080,242,person,0.6536,973,265,1010,341,991.5,303.0,991.5,341.0
278,11.080,813,person,0.6392,704,347,751,435,727.5,391.0,727.5,435.0
278,11.080,775,person,0.5037,1546,289,1582,369,1564.0,329.0,1564.0,369.0
278,11.080,809,person,0.4467,1481,349,1516,438,1498.5,393.5,1498.5,438.0
278,11.080,2,person,0.7768,23,752,114,977,68.5,864.5,68.5,977.0
279,11.120,1,person,0.7755,1216,635,1283,778,1249.5,706.5,1249.5,778.0
279,11.120,314,person,0.6904,1447,514,1493,629,1470.0,571.5,1470.0,629.0
279,11.120,477,person,0.7335,1474,683,1553,816,1513.5,749.5,1513.5,816.0
279,11.120,591,person,0.7778,1479,972,1560,1079,1519.5,1025.5,1519.5,1079.0
279,11.120,638,person,0.7929,894,958,954,1080,924.0,1019.0,924.0,1080.0
279,11.120,704,person,0.7316,343,982,408,1080,375.5,1031.0,375.5,1080.0
279,11.120,665,person,0.8217,531,439,576,546,553.5,492.5,553.5,546.0
279,11.120,711,person,0.5354,1573,422,1618,505,1595.5,463.5,1595.5,505.0
279,11.120,736,person,0.4920,1152,247,1184,309,1168.0,278.0,1168.0,309.0
279,11.120,738,person,0.5847,1673,323,1710,397,1691.5,360.0,1691.5,397.0
279,11.120,757,person,0.7867,10,329,57,418,33.5,373.5,33.5,418.0
279,11.120,744,person,0.6407,652,325,693,403,672.5,364.0,672.5,403.0
279,11.120,766,person,0.4885,146,313,183,392,164.5,352.5,164.5,392.0
279,11.120,776,person,0.5941,878,292,913,362,895.5,327.0,895.5,362.0
279,11.120,777,person,0.5656,1737,404,1776,498,1756.5,451.0,1756.5,498.0
279,11.120,779,person,0.5955,354,274,388,339,371.0,306.5,371.0,339.0
279,11.120,242,person,0.5548,964,267,1000,342,982.0,304.5,982.0,342.0
279,11.120,813,person,0.7539,694,347,740,432,717.0,389.5,717.0,432.0
279,11.120,775,person,0.4284,1538,289,1575,370,1556.5,329.5,1556.5,370.0
279,11.120,809,person,0.5029,1469,349,1505,436,1487.0,392.5,1487.0,436.0
279,11.120,2,person,0.5801,9,756,100,979,54.5,867.5,54.5,979.0
279,11.120,425,person,0.5981,17,817,96,980,56.5,898.5,56.5,980.0
280,11.160,1,person,0.7492,1214,643,1275,779,1244.5,711.0,1244.5,779.0
280,11.160,314,person,0.6677,1443,514,1490,632,1466.5,573.0,1466.5,632.0
280,11.160,477,person,0.7634,1477,684,1555,819,1516.0,751.5,1516.0,819.0
280,11.160,591,person,0.7932,1475,973,1556,1079,1515.5,1026.0,1515.5,1079.0
280,11.160,638,person,0.7517,890,960,949,1080,919.5,1020.0,919.5,1080.0
280,11.160,704,person,0.7999,339,985,403,1080,371.0,1032.5,371.0,1080.0
280,11.160,665,person,0.7538,527,441,570,546,548.5,493.5,548.5,546.0
280,11.160,711,person,0.6985,1566,424,1608,503,1587.0,463.5,1587.0,503.0
280,11.160,736,person,0.5562,1144,248,1176,311,1160.0,279.5,1160.0,311.0
280,11.160,738,person,0.6635,1666,325,1703,399,1684.5,362.0,1684.5,399.0
280,11.160,757,person,0.6035,3,332,47,415,25.0,373.5,25.0,415.0
280,11.160,744,person,0.6175,643,325,685,406,664.0,365.5,664.0,406.0
280,11.160,766,person,0.4897,133,315,168,389,150.5,352.0,150.5,389.0
280,11.160,776,person,0.6374,869,292,904,362,886.5,327.0,886.5,362.0
280,11.160,777,person,0.6058,1732,406,1772,501,1752.0,453.5,1752.0,501.0
280,11.160,779,person,0.5279,344,275,380,345,362.0,310.0,362.0,345.0
280,11.160,242,person,0.6004,957,267,993,342,975.0,304.5,975.0,342.0
280,11.160,813,person,0.6586,686,348,731,432,708.5,390.0,708.5,432.0
280,11.160,775,person,0.3184,1529,288,1567,372,1548.0,330.0,1548.0,372.0
280,11.160,809,person,0.2882,1463,349,1498,433,1480.5,391.0,1480.5,433.0
280,11.160,2,person,0.5040,7,757,76,923,41.5,840.0,41.5,923.0
281,11.200,1,person,0.7124,1211,645,1270,780,1240.5,712.5,1240.5,780.0
281,11.200,314,person,0.6598,1438,514,1488,639,1463.0,576.5,1463.0,639.0
281,11.200,477,person,0.7250,1480,686,1557,823,1518.5,754.5,1518.5,823.0
281,11.200,591,person,0.8009,1471,974,1552,1079,1511.5,1026.5,1511.5,1079.0
281,11.200,638,person,0.7264,887,962,945,1080,916.0,1021.0,916.0,1080.0
281,11.200,704,person,0.7975,334,988,397,1080,365.5,1034.0,365.5,1080.0
281,11.200,665,person,0.7488,522,439,565,546,543.5,492.5,543.5,546.0
281,11.200,711,person,0.5562,1555,425,1598,505,1576.5,465.0,1576.5,505.0
281,11.200,736,person,0.4330,1134,247,1170,318,1152.0,282.5,1152.0,318.0
281,11.200,738,person,0.6591,1659,326,1697,402,1678.0,364.0,1678.0,402.0
281,11.200,757,person,0.4695,0,335,37,413,18.5,374.0,18.5,413.0
281,11.200,744,person,0.7286,635,323,677,407,656.0,365.0,656.0,407.0
281,11.200,766,person,0.4740,121,314,155,387,138.0,350.5,138.0,387.0
281,11.200,776,person,0.5507,863,294,897,365,880.0,329.5,880.0,365.0
281,11.200,777,person,0.6813,1727,406,1768,502,1747.5,454.0,1747.5,502.0
281,11.200,779,person,0.5328,337,275,370,342,353.5,308.5,353.5,342.0
281,11.200,242,person,0.6777,950,268,985,342,967.5,305.0,967.5,342.0
281,11.200,813,person,0.5850,672,356,716,438,694.0,397.0,694.0,438.0
281,11.200,775,person,0.4777,1523,289,1561,371,1542.0,330.0,1542.0,371.0
281,11.200,809,person,0.2884,1455,350,1487,426,1471.0,388.0,1471.0,426.0
281,11.200,2,person,0.4322,0,758,59,897,29.5,827.5,29.5,897.0
282,11.240,1,person,0.6994,1207,647,1264,780,1235.5,713.5,1235.5,780.0
282,11.240,314,person,0.6260,1434,518,1483,642,1458.5,580.0,1458.5,642.0
282,11.240,477,person,0.7354,1483,689,1557,826,1520.0,757.5,1520.0,826.0
282,11.240,591,person,0.7767,1467,977,1548,1079,1507.5,1028.0,1507.5,1079.0
282,11.240,638,person,0.7111,883,965,941,1080,912.0,1022.5,912.0,1080.0
282,11.240,704,person,0.6857,329,990,390,1080,359.5,1035.0,359.5,1080.0
282,11.240,665,person,0.7741,515,439,558,545,536.5,492.0,536.5,545.0
282,11.240,711,person,0.6969,1544,426,1590,512,1567.0,469.0,1567.0,512.0
282,11.240,736,person,0.5715,1127,248,1161,314,1144.0,281.0,1144.0,314.0
282,11.240,738,person,0.5811,1653,326,1690,403,1671.5,364.5,1671.5,403.0
282,11.240,757,person,0.5872,0,331,32,413,16.0,372.0,16.0,413.0
282,11.240,744,person,0.4228,624,322,670,417,647.0,369.5,647.0,417.0
282,11.240,766,person,0.4964,110,315,144,389,127.0,352.0,127.0,389.0
282,11.240,776,person,0.2084,855,295,890,367,872.5,331.0,872.5,367.0
282,11.240,777,person,0.6535,1723,407,1763,501,1743.0,454.0,1743.0,501.0
282,11.240,779,person,0.4411,327,275,361,343,344.0,309.0,344.0,343.0
282,11.240,242,person,0.6314,942,270,976,342,959.0,306.0,959.0,342.0
282,11.240,813,person,0.5106,656,355,701,440,678.5,397.5,678.5,440.0
282,11.240,775,person,0.5042,1517,289,1555,370,1536.0,329.5,1536.0,370.0
282,11.240,809,person,0.3532,1444,351,1476,426,1460.0,388.5,1460.0,426.0
282,11.240,844,person,0.5095,1439,352,1494,432,1466.5,392.0,1466.5,432.0
283,11.280,1,person,0.7335,1204,646,1260,781,1232.0,713.5,1232.0,781.0
283,11.280,314,person,0.5894,1432,522,1478,639,1455.0,580.5,1455.0,639.0
283,11.280,477,person,0.8198,1486,694,1557,829,1521.5,761.5,1521.5,829.0
283,11.280,591,person,0.7324,1464,978,1545,1079,1504.5,1028.5,1504.5,1079.0
283,11.280,638,person,0.7568,881,968,938,1080,909.5,1024.0,909.5,1080.0
283,11.280,704,person,0.3688,324,994,384,1080,354.0,1037.0,354.0,1080.0
283,11.280,665,person,0.7486,509,439,551,544,530.0,491.5,530.0,544.0
283,11.280,711,person,0.7073,1533,431,1578,515,1555.5,473.0,1555.5,515.0
283,11.280,736,person,0.5053,1122,246,1156,313,1139.0,279.5,1139.0,313.0
283,11.280,738,person,0.7159,1646,325,1684,404,1665.0,364.5,1665.0,404.0
283,11.280,766,person,0.4425,99,316,134,393,116.5,354.5,116.5,393.0
283,11.280,776,person,0.4436,853,297,880,351,866.5,324.0,866.5,351.0
283,11.280,777,person,0.6697,1720,407,1761,502,1740.5,454.5,1740.5,502.0
283,11.280,779,person,0.5758,319,275,351,340,335.0,307.5,335.0,340.0
283,11.280,242,person,0.7175,934,271,968,344,951.0,307.5,951.0,344.0
283,11.280,813,person,0.4516,644,353,689,440,666.5,396.5,666.5,440.0
283,11.280,775,person,0.5695,1512,289,1548,368,1530.0,328.5,1530.0,368.0
283,11.280,809,person,0.3191,1436,352,1469,428,1452.5,390.0,1452.5,428.0
283,11.280,844,person,0.4741,1431,352,1488,434,1459.5,393.0,1459.5,434.0
283,11.280,847,person,0.5004,1114,247,1161,319,1137.5,283.0,1137.5,319.0
284,11.320,1,person,0.7978,1199,646,1256,784,1227.5,715.0,1227.5,784.0
284,11.320,314,person,0.7144,1424,525,1476,657,1450.0,591.0,1450.0,657.0
284,11.320,477,person,0.8500,1488,696,1560,833,1524.0,764.5,1524.0,833.0
284,11.320,591,person,0.7266,1459,977,1542,1079,1500.5,1028.0,1500.5,1079.0
284,11.320,638,person,0.7400,878,970,935,1080,906.5,1025.0,906.5,1080.0
284,11.320,704,person,0.6081,319,996,379,1080,349.0,1038.0,349.0,1080.0
284,11.320,665,person,0.7903,504,439,545,544,524.5,491.5,524.5,544.0
284,11.320,711,person,0.7193,1522,434,1570,522,1546.0,478.0,1546.0,522.0
284,11.320,736,person,0.4688,1115,246,1151,314,1133.0,280.0,1133.0,314.0
284,11.320,738,person,0.7502,1640,325,1678,403,1659.0,364.0,1659.0,403.0
284,11.320,766,person,0.3611,88,316,123,392,105.5,354.0,105.5,392.0
284,11.320,776,person,0.5689,845,301,875,360,860.0,330.5,860.0,360.0
284,11.320,777,person,0.6522,1716,406,1759,504,1737.5,455.0,1737.5,504.0
284,11.320,779,person,0.6062,311,276,343,342,327.0,309.0,327.0,342.0
284,11.320,242,person,0.7063,928,272,961,343,944.5,307.5,944.5,343.0
284,11.320,813,person,0.3623,631,355,678,445,654.5,400.0,654.5,445.0
284,11.320,775,person,0.5228,1506,289,1542,368,1524.0,328.5,1524.0,368.0
284,11.320,809,person,0.5276,1429,352,1463,431,1446.0,391.5,1446.0,431.0
284,11.320,858,person,0.4465,620,322,676,446,648.0,384.0,648.0,446.0
285,11.360,1,person,0.8138,1194,646,1251,787,1222.5,716.5,1222.5,787.0
285,11.360,314,person,0.7542,1419,530,1473,668,1446.0,599.0,1446.0,668.0
285,11.360,477,person,0.8354,1492,700,1564,838,1528.0,769.0,1528.0,838.0
285,11.360,591,person,0.7171,1456,979,1539,1079,1497.5,1029.0,1497.5,1079.0
285,11.360,638,person,0.7510,875,972,931,1080,903.0,1026.0,903.0,1080.0
285,11.360,704,person,0.6772,315,998,374,1080,344.5,1039.0,344.5,1080.0
285,11.360,665,person,0.6999,499,440,539,542,519.0,491.0,519.0,542.0
285,11.360,711,person,0.7648,1514,436,1562,525,1538.0,480.5,1538.0,525.0
285,11.360,736,person,0.4800,1110,246,1145,312,1127.5,279.0,1127.5,312.0
285,11.360,738,person,0.7007,1633,325,1670,402,1651.5,363.5,1651.5,402.0
285,11.360,766,person,0.4396,77,313,115,396,96.0,354.5,96.0,396.0
285,11.360,776,person,0.6292,841,302,869,357,855.0,329.5,855.0,357.0
285,11.360,777,person,0.6338,1714,404,1758,505,1736.0,454.5,1736.0,505.0
285,11.360,779,person,0.4840,304,277,335,340,319.5,308.5,319.5,340.0
285,11.360,242,person,0.6931,919,272,954,347,936.5,309.5,936.5,347.0
285,11.360,775,person,0.4634,1500,288,1537,370,1518.5,329.0,1518.5,370.0
285,11.360,809,person,0.5205,1419,351,1454,434,1436.5,392.5,1436.5,434.0
285,11.360,858,person,0.4820,613,323,669,448,641.0,385.5,641.0,448.0
286,11.400,1,person,0.7978,1190,648,1246,789,1218.0,718.5,1218.0,789.0
286,11.400,314,person,0.7415,1416,535,1469,669,1442.5,602.0,1442.5,669.0
286,11.400,477,person,0.7959,1494,705,1566,844,1530.0,774.5,1530.0,844.0
286,11.400,591,person,0.7471,1454,980,1538,1079,1496.0,1029.5,1496.0,1079.0
286,11.400,638,person,0.7417,873,974,929,1080,901.0,1027.0,901.0,1080.0
286,11.400,704,person,0.7016,310,1000,369,1080,339.5,1040.0,339.5,1080.0
286,11.400,665,person,0.7367,493,440,532,541,512.5,490.5,512.5,541.0
286,11.400,711,person,0.6348,1508,441,1553,527,1530.5,484.0,1530.5,527.0
286,11.400,736,person,0.5703,1105,248,1138,312,1121.5,280.0,1121.5,312.0
286,11.400,738,person,0.6728,1626,326,1663,402,1644.5,364.0,1644.5,402.0
286,11.400,766,person,0.6136,67,314,106,397,86.5,355.5,86.5,397.0
286,11.400,776,person,0.6902,834,301,865,364,849.5,332.5,849.5,364.0
286,11.400,777,person,0.6245,1713,404,1756,506,1734.5,455.0,1734.5,506.0
286,11.400,779,person,0.5193,295,276,326,342,310.5,309.0,310.5,342.0
286,11.400,242,person,0.6450,911,273,946,347,928.5,310.0,928.5,347.0
286,11.400,775,person,0.4408,1494,287,1530,370,1512.0,328.5,1512.0,370.0
286,11.400,809,person,0.4117,1411,351,1447,434,1429.0,392.5,1429.0,434.0
286,11.400,858,person,0.6637,604,326,659,448,631.5,387.0,631.5,448.0
287,11.440,1,person,0.7734,1186,648,1242,788,1214.0,718.0,1214.0,788.0
287,11.440,314,person,0.7258,1411,537,1464,669,1437.5,603.0,1437.5,669.0
287,11.440,477,person,0.7789,1491,708,1566,851,1528.5,779.5,1528.5,851.0
287,11.440,591,person,0.7099,1449,982,1533,1079,1491.0,1030.5,1491.0,1079.0
287,11.440,638,person,0.7691,870,976,926,1080,898.0,1028.0,898.0,1080.0
287,11.440,704,person,0.6667,306,1001,365,1079,335.5,1040.0,335.5,1079.0
287,11.440,665,person,0.7799,488,440,528,542,508.0,491.0,508.0,542.0
287,11.440,711,person,0.6952,1499,443,1543,526,1521.0,484.5,1521.0,526.0
287,11.440,736,person,0.5714,1097,246,1132,314,1114.5,280.0,1114.5,314.0
287,11.440,738,person,0.6821,1618,326,1658,404,1638.0,365.0,1638.0,404.0
287,11.440,766,person,0.5730,56,314,98,405,77.0,359.5,77.0,405.0
287,11.440,776,person,0.5835,826,301,858,368,842.0,334.5,842.0,368.0
287,11.440,777,person,0.6451,1711,405,1754,507,1732.5,456.0,1732.5,507.0
287,11.440,779,person,0.5957,288,275,320,341,304.0,308.0,304.0,341.0
287,11.440,242,person,0.7925,904,272,939,348,921.5,310.0,921.5,348.0
287,11.440,775,person,0.4121,1488,286,1524,370,1506.0,328.0,1506.0,370.0
287,11.440,809,person,0.3812,1403,350,1439,433,1421.0,391.5,1421.0,433.0
287,11.440,858,person,0.6651,593,331,648,451,620.5,391.0,620.5,451.0
288,11.480,1,person,0.8442,1182,647,1238,789,1210.0,718.0,1210.0,789.0
288,11.480,314,person,0.5825,1408,541,1459,668,1433.5,604.5,1433.5,668.0
288,11.480,477,person,0.7575,1490,711,1567,855,1528.5,783.0,1528.5,855.0
288,11.480,591,person,0.6581,1444,984,1529,1079,1486.5,1031.5,1486.5,1079.0
288,11.480,638,person,0.7667,867,977,923,1080,895.0,1028.5,895.0,1080.0
288,11.480,704,person,0.6004,301,1003,359,1079,330.0,1041.0,330.0,1079.0
288,11.480,665,person,0.7962,482,442,522,543,502.0,492.5,502.0,543.0
288,11.480,711,person,0.7382,1493,444,1536,526,1514.5,485.0,1514.5,526.0
288,11.480,736,person,0.5450,1093,246,1127,314,1110.0,280.0,1110.0,314.0
288,11.480,738,person,0.6689,1614,328,1654,404,1634.0,366.0,1634.0,404.0
288,11.480,766,person,0.5341,46,314,88,401,67.0,357.5,67.0,401.0
288,11.480,776,person,0.5049,821,301,853,372,837.0,336.5,837.0,372.0
288,11.480,777,person,0.6148,1710,404,1753,507,1731.5,455.5,1731.5,507.0
288,11.480,779,person,0.6215,280,274,312,342,296.0,308.0,296.0,342.0
288,11.480,242,person,0.7612,899,274,935,348,917.0,311.0,917.0,348.0
288,11.480,775,person,0.5376,1482,285,1520,371,1501.0,328.0,1501.0,371.0
288,11.480,809,person,0.4963,1394,351,1431,433,1412.5,392.0,1412.5,433.0
288,11.480,858,person,0.6580,583,332,637,450,610.0,391.0,610.0,450.0
289,11.520,1,person,0.8252,1178,650,1233,789,1205.5,719.5,1205.5,789.0
289,11.520,314,person,0.6863,1407,544,1457,670,1432.0,607.0,1432.0,670.0
289,11.520,477,person,0.7834,1494,715,1569,856,1531.5,785.5,1531.5,856.0
289,11.520,591,person,0.7519,1442,986,1527,1080,1484.5,1033.0,1484.5,1080.0
289,11.520,638,person,0.7746,865,978,921,1080,893.0,1029.0,893.0,1080.0
289,11.520,704,person,0.6493,296,1005,355,1079,325.5,1042.0,325.5,1079.0
289,11.520,665,person,0.7542,475,443,516,545,495.5,494.0,495.5,545.0
289,11.520,711,person,0.6860,1484,445,1526,526,1505.0,485.5,1505.0,526.0
289,11.520,736,person,0.3632,1086,245,1120,315,1103.0,280.0,1103.0,315.0
289,11.520,738,person,0.6980,1612,328,1651,404,1631.5,366.0,1631.5,404.0
289,11.520,766,person,0.4705,35,314,78,401,56.5,357.5,56.5,401.0
289,11.520,776,person,0.6643,816,302,848,372,832.0,337.0,832.0,372.0
289,11.520,777,person,0.7148,1710,403,1752,506,1731.0,454.5,1731.0,506.0
289,11.520,779,person,0.5657,272,275,303,340,287.5,307.5,287.5,340.0
289,11.520,242,person,0.7178,894,276,930,347,912.0,311.5,912.0,347.0
289,11.520,775,person,0.5243,1477,286,1516,370,1496.5,328.0,1496.5,370.0
289,11.520,809,person,0.4951,1386,350,1424,434,1405.0,392.0,1405.0,434.0
289,11.520,858,person,0.7917,575,333,629,452,602.0,392.5,602.0,452.0
290,11.560,1,person,0.8163,1173,650,1229,791,1201.0,720.5,1201.0,791.0
290,11.560,314,person,0.7127,1406,545,1458,677,1432.0,611.0,1432.0,677.0
290,11.560,477,person,0.8155,1497,714,1574,858,1535.5,786.0,1535.5,858.0
290,11.560,591,person,0.7144,1440,987,1526,1080,1483.0,1033.5,1483.0,1080.0
290,11.560,638,person,0.7922,863,981,919,1080,891.0,1030.5,891.0,1080.0
290,11.560,704,person,0.7061,291,1006,350,1079,320.5,1042.5,320.5,1079.0
290,11.560,665,person,0.7907,469,442,511,548,490.0,495.0,490.0,548.0
290,11.560,711,person,0.7744,1474,446,1520,532,1497.0,489.0,1497.0,532.0
290,11.560,736,person,0.5542,1079,245,1114,319,1096.5,282.0,1096.5,319.0
290,11.560,738,person,0.6661,1609,329,1647,403,1628.0,366.0,1628.0,403.0
290,11.560,766,person,0.3336,23,315,65,403,44.0,359.0,44.0,403.0
290,11.560,776,person,0.5862,811,305,841,370,826.0,337.5,826.0,370.0
290,11.560,777,person,0.6943,1710,405,1751,506,1730.5,455.5,1730.5,506.0
290,11.560,779,person,0.6281,265,275,295,339,280.0,307.0,280.0,339.0
290,11.560,242,person,0.7481,888,275,924,346,906.0,310.5,906.0,346.0
290,11.560,775,person,0.4258,1473,287,1512,371,1492.5,329.0,1492.5,371.0
290,11.560,809,person,0.6857,1378,351,1418,434,1398.0,392.5,1398.0,434.0
290,11.560,858,person,0.7339,564,331,622,457,593.0,394.0,593.0,457.0
291,11.600,1,person,0.7618,1169,651,1224,789,1196.5,720.0,1196.5,789.0
291,11.600,314,person,0.6146,1406,547,1460,687,1433.0,617.0,1433.0,687.0
291,11.600,477,person,0.8445,1504,714,1581,860,1542.5,787.0,1542.5,860.0
291,11.600,591,person,0.7056,1438,989,1525,1080,1481.5,1034.5,1481.5,1080.0
291,11.600,638,person,0.7718,861,983,916,1080,888.5,1031.5,888.5,1080.0
291,11.600,704,person,0.6532,288,1010,344,1079,316.0,1044.5,316.0,1079.0
291,11.600,665,person,0.7956,465,443,508,548,486.5,495.5,486.5,548.0
291,11.600,711,person,0.7556,1466,448,1513,537,1489.5,492.5,1489.5,537.0
291,11.600,736,person,0.5469,1072,244,1108,319,1090.0,281.5,1090.0,319.0
291,11.600,738,person,0.5151,1604,330,1642,404,1623.0,367.0,1623.0,404.0
291,11.600,766,person,0.4332,14,317,55,402,34.5,359.5,34.5,402.0
291,11.600,776,person,0.4899,803,305,836,377,819.5,341.0,819.5,377.0
291,11.600,777,person,0.6915,1709,406,1750,507,1729.5,456.5,1729.5,507.0
291,11.600,779,person,0.6526,258,273,289,339,273.5,306.0,273.5,339.0
291,11.600,242,person,0.7374,882,275,917,345,899.5,310.0,899.5,345.0
291,11.600,775,person,0.3473,1470,289,1511,373,1490.5,331.0,1490.5,373.0
291,11.600,809,person,0.5172,1371,351,1412,436,1391.5,393.5,1391.5,436.0
291,11.600,858,person,0.8082,557,329,615,458,586.0,393.5,586.0,458.0
292,11.640,1,person,0.7765,1166,648,1223,790,1194.5,719.0,1194.5,790.0
292,11.640,314,person,0.6090,1401,550,1454,687,1427.5,618.5,1427.5,687.0
292,11.640,477,person,0.7463,1512,713,1587,861,1549.5,787.0,1549.5,861.0
292,11.640,591,person,0.6798,1437,991,1525,1080,1481.0,1035.5,1481.0,1080.0
292,11.640,638,person,0.7454,859,984,914,1080,886.5,1032.0,886.5,1080.0
292,11.640,704,person,0.6353,285,1012,342,1079,313.5,1045.5,313.5,1079.0
292,11.640,665,person,0.8082,461,443,505,548,483.0,495.5,483.0,548.0
292,11.640,711,person,0.6984,1456,448,1506,542,1481.0,495.0,1481.0,542.0
292,11.640,736,person,0.4770,1069,242,1105,316,1087.0,279.0,1087.0,316.0
292,11.640,738,person,0.5850,1603,328,1641,404,1622.0,366.0,1622.0,404.0
292,11.640,766,person,0.4565,5,318,46,403,25.5,360.5,25.5,403.0
292,11.640,776,person,0.4937,798,308,831,381,814.5,344.5,814.5,381.0
292,11.640,777,person,0.7263,1709,406,1750,507,1729.5,456.5,1729.5,507.0
292,11.640,779,person,0.5440,250,272,282,343,266.0,307.5,266.0,343.0
292,11.640,242,person,0.7170,875,273,912,345,893.5,309.0,893.5,345.0
292,11.640,775,person,0.5719,1466,289,1507,373,1486.5,331.0,1486.5,373.0
292,11.640,809,person,0.5189,1363,348,1407,438,1385.0,393.0,1385.0,438.0
292,11.640,858,person,0.7786,546,328,606,462,576.0,395.0,576.0,462.0
293,11.680,1,person,0.7709,1161,645,1219,789,1190.0,717.0,1190.0,789.0
293,11.680,314,person,0.6152,1399,548,1449,676,1424.0,612.0,1424.0,676.0
293,11.680,477,person,0.8232,1518,714,1592,863,1555.0,788.5,1555.0,863.0
293,11.680,591,person,0.7041,1437,993,1525,1079,1481.0,1036.0,1481.0,1079.0
293,11.680,638,person,0.7425,857,986,912,1080,884.5,1033.0,884.5,1080.0
293,11.680,704,person,0.6137,282,1013,339,1079,310.5,1046.0,310.5,1079.0
293,11.680,665,person,0.7872,456,444,499,545,477.5,494.5,477.5,545.0
293,11.680,711,person,0.6684,1447,451,1500,552,1473.5,501.5,1473.5,552.0
293,11.680,736,person,0.4043,1067,241,1102,313,1084.5,277.0,1084.5,313.0
293,11.680,738,person,0.7276,1600,326,1640,407,1620.0,366.5,1620.0,407.0
293,11.680,766,person,0.5666,0,317,38,404,19.0,360.5,19.0,404.0
293,11.680,776,person,0.3883,794,311,826,383,810.0,347.0,810.0,383.0
293,11.680,777,person,0.7339,1709,406,1750,508,1729.5,457.0,1729.5,508.0
293,11.680,779,person,0.5173,244,275,274,342,259.0,308.5,259.0,342.0
293,11.680,242,person,0.6273,868,272,905,347,886.5,309.5,886.5,347.0
293,11.680,775,person,0.6272,1464,289,1503,370,1483.5,329.5,1483.5,370.0
293,11.680,809,person,0.4249,1357,348,1397,433,1377.0,390.5,1377.0,433.0
293,11.680,858,person,0.6774,537,327,595,461,566.0,394.0,566.0,461.0
294,11.720,1,person,0.7856,1156,644,1213,787,1184.5,715.5,1184.5,787.0
294,11.720,314,person,0.7099,1395,547,1443,672,1419.0,609.5,1419.0,672.0
294,11.720,477,person,0.7457,1522,718,1596,870,1559.0,794.0,1559.0,870.0
294,11.720,591,person,0.6208,1436,994,1524,1079,1480.0,1036.5,1480.0,1079.0
294,11.720,638,person,0.6977,855,988,910,1080,882.5,1034.0,882.5,1080.0
294,11.720,704,person,0.6134,279,1015,335,1079,307.0,1047.0,307.0,1079.0
294,11.720,665,person,0.7720,449,441,493,546,471.0,493.5,471.0,546.0
294,11.720,711,person,0.7502,1442,454,1494,555,1468.0,504.5,1468.0,555.0
294,11.720,736,person,0.3014,1064,241,1097,310,1080.5,275.5,1080.5,310.0
294,11.720,738,person,0.6286,1597,327,1638,410,1617.5,368.5,1617.5,410.0
294,11.720,776,person,0.4213,790,310,823,385,806.5,347.5,806.5,385.0
294,11.720,777,person,0.7454,1709,406,1750,508,1729.5,457.0,1729.5,508.0
294,11.720,779,person,0.6593,236,274,266,342,251.0,308.0,251.0,342.0
294,11.720,242,person,0.6518,864,272,900,347,882.0,309.5,882.0,347.0
294,11.720,775,person,0.4362,1461,288,1500,369,1480.5,328.5,1480.5,369.0
294,11.720,809,person,0.5640,1351,349,1389,433,1370.0,391.0,1370.0,433.0
294,11.720,858,person,0.6758,530,324,588,461,559.0,392.5,559.0,461.0
295,11.760,1,person,0.7850,1152,642,1208,786,1180.0,714.0,1180.0,786.0
295,11.760,314,person,0.7223,1392,548,1439,670,1415.5,609.0,1415.5,670.0
295,11.760,477,person,0.7962,1527,721,1601,875,1564.0,798.0,1564.0,875.0
295,11.760,591,person,0.6541,1436,995,1525,1079,1480.5,1037.0,1480.5,1079.0
295,11.760,638,person,0.6734,853,991,907,1079,880.0,1035.0,880.0,1079.0
295,11.760,704,person,0.5603,276,1018,329,1080,302.5,1049.0,302.5,1080.0
295,11.760,665,person,0.7649,442,441,485,545,463.5,493.0,463.5,545.0
295,11.760,711,person,0.7173,1438,459,1487,556,1462.5,507.5,1462.5,556.0
295,11.760,736,person,0.5997,1060,243,1092,310,1076.0,276.5,1076.0,310.0
295,11.760,738,person,0.7104,1594,327,1636,409,1615.0,368.0,1615.0,409.0
295,11.760,776,person,0.3630,786,310,819,385,802.5,347.5,802.5,385.0
295,11.760,777,person,0.7584,1710,405,1750,506,1730.0,455.5,1730.0,506.0
295,11.760,779,person,0.5687,230,274,258,339,244.0,306.5,244.0,339.0
295,11.760,242,person,0.6598,859,270,896,347,877.5,308.5,877.5,347.0
295,11.760,775,person,0.4421,1458,285,1497,369,1477.5,327.0,1477.5,369.0
295,11.760,809,person,0.5160,1342,347,1382,435,1362.0,391.0,1362.0,435.0
295,11.760,858,person,0.2950,519,321,579,462,549.0,391.5,549.0,462.0
296,11.800,1,person,0.7787,1147,638,1203,783,1175.0,710.5,1175.0,783.0
296,11.800,314,person,0.6881,1388,550,1433,668,1410.5,609.0,1410.5,668.0
296,11.800,477,person,0.8305,1532,724,1606,881,1569.0,802.5,1569.0,881.0
296,11.800,591,person,0.6227,1433,997,1524,1079,1478.5,1038.0,1478.5,1079.0
296,11.800,638,person,0.6612,852,993,906,1079,879.0,1036.0,879.0,1079.0
296,11.800,704,person,0.5076,271,1020,324,1079,297.5,1049.5,297.5,1079.0
296,11.800,665,person,0.7240,435,442,478,546,456.5,494.0,456.5,546.0
296,11.800,711,person,0.5819,1434,461,1481,557,1457.5,509.0,1457.5,557.0
296,11.800,736,person,0.5929,1056,243,1088,309,1072.0,276.0,1072.0,309.0
296,11.800,738,person,0.7338,1592,328,1633,410,1612.5,369.0,1612.5,410.0
296,11.800,776,person,0.4526,782,309,815,386,798.5,347.5,798.5,386.0
296,11.800,777,person,0.7121,1711,406,1751,507,1731.0,456.5,1731.0,507.0
296,11.800,779,person,0.5581,221,274,250,341,235.5,307.5,235.5,341.0
296,11.800,242,person,0.6751,854,270,890,347,872.0,308.5,872.0,347.0
296,11.800,775,person,0.4782,1455,283,1494,371,1474.5,327.0,1474.5,371.0
296,11.800,809,person,0.5435,1335,346,1377,437,1356.0,391.5,1356.0,437.0
296,11.800,858,person,0.4228,509,319,569,463,539.0,391.0,539.0,463.0
297,11.840,1,person,0.8147,1143,636,1199,781,1171.0,708.5,1171.0,781.0
297,11.840,314,person,0.7026,1382,550,1429,672,1405.5,611.0,1405.5,672.0
297,11.840,477,person,0.8234,1539,729,1614,886,1576.5,807.5,1576.5,886.0
297,11.840,591,person,0.6306,1430,998,1521,1079,1475.5,1038.5,1475.5,1079.0
297,11.840,638,person,0.6626,849,994,904,1079,876.5,1036.5,876.5,1079.0
297,11.840,704,person,0.4976,268,1022,321,1079,294.5,1050.5,294.5,1079.0
297,11.840,665,person,0.7126,430,442,472,547,451.0,494.5,451.0,547.0
297,11.840,711,person,0.6397,1427,458,1473,554,1450.0,506.0,1450.0,554.0
297,11.840,736,person,0.5787,1051,240,1085,311,1068.0,275.5,1068.0,311.0
297,11.840,738,person,0.7050,1590,329,1631,411,1610.5,370.0,1610.5,411.0
297,11.840,776,person,0.3702,778,308,810,383,794.0,345.5,794.0,383.0
297,11.840,777,person,0.7465,1711,406,1751,507,1731.0,456.5,1731.0,507.0
297,11.840,779,person,0.6682,213,272,243,338,228.0,305.0,228.0,338.0
297,11.840,242,person,0.6972,849,270,886,347,867.5,308.5,867.5,347.0
297,11.840,775,person,0.6280,1453,281,1491,369,1472.0,325.0,1472.0,369.0
297,11.840,809,person,0.6526,1327,347,1369,436,1348.0,391.5,1348.0,436.0
297,11.840,858,person,0.4254,506,347,556,464,531.0,405.5,531.0,464.0
297,11.840,887,person,0.5332,646,202,671,260,658.5,231.0,658.5,260.0
297,11.840,744,person,0.6035,504,376,545,460,524.5,418.0,524.5,460.0
298,11.880,1,person,0.7509,1139,636,1194,780,1166.5,708.0,1166.5,780.0
298,11.880,314,person,0.6965,1378,551,1426,675,1402.0,613.0,1402.0,675.0
298,11.880,477,person,0.8799,1546,736,1620,888,1583.0,812.0,1583.0,888.0
298,11.880,591,person,0.6298,1423,1000,1516,1079,1469.5,1039.5,1469.5,1079.0
298,11.880,638,person,0.6947,847,994,902,1079,874.5,1036.5,874.5,1079.0
298,11.880,704,person,0.6020,265,1024,317,1079,291.0,1051.5,291.0,1079.0
298,11.880,665,person,0.7670,423,440,465,548,444.0,494.0,444.0,548.0
298,11.880,711,person,0.7602,1419,459,1468,560,1443.5,509.5,1443.5,560.0
298,11.880,736,person,0.6359,1048,238,1080,309,1064.0,273.5,1064.0,309.0
298,11.880,738,person,0.6300,1588,332,1628,410,1608.0,371.0,1608.0,410.0
298,11.880,777,person,0.7179,1711,407,1751,506,1731.0,456.5,1731.0,506.0
298,11.880,779,person,0.5037,206,271,236,338,221.0,304.5,221.0,338.0
298,11.880,242,person,0.6923,844,272,880,346,862.0,309.0,862.0,346.0
298,11.880,775,person,0.4703,1450,281,1485,365,1467.5,323.0,1467.5,365.0
298,11.880,809,person,0.6967,1320,349,1361,436,1340.5,392.5,1340.5,436.0
298,11.880,887,person,0.3550,642,202,666,260,654.0,231.0,654.0,260.0
298,11.880,889,person,0.5249,528,321,564,397,546.0,359.0,546.0,397.0
298,11.880,744,person,0.7300,493,375,538,465,515.5,420.0,515.5,465.0
299,11.920,1,person,0.8271,1136,640,1190,783,1163.0,711.5,1163.0,783.0
299,11.920,314,person,0.6903,1372,552,1420,676,1396.0,614.0,1396.0,676.0
299,11.920,477,person,0.8980,1549,742,1624,891,1586.5,816.5,1586.5,891.0
299,11.920,591,person,0.6867,1417,1000,1512,1079,1464.5,1039.5,1464.5,1079.0
299,11.920,638,person,0.7037,843,994,900,1079,871.5,1036.5,871.5,1079.0
299,11.920,704,person,0.6205,262,1025,313,1079,287.5,1052.0,287.5,1079.0
299,11.920,665,person,0.7360,416,441,458,548,437.0,494.5,437.0,548.0
299,11.920,711,person,0.6073,1412,462,1460,564,1436.0,513.0,1436.0,564.0
299,11.920,736,person,0.6494,1043,236,1076,311,1059.5,273.5,1059.5,311.0
299,11.920,738,person,0.6374,1585,333,1623,409,1604.0,371.0,1604.0,409.0
299,11.920,777,person,0.7376,1711,406,1751,506,1731.0,456.0,1731.0,506.0
299,11.920,779,person,0.4858,198,272,229,340,213.5,306.0,213.5,340.0
299,11.920,242,person,0.6669,839,273,873,345,856.0,309.0,856.0,345.0
299,11.920,775,person,0.6141,1443,281,1479,365,1461.0,323.0,1461.0,365.0
299,11.920,809,person,0.5995,1314,348,1355,435,1334.5,391.5,1334.5,435.0
299,11.920,889,person,0.5154,520,320,558,401,539.0,360.5,539.0,401.0
299,11.920,744,person,0.4519,481,373,525,465,503.0,419.0,503.0,465.0
299,11.920,858,person,0.7079,487,368,531,466,509.0,417.0,509.0,466.0
300,11.960,1,person,0.8401,1130,642,1185,785,1157.5,713.5,1157.5,785.0
300,11.960,314,person,0.6300,1367,554,1414,675,1390.5,614.5,1390.5,675.0
300,11.960,477,person,0.8677,1549,745,1628,895,1588.5,820.0,1588.5,895.0
300,11.960,591,person,0.7039,1408,1000,1509,1079,1458.5,1039.5,1458.5,1079.0
300,11.960,638,person,0.6340,840,995,897,1079,868.5,1037.0,868.5,1079.0
300,11.960,704,person,0.5491,258,1026,310,1079,284.0,1052.5,284.0,1079.0
300,11.960,665,person,0.7612,410,442,450,547,430.0,494.5,430.0,547.0
300,11.960,711,person,0.6081,1405,467,1451,566,1428.0,516.5,1428.0,566.0
300,11.960,736,person,0.5576,1038,235,1071,310,1054.5,272.5,1054.5,310.0
300,11.960,738,person,0.5522,1580,336,1617,407,1598.5,371.5,1598.5,407.0
300,11.960,777,person,0.7707,1710,406,1750,505,1730.0,455.5,1730.0,505.0
300,11.960,779,person,0.5583,191,271,221,338,206.0,304.5,206.0,338.0
300,11.960,242,person,0.7551,833,273,867,343,850.0,308.0,850.0,343.0
300,11.960,775,person,0.6110,1437,281,1475,365,1456.0,323.0,1456.0,365.0
300,11.960,809,person,0.6298,1307,347,1348,434,1327.5,390.5,1327.5,434.0
300,11.960,889,person,0.5107,516,324,551,398,533.5,361.0,533.5,398.0
300,11.960,744,person,0.7153,471,374,513,459,492.0,416.5,492.0,459.0
300,11.960,858,person,0.6066,477,372,519,461,498.0,416.5,498.0,461.0
300,11.960,776,person,0.4120,761,314,797,400,779.0,357.0,779.0,400.0
301,12.000,1,person,0.8392,1122,646,1177,786,1149.5,716.0,1149.5,786.0
301,12.000,314,person,0.4440,1363,561,1406,673,1384.5,617.0,1384.5,673.0
301,12.000,477,person,0.8502,1547,747,1628,898,1587.5,822.5,1587.5,898.0
301,12.000,591,person,0.7676,1401,999,1506,1079,1453.5,1039.0,1453.5,1079.0
301,12.000,638,person,0.6190,837,995,894,1079,865.5,1037.0,865.5,1079.0
301,12.000,704,person,0.4903,253,1026,305,1079,279.0,1052.5,279.0,1079.0
301,12.000,665,person,0.7740,404,443,443,545,423.5,494.0,423.5,545.0
301,12.000,711,person,0.6051,1389,470,1441,580,1415.0,525.0,1415.0,580.0
301,12.000,736,person,0.5806,1032,234,1065,311,1048.5,272.5,1048.5,311.0
301,12.000,738,person,0.5429,1575,335,1614,408,1594.5,371.5,1594.5,408.0
301,12.000,777,person,0.7846,1709,406,1748,505,1728.5,455.5,1728.5,505.0
301,12.000,779,person,0.5301,183,268,212,334,197.5,301.0,197.5,334.0
301,12.000,242,person,0.7326,827,273,861,343,844.0,308.0,844.0,343.0
301,12.000,775,person,0.5327,1432,280,1471,367,1451.5,323.5,1451.5,367.0
301,12.000,809,person,0.7121,1298,346,1339,433,1318.5,389.5,1318.5,433.0
301,12.000,889,person,0.5584,506,326,542,404,524.0,365.0,524.0,404.0
301,12.000,744,person,0.4563,461,374,499,453,480.0,413.5,480.0,453.0
301,12.000,776,person,0.3041,759,318,791,399,775.0,358.5,775.0,399.0
302,12.040,1,person,0.8335,1115,647,1170,784,1142.5,715.5,1142.5,784.0
302,12.040,314,person,0.6641,1355,559,1400,678,1377.5,618.5,1377.5,678.0
302,12.040,477,person,0.8345,1543,746,1628,902,1585.5,824.0,1585.5,902.0
302,12.040,591,person,0.8213,1397,998,1507,1079,1452.0,1038.5,1452.0,1079.0
302,12.040,638,person,0.7015,833,996,891,1079,862.0,1037.5,862.0,1079.0
302,12.040,704,person,0.4341,246,1027,299,1079,272.5,1053.0,272.5,1079.0
302,12.040,665,person,0.7769,397,442,438,547,417.5,494.5,417.5,547.0
302,12.040,711,person,0.5904,1386,474,1436,580,1411.0,527.0,1411.0,580.0
302,12.040,736,person,0.6086,1026,232,1060,310,1043.0,271.0,1043.0,310.0
302,12.040,738,person,0.6720,1572,333,1612,408,1592.0,370.5,1592.0,408.0
302,12.040,777,person,0.8017,1707,404,1748,506,1727.5,455.0,1727.5,506.0
302,12.040,779,person,0.6108,174,267,202,333,188.0,300.0,188.0,333.0
302,12.040,242,person,0.6808,819,273,853,345,836.0,309.0,836.0,345.0
302,12.040,775,person,0.5198,1429,280,1467,365,1448.0,322.5,1448.0,365.0
302,12.040,809,person,0.6722,1290,344,1331,431,1310.5,387.5,1310.5,431.0
302,12.040,889,person,0.5097,501,329,536,405,518.5,367.0,518.5,405.0
302,12.040,744,person,0.5936,448,377,485,453,466.5,415.0,466.5,453.0
302,12.040,776,person,0.3505,753,318,786,399,769.5,358.5,769.5,399.0
302,12.040,895,person,0.5165,620,196,645,260,632.5,228.0,632.5,260.0
303,12.080,1,person,0.8583,1107,646,1164,785,1135.5,715.5,1135.5,785.0
303,12.080,314,person,0.6339,1348,555,1396,680,1372.0,617.5,1372.0,680.0
303,12.080,477,person,0.8623,1541,746,1628,904,1584.5,825.0,1584.5,904.0
303,12.080,591,person,0.8173,1392,999,1503,1079,1447.5,1039.0,1447.5,1079.0
303,12.080,638,person,0.6888,829,996,888,1079,858.5,1037.5,858.5,1079.0
303,12.080,704,person,0.5193,242,1029,293,1079,267.5,1054.0,267.5,1079.0
303,12.080,665,person,0.7786,392,442,435,549,413.5,495.5,413.5,549.0
303,12.080,711,person,0.4583,1379,475,1427,578,1403.0,526.5,1403.0,578.0
303,12.080,736,person,0.6298,1022,233,1055,307,1038.5,270.0,1038.5,307.0
303,12.080,738,person,0.7327,1568,330,1611,409,1589.5,369.5,1589.5,409.0
303,12.080,777,person,0.7637,1705,404,1745,505,1725.0,454.5,1725.0,505.0
303,12.080,779,person,0.6108,164,264,195,334,179.5,299.0,179.5,334.0
303,12.080,242,person,0.6650,812,270,847,344,829.5,307.0,829.5,344.0
303,12.080,775,person,0.4861,1426,279,1463,362,1444.5,320.5,1444.5,362.0
303,12.080,809,person,0.6900,1280,344,1322,433,1301.0,388.5,1301.0,433.0
303,12.080,889,person,0.6069,496,328,530,404,513.0,366.0,513.0,404.0
303,12.080,744,person,0.3619,435,380,472,457,453.5,418.5,453.5,457.0
303,12.080,776,person,0.2972,747,318,779,399,763.0,358.5,763.0,399.0
304,12.120,1,person,0.8530,1101,647,1158,785,1129.5,716.0,1129.5,785.0
304,12.120,314,person,0.6446,1344,558,1388,674,1366.0,616.0,1366.0,674.0
304,12.120,477,person,0.8205,1544,750,1631,906,1587.5,828.0,1587.5,906.0
304,12.120,591,person,0.8361,1386,999,1501,1079,1443.5,1039.0,1443.5,1079.0
304,12.120,638,person,0.6588,826,996,885,1079,855.5,1037.5,855.5,1079.0
304,12.120,704,person,0.5673,239,1030,289,1078,264.0,1054.0,264.0,1078.0
304,12.120,665,person,0.7776,383,443,427,548,405.0,495.5,405.0,548.0
304,12.120,711,person,0.6856,1371,475,1418,578,1394.5,526.5,1394.5,578.0
304,12.120,736,person,0.6603,1016,233,1048,307,1032.0,270.0,1032.0,307.0
304,12.120,738,person,0.6886,1566,332,1607,410,1586.5,371.0,1586.5,410.0
304,12.120,777,person,0.7551,1702,404,1743,506,1722.5,455.0,1722.5,506.0
304,12.120,779,person,0.5496,155,263,186,333,170.5,298.0,170.5,333.0
304,12.120,242,person,0.7359,805,269,840,344,822.5,306.5,822.5,344.0
304,12.120,775,person,0.7010,1420,278,1458,361,1439.0,319.5,1439.0,361.0
304,12.120,809,person,0.6439,1268,343,1312,431,1290.0,387.0,1290.0,431.0
304,12.120,889,person,0.6066,489,329,524,406,506.5,367.5,506.5,406.0
304,12.120,744,person,0.5079,422,382,462,465,442.0,423.5,442.0,465.0
304,12.120,776,person,0.4886,741,317,773,399,757.0,358.0,757.0,399.0
305,12.160,1,person,0.8379,1096,647,1156,783,1126.0,715.0,1126.0,783.0
305,12.160,314,person,0.6034,1336,558,1383,679,1359.5,618.5,1359.5,679.0
305,12.160,477,person,0.8067,1550,752,1637,907,1593.5,829.5,1593.5,907.0
305,12.160,591,person,0.8352,1382,999,1500,1079,1441.0,1039.0,1441.0,1079.0
305,12.160,638,person,0.7112,822,997,881,1079,851.5,1038.0,851.5,1079.0
305,12.160,704,person,0.3488,234,1031,284,1079,259.0,1055.0,259.0,1079.0
305,12.160,665,person,0.7823,375,442,419,544,397.0,493.0,397.0,544.0
305,12.160,711,person,0.5662,1363,477,1407,574,1385.0,525.5,1385.0,574.0
305,12.160,736,person,0.5666,1010,234,1042,308,1026.0,271.0,1026.0,308.0
305,12.160,738,person,0.6902,1563,331,1605,409,1584.0,370.0,1584.0,409.0
305,12.160,777,person,0.7694,1699,402,1741,505,1720.0,453.5,1720.0,505.0
305,12.160,779,person,0.6056,146,265,176,332,161.0,298.5,161.0,332.0
305,12.160,242,person,0.6396,799,267,834,344,816.5,305.5,816.5,344.0
305,12.160,775,person,0.7102,1414,278,1452,362,1433.0,320.0,1433.0,362.0
305,12.160,809,person,0.7215,1261,339,1308,430,1284.5,384.5,1284.5,430.0
305,12.160,889,person,0.6057,484,330,518,406,501.0,368.0,501.0,406.0
305,12.160,776,person,0.5146,736,317,768,399,752.0,358.0,752.0,399.0
306,12.200,1,person,0.8377,1090,647,1151,783,1120.5,715.0,1120.5,783.0
306,12.200,314,person,0.5914,1326,556,1375,684,1350.5,620.0,1350.5,684.0
306,12.200,477,person,0.7486,1559,753,1645,907,1602.0,830.0,1602.0,907.0
306,12.200,591,person,0.7254,1377,1000,1498,1079,1437.5,1039.5,1437.5,1079.0
306,12.200,638,person,0.7328,817,998,877,1080,847.0,1039.0,847.0,1080.0
306,12.200,704,person,0.4483,230,1033,278,1079,254.0,1056.0,254.0,1079.0
306,12.200,665,person,0.7514,371,441,417,545,394.0,493.0,394.0,545.0
306,12.200,711,person,0.6241,1353,476,1398,574,1375.5,525.0,1375.5,574.0
306,12.200,736,person,0.5936,1004,233,1034,306,1019.0,269.5,1019.0,306.0
306,12.200,738,person,0.6308,1557,332,1599,412,1578.0,372.0,1578.0,412.0
306,12.200,777,person,0.7491,1696,400,1738,505,1717.0,452.5,1717.0,505.0
306,12.200,779,person,0.6121,137,265,166,331,151.5,298.0,151.5,331.0
306,12.200,242,person,0.6042,792,267,826,344,809.0,305.5,809.0,344.0
306,12.200,775,person,0.4871,1410,278,1447,361,1428.5,319.5,1428.5,361.0
306,12.200,809,person,0.5034,1253,341,1300,429,1276.5,385.0,1276.5,429.0
306,12.200,889,person,0.4796,479,331,512,406,495.5,368.5,495.5,406.0
306,12.200,776,person,0.4393,731,319,763,402,747.0,360.5,747.0,402.0
307,12.240,1,person,0.8189,1082,647,1143,783,1112.5,715.0,1112.5,783.0
307,12.240,314,person,0.5208,1317,560,1365,683,1341.0,621.5,1341.0,683.0
307,12.240,477,person,0.7794,1565,749,1651,906,1608.0,827.5,1608.0,906.0
307,12.240,591,person,0.8089,1368,997,1495,1079,1431.5,1038.0,1431.5,1079.0
307,12.240,638,person,0.7398,813,999,872,1080,842.5,1039.5,842.5,1080.0
307,12.240,704,person,0.2724,225,1035,271,1078,248.0,1056.5,248.0,1078.0
307,12.240,665,person,0.6775,367,440,413,542,390.0,491.0,390.0,542.0
307,12.240,711,person,0.6044,1342,478,1388,577,1365.0,527.5,1365.0,577.0
307,12.240,736,person,0.6482,996,233,1026,304,1011.0,268.5,1011.0,304.0
307,12.240,738,person,0.5783,1553,334,1594,412,1573.5,373.0,1573.5,412.0
307,12.240,777,person,0.7589,1692,398,1735,505,1713.5,451.5,1713.5,505.0
307,12.240,779,person,0.6659,128,265,158,332,143.0,298.5,143.0,332.0
307,12.240,242,person,0.7505,783,266,818,344,800.5,305.0,800.5,344.0
307,12.240,775,person,0.5540,1406,275,1442,360,1424.0,317.5,1424.0,360.0
307,12.240,809,person,0.6079,1245,342,1290,428,1267.5,385.0,1267.5,428.0
307,12.240,889,person,0.6366,473,328,507,406,490.0,367.0,490.0,406.0
307,12.240,776,person,0.6100,725,319,756,400,740.5,359.5,740.5,400.0
308,12.280,1,person,0.7022,1073,647,1133,781,1103.0,714.0,1103.0,781.0
308,12.280,314,person,0.6740,1304,559,1356,687,1330.0,623.0,1330.0,687.0
308,12.280,477,person,0.7067,1570,745,1656,905,1613.0,825.0,1613.0,905.0
308,12.280,591,person,0.8351,1364,996,1494,1079,1429.0,1037.5,1429.0,1079.0
308,12.280,638,person,0.7091,808,1000,868,1079,838.0,1039.5,838.0,1079.0
308,12.280,704,person,0.3848,221,1037,264,1078,242.5,1057.5,242.5,1078.0
308,12.280,665,person,0.6048,360,440,406,540,383.0,490.0,383.0,540.0
308,12.280,711,person,0.4492,1330,480,1378,580,1354.0,530.0,1354.0,580.0
308,12.280,736,person,0.6693,988,232,1019,305,1003.5,268.5,1003.5,305.0
308,12.280,738,person,0.7191,1548,334,1590,412,1569.0,373.0,1569.0,412.0
308,12.280,777,person,0.8122,1689,397,1731,501,1710.0,449.0,1710.0,501.0
308,12.280,779,person,0.6197,119,267,148,331,133.5,299.0,133.5,331.0
308,12.280,242,person,0.7975,777,266,813,344,795.0,305.0,795.0,344.0
308,12.280,775,person,0.5334,1400,276,1436,361,1418.0,318.5,1418.0,361.0
308,12.280,809,person,0.6693,1236,339,1283,428,1259.5,383.5,1259.5,428.0
308,12.280,889,person,0.7038,466,326,501,406,483.5,366.0,483.5,406.0
308,12.280,776,person,0.6774,717,320,751,405,734.0,362.5,734.0,405.0
309,12.320,1,person,0.7134,1063,643,1121,781,1092.0,712.0,1092.0,781.0
309,12.320,314,person,0.6481,1295,567,1345,684,1320.0,625.5,1320.0,684.0
309,12.320,477,person,0.7525,1577,745,1658,898,1617.5,821.5,1617.5,898.0
309,12.320,591,person,0.7800,1358,997,1489,1079,1423.5,1038.0,1423.5,1079.0
309,12.320,638,person,0.6162,803,1000,863,1079,833.0,1039.5,833.0,1079.0
309,12.320,704,person,0.3370,217,1038,259,1078,238.0,1058.0,238.0,1078.0
309,12.320,665,person,0.6990,351,434,399,539,375.0,486.5,375.0,539.0
309,12.320,711,person,0.4801,1313,483,1368,594,1340.5,538.5,1340.5,594.0
309,12.320,736,person,0.5092,979,232,1011,308,995.0,270.0,995.0,308.0
309,12.320,738,person,0.6968,1544,336,1585,413,1564.5,374.5,1564.5,413.0
309,12.320,777,person,0.8505,1683,395,1727,504,1705.0,449.5,1705.0,504.0
309,12.320,779,person,0.5113,109,269,137,332,123.0,300.5,123.0,332.0
309,12.320,242,person,0.6789,769,270,804,346,786.5,308.0,786.5,346.0
309,12.320,775,person,0.6668,1394,276,1428,359,1411.0,317.5,1411.0,359.0
309,12.320,809,person,0.6800,1228,338,1275,431,1251.5,384.5,1251.5,431.0
309,12.320,889,person,0.6759,461,325,495,405,478.0,365.0,478.0,405.0
309,12.320,776,person,0.5678,712,323,743,399,727.5,361.0,727.5,399.0
310,12.360,1,person,0.7438,1053,639,1111,780,1082.0,709.5,1082.0,780.0
310,12.360,314,person,0.5160,1288,577,1335,683,1311.5,630.0,1311.5,683.0
310,12.360,477,person,0.7721,1582,742,1663,897,1622.5,819.5,1622.5,897.0
310,12.360,591,person,0.8086,1353,995,1488,1080,1420.5,1037.5,1420.5,1080.0
310,12.360,638,person,0.6913,797,1000,858,1079,827.5,1039.5,827.5,1079.0
310,12.360,704,person,0.4679,211,1038,253,1078,232.0,1058.0,232.0,1078.0
310,12.360,665,person,0.7478,342,427,392,538,367.0,482.5,367.0,538.0
310,12.360,711,person,0.4049,1297,486,1356,603,1326.5,544.5,1326.5,603.0
310,12.360,736,person,0.5915,971,231,1005,309,988.0,270.0,988.0,309.0
310,12.360,738,person,0.7163,1538,336,1580,415,1559.0,375.5,1559.0,415.0
310,12.360,777,person,0.8322,1679,396,1722,503,1700.5,449.5,1700.5,503.0
310,12.360,779,person,0.5410,99,268,128,333,113.5,300.5,113.5,333.0
310,12.360,242,person,0.7560,761,271,797,345,779.0,308.0,779.0,345.0
310,12.360,775,person,0.6285,1387,276,1421,358,1404.0,317.0,1404.0,358.0
310,12.360,809,person,0.6827,1218,337,1265,431,1241.5,384.0,1241.5,431.0
310,12.360,889,person,0.5805,455,325,488,405,471.5,365.0,471.5,405.0
310,12.360,776,person,0.4725,702,326,735,408,718.5,367.0,718.5,408.0
311,12.400,1,person,0.7126,1043,636,1100,778,1071.5,707.0,1071.5,778.0
311,12.400,314,person,0.6008,1279,574,1329,685,1304.0,629.5,1304.0,685.0
311,12.400,477,person,0.7723,1584,740,1666,899,1625.0,819.5,1625.0,899.0
311,12.400,591,person,0.7724,1347,994,1484,1079,1415.5,1036.5,1415.5,1079.0
311,12.400,638,person,0.7426,791,1000,852,1079,821.5,1039.5,821.5,1079.0
311,12.400,704,person,0.2809,204,1041,245,1079,224.5,1060.0,224.5,1079.0
311,12.400,665,person,0.6825,333,431,382,539,357.5,485.0,357.5,539.0
311,12.400,711,person,0.5439,1290,489,1346,601,1318.0,545.0,1318.0,601.0
311,12.400,736,person,0.5608,965,231,998,306,981.5,268.5,981.5,306.0
311,12.400,738,person,0.6237,1532,335,1574,416,1553.0,375.5,1553.0,416.0
311,12.400,777,person,0.7996,1674,394,1717,501,1695.5,447.5,1695.5,501.0
311,12.400,779,person,0.5525,89,266,118,332,103.5,299.0,103.5,332.0
311,12.400,242,person,0.7649,755,269,792,347,773.5,308.0,773.5,347.0
311,12.400,775,person,0.6318,1379,276,1413,358,1396.0,317.0,1396.0,358.0
311,12.400,809,person,0.5920,1207,335,1257,437,1232.0,386.0,1232.0,437.0
311,12.400,889,person,0.6421,449,324,484,407,466.5,365.5,466.5,407.0
311,12.400,776,person,0.6189,694,324,729,410,711.5,367.0,711.5,410.0
312,12.440,1,person,0.7084,1031,636,1085,776,1058.0,706.0,1058.0,776.0
312,12.440,314,person,0.6515,1269,567,1323,683,1296.0,625.0,1296.0,683.0
312,12.440,477,person,0.7889,1586,740,1667,900,1626.5,820.0,1626.5,900.0
312,12.440,591,person,0.7647,1339,994,1476,1079,1407.5,1036.5,1407.5,1079.0
312,12.440,638,person,0.7185,784,1000,846,1079,815.0,1039.5,815.0,1079.0
312,12.440,704,person,0.3833,197,1041,237,1078,217.0,1059.5,217.0,1078.0
312,12.440,665,person,0.7712,324,431,373,539,348.5,485.0,348.5,539.0
312,12.440,711,person,0.3642,1278,489,1334,598,1306.0,543.5,1306.0,598.0
312,12.440,736,person,0.5561,957,231,989,303,973.0,267.0,973.0,303.0
312,12.440,738,person,0.7005,1525,333,1569,416,1547.0,374.5,1547.0,416.0
312,12.440,777,person,0.8019,1668,393,1711,498,1689.5,445.5,1689.5,498.0
312,12.440,779,person,0.5933,78,267,107,332,92.5,299.5,92.5,332.0
312,12.440,242,person,0.6925,747,272,784,346,765.5,309.0,765.5,346.0
312,12.440,775,person,0.7082,1370,276,1404,357,1387.0,316.5,1387.0,357.0
312,12.440,809,person,0.4590,1200,335,1247,432,1223.5,383.5,1223.5,432.0
312,12.440,889,person,0.7093,443,322,478,407,460.5,364.5,460.5,407.0
312,12.440,776,person,0.7142,685,325,721,411,703.0,368.0,703.0,411.0
313,12.480,1,person,0.7439,1017,638,1071,776,1044.0,707.0,1044.0,776.0
313,12.480,314,person,0.7001,1259,569,1313,682,1286.0,625.5,1286.0,682.0
313,12.480,477,person,0.8241,1584,740,1664,901,1624.0,820.5,1624.0,901.0
313,12.480,591,person,0.8324,1331,994,1470,1079,1400.5,1036.5,1400.5,1079.0
313,12.480,638,person,0.6275,778,1000,840,1079,809.0,1039.5,809.0,1079.0
313,12.480,704,person,0.2627,192,1042,232,1079,212.0,1060.5,212.0,1079.0
313,12.480,665,person,0.5984,316,435,366,540,341.0,487.5,341.0,540.0
313,12.480,711,person,0.4667,1270,492,1322,595,1296.0,543.5,1296.0,595.0
313,12.480,736,person,0.5239,949,231,982,302,965.5,266.5,965.5,302.0
313,12.480,738,person,0.7780,1519,332,1563,418,1541.0,375.0,1541.0,418.0
313,12.480,777,person,0.8255,1662,393,1704,497,1683.0,445.0,1683.0,497.0
313,12.480,779,person,0.6229,68,267,99,334,83.5,300.5,83.5,334.0
313,12.480,242,person,0.7368,739,271,775,345,757.0,308.0,757.0,345.0
313,12.480,775,person,0.5343,1362,275,1397,358,1379.5,316.5,1379.5,358.0
313,12.480,809,person,0.5423,1189,334,1236,433,1212.5,383.5,1212.5,433.0
313,12.480,889,person,0.6488,436,324,471,407,453.5,365.5,453.5,407.0
313,12.480,776,person,0.5607,677,327,712,413,694.5,370.0,694.5,413.0
313,12.480,744,person,0.6695,307,394,375,539,341.0,466.5,341.0,539.0
314,12.520,1,person,0.7552,1003,636,1058,775,1030.5,705.5,1030.5,775.0
314,12.520,314,person,0.6348,1245,565,1298,678,1271.5,621.5,1271.5,678.0
314,12.520,477,person,0.8493,1583,736,1662,901,1622.5,818.5,1622.5,901.0
314,12.520,591,person,0.8416,1326,992,1467,1079,1396.5,1035.5,1396.5,1079.0
314,12.520,638,person,0.7150,772,1000,834,1079,803.0,1039.5,803.0,1079.0
314,12.520,704,person,0.3124,184,1043,223,1079,203.5,1061.0,203.5,1079.0
314,12.520,665,person,0.7689,308,440,358,541,333.0,490.5,333.0,541.0
314,12.520,711,person,0.6352,1260,493,1310,593,1285.0,543.0,1285.0,593.0
314,12.520,736,person,0.6699,942,228,976,303,959.0,265.5,959.0,303.0
314,12.520,738,person,0.7305,1512,334,1555,419,1533.5,376.5,1533.5,419.0
314,12.520,777,person,0.8066,1655,392,1697,495,1676.0,443.5,1676.0,495.0
314,12.520,779,person,0.6208,58,267,89,334,73.5,300.5,73.5,334.0
314,12.520,242,person,0.5622,727,270,764,345,745.5,307.5,745.5,345.0
314,12.520,775,person,0.6106,1355,276,1390,359,1372.5,317.5,1372.5,359.0
314,12.520,809,person,0.5695,1179,335,1224,429,1201.5,382.0,1201.5,429.0
314,12.520,889,person,0.6418,430,323,464,407,447.0,365.0,447.0,407.0
314,12.520,776,person,0.6446,667,326,702,414,684.5,370.0,684.5,414.0
314,12.520,744,person,0.6942,297,400,366,543,331.5,471.5,331.5,543.0
315,12.560,1,person,0.7093,993,639,1046,775,1019.5,707.0,1019.5,775.0
315,12.560,314,person,0.5143,1230,569,1282,679,1256.0,624.0,1256.0,679.0
315,12.560,477,person,0.8575,1582,733,1659,897,1620.5,815.0,1620.5,897.0
315,12.560,591,person,0.8157,1317,991,1460,1079,1388.5,1035.0,1388.5,1079.0
315,12.560,638,person,0.7364,765,1001,827,1079,796.0,1040.0,796.0,1079.0
315,12.560,704,person,0.3368,177,1044,215,1079,196.0,1061.5,196.0,1079.0
315,12.560,665,person,0.7205,303,445,354,542,328.5,493.5,328.5,542.0
315,12.560,711,person,0.6979,1247,495,1298,595,1272.5,545.0,1272.5,595.0
315,12.560,736,person,0.5152,935,228,968,301,951.5,264.5,951.5,301.0
315,12.560,738,person,0.6147,1506,336,1548,419,1527.0,377.5,1527.0,419.0
315,12.560,777,person,0.7819,1650,392,1692,491,1671.0,441.5,1671.0,491.0
315,12.560,779,person,0.5538,47,266,80,336,63.5,301.0,63.5,336.0
315,12.560,242,person,0.6776,719,269,755,346,737.0,307.5,737.0,346.0
315,12.560,775,person,0.5612,1347,274,1382,357,1364.5,315.5,1364.5,357.0
315,12.560,809,person,0.6511,1166,335,1211,427,1188.5,381.0,1188.5,427.0
315,12.560,889,person,0.7077,423,325,457,408,440.0,366.5,440.0,408.0
315,12.560,776,person,0.5020,659,326,696,418,677.5,372.0,677.5,418.0
316,12.600,1,person,0.7938,982,638,1038,774,1010.0,706.0,1010.0,774.0
316,12.600,314,person,0.5516,1216,566,1268,679,1242.0,622.5,1242.0,679.0
316,12.600,477,person,0.8584,1580,725,1656,891,1618.0,808.0,1618.0,891.0
316,12.600,591,person,0.8255,1309,990,1454,1079,1381.5,1034.5,1381.5,1079.0
316,12.600,638,person,0.7196,759,1001,821,1079,790.0,1040.0,790.0,1079.0
316,12.600,665,person,0.7478,296,450,347,543,321.5,496.5,321.5,543.0
316,12.600,711,person,0.5810,1230,496,1283,596,1256.5,546.0,1256.5,596.0
316,12.600,736,person,0.5309,928,227,960,298,944.0,262.5,944.0,298.0
316,12.600,738,person,0.7507,1501,336,1543,420,1522.0,378.0,1522.0,420.0
316,12.600,777,person,0.8080,1645,391,1686,490,1665.5,440.5,1665.5,490.0
316,12.600,779,person,0.5905,36,264,69,334,52.5,299.0,52.5,334.0
316,12.600,242,person,0.6909,710,269,746,347,728.0,308.0,728.0,347.0
316,12.600,775,person,0.5699,1340,272,1375,358,1357.5,315.0,1357.5,358.0
316,12.600,809,person,0.7394,1156,335,1201,424,1178.5,379.5,1178.5,424.0
316,12.600,889,person,0.6835,417,325,451,408,434.0,366.5,434.0,408.0
316,12.600,776,person,0.5158,650,328,686,422,668.0,375.0,668.0,422.0
317,12.640,1,person,0.7954,973,640,1029,774,1001.0,707.0,1001.0,774.0
317,12.640,314,person,0.5496,1205,563,1256,676,1230.5,619.5,1230.5,676.0
317,12.640,477,person,0.8399,1580,726,1654,888,1617.0,807.0,1617.0,888.0
317,12.640,591,person,0.8282,1300,988,1447,1079,1373.5,1033.5,1373.5,1079.0
317,12.640,638,person,0.6684,752,1001,815,1079,783.5,1040.0,783.5,1079.0
317,12.640,665,person,0.8158,288,452,341,543,314.5,497.5,314.5,543.0
317,12.640,711,person,0.2763,1219,498,1275,607,1247.0,552.5,1247.0,607.0
317,12.640,736,person,0.6549,921,227,954,300,937.5,263.5,937.5,300.0
317,12.640,738,person,0.7637,1495,336,1537,421,1516.0,378.5,1516.0,421.0
317,12.640,777,person,0.8082,1638,392,1680,491,1659.0,441.5,1659.0,491.0
317,12.640,779,person,0.5000,24,264,58,335,41.0,299.5,41.0,335.0
317,12.640,242,person,0.6349,702,270,736,346,719.0,308.0,719.0,346.0
317,12.640,775,person,0.6886,1332,273,1368,358,1350.0,315.5,1350.0,358.0
317,12.640,809,person,0.6817,1147,334,1193,422,1170.0,378.0,1170.0,422.0
317,12.640,889,person,0.6696,411,327,444,408,427.5,367.5,427.5,408.0
317,12.640,776,person,0.6986,642,329,677,420,659.5,374.5,659.5,420.0
317,12.640,921,person,0.5066,1208,507,1274,674,1241.0,590.5,1241.0,674.0
318,12.680,1,person,0.8447,966,640,1022,773,994.0,706.5,994.0,773.0
318,12.680,314,person,0.4797,1193,556,1245,672,1219.0,614.0,1219.0,672.0
318,12.680,477,person,0.8387,1579,725,1652,886,1615.5,805.5,1615.5,886.0
318,12.680,591,person,0.7869,1294,986,1442,1079,1368.0,1032.5,1368.0,1079.0
318,12.680,638,person,0.7296,746,1001,809,1079,777.5,1040.0,777.5,1079.0
318,12.680,665,person,0.8556,281,453,336,543,308.5,498.0,308.5,543.0
318,12.680,736,person,0.5440,912,227,946,302,929.0,264.5,929.0,302.0
318,12.680,738,person,0.7250,1489,337,1529,419,1509.0,378.0,1509.0,419.0
318,12.680,777,person,0.7801,1631,393,1672,488,1651.5,440.5,1651.5,488.0
318,12.680,779,person,0.4178,15,264,48,333,31.5,298.5,31.5,333.0
318,12.680,242,person,0.7583,693,269,728,347,710.5,308.0,710.5,347.0
318,12.680,775,person,0.7161,1324,272,1360,358,1342.0,315.0,1342.0,358.0
318,12.680,809,person,0.7051,1137,332,1183,421,1160.0,376.5,1160.0,421.0
318,12.680,889,person,0.6704,404,326,438,410,421.0,368.0,421.0,410.0
318,12.680,776,person,0.6271,635,331,669,420,652.0,375.5,652.0,420.0
318,12.680,921,person,0.5660,1197,505,1263,672,1230.0,588.5,1230.0,672.0
319,12.720,1,person,0.7922,958,638,1016,772,987.0,705.0,987.0,772.0
319,12.720,477,person,0.8365,1577,724,1648,880,1612.5,802.0,1612.5,880.0
319,12.720,591,person,0.7859,1284,986,1433,1079,1358.5,1032.5,1358.5,1079.0
319,12.720,638,person,0.7165,740,1002,802,1079,771.0,1040.5,771.0,1079.0
319,12.720,665,person,0.8639,274,450,334,546,304.0,498.0,304.0,546.0
319,12.720,736,person,0.6185,905,227,938,301,921.5,264.0,921.5,301.0
319,12.720,738,person,0.6757,1481,335,1522,420,1501.5,377.5,1501.5,420.0
319,12.720,777,person,0.7437,1623,392,1667,490,1645.0,441.0,1645.0,490.0
319,12.720,779,person,0.5485,5,263,38,334,21.5,298.5,21.5,334.0
319,12.720,242,person,0.6693,685,269,720,348,702.5,308.5,702.5,348.0
319,12.720,775,person,0.6338,1316,268,1354,359,1335.0,313.5,1335.0,359.0
319,12.720,809,person,0.7600,1131,328,1179,422,1155.0,375.0,1155.0,422.0
319,12.720,889,person,0.7335,397,326,433,413,415.0,369.5,415.0,413.0
319,12.720,776,person,0.6154,625,335,660,426,642.5,380.5,642.5,426.0
319,12.720,921,person,0.6732,1189,507,1248,654,1218.5,580.5,1218.5,654.0
320,12.760,1,person,0.7716,949,639,1008,774,978.5,706.5,978.5,774.0
320,12.760,477,person,0.8067,1575,724,1645,875,1610.0,799.5,1610.0,875.0
320,12.760,591,person,0.7937,1276,986,1425,1079,1350.5,1032.5,1350.5,1079.0
320,12.760,638,person,0.6858,733,1002,796,1079,764.5,1040.5,764.5,1079.0
320,12.760,665,person,0.7852,269,448,330,545,299.5,496.5,299.5,545.0
320,12.760,736,person,0.6660,898,226,931,300,914.5,263.0,914.5,300.0
320,12.760,738,person,0.6965,1474,336,1516,423,1495.0,379.5,1495.0,423.0
320,12.760,777,person,0.7896,1618,391,1662,489,1640.0,440.0,1640.0,489.0
320,12.760,779,person,0.5046,0,264,29,331,14.5,297.5,14.5,331.0
320,12.760,242,person,0.6883,677,269,711,349,694.0,309.0,694.0,349.0
320,12.760,775,person,0.5539,1309,269,1346,357,1327.5,313.0,1327.5,357.0
320,12.760,809,person,0.7980,1124,327,1172,421,1148.0,374.0,1148.0,421.0
320,12.760,889,person,0.7547,392,326,428,414,410.0,370.0,410.0,414.0
320,12.760,776,person,0.6339,619,338,654,430,636.5,384.0,636.5,430.0
320,12.760,921,person,0.7188,1176,507,1235,654,1205.5,580.5,1205.5,654.0
320,12.760,929,person,0.6287,230,393,278,493,254.0,443.0,254.0,493.0
321,12.800,1,person,0.7774,940,633,1000,774,970.0,703.5,970.0,774.0
321,12.800,477,person,0.8583,1572,726,1644,882,1608.0,804.0,1608.0,882.0
321,12.800,591,person,0.8329,1270,984,1421,1079,1345.5,1031.5,1345.5,1079.0
321,12.800,638,person,0.6272,728,1002,791,1079,759.5,1040.5,759.5,1079.0
321,12.800,665,person,0.7921,265,448,327,545,296.0,496.5,296.0,545.0
321,12.800,736,person,0.6436,893,226,926,300,909.5,263.0,909.5,300.0
321,12.800,738,person,0.7301,1468,337,1509,425,1488.5,381.0,1488.5,425.0
321,12.800,777,person,0.7876,1613,390,1659,490,1636.0,440.0,1636.0,490.0
321,12.800,242,person,0.7114,669,271,703,349,686.0,310.0,686.0,349.0
321,12.800,775,person,0.5670,1304,269,1340,356,1322.0,312.5,1322.0,356.0
321,12.800,809,person,0.6031,1117,326,1165,421,1141.0,373.5,1141.0,421.0
321,12.800,889,person,0.6695,386,327,422,414,404.0,370.5,404.0,414.0
321,12.800,776,person,0.7133,613,340,647,431,630.0,385.5,630.0,431.0
321,12.800,921,person,0.5962,1162,509,1225,667,1193.5,588.0,1193.5,667.0
321,12.800,711,person,0.3451,1167,508,1228,623,1197.5,565.5,1197.5,623.0
322,12.840,1,person,0.7095,932,634,991,773,961.5,703.5,961.5,773.0
322,12.840,477,person,0.8163,1569,726,1643,887,1606.0,806.5,1606.0,887.0
322,12.840,591,person,0.8003,1262,984,1413,1079,1337.5,1031.5,1337.5,1079.0
322,12.840,638,person,0.6912,722,1002,786,1079,754.0,1040.5,754.0,1079.0
322,12.840,665,person,0.8030,261,446,324,546,292.5,496.0,292.5,546.0
322,12.840,736,person,0.5782,889,227,920,298,904.5,262.5,904.5,298.0
322,12.840,738,person,0.7133,1462,338,1503,427,1482.5,382.5,1482.5,427.0
322,12.840,777,person,0.7730,1611,390,1656,490,1633.5,440.0,1633.5,490.0
322,12.840,242,person,0.7061,663,271,696,347,679.5,309.0,679.5,347.0
322,12.840,775,person,0.6278,1297,268,1333,356,1315.0,312.0,1315.0,356.0
322,12.840,809,person,0.6737,1110,326,1157,422,1133.5,374.0,1133.5,422.0
322,12.840,889,person,0.6035,380,327,416,415,398.0,371.0,398.0,415.0
322,12.840,776,person,0.6365,607,343,640,432,623.5,387.5,623.5,432.0
322,12.840,711,person,0.4845,1159,510,1216,617,1187.5,563.5,1187.5,617.0
322,12.840,314,person,0.4734,1144,562,1197,675,1170.5,618.5,1170.5,675.0
323,12.880,1,person,0.7139,924,633,981,774,952.5,703.5,952.5,774.0
323,12.880,477,person,0.8128,1567,725,1641,886,1604.0,805.5,1604.0,886.0
323,12.880,591,person,0.8238,1255,984,1406,1080,1330.5,1032.0,1330.5,1080.0
323,12.880,638,person,0.7303,717,1002,780,1079,748.5,1040.5,748.5,1079.0
323,12.880,665,person,0.8221,259,442,324,547,291.5,494.5,291.5,547.0
323,12.880,736,person,0.5844,885,227,914,295,899.5,261.0,899.5,295.0
323,12.880,738,person,0.6906,1457,339,1497,428,1477.0,383.5,1477.0,428.0
323,12.880,777,person,0.7947,1608,389,1653,488,1630.5,438.5,1630.5,488.0
323,12.880,242,person,0.6615,658,274,689,345,673.5,309.5,673.5,345.0
323,12.880,775,person,0.6225,1291,268,1328,357,1309.5,312.5,1309.5,357.0
323,12.880,809,person,0.6686,1105,327,1151,422,1128.0,374.5,1128.0,422.0
323,12.880,889,person,0.7046,377,325,414,415,395.5,370.0,395.5,415.0
323,12.880,776,person,0.7157,599,342,634,437,616.5,389.5,616.5,437.0
323,12.880,711,person,0.6129,1143,511,1202,620,1172.5,565.5,1172.5,620.0
323,12.880,938,person,0.5065,206,407,245,498,225.5,452.5,225.5,498.0
323,12.880,921,person,0.5888,1141,510,1204,665,1172.5,587.5,1172.5,665.0
324,12.920,1,person,0.7718,917,632,973,776,945.0,704.0,945.0,776.0
324,12.920,477,person,0.8202,1566,725,1638,883,1602.0,804.0,1602.0,883.0
324,12.920,591,person,0.8072,1248,983,1400,1080,1324.0,1031.5,1324.0,1080.0
324,12.920,638,person,0.7028,712,1003,775,1079,743.5,1041.0,743.5,1079.0
324,12.920,665,person,0.7854,260,443,324,548,292.0,495.5,292.0,548.0
324,12.920,736,person,0.5848,880,228,909,294,894.5,261.0,894.5,294.0
324,12.920,738,person,0.7427,1451,339,1491,430,1471.0,384.5,1471.0,430.0
324,12.920,777,person,0.7885,1605,389,1650,489,1627.5,439.0,1627.5,489.0
324,12.920,242,person,0.6054,651,276,682,345,666.5,310.5,666.5,345.0
324,12.920,775,person,0.5201,1287,269,1323,355,1305.0,312.0,1305.0,355.0
324,12.920,809,person,0.7229,1100,328,1144,420,1122.0,374.0,1122.0,420.0
324,12.920,889,person,0.7163,374,326,409,415,391.5,370.5,391.5,415.0
324,12.920,776,person,0.6435,592,342,629,439,610.5,390.5,610.5,439.0
324,12.920,711,person,0.4488,1133,512,1192,618,1162.5,565.0,1162.5,618.0
324,12.920,938,person,0.5540,199,407,239,501,219.0,454.0,219.0,501.0
324,12.920,940,person,0.5250,452,193,479,247,465.5,220.0,465.5,247.0
324,12.920,921,person,0.4326,1127,512,1192,671,1159.5,591.5,1159.5,671.0
324,12.920,314,person,0.4864,1125,567,1178,676,1151.5,621.5,1151.5,676.0
325,12.960,1,person,0.6777,909,632,964,778,936.5,705.0,936.5,778.0
325,12.960,477,person,0.8303,1567,723,1639,881,1603.0,802.0,1603.0,881.0
325,12.960,591,person,0.6424,1244,983,1394,1080,1319.0,1031.5,1319.0,1080.0
325,12.960,638,person,0.6601,707,1002,771,1079,739.0,1040.5,739.0,1079.0
325,12.960,665,person,0.7821,262,442,324,548,293.0,495.0,293.0,548.0
325,12.960,736,person,0.5261,875,228,903,294,889.0,261.0,889.0,294.0
325,12.960,738,person,0.7682,1446,342,1485,429,1465.5,385.5,1465.5,429.0
325,12.960,777,person,0.7823,1602,388,1647,489,1624.5,438.5,1624.5,489.0
325,12.960,242,person,0.6474,646,276,677,345,661.5,310.5,661.5,345.0
325,12.960,775,person,0.5876,1284,272,1317,353,1300.5,312.5,1300.5,353.0
325,12.960,809,person,0.5881,1092,326,1139,426,1115.5,376.0,1115.5,426.0
325,12.960,889,person,0.6961,371,327,406,415,388.5,371.0,388.5,415.0
325,12.960,776,person,0.6871,586,344,622,438,604.0,391.0,604.0,438.0
325,12.960,711,person,0.5708,1131,514,1189,620,1160.0,567.0,1160.0,620.0
325,12.960,938,person,0.6487,190,409,229,501,209.5,455.0,209.5,501.0
325,12.960,921,person,0.3638,1125,514,1178,639,1151.5,576.5,1151.5,639.0
325,12.960,314,person,0.5053,1113,564,1166,675,1139.5,619.5,1139.5,675.0
326,13.000,1,person,0.7435,904,633,956,775,930.0,704.0,930.0,775.0
326,13.000,477,person,0.8421,1566,721,1637,880,1601.5,800.5,1601.5,880.0
326,13.000,591,person,0.7950,1236,984,1385,1080,1310.5,1032.0,1310.5,1080.0
326,13.000,638,person,0.6462,702,1002,766,1079,734.0,1040.5,734.0,1079.0
326,13.000,665,person,0.7778,263,442,323,549,293.0,495.5,293.0,549.0
326,13.000,736,person,0.6302,870,225,900,297,885.0,261.0,885.0,297.0
326,13.000,738,person,0.7539,1441,347,1478,429,1459.5,388.0,1459.5,429.0
326,13.000,777,person,0.7846,1600,388,1644,488,1622.0,438.0,1622.0,488.0
326,13.000,242,person,0.7051,638,275,672,353,655.0,314.0,655.0,353.0
326,13.000,775,person,0.5344,1281,273,1313,352,1297.0,312.5,1297.0,352.0
326,13.000,809,person,0.6452,1089,326,1133,423,1111.0,374.5,1111.0,423.0
326,13.000,889,person,0.7010,367,327,402,416,384.5,371.5,384.5,416.0
326,13.000,776,person,0.6073,580,345,615,438,597.5,391.5,597.5,438.0
326,13.000,711,person,0.6494,1126,517,1185,628,1155.5,572.5,1155.5,628.0
326,13.000,938,person,0.7206,182,405,224,503,203.0,454.0,203.0,503.0
326,13.000,314,person,0.5890,1101,555,1157,673,1129.0,614.0,1129.0,673.0
327,13.040,1,person,0.6956,898,633,950,775,924.0,704.0,924.0,775.0
327,13.040,477,person,0.8182,1563,722,1633,877,1598.0,799.5,1598.0,877.0
327,13.040,591,person,0.8036,1230,985,1376,1080,1303.0,1032.5,1303.0,1080.0
327,13.040,638,person,0.6928,699,1002,762,1079,730.5,1040.5,730.5,1079.0
327,13.040,665,person,0.7655,264,443,322,549,293.0,496.0,293.0,549.0
327,13.040,736,person,0.5599,866,226,895,297,880.5,261.5,880.5,297.0
327,13.040,738,person,0.7188,1437,348,1474,429,1455.5,388.5,1455.5,429.0
327,13.040,777,person,0.7740,1598,388,1642,488,1620.0,438.0,1620.0,488.0
327,13.040,242,person,0.7216,634,276,667,349,650.5,312.5,650.5,349.0
327,13.040,775,person,0.6203,1275,273,1309,354,1292.0,313.5,1292.0,354.0
327,13.040,809,person,0.7298,1085,326,1128,423,1106.5,374.5,1106.5,423.0
327,13.040,889,person,0.7469,363,328,398,418,380.5,373.0,380.5,418.0
327,13.040,776,person,0.6813,573,346,609,439,591.0,392.5,591.0,439.0
327,13.040,711,person,0.5971,1117,520,1176,632,1146.5,576.0,1146.5,632.0
327,13.040,938,person,0.6292,175,405,218,506,196.5,455.5,196.5,506.0
327,13.040,314,person,0.4978,1086,548,1141,669,1113.5,608.5,1113.5,669.0
328,13.080,1,person,0.7631,891,631,943,777,917.0,704.0,917.0,777.0
328,13.080,477,person,0.8265,1560,722,1630,875,1595.0,798.5,1595.0,875.0
328,13.080,591,person,0.8401,1226,987,1370,1080,1298.0,1033.5,1298.0,1080.0
328,13.080,638,person,0.7287,695,1003,758,1079,726.5,1041.0,726.5,1079.0
328,13.080,665,person,0.7855,264,443,321,550,292.5,496.5,292.5,550.0
328,13.080,736,person,0.5780,862,227,892,297,877.0,262.0,877.0,297.0
328,13.080,738,person,0.6685,1432,348,1469,431,1450.5,389.5,1450.5,431.0
328,13.080,777,person,0.7512,1596,389,1639,488,1617.5,438.5,1617.5,488.0
328,13.080,242,person,0.6258,629,277,661,350,645.0,313.5,645.0,350.0
328,13.080,775,person,0.6078,1270,273,1304,354,1287.0,313.5,1287.0,354.0
328,13.080,809,person,0.6777,1081,326,1123,422,1102.0,374.0,1102.0,422.0
328,13.080,889,person,0.7123,361,330,395,418,378.0,374.0,378.0,418.0
328,13.080,776,person,0.6864,567,350,604,447,585.5,398.5,585.5,447.0
328,13.080,711,person,0.6029,1110,526,1166,637,1138.0,581.5,1138.0,637.0
328,13.080,938,person,0.7256,170,408,212,508,191.0,458.0,191.0,508.0
328,13.080,314,person,0.4694,1077,549,1128,665,1102.5,607.0,1102.5,665.0
329,13.120,1,person,0.7991,885,632,935,776,910.0,704.0,910.0,776.0
329,13.120,477,person,0.8140,1555,723,1624,874,1589.5,798.5,1589.5,874.0
329,13.120,591,person,0.8257,1222,987,1366,1080,1294.0,1033.5,1294.0,1080.0
329,13.120,638,person,0.7072,692,1006,753,1079,722.5,1042.5,722.5,1079.0
329,13.120,665,person,0.7713,265,444,321,551,293.0,497.5,293.0,551.0
329,13.120,736,person,0.5971,857,227,888,299,872.5,263.0,872.5,299.0
329,13.120,738,person,0.6674,1427,349,1464,433,1445.5,391.0,1445.5,433.0
329,13.120,777,person,0.6985,1592,390,1637,491,1614.5,440.5,1614.5,491.0
329,13.120,242,person,0.6312,623,277,657,354,640.0,315.5,640.0,354.0
329,13.120,775,person,0.5885,1266,272,1301,355,1283.5,313.5,1283.5,355.0
329,13.120,809,person,0.5871,1079,326,1118,418,1098.5,372.0,1098.5,418.0
329,13.120,889,person,0.7060,359,331,393,419,376.0,375.0,376.0,419.0
329,13.120,776,person,0.6357,561,354,599,448,580.0,401.0,580.0,448.0
329,13.120,711,person,0.4991,1102,529,1158,641,1130.0,585.0,1130.0,641.0
329,13.120,938,person,0.7915,163,411,205,510,184.0,460.5,184.0,510.0
329,13.120,314,person,0.5677,1066,548,1116,667,1091.0,607.5,1091.0,667.0
329,13.120,921,person,0.5893,1084,528,1145,666,1114.5,597.0,1114.5,666.0
330,13.160,1,person,0.7920,881,632,929,776,905.0,704.0,905.0,776.0
330,13.160,477,person,0.8182,1551,722,1621,872,1586.0,797.0,1586.0,872.0
330,13.160,591,person,0.8453,1216,988,1359,1080,1287.5,1034.0,1287.5,1080.0
330,13.160,638,person,0.6612,690,1008,750,1078,720.0,1043.0,720.0,1078.0
330,13.160,665,person,0.7707,265,443,322,552,293.5,497.5,293.5,552.0
330,13.160,736,person,0.6174,853,226,884,299,868.5,262.5,868.5,299.0
330,13.160,738,person,0.7297,1423,347,1461,433,1442.0,390.0,1442.0,433.0
330,13.160,777,person,0.7237,1591,391,1634,489,1612.5,440.0,1612.5,489.0
330,13.160,242,person,0.6492,619,277,654,355,636.5,316.0,636.5,355.0
330,13.160,775,person,0.4476,1264,272,1299,356,1281.5,314.0,1281.5,356.0
330,13.160,809,person,0.5680,1075,325,1115,420,1095.0,372.5,1095.0,420.0
330,13.160,889,person,0.6965,358,334,391,419,374.5,376.5,374.5,419.0
330,13.160,776,person,0.6134,557,358,594,452,575.5,405.0,575.5,452.0
330,13.160,711,person,0.6499,1094,533,1148,639,1121.0,586.0,1121.0,639.0
330,13.160,938,person,0.8485,159,412,200,509,179.5,460.5,179.5,509.0
330,13.160,314,person,0.6006,1052,550,1103,673,1077.5,611.5,1077.5,673.0
331,13.200,1,person,0.7445,876,632,924,778,900.0,705.0,900.0,778.0
331,13.200,477,person,0.7760,1553,719,1622,869,1587.5,794.0,1587.5,869.0
331,13.200,591,person,0.8452,1213,990,1353,1080,1283.0,1035.0,1283.0,1080.0
331,13.200,638,person,0.7045,687,1008,747,1079,717.0,1043.5,717.0,1079.0
331,13.200,665,person,0.8093,265,443,323,553,294.0,498.0,294.0,553.0
331,13.200,736,person,0.6644,849,227,880,300,864.5,263.5,864.5,300.0
331,13.200,738,person,0.7073,1418,349,1456,435,1437.0,392.0,1437.0,435.0
331,13.200,777,person,0.7642,1588,392,1631,489,1609.5,440.5,1609.5,489.0
331,13.200,242,person,0.6592,615,277,650,359,632.5,318.0,632.5,359.0
331,13.200,775,person,0.4888,1262,272,1296,354,1279.0,313.0,1279.0,354.0
331,13.200,809,person,0.5384,1073,324,1112,416,1092.5,370.0,1092.5,416.0
331,13.200,889,person,0.6984,356,336,389,420,372.5,378.0,372.5,420.0
331,13.200,776,person,0.6700,551,360,588,453,569.5,406.5,569.5,453.0
331,13.200,711,person,0.5679,1086,534,1139,637,1112.5,585.5,1112.5,637.0
331,13.200,938,person,0.8474,154,410,195,508,174.5,459.0,174.5,508.0
331,13.200,314,person,0.6308,1041,552,1091,670,1066.0,611.0,1066.0,670.0
332,13.240,1,person,0.7496,872,632,920,778,896.0,705.0,896.0,778.0
332,13.240,477,person,0.7775,1549,715,1620,869,1584.5,792.0,1584.5,869.0
332,13.240,591,person,0.8060,1209,992,1348,1079,1278.5,1035.5,1278.5,1079.0
332,13.240,638,person,0.7031,684,1009,744,1079,714.0,1044.0,714.0,1079.0
332,13.240,665,person,0.7844,263,445,321,553,292.0,499.0,292.0,553.0
332,13.240,736,person,0.6234,845,228,876,301,860.5,264.5,860.5,301.0
332,13.240,738,person,0.7281,1414,349,1452,437,1433.0,393.0,1433.0,437.0
332,13.240,777,person,0.7895,1586,392,1630,489,1608.0,440.5,1608.0,489.0
332,13.240,242,person,0.7048,611,277,645,359,628.0,318.0,628.0,359.0
332,13.240,775,person,0.5195,1259,274,1292,355,1275.5,314.5,1275.5,355.0
332,13.240,809,person,0.6728,1070,324,1109,417,1089.5,370.5,1089.5,417.0
332,13.240,889,person,0.6420,352,335,388,424,370.0,379.5,370.0,424.0
332,13.240,776,person,0.6461,547,359,585,453,566.0,406.0,566.0,453.0
332,13.240,711,person,0.5606,1078,537,1133,642,1105.5,589.5,1105.5,642.0
332,13.240,938,person,0.8001,149,409,192,510,170.5,459.5,170.5,510.0
332,13.240,314,person,0.5750,1029,553,1081,673,1055.0,613.0,1055.0,673.0
333,13.280,1,person,0.7864,868,633,915,777,891.5,705.0,891.5,777.0
333,13.280,477,person,0.7903,1549,712,1619,868,1584.0,790.0,1584.0,868.0
333,13.280,591,person,0.8414,1207,992,1345,1079,1276.0,1035.5,1276.0,1079.0
333,13.280,638,person,0.6737,683,1013,740,1079,711.5,1046.0,711.5,1079.0
333,13.280,665,person,0.7652,261,446,320,556,290.5,501.0,290.5,556.0
333,13.280,736,person,0.5933,842,229,872,299,857.0,264.0,857.0,299.0
333,13.280,738,person,0.7754,1410,351,1449,441,1429.5,396.0,1429.5,441.0
333,13.280,777,person,0.8171,1585,392,1629,489,1607.0,440.5,1607.0,489.0
333,13.280,242,person,0.6511,608,278,641,358,624.5,318.0,624.5,358.0
333,13.280,775,person,0.5677,1256,273,1290,356,1273.0,314.5,1273.0,356.0
333,13.280,809,person,0.6163,1066,325,1104,418,1085.0,371.5,1085.0,418.0
333,13.280,889,person,0.6461,350,336,386,425,368.0,380.5,368.0,425.0
333,13.280,776,person,0.6447,543,359,581,453,562.0,406.0,562.0,453.0
333,13.280,711,person,0.6720,1068,537,1125,642,1096.5,589.5,1096.5,642.0
333,13.280,938,person,0.7361,145,411,187,512,166.0,461.5,166.0,512.0
333,13.280,314,person,0.6051,1020,557,1073,675,1046.5,616.0,1046.5,675.0
334,13.320,1,person,0.7655,864,632,910,772,887.0,702.0,887.0,772.0
334,13.320,477,person,0.7919,1547,709,1618,869,1582.5,789.0,1582.5,869.0
334,13.320,591,person,0.8240,1206,993,1341,1079,1273.5,1036.0,1273.5,1079.0
334,13.320,638,person,0.6614,681,1014,737,1079,709.0,1046.5,709.0,1079.0
334,13.320,665,person,0.7651,260,447,319,557,289.5,502.0,289.5,557.0
334,13.320,736,person,0.5523,839,230,868,299,853.5,264.5,853.5,299.0
334,13.320,738,person,0.7559,1407,354,1445,440,1426.0,397.0,1426.0,440.0
334,13.320,777,person,0.8171,1583,391,1627,490,1605.0,440.5,1605.0,490.0
334,13.320,242,person,0.5286,605,280,637,357,621.0,318.5,621.0,357.0
334,13.320,775,person,0.5375,1254,274,1288,358,1271.0,316.0,1271.0,358.0
334,13.320,809,person,0.6421,1062,324,1100,418,1081.0,371.0,1081.0,418.0
334,13.320,889,person,0.6485,349,337,385,427,367.0,382.0,367.0,427.0
334,13.320,776,person,0.6923,538,359,577,456,557.5,407.5,557.5,456.0
334,13.320,711,person,0.6398,1055,534,1113,642,1084.0,588.0,1084.0,642.0
334,13.320,938,person,0.6964,141,413,182,513,161.5,463.0,161.5,513.0
334,13.320,314,person,0.7172,1014,561,1068,677,1041.0,619.0,1041.0,677.0
335,13.360,1,person,0.7660,861,630,906,768,883.5,699.0,883.5,768.0
335,13.360,477,person,0.7678,1543,708,1614,870,1578.5,789.0,1578.5,870.0
335,13.360,591,person,0.7736,1199,995,1334,1079,1266.5,1037.0,1266.5,1079.0
335,13.360,638,person,0.6751,677,1015,734,1079,705.5,1047.0,705.5,1079.0
335,13.360,665,person,0.7574,262,448,321,559,291.5,503.5,291.5,559.0
335,13.360,736,person,0.6009,836,231,865,298,850.5,264.5,850.5,298.0
335,13.360,738,person,0.7229,1405,358,1442,440,1423.5,399.0,1423.5,440.0
335,13.360,777,person,0.7694,1583,392,1626,491,1604.5,441.5,1604.5,491.0
335,13.360,242,person,0.5037,603,282,634,357,618.5,319.5,618.5,357.0
335,13.360,775,person,0.6153,1251,273,1285,358,1268.0,315.5,1268.0,358.0
335,13.360,809,person,0.6404,1059,324,1096,415,1077.5,369.5,1077.5,415.0
335,13.360,889,person,0.6552,350,338,384,428,367.0,383.0,367.0,428.0
335,13.360,776,person,0.6559,534,361,571,457,552.5,409.0,552.5,457.0
335,13.360,711,person,0.5084,1039,532,1099,643,1069.0,587.5,1069.0,643.0
335,13.360,938,person,0.7858,137,412,179,514,158.0,463.0,158.0,514.0
335,13.360,314,person,0.6815,1009,574,1061,678,1035.0,626.0,1035.0,678.0
336,13.400,1,person,0.7786,856,627,901,765,878.5,696.0,878.5,765.0
336,13.400,477,person,0.6648,1541,708,1609,865,1575.0,786.5,1575.0,865.0
336,13.400,591,person,0.7834,1194,995,1330,1079,1262.0,1037.0,1262.0,1079.0
336,13.400,638,person,0.6816,673,1015,731,1079,702.0,1047.0,702.0,1079.0
336,13.400,665,person,0.7782,263,449,319,559,291.0,504.0,291.0,559.0
336,13.400,736,person,0.6334,833,230,862,298,847.5,264.0,847.5,298.0
336,13.400,738,person,0.7371,1400,360,1438,443,1419.0,401.5,1419.0,443.0
336,13.400,777,person,0.7760,1581,391,1624,490,1602.5,440.5,1602.5,490.0
336,13.400,242,person,0.5831,600,283,631,358,615.5,320.5,615.5,358.0
336,13.400,775,person,0.6899,1247,274,1283,360,1265.0,317.0,1265.0,360.0
336,13.400,809,person,0.6060,1054,325,1091,418,1072.5,371.5,1072.5,418.0
336,13.400,889,person,0.6423,349,339,383,427,366.0,383.0,366.0,427.0
336,13.400,776,person,0.6923,529,362,567,461,548.0,411.5,548.0,461.0
336,13.400,711,person,0.6126,1027,532,1085,643,1056.0,587.5,1056.0,643.0
336,13.400,938,person,0.8141,134,412,176,516,155.0,464.0,155.0,516.0
336,13.400,314,person,0.7139,1002,569,1057,681,1029.5,625.0,1029.5,681.0
336,13.400,921,person,0.4287,1007,542,1068,678,1037.5,610.0,1037.5,678.0
337,13.440,1,person,0.8363,851,625,896,764,873.5,694.5,873.5,764.0
337,13.440,477,person,0.7060,1531,706,1598,862,1564.5,784.0,1564.5,862.0
337,13.440,591,person,0.8154,1192,996,1326,1079,1259.0,1037.5,1259.0,1079.0
337,13.440,638,person,0.6661,670,1016,727,1079,698.5,1047.5,698.5,1079.0
337,13.440,665,person,0.7686,265,449,320,560,292.5,504.5,292.5,560.0
337,13.440,736,person,0.6286,829,230,859,299,844.0,264.5,844.0,299.0
337,13.440,738,person,0.6394,1394,361,1433,446,1413.5,403.5,1413.5,446.0
337,13.440,777,person,0.7808,1579,391,1622,491,1600.5,441.0,1600.5,491.0
337,13.440,242,person,0.6174,600,285,629,356,614.5,320.5,614.5,356.0
337,13.440,775,person,0.6195,1245,273,1280,361,1262.5,317.0,1262.5,361.0
337,13.440,809,person,0.6401,1051,324,1088,418,1069.5,371.0,1069.5,418.0
337,13.440,889,person,0.6746,348,338,381,428,364.5,383.0,364.5,428.0
337,13.440,776,person,0.6911,525,363,564,464,544.5,413.5,544.5,464.0
337,13.440,711,person,0.4168,1017,528,1074,642,1045.5,585.0,1045.5,642.0
337,13.440,938,person,0.8355,130,414,172,520,151.0,467.0,151.0,520.0
337,13.440,314,person,0.6287,991,559,1050,680,1020.5,619.5,1020.5,680.0
337,13.440,965,person,0.5460,1530,707,1607,858,1568.5,782.5,1568.5,858.0
337,13.440,921,person,0.2483,996,531,1060,675,1028.0,603.0,1028.0,675.0
338,13.480,1,person,0.8694,847,625,892,765,869.5,695.0,869.5,765.0
338,13.480,477,person,0.7801,1533,704,1598,857,1565.5,780.5,1565.5,857.0
338,13.480,591,person,0.7962,1189,999,1320,1079,1254.5,1039.0,1254.5,1079.0
338,13.480,638,person,0.6822,666,1016,724,1079,695.0,1047.5,695.0,1079.0
338,13.480,665,person,0.7736,267,449,320,560,293.5,504.5,293.5,560.0
338,13.480,736,person,0.6057,826,229,856,299,841.0,264.0,841.0,299.0
338,13.480,738,person,0.7142,1387,361,1428,448,1407.5,404.5,1407.5,448.0
338,13.480,777,person,0.7861,1579,390,1621,491,1600.0,440.5,1600.0,491.0
338,13.480,242,person,0.7004,598,286,627,356,612.5,321.0,612.5,356.0
338,13.480,775,person,0.6010,1243,273,1278,361,1260.5,317.0,1260.5,361.0
338,13.480,809,person,0.6821,1048,325,1084,415,1066.0,370.0,1066.0,415.0
338,13.480,889,person,0.5823,346,340,379,428,362.5,384.0,362.5,428.0
338,13.480,776,person,0.7297,521,365,560,466,540.5,415.5,540.5,466.0
338,13.480,711,person,0.4791,1005,527,1062,644,1033.5,585.5,1033.5,644.0
338,13.480,938,person,0.8033,127,415,169,522,148.0,468.5,148.0,522.0
338,13.480,314,person,0.6431,983,563,1039,680,1011.0,621.5,1011.0,680.0
338,13.480,921,person,0.5051,989,528,1052,673,1020.5,600.5,1020.5,673.0
339,13.520,1,person,0.8707,843,625,888,765,865.5,695.0,865.5,765.0
339,13.520,477,person,0.7729,1533,703,1595,851,1564.0,777.0,1564.0,851.0
339,13.520,591,person,0.8138,1186,1000,1316,1080,1251.0,1040.0,1251.0,1080.0
339,13.520,638,person,0.6806,663,1016,722,1079,692.5,1047.5,692.5,1079.0
339,13.520,665,person,0.7785,268,448,320,562,294.0,505.0,294.0,562.0
339,13.520,736,person,0.5008,824,230,854,301,839.0,265.5,839.0,301.0
339,13.520,738,person,0.7274,1381,361,1422,449,1401.5,405.0,1401.5,449.0
339,13.520,777,person,0.7586,1578,390,1619,490,1598.5,440.0,1598.5,490.0
339,13.520,242,person,0.7091,597,288,625,356,611.0,322.0,611.0,356.0
339,13.520,775,person,0.6529,1240,274,1275,360,1257.5,317.0,1257.5,360.0
339,13.520,809,person,0.7236,1044,325,1080,414,1062.0,369.5,1062.0,414.0
339,13.520,889,person,0.6369,346,341,378,429,362.0,385.0,362.0,429.0
339,13.520,776,person,0.6406,518,368,555,466,536.5,417.0,536.5,466.0
339,13.520,711,person,0.4117,996,525,1047,632,1021.5,578.5,1021.5,632.0
339,13.520,938,person,0.7833,126,417,166,523,146.0,470.0,146.0,523.0
339,13.520,314,person,0.7225,972,562,1029,684,1000.5,623.0,1000.5,684.0
339,13.520,921,person,0.2929,977,537,1039,681,1008.0,609.0,1008.0,681.0
340,13.560,1,person,0.8666,840,625,885,765,862.5,695.0,862.5,765.0
340,13.560,477,person,0.7427,1529,699,1591,846,1560.0,772.5,1560.0,846.0
340,13.560,591,person,0.7657,1184,1001,1313,1079,1248.5,1040.0,1248.5,1079.0
340,13.560,638,person,0.6915,662,1017,720,1079,691.0,1048.0,691.0,1079.0
340,13.560,665,person,0.7652,270,448,320,562,295.0,505.0,295.0,562.0
340,13.560,736,person,0.5251,822,231,850,297,836.0,264.0,836.0,297.0
340,13.560,738,person,0.7794,1376,363,1419,452,1397.5,407.5,1397.5,452.0
340,13.560,777,person,0.7727,1577,390,1618,489,1597.5,439.5,1597.5,489.0
340,13.560,242,person,0.6689,596,288,623,356,609.5,322.0,609.5,356.0
340,13.560,775,person,0.6839,1238,274,1272,360,1255.0,317.0,1255.0,360.0
340,13.560,809,person,0.7329,1041,326,1076,415,1058.5,370.5,1058.5,415.0
340,13.560,889,person,0.6609,346,341,378,429,362.0,385.0,362.0,429.0
340,13.560,776,person,0.7202,513,370,551,472,532.0,421.0,532.0,472.0
340,13.560,938,person,0.7603,124,417,165,524,144.5,470.5,144.5,524.0
340,13.560,314,person,0.3455,963,561,1016,678,989.5,619.5,989.5,678.0
340,13.560,921,person,0.5818,967,543,1026,680,996.5,611.5,996.5,680.0
341,13.600,1,person,0.8416,837,628,883,767,860.0,697.5,860.0,767.0
341,13.600,477,person,0.7916,1523,690,1587,842,1555.0,766.0,1555.0,842.0
341,13.600,591,person,0.8015,1181,1002,1310,1079,1245.5,1040.5,1245.5,1079.0
341,13.600,638,person,0.7051,659,1017,718,1080,688.5,1048.5,688.5,1080.0
341,13.600,665,person,0.7212,273,450,320,560,296.5,505.0,296.5,560.0
341,13.600,736,person,0.5787,820,231,848,298,834.0,264.5,834.0,298.0
341,13.600,738,person,0.6828,1370,364,1413,451,1391.5,407.5,1391.5,451.0
341,13.600,777,person,0.7285,1577,391,1618,490,1597.5,440.5,1597.5,490.0
341,13.600,242,person,0.5910,594,289,623,360,608.5,324.5,608.5,360.0
341,13.600,775,person,0.6641,1236,274,1270,360,1253.0,317.0,1253.0,360.0
341,13.600,809,person,0.6501,1037,327,1072,415,1054.5,371.0,1054.5,415.0
341,13.600,889,person,0.6687,347,342,380,430,363.5,386.0,363.5,430.0
341,13.600,776,person,0.7427,508,373,547,474,527.5,423.5,527.5,474.0
341,13.600,938,person,0.7934,122,417,163,525,142.5,471.0,142.5,525.0
341,13.600,921,person,0.6196,959,534,1021,679,990.0,606.5,990.0,679.0
342,13.640,1,person,0.8408,834,629,880,767,857.0,698.0,857.0,767.0
342,13.640,477,person,0.7852,1522,684,1586,837,1554.0,760.5,1554.0,837.0
342,13.640,591,person,0.8176,1179,1003,1306,1079,1242.5,1041.0,1242.5,1079.0
342,13.640,638,person,0.6621,656,1017,716,1080,686.0,1048.5,686.0,1080.0
342,13.640,665,person,0.7699,275,450,324,561,299.5,505.5,299.5,561.0
342,13.640,736,person,0.5718,816,231,846,303,831.0,267.0,831.0,303.0
342,13.640,738,person,0.7072,1362,362,1404,449,1383.0,405.5,1383.0,449.0
342,13.640,777,person,0.7621,1576,391,1618,491,1597.0,441.0,1597.0,491.0
342,13.640,242,person,0.6262,594,289,622,361,608.0,325.0,608.0,361.0
342,13.640,775,person,0.6373,1235,276,1268,360,1251.5,318.0,1251.5,360.0
342,13.640,809,person,0.5440,1032,327,1068,417,1050.0,372.0,1050.0,417.0
342,13.640,889,person,0.6443,347,343,381,430,364.0,386.5,364.0,430.0
342,13.640,776,person,0.7549,505,374,545,477,525.0,425.5,525.0,477.0
342,13.640,938,person,0.7290,121,420,160,525,140.5,472.5,140.5,525.0
342,13.640,921,person,0.2636,952,534,1013,676,982.5,605.0,982.5,676.0
342,13.640,711,person,0.4615,973,532,1023,642,998.0,587.0,998.0,642.0
342,13.640,314,person,0.3315,948,554,1004,678,976.0,616.0,976.0,678.0
343,13.680,1,person,0.8402,832,631,878,766,855.0,698.5,855.0,766.0
343,13.680,477,person,0.7586,1520,682,1583,835,1551.5,758.5,1551.5,835.0
343,13.680,591,person,0.8173,1178,1004,1304,1079,1241.0,1041.5,1241.0,1079.0
343,13.680,638,person,0.6388,654,1018,713,1080,683.5,1049.0,683.5,1080.0
343,13.680,665,person,0.8024,277,451,327,563,302.0,507.0,302.0,563.0
343,13.680,736,person,0.5952,814,233,843,303,828.5,268.0,828.5,303.0
343,13.680,738,person,0.7476,1356,361,1398,450,1377.0,405.5,1377.0,450.0
343,13.680,777,person,0.7795,1574,392,1616,491,1595.0,441.5,1595.0,491.0
343,13.680,242,person,0.6567,593,289,621,360,607.0,324.5,607.0,360.0
343,13.680,775,person,0.6227,1233,276,1266,360,1249.5,318.0,1249.5,360.0
343,13.680,809,person,0.6209,1028,326,1064,416,1046.0,371.0,1046.0,416.0
343,13.680,889,person,0.6753,345,344,380,431,362.5,387.5,362.5,431.0
343,13.680,776,person,0.6982,503,372,543,478,523.0,425.0,523.0,478.0
343,13.680,938,person,0.6986,120,429,157,525,138.5,477.0,138.5,525.0
343,13.680,921,person,0.5073,944,537,1004,675,974.0,606.0,974.0,675.0
343,13.680,711,person,0.5484,961,535,1010,646,985.5,590.5,985.5,646.0
343,13.680,314,person,0.2774,939,556,994,678,966.5,617.0,966.5,678.0
344,13.720,1,person,0.8239,831,631,877,765,854.0,698.0,854.0,765.0
344,13.720,477,person,0.7881,1519,681,1580,830,1549.5,755.5,1549.5,830.0
344,13.720,591,person,0.7615,1177,1006,1300,1079,1238.5,1042.5,1238.5,1079.0
344,13.720,638,person,0.6104,652,1018,711,1080,681.5,1049.0,681.5,1080.0
344,13.720,665,person,0.7982,278,454,329,564,303.5,509.0,303.5,564.0
344,13.720,736,person,0.6567,812,232,841,303,826.5,267.5,826.5,303.0
344,13.720,738,person,0.7987,1350,360,1393,452,1371.5,406.0,1371.5,452.0
344,13.720,777,person,0.7638,1572,392,1615,490,1593.5,441.0,1593.5,490.0
344,13.720,242,person,0.6086,593,289,620,360,606.5,324.5,606.5,360.0
344,13.720,775,person,0.6818,1231,274,1264,360,1247.5,317.0,1247.5,360.0
344,13.720,809,person,0.5037,1025,326,1061,419,1043.0,372.5,1043.0,419.0
344,13.720,889,person,0.7090,343,345,380,432,361.5,388.5,361.5,432.0
344,13.720,776,person,0.7278,500,371,541,479,520.5,425.0,520.5,479.0
344,13.720,938,person,0.6725,120,435,155,525,137.5,480.0,137.5,525.0
344,13.720,921,person,0.4704,939,538,997,673,968.0,605.5,968.0,673.0
344,13.720,711,person,0.4952,952,537,1004,658,978.0,597.5,978.0,658.0
344,13.720,314,person,0.3584,924,563,978,679,951.0,621.0,951.0,679.0
345,13.760,1,person,0.7994,827,632,874,764,850.5,698.0,850.5,764.0
345,13.760,477,person,0.7992,1513,681,1572,827,1542.5,754.0,1542.5,827.0
345,13.760,591,person,0.7172,1179,1006,1301,1079,1240.0,1042.5,1240.0,1079.0
345,13.760,638,person,0.6214,651,1020,709,1080,680.0,1050.0,680.0,1080.0
345,13.760,665,person,0.8160,275,453,328,566,301.5,509.5,301.5,566.0
345,13.760,736,person,0.5529,811,234,839,304,825.0,269.0,825.0,304.0
345,13.760,738,person,0.7334,1344,362,1387,454,1365.5,408.0,1365.5,454.0
345,13.760,777,person,0.7808,1569,391,1614,492,1591.5,441.5,1591.5,492.0
345,13.760,242,person,0.5495,591,289,619,361,605.0,325.0,605.0,361.0
345,13.760,775,person,0.7431,1228,274,1262,359,1245.0,316.5,1245.0,359.0
345,13.760,809,person,0.5708,1022,326,1056,411,1039.0,368.5,1039.0,411.0
345,13.760,889,person,0.6945,341,345,378,433,359.5,389.0,359.5,433.0
345,13.760,776,person,0.6660,498,371,538,478,518.0,424.5,518.0,478.0
345,13.760,938,person,0.6739,120,439,156,526,138.0,482.5,138.0,526.0
345,13.760,921,person,0.5610,922,539,983,680,952.5,609.5,952.5,680.0
345,13.760,711,person,0.5306,944,537,994,656,969.0,596.5,969.0,656.0
346,13.800,1,person,0.8010,823,630,871,764,847.0,697.0,847.0,764.0
346,13.800,477,person,0.7742,1510,684,1568,828,1539.0,756.0,1539.0,828.0
346,13.800,591,person,0.7149,1184,1009,1300,1079,1242.0,1044.0,1242.0,1079.0
346,13.800,638,person,0.6131,649,1020,707,1080,678.0,1050.0,678.0,1080.0
346,13.800,665,person,0.8277,274,454,328,565,301.0,509.5,301.0,565.0
346,13.800,736,person,0.6355,809,233,838,305,823.5,269.0,823.5,305.0
346,13.800,738,person,0.6618,1339,360,1383,455,1361.0,407.5,1361.0,455.0
346,13.800,777,person,0.7949,1567,392,1611,492,1589.0,442.0,1589.0,492.0
346,13.800,242,person,0.5818,591,289,619,363,605.0,326.0,605.0,363.0
346,13.800,775,person,0.7550,1227,273,1261,359,1244.0,316.0,1244.0,359.0
346,13.800,809,person,0.5777,1020,326,1053,412,1036.5,369.0,1036.5,412.0
346,13.800,889,person,0.6536,340,344,377,433,358.5,388.5,358.5,433.0
346,13.800,776,person,0.7090,497,370,538,478,517.5,424.0,517.5,478.0
346,13.800,938,person,0.6735,119,438,155,525,137.0,481.5,137.0,525.0
346,13.800,921,person,0.5791,914,538,978,683,946.0,610.5,946.0,683.0
346,13.800,711,person,0.5008,935,536,986,655,960.5,595.5,960.5,655.0
346,13.800,314,person,0.5213,914,570,968,683,941.0,626.5,941.0,683.0
347,13.840,1,person,0.8129,820,630,867,758,843.5,694.0,843.5,758.0
347,13.840,477,person,0.7864,1503,686,1563,829,1533.0,757.5,1533.0,829.0
347,13.840,591,person,0.6991,1192,1010,1303,1079,1247.5,1044.5,1247.5,1079.0
347,13.840,638,person,0.6397,647,1021,705,1080,676.0,1050.5,676.0,1080.0
347,13.840,665,person,0.7912,274,454,327,564,300.5,509.0,300.5,564.0
347,13.840,736,person,0.5000,808,231,837,304,822.5,267.5,822.5,304.0
347,13.840,738,person,0.7492,1334,360,1378,456,1356.0,408.0,1356.0,456.0
347,13.840,777,person,0.7566,1566,392,1611,492,1588.5,442.0,1588.5,492.0
347,13.840,242,person,0.5097,591,288,620,366,605.5,327.0,605.5,366.0
347,13.840,775,person,0.7607,1226,272,1260,358,1243.0,315.0,1243.0,358.0
347,13.840,809,person,0.5814,1016,326,1050,413,1033.0,369.5,1033.0,413.0
347,13.840,889,person,0.5967,340,344,376,431,358.0,387.5,358.0,431.0
347,13.840,776,person,0.6845,495,372,535,479,515.0,425.5,515.0,479.0
347,13.840,938,person,0.6305,119,443,154,526,136.5,484.5,136.5,526.0
347,13.840,921,person,0.7189,908,536,972,682,940.0,609.0,940.0,682.0
347,13.840,983,person,0.3981,1494,775,1564,826,1529.0,800.5,1529.0,826.0
348,13.880,1,person,0.8051,816,626,865,755,840.5,690.5,840.5,755.0
348,13.880,477,person,0.7673,1499,687,1558,828,1528.5,757.5,1528.5,828.0
348,13.880,591,person,0.6942,1197,1012,1303,1079,1250.0,1045.5,1250.0,1079.0
348,13.880,638,person,0.6461,647,1024,703,1080,675.0,1052.0,675.0,1080.0
348,13.880,665,person,0.7153,279,454,330,562,304.5,508.0,304.5,562.0
348,13.880,736,person,0.6090,806,230,836,303,821.0,266.5,821.0,303.0
348,13.880,738,person,0.8229,1331,363,1373,456,1352.0,409.5,1352.0,456.0
348,13.880,777,person,0.7761,1564,392,1608,490,1586.0,441.0,1586.0,490.0
348,13.880,242,person,0.5784,591,289,619,365,605.0,327.0,605.0,365.0
348,13.880,775,person,0.7398,1225,273,1259,358,1242.0,315.5,1242.0,358.0
348,13.880,809,person,0.6919,1013,326,1047,412,1030.0,369.0,1030.0,412.0
348,13.880,889,person,0.6821,342,344,378,431,360.0,387.5,360.0,431.0
348,13.880,776,person,0.7010,494,377,533,479,513.5,428.0,513.5,479.0
348,13.880,938,person,0.6378,121,447,155,528,138.0,487.5,138.0,528.0
348,13.880,921,person,0.5100,902,534,966,681,934.0,607.5,934.0,681.0
348,13.880,711,person,0.4908,916,533,972,671,944.0,602.0,944.0,671.0
349,13.920,1,person,0.8749,812,624,863,755,837.5,689.5,837.5,755.0
349,13.920,477,person,0.7857,1494,687,1554,828,1524.0,757.5,1524.0,828.0
349,13.920,591,person,0.6431,1200,1013,1301,1080,1250.5,1046.5,1250.5,1080.0
349,13.920,638,person,0.6350,646,1025,701,1080,673.5,1052.5,673.5,1080.0
349,13.920,665,person,0.7478,282,454,331,561,306.5,507.5,306.5,561.0
349,13.920,736,person,0.6425,805,229,835,304,820.0,266.5,820.0,304.0
349,13.920,738,person,0.7861,1329,368,1369,457,1349.0,412.5,1349.0,457.0
349,13.920,777,person,0.8182,1564,393,1607,489,1585.5,441.0,1585.5,489.0
349,13.920,242,person,0.5689,591,289,620,367,605.5,328.0,605.5,367.0
349,13.920,775,person,0.7235,1224,273,1258,359,1241.0,316.0,1241.0,359.0
349,13.920,809,person,0.5716,1009,328,1044,414,1026.5,371.0,1026.5,414.0
349,13.920,889,person,0.6656,344,343,380,430,362.0,386.5,362.0,430.0
349,13.920,776,person,0.7212,493,378,531,478,512.0,428.0,512.0,478.0
349,13.920,938,person,0.5785,122,442,157,528,139.5,485.0,139.5,528.0
349,13.920,921,person,0.5341,894,538,956,682,925.0,610.0,925.0,682.0
349,13.920,711,person,0.2481,909,532,959,654,934.0,593.0,934.0,654.0
350,13.960,1,person,0.8131,808,625,859,756,833.5,690.5,833.5,756.0
350,13.960,477,person,0.7573,1490,686,1552,828,1521.0,757.0,1521.0,828.0
350,13.960,591,person,0.6476,1201,1013,1298,1080,1249.5,1046.5,1249.5,1080.0
350,13.960,638,person,0.6606,646,1026,700,1080,673.0,1053.0,673.0,1080.0
350,13.960,665,person,0.7565,285,452,334,561,309.5,506.5,309.5,561.0
350,13.960,736,person,0.6144,804,229,833,302,818.5,265.5,818.5,302.0
350,13.960,738,person,0.7881,1327,372,1365,456,1346.0,414.0,1346.0,456.0
350,13.960,777,person,0.8230,1564,395,1606,489,1585.0,442.0,1585.0,489.0
350,13.960,242,person,0.5800,592,287,621,368,606.5,327.5,606.5,368.0
350,13.960,775,person,0.7224,1224,275,1257,358,1240.5,316.5,1240.5,358.0
350,13.960,809,person,0.5924,1006,331,1041,417,1023.5,374.0,1023.5,417.0
350,13.960,889,person,0.6902,346,343,382,431,364.0,387.0,364.0,431.0
350,13.960,776,person,0.6752,492,381,529,478,510.5,429.5,510.5,478.0
350,13.960,938,person,0.4795,125,440,160,529,142.5,484.5,142.5,529.0
350,13.960,921,person,0.6387,891,531,956,680,923.5,605.5,923.5,680.0
350,13.960,711,person,0.4847,902,530,951,648,926.5,589.0,926.5,648.0
350,13.960,993,person,0.3891,344,205,366,264,355.0,234.5,355.0,264.0
351,14.000,1,person,0.8400,805,625,857,755,831.0,690.0,831.0,755.0
351,14.000,477,person,0.5806,1492,684,1553,824,1522.5,754.0,1522.5,824.0
351,14.000,591,person,0.6847,1205,1017,1295,1080,1250.0,1048.5,1250.0,1080.0
351,14.000,638,person,0.6640,645,1026,699,1080,672.0,1053.0,672.0,1080.0
351,14.000,665,person,0.8073,288,451,336,563,312.0,507.0,312.0,563.0
351,14.000,736,person,0.5820,802,230,832,304,817.0,267.0,817.0,304.0
351,14.000,738,person,0.7256,1323,374,1360,456,1341.5,415.0,1341.5,456.0
351,14.000,777,person,0.7992,1564,396,1605,491,1584.5,443.5,1584.5,491.0
351,14.000,242,person,0.5798,592,288,621,369,606.5,328.5,606.5,369.0
351,14.000,775,person,0.6869,1224,275,1257,358,1240.5,316.5,1240.5,358.0
351,14.000,809,person,0.5912,1003,331,1038,415,1020.5,373.0,1020.5,415.0
351,14.000,889,person,0.6569,348,343,383,432,365.5,387.5,365.5,432.0
351,14.000,776,person,0.6773,490,381,527,480,508.5,430.5,508.5,480.0
351,14.000,938,person,0.6241,130,451,161,529,145.5,490.0,145.5,529.0
351,14.000,921,person,0.5870,887,526,947,665,917.0,595.5,917.0,665.0
351,14.000,711,person,0.4029,885,534,934,656,909.5,595.0,909.5,656.0
351,14.000,993,person,0.3892,342,205,365,263,353.5,234.0,353.5,263.0
352,14.040,1,person,0.8106,804,624,856,753,830.0,688.5,830.0,753.0
352,14.040,477,person,0.6012,1490,682,1551,822,1520.5,752.0,1520.5,822.0
352,14.040,591,person,0.7043,1207,1019,1292,1080,1249.5,1049.5,1249.5,1080.0
352,14.040,638,person,0.6853,645,1027,699,1080,672.0,1053.5,672.0,1080.0
352,14.040,665,person,0.7947,291,451,338,562,314.5,506.5,314.5,562.0
352,14.040,736,person,0.5484,802,231,831,303,816.5,267.0,816.5,303.0
352,14.040,738,person,0.6345,1317,374,1354,457,1335.5,415.5,1335.5,457.0
352,14.040,777,person,0.7894,1563,395,1603,488,1583.0,441.5,1583.0,488.0
352,14.040,242,person,0.6795,592,288,621,369,606.5,328.5,606.5,369.0
352,14.040,775,person,0.7215,1224,275,1258,357,1241.0,316.0,1241.0,357.0
352,14.040,809,person,0.7035,1000,330,1036,411,1018.0,370.5,1018.0,411.0
352,14.040,889,person,0.7265,350,342,385,432,367.5,387.0,367.5,432.0
352,14.040,776,person,0.6618,488,381,526,482,507.0,431.5,507.0,482.0
352,14.040,938,person,0.6106,128,436,165,530,146.5,483.0,146.5,530.0
352,14.040,921,person,0.4583,881,522,941,662,911.0,592.0,911.0,662.0
352,14.040,711,person,0.4396,875,533,930,672,902.5,602.5,902.5,672.0
352,14.040,993,person,0.4080,341,207,362,261,351.5,234.0,351.5,261.0
353,14.080,1,person,0.8090,803,622,856,754,829.5,688.0,829.5,754.0
353,14.080,477,person,0.5081,1496,681,1545,792,1520.5,736.5,1520.5,792.0
353,14.080,591,person,0.6895,1206,1018,1291,1080,1248.5,1049.0,1248.5,1080.0
353,14.080,638,person,0.6443,645,1027,699,1080,672.0,1053.5,672.0,1080.0
353,14.080,665,person,0.7582,294,450,340,562,317.0,506.0,317.0,562.0
353,14.080,736,person,0.5203,801,231,830,304,815.5,267.5,815.5,304.0
353,14.080,738,person,0.7342,1312,373,1350,458,1331.0,415.5,1331.0,458.0
353,14.080,777,person,0.7178,1563,396,1602,486,1582.5,441.0,1582.5,486.0
353,14.080,242,person,0.6925,592,288,621,369,606.5,328.5,606.5,369.0
353,14.080,775,person,0.7278,1223,275,1258,358,1240.5,316.5,1240.5,358.0
353,14.080,809,person,0.6903,997,333,1034,415,1015.5,374.0,1015.5,415.0
353,14.080,889,person,0.6459,353,344,387,432,370.0,388.0,370.0,432.0
353,14.080,776,person,0.6351,487,381,526,485,506.5,433.0,506.5,485.0
353,14.080,938,person,0.7164,128,429,167,529,147.5,479.0,147.5,529.0
353,14.080,921,person,0.3914,879,523,934,650,906.5,586.5,906.5,650.0
353,14.080,711,person,0.5374,868,529,929,678,898.5,603.5,898.5,678.0
353,14.080,993,person,0.3640,338,206,360,262,349.0,234.0,349.0,262.0
354,14.120,1,person,0.8131,802,621,856,755,829.0,688.0,829.0,755.0
354,14.120,477,person,0.7592,1490,679,1548,811,1519.0,745.0,1519.0,811.0
354,14.120,591,person,0.6747,1205,1019,1288,1080,1246.5,1049.5,1246.5,1080.0
354,14.120,638,person,0.6268,644,1028,698,1080,671.0,1054.0,671.0,1080.0
354,14.120,665,person,0.7006,298,450,344,562,321.0,506.0,321.0,562.0
354,14.120,736,person,0.4617,800,234,828,304,814.0,269.0,814.0,304.0
354,14.120,738,person,0.7940,1308,376,1346,459,1327.0,417.5,1327.0,459.0
354,14.120,777,person,0.7855,1562,397,1602,489,1582.0,443.0,1582.0,489.0
354,14.120,242,person,0.6781,592,288,621,369,606.5,328.5,606.5,369.0
354,14.120,775,person,0.7672,1223,274,1258,358,1240.5,316.0,1240.5,358.0
354,14.120,809,person,0.6867,994,331,1032,414,1013.0,372.5,1013.0,414.0
354,14.120,889,person,0.5901,354,346,389,433,371.5,389.5,371.5,433.0
354,14.120,776,person,0.6310,486,382,525,484,505.5,433.0,505.5,484.0
354,14.120,938,person,0.6950,129,427,169,530,149.0,478.5,149.0,530.0
354,14.120,711,person,0.5907,862,527,923,676,892.5,601.5,892.5,676.0
354,14.120,993,person,0.3581,336,209,358,263,347.0,236.0,347.0,263.0
355,14.160,1,person,0.8461,801,621,854,755,827.5,688.0,827.5,755.0
355,14.160,477,person,0.8270,1488,674,1546,812,1517.0,743.0,1517.0,812.0
355,14.160,591,person,0.6498,1205,1020,1285,1080,1245.0,1050.0,1245.0,1080.0
355,14.160,638,person,0.5774,643,1028,696,1080,669.5,1054.0,669.5,1080.0
355,14.160,665,person,0.7110,300,451,346,562,323.0,506.5,323.0,562.0
355,14.160,736,person,0.4823,798,234,826,302,812.0,268.0,812.0,302.0
355,14.160,738,person,0.7972,1304,376,1344,461,1324.0,418.5,1324.0,461.0
355,14.160,777,person,0.7564,1563,396,1603,491,1583.0,443.5,1583.0,491.0
355,14.160,242,person,0.6064,592,289,621,369,606.5,329.0,606.5,369.0
355,14.160,775,person,0.7481,1224,274,1260,357,1242.0,315.5,1242.0,357.0
355,14.160,809,person,0.5802,992,331,1030,410,1011.0,370.5,1011.0,410.0
355,14.160,889,person,0.6436,355,346,391,434,373.0,390.0,373.0,434.0
355,14.160,776,person,0.6314,485,384,522,483,503.5,433.5,503.5,483.0
355,14.160,938,person,0.6403,129,426,171,532,150.0,479.0,150.0,532.0
355,14.160,711,person,0.5909,859,526,920,678,889.5,602.0,889.5,678.0
355,14.160,993,person,0.2391,333,206,355,261,344.0,233.5,344.0,261.0
356,14.200,1,person,0.8033,798,620,852,755,825.0,687.5,825.0,755.0
356,14.200,477,person,0.8301,1485,670,1543,810,1514.0,740.0,1514.0,810.0
356,14.200,591,person,0.6220,1206,1022,1282,1080,1244.0,1051.0,1244.0,1080.0
356,14.200,638,person,0.5482,642,1029,695,1080,668.5,1054.5,668.5,1080.0
356,14.200,665,person,0.7072,300,452,347,562,323.5,507.0,323.5,562.0
356,14.200,736,person,0.5397,797,234,824,300,810.5,267.0,810.5,300.0
356,14.200,738,person,0.8393,1300,377,1341,462,1320.5,419.5,1320.5,462.0
356,14.200,777,person,0.7723,1562,395,1603,491,1582.5,443.0,1582.5,491.0
356,14.200,242,person,0.5365,592,289,620,369,606.0,329.0,606.0,369.0
356,14.200,775,person,0.7365,1226,274,1261,357,1243.5,315.5,1243.5,357.0
356,14.200,809,person,0.6153,985,329,1023,408,1004.0,368.5,1004.0,408.0
356,14.200,889,person,0.6557,354,346,391,433,372.5,389.5,372.5,433.0
356,14.200,776,person,0.6994,485,384,522,483,503.5,433.5,503.5,483.0
356,14.200,938,person,0.6207,129,424,172,532,150.5,478.0,150.5,532.0
356,14.200,711,person,0.5596,854,525,915,675,884.5,600.0,884.5,675.0
356,14.200,993,person,0.2331,331,206,352,261,341.5,233.5,341.5,261.0
357,14.240,1,person,0.8065,796,619,850,755,823.0,687.0,823.0,755.0
357,14.240,477,person,0.7958,1482,665,1539,807,1510.5,736.0,1510.5,807.0
357,14.240,591,person,0.6013,1206,1023,1280,1080,1243.0,1051.5,1243.0,1080.0
357,14.240,638,person,0.5414,640,1029,693,1080,666.5,1054.5,666.5,1080.0
357,14.240,665,person,0.6779,300,452,347,563,323.5,507.5,323.5,563.0
357,14.240,736,person,0.4519,796,234,822,298,809.0,266.0,809.0,298.0
357,14.240,738,person,0.7287,1297,376,1339,463,1318.0,419.5,1318.0,463.0
357,14.240,777,person,0.6865,1561,397,1601,493,1581.0,445.0,1581.0,493.0
357,14.240,242,person,0.4935,592,289,620,370,606.0,329.5,606.0,370.0
357,14.240,775,person,0.7497,1226,274,1262,357,1244.0,315.5,1244.0,357.0
357,14.240,809,person,0.6727,982,326,1019,407,1000.5,366.5,1000.5,407.0
357,14.240,889,person,0.6469,352,346,389,434,370.5,390.0,370.5,434.0
357,14.240,776,person,0.6739,483,383,521,484,502.0,433.5,502.0,484.0
357,14.240,938,person,0.6709,129,424,172,532,150.5,478.0,150.5,532.0
357,14.240,711,person,0.2849,849,528,907,673,878.0,600.5,878.0,673.0
357,14.240,921,person,0.4428,864,526,913,642,888.5,584.0,888.5,642.0
358,14.280,1,person,0.8102,793,619,846,754,819.5,686.5,819.5,754.0
358,14.280,477,person,0.7982,1480,664,1536,805,1508.0,734.5,1508.0,805.0
358,14.280,591,person,0.6009,1206,1025,1277,1080,1241.5,1052.5,1241.5,1080.0
358,14.280,638,person,0.4786,638,1029,691,1080,664.5,1054.5,664.5,1080.0
358,14.280,665,person,0.6788,299,453,345,561,322.0,507.0,322.0,561.0
358,14.280,736,person,0.5674,794,233,821,298,807.5,265.5,807.5,298.0
358,14.280,738,person,0.7236,1292,374,1335,462,1313.5,418.0,1313.5,462.0
358,14.280,777,person,0.7548,1561,397,1601,494,1581.0,445.5,1581.0,494.0
358,14.280,242,person,0.4969,591,289,618,369,604.5,329.0,604.5,369.0
358,14.280,775,person,0.7751,1227,274,1263,357,1245.0,315.5,1245.0,357.0
358,14.280,809,person,0.6523,978,325,1016,408,997.0,366.5,997.0,408.0
358,14.280,889,person,0.6366,351,346,389,435,370.0,390.5,370.0,435.0
358,14.280,776,person,0.6810,482,383,519,484,500.5,433.5,500.5,484.0
358,14.280,938,person,0.6910,127,422,173,533,150.0,477.5,150.0,533.0
358,14.280,711,person,0.4865,845,531,899,665,872.0,598.0,872.0,665.0
358,14.280,921,person,0.2893,862,529,908,643,885.0,586.0,885.0,643.0
359,14.320,1,person,0.7976,791,618,844,752,817.5,685.0,817.5,752.0
359,14.320,477,person,0.7897,1479,663,1536,806,1507.5,734.5,1507.5,806.0
359,14.320,591,person,0.5696,1205,1026,1274,1080,1239.5,1053.0,1239.5,1080.0
359,14.320,638,person,0.4742,637,1031,689,1080,663.0,1055.5,663.0,1080.0
359,14.320,665,person,0.6744,298,453,342,560,320.0,506.5,320.0,560.0
359,14.320,736,person,0.5682,793,232,820,298,806.5,265.0,806.5,298.0
359,14.320,738,person,0.7488,1288,373,1332,464,1310.0,418.5,1310.0,464.0
359,14.320,777,person,0.7494,1560,395,1601,494,1580.5,444.5,1580.5,494.0
359,14.320,242,person,0.5318,590,288,618,369,604.0,328.5,604.0,369.0
359,14.320,775,person,0.7471,1228,271,1265,356,1246.5,313.5,1246.5,356.0
359,14.320,809,person,0.5672,974,324,1010,403,992.0,363.5,992.0,403.0
359,14.320,889,person,0.6373,350,344,388,434,369.0,389.0,369.0,434.0
359,14.320,776,person,0.6668,480,382,518,484,499.0,433.0,499.0,484.0
359,14.320,938,person,0.6742,124,422,171,533,147.5,477.5,147.5,533.0
359,14.320,711,person,0.6081,842,530,891,647,866.5,588.5,866.5,647.0
360,14.360,1,person,0.7277,791,620,841,748,816.0,684.0,816.0,748.0
360,14.360,477,person,0.8301,1478,662,1534,805,1506.0,733.5,1506.0,805.0
360,14.360,591,person,0.5647,1205,1028,1271,1080,1238.0,1054.0,1238.0,1080.0
360,14.360,638,person,0.4756,637,1034,685,1080,661.0,1057.0,661.0,1080.0
360,14.360,665,person,0.7354,296,451,341,560,318.5,505.5,318.5,560.0
360,14.360,736,person,0.5824,791,229,819,298,805.0,263.5,805.0,298.0
360,14.360,738,person,0.6995,1285,373,1328,464,1306.5,418.5,1306.5,464.0
360,14.360,777,person,0.7455,1559,394,1599,492,1579.0,443.0,1579.0,492.0
360,14.360,242,person,0.5527,589,287,616,369,602.5,328.0,602.5,369.0
360,14.360,775,person,0.6637,1231,271,1267,354,1249.0,312.5,1249.0,354.0
360,14.360,809,person,0.5600,971,323,1007,404,989.0,363.5,989.0,404.0
360,14.360,889,person,0.6893,349,343,387,432,368.0,387.5,368.0,432.0
360,14.360,776,person,0.6590,479,381,516,482,497.5,431.5,497.5,482.0
360,14.360,938,person,0.6899,122,422,169,532,145.5,477.0,145.5,532.0
360,14.360,711,person,0.4113,837,528,885,641,861.0,584.5,861.0,641.0
360,14.360,993,person,0.3568,316,205,339,261,327.5,233.0,327.5,261.0
360,14.360,921,person,0.4721,850,528,894,638,872.0,583.0,872.0,638.0
361,14.400,1,person,0.7401,791,622,840,746,815.5,684.0,815.5,746.0
361,14.400,477,person,0.7576,1475,661,1531,805,1503.0,733.0,1503.0,805.0
361,14.400,591,person,0.5121,1206,1030,1269,1080,1237.5,1055.0,1237.5,1080.0
361,14.400,638,person,0.5024,637,1037,682,1079,659.5,1058.0,659.5,1079.0
361,14.400,665,person,0.7547,295,451,340,559,317.5,505.0,317.5,559.0
361,14.400,736,person,0.5337,789,228,818,298,803.5,263.0,803.5,298.0
361,14.400,738,person,0.6926,1282,374,1325,464,1303.5,419.0,1303.5,464.0
361,14.400,777,person,0.7261,1560,393,1599,491,1579.5,442.0,1579.5,491.0
361,14.400,242,person,0.5710,587,287,615,369,601.0,328.0,601.0,369.0
361,14.400,775,person,0.7156,1233,268,1270,353,1251.5,310.5,1251.5,353.0
361,14.400,809,person,0.6356,967,323,1004,407,985.5,365.0,985.5,407.0
361,14.400,889,person,0.6859,350,343,388,432,369.0,387.5,369.0,432.0
361,14.400,776,person,0.6506,478,381,515,482,496.5,431.5,496.5,482.0
361,14.400,938,person,0.6776,123,422,168,528,145.5,475.0,145.5,528.0
361,14.400,711,person,0.4290,832,531,877,633,854.5,582.0,854.5,633.0
361,14.400,993,person,0.4042,312,204,337,264,324.5,234.0,324.5,264.0
361,14.400,921,person,0.5840,844,525,887,633,865.5,579.0,865.5,633.0
362,14.440,1,person,0.7379,789,617,839,744,814.0,680.5,814.0,744.0
362,14.440,477,person,0.7845,1473,662,1529,806,1501.0,734.0,1501.0,806.0
362,14.440,591,person,0.5267,1205,1031,1267,1080,1236.0,1055.5,1236.0,1080.0
362,14.440,638,person,0.5016,637,1039,679,1079,658.0,1059.0,658.0,1079.0
362,14.440,665,person,0.7652,294,450,338,559,316.0,504.5,316.0,559.0
362,14.440,736,person,0.5884,788,227,816,297,802.0,262.0,802.0,297.0
362,14.440,738,person,0.7406,1280,374,1322,464,1301.0,419.0,1301.0,464.0
362,14.440,777,person,0.7497,1560,393,1599,492,1579.5,442.5,1579.5,492.0
362,14.440,242,person,0.5650,586,286,614,369,600.0,327.5,600.0,369.0
362,14.440,775,person,0.5988,1236,268,1272,353,1254.0,310.5,1254.0,353.0
362,14.440,809,person,0.5477,965,324,1000,405,982.5,364.5,982.5,405.0
362,14.440,889,person,0.6883,350,342,387,431,368.5,386.5,368.5,431.0
362,14.440,776,person,0.6362,478,380,515,483,496.5,431.5,496.5,483.0
362,14.440,938,person,0.6787,124,424,168,528,146.0,476.0,146.0,528.0
362,14.440,711,person,0.5547,827,526,875,633,851.0,579.5,851.0,633.0
362,14.440,993,person,0.3957,308,203,333,263,320.5,233.0,320.5,263.0
362,14.440,921,person,0.3999,838,523,882,634,860.0,578.5,860.0,634.0
363,14.480,1,person,0.7166,789,618,838,743,813.5,680.5,813.5,743.0
363,14.480,477,person,0.7742,1470,662,1527,805,1498.5,733.5,1498.5,805.0
363,14.480,591,person,0.4947,1207,1035,1262,1078,1234.5,1056.5,1234.5,1078.0
363,14.480,638,person,0.2255,639,1041,678,1078,658.5,1059.5,658.5,1078.0
363,14.480,665,person,0.7715,293,450,336,558,314.5,504.0,314.5,558.0
363,14.480,736,person,0.5768,787,227,815,296,801.0,261.5,801.0,296.0
363,14.480,738,person,0.7854,1278,374,1319,464,1298.5,419.0,1298.5,464.0
363,14.480,777,person,0.7433,1561,393,1600,494,1580.5,443.5,1580.5,494.0
363,14.480,242,person,0.5365,585,286,613,369,599.0,327.5,599.0,369.0
363,14.480,775,person,0.6070,1239,265,1274,351,1256.5,308.0,1256.5,351.0
363,14.480,809,person,0.5537,962,324,998,409,980.0,366.5,980.0,409.0
363,14.480,889,person,0.7163,350,340,387,431,368.5,385.5,368.5,431.0
363,14.480,776,person,0.6364,477,380,514,484,495.5,432.0,495.5,484.0
363,14.480,938,person,0.6617,124,423,168,527,146.0,475.0,146.0,527.0
363,14.480,711,person,0.6086,821,522,871,633,846.0,577.5,846.0,633.0
363,14.480,993,person,0.4101,305,201,330,261,317.5,231.0,317.5,261.0
364,14.520,1,person,0.7739,789,619,837,742,813.0,680.5,813.0,742.0
364,14.520,477,person,0.7446,1468,661,1526,806,1497.0,733.5,1497.0,806.0
364,14.520,591,person,0.3634,1208,1037,1257,1076,1232.5,1056.5,1232.5,1076.0
364,14.520,665,person,0.7807,293,450,334,557,313.5,503.5,313.5,557.0
364,14.520,736,person,0.5388,787,226,815,296,801.0,261.0,801.0,296.0
364,14.520,738,person,0.7538,1275,375,1316,465,1295.5,420.0,1295.5,465.0
364,14.520,777,person,0.7487,1561,394,1600,494,1580.5,444.0,1580.5,494.0
364,14.520,242,person,0.5099,585,286,613,369,599.0,327.5,599.0,369.0
364,14.520,775,person,0.6265,1241,264,1275,349,1258.0,306.5,1258.0,349.0
364,14.520,809,person,0.4915,959,324,995,408,977.0,366.0,977.0,408.0
364,14.520,889,person,0.7034,351,340,387,430,369.0,385.0,369.0,430.0
364,14.520,776,person,0.6356,476,379,513,485,494.5,432.0,494.5,485.0
364,14.520,938,person,0.6675,125,423,169,528,147.0,475.5,147.0,528.0
364,14.520,711,person,0.4200,818,521,867,628,842.5,574.5,842.5,628.0
364,14.520,993,person,0.3589,302,199,326,258,314.0,228.5,314.0,258.0
364,14.520,1013,person,0.5094,812,559,843,624,827.5,591.5,827.5,624.0
364,14.520,921,person,0.5854,832,520,872,624,852.0,572.0,852.0,624.0
365,14.560,1,person,0.7728,789,619,837,742,813.0,680.5,813.0,742.0
365,14.560,477,person,0.6587,1459,660,1520,805,1489.5,732.5,1489.5,805.0
365,14.560,591,person,0.3676,1208,1041,1250,1076,1229.0,1058.5,1229.0,1076.0
365,14.560,665,person,0.7039,292,450,334,558,313.0,504.0,313.0,558.0
365,14.560,736,person,0.5521,786,225,814,294,800.0,259.5,800.0,294.0
365,14.560,738,person,0.7510,1272,374,1313,466,1292.5,420.0,1292.5,466.0
365,14.560,777,person,0.7368,1562,394,1601,497,1581.5,445.5,1581.5,497.0
365,14.560,242,person,0.5951,584,286,612,370,598.0,328.0,598.0,370.0
365,14.560,775,person,0.5970,1243,263,1276,349,1259.5,306.0,1259.5,349.0
365,14.560,809,person,0.5724,958,324,991,402,974.5,363.0,974.5,402.0
365,14.560,889,person,0.7244,351,339,386,429,368.5,384.0,368.5,429.0
365,14.560,776,person,0.6130,475,378,512,484,493.5,431.0,493.5,484.0
365,14.560,938,person,0.6836,126,422,170,529,148.0,475.5,148.0,529.0
365,14.560,711,person,0.2713,814,519,864,626,839.0,572.5,839.0,626.0
365,14.560,993,person,0.3442,299,198,324,258,311.5,228.0,311.5,258.0
365,14.560,1013,person,0.3060,810,559,841,625,825.5,592.0,825.5,625.0
365,14.560,921,person,0.4137,830,519,868,619,849.0,569.0,849.0,619.0
366,14.600,1,person,0.7087,790,620,837,742,813.5,681.0,813.5,742.0
366,14.600,477,person,0.6966,1460,659,1522,804,1491.0,731.5,1491.0,804.0
366,14.600,591,person,0.3441,1208,1043,1247,1076,1227.5,1059.5,1227.5,1076.0
366,14.600,665,person,0.7055,291,450,332,559,311.5,504.5,311.5,559.0
366,14.600,736,person,0.5568,786,225,814,295,800.0,260.0,800.0,295.0
366,14.600,738,person,0.7131,1270,376,1311,468,1290.5,422.0,1290.5,468.0
366,14.600,777,person,0.7160,1561,394,1601,499,1581.0,446.5,1581.0,499.0
366,14.600,242,person,0.6467,584,285,612,370,598.0,327.5,598.0,370.0
366,14.600,775,person,0.5432,1246,264,1278,348,1262.0,306.0,1262.0,348.0
366,14.600,809,person,0.5518,956,325,988,400,972.0,362.5,972.0,400.0
366,14.600,889,person,0.7190,352,338,386,429,369.0,383.5,369.0,429.0
366,14.600,776,person,0.6129,475,377,511,484,493.0,430.5,493.0,484.0
366,14.600,938,person,0.6485,127,422,170,527,148.5,474.5,148.5,527.0
366,14.600,711,person,0.2252,809,517,859,623,834.0,570.0,834.0,623.0
366,14.600,993,person,0.3777,297,198,321,256,309.0,227.0,309.0,256.0
366,14.600,921,person,0.3440,826,517,863,614,844.5,565.5,844.5,614.0
366,14.600,1016,person,0.4575,1472,662,1531,804,1501.5,733.0,1501.5,804.0
367,14.640,1,person,0.6695,788,618,837,742,812.5,680.0,812.5,742.0
367,14.640,477,person,0.7013,1457,659,1521,803,1489.0,731.0,1489.0,803.0
367,14.640,591,person,0.2797,1207,1045,1246,1079,1226.5,1062.0,1226.5,1079.0
367,14.640,665,person,0.7636,289,451,330,558,309.5,504.5,309.5,558.0
367,14.640,736,person,0.5789,786,225,813,295,799.5,260.0,799.5,295.0
367,14.640,738,person,0.6848,1269,378,1308,469,1288.5,423.5,1288.5,469.0
367,14.640,777,person,0.7608,1561,396,1602,502,1581.5,449.0,1581.5,502.0
367,14.640,242,person,0.7030,583,286,611,369,597.0,327.5,597.0,369.0
367,14.640,775,person,0.5055,1248,264,1280,347,1264.0,305.5,1264.0,347.0
367,14.640,809,person,0.5951,949,327,984,408,966.5,367.5,966.5,408.0
367,14.640,889,person,0.6841,352,337,386,429,369.0,383.0,369.0,429.0
367,14.640,776,person,0.5812,473,376,509,483,491.0,429.5,491.0,483.0
367,14.640,938,person,0.6757,128,423,171,529,149.5,476.0,149.5,529.0
367,14.640,711,person,0.2441,809,518,857,622,833.0,570.0,833.0,622.0
367,14.640,993,person,0.3638,295,197,318,251,306.5,224.0,306.5,251.0
367,14.640,921,person,0.4327,823,517,858,609,840.5,563.0,840.5,609.0
367,14.640,1017,person,0.6294,787,568,841,743,814.0,655.5,814.0,743.0
368,14.680,1,person,0.6194,790,620,837,742,813.5,681.0,813.5,742.0
368,14.680,477,person,0.7423,1452,656,1518,802,1485.0,729.0,1485.0,802.0
368,14.680,665,person,0.7740,287,451,328,559,307.5,505.0,307.5,559.0
368,14.680,736,person,0.5564,786,226,813,294,799.5,260.0,799.5,294.0
368,14.680,738,person,0.6584,1267,379,1305,467,1286.0,423.0,1286.0,467.0
368,14.680,777,person,0.8147,1562,396,1604,504,1583.0,450.0,1583.0,504.0
368,14.680,242,person,0.6821,583,287,610,369,596.5,328.0,596.5,369.0
368,14.680,775,person,0.5514,1250,264,1281,346,1265.5,305.0,1265.5,346.0
368,14.680,809,person,0.6806,944,327,983,414,963.5,370.5,963.5,414.0
368,14.680,889,person,0.7128,352,337,386,429,369.0,383.0,369.0,429.0
368,14.680,776,person,0.6004,472,376,507,481,489.5,428.5,489.5,481.0
368,14.680,938,person,0.7224,129,423,173,533,151.0,478.0,151.0,533.0
368,14.680,711,person,0.3508,808,521,854,621,831.0,571.0,831.0,621.0
368,14.680,993,person,0.3925,293,195,316,248,304.5,221.5,304.5,248.0
368,14.680,1017,person,0.2756,785,563,842,745,813.5,654.0,813.5,745.0
369,14.720,1,person,0.5370,792,624,837,742,814.5,683.0,814.5,742.0
369,14.720,477,person,0.7379,1449,654,1517,800,1483.0,727.0,1483.0,800.0
369,14.720,665,person,0.7433,284,449,326,562,305.0,505.5,305.0,562.0
369,14.720,736,person,0.5375,786,225,812,292,799.0,258.5,799.0,292.0
369,14.720,738,person,0.7128,1264,380,1302,467,1283.0,423.5,1283.0,467.0
369,14.720,777,person,0.7957,1564,397,1605,502,1584.5,449.5,1584.5,502.0
369,14.720,242,person,0.6674,582,287,610,369,596.0,328.0,596.0,369.0
369,14.720,775,person,0.5824,1252,264,1282,345,1267.0,304.5,1267.0,345.0
369,14.720,809,person,0.5623,940,326,982,417,961.0,371.5,961.0,417.0
369,14.720,889,person,0.7016,353,337,386,430,369.5,383.5,369.5,430.0
369,14.720,776,person,0.5765,470,375,506,482,488.0,428.5,488.0,482.0
369,14.720,938,person,0.7126,131,425,174,534,152.5,479.5,152.5,534.0
369,14.720,711,person,0.2803,801,526,847,625,824.0,575.5,824.0,625.0
369,14.720,993,person,0.5207,288,194,315,254,301.5,224.0,301.5,254.0
369,14.720,1017,person,0.4507,786,561,843,745,814.5,653.0,814.5,745.0
370,14.760,1,person,0.7649,791,616,839,742,815.0,679.0,815.0,742.0
370,14.760,477,person,0.7991,1447,652,1517,800,1482.0,726.0,1482.0,800.0
370,14.760,665,person,0.7629,281,448,324,562,302.5,505.0,302.5,562.0
370,14.760,736,person,0.6045,786,224,812,291,799.0,257.5,799.0,291.0
370,14.760,738,person,0.7868,1259,379,1298,469,1278.5,424.0,1278.5,469.0
370,14.760,777,person,0.8298,1564,396,1605,501,1584.5,448.5,1584.5,501.0
370,14.760,242,person,0.6625,582,286,609,368,595.5,327.0,595.5,368.0
370,14.760,775,person,0.6007,1254,264,1284,344,1269.0,304.0,1269.0,344.0
370,14.760,809,person,0.6124,937,326,978,415,957.5,370.5,957.5,415.0
370,14.760,889,person,0.7063,353,337,386,429,369.5,383.0,369.5,429.0
370,14.760,776,person,0.5937,470,375,506,480,488.0,427.5,488.0,480.0
370,14.760,938,person,0.6528,133,425,176,533,154.5,479.0,154.5,533.0
370,14.760,711,person,0.2743,798,526,846,627,822.0,576.5,822.0,627.0
370,14.760,993,person,0.4726,287,195,312,253,299.5,224.0,299.5,253.0
370,14.760,921,person,0.4369,813,525,843,604,828.0,564.5,828.0,604.0
371,14.800,1,person,0.6361,791,604,843,745,817.0,674.5,817.0,745.0
371,14.800,477,person,0.7624,1446,651,1518,800,1482.0,725.5,1482.0,800.0
371,14.800,665,person,0.7376,279,447,323,561,301.0,504.0,301.0,561.0
371,14.800,736,person,0.5844,785,224,811,291,798.0,257.5,798.0,291.0
371,14.800,738,person,0.7953,1255,379,1295,471,1275.0,425.0,1275.0,471.0
371,14.800,777,person,0.8421,1564,397,1605,502,1584.5,449.5,1584.5,502.0
371,14.800,242,person,0.6421,582,286,610,368,596.0,327.0,596.0,368.0
371,14.800,775,person,0.6071,1256,265,1285,343,1270.5,304.0,1270.5,343.0
371,14.800,809,person,0.5345,933,324,974,418,953.5,371.0,953.5,418.0
371,14.800,889,person,0.6913,353,337,386,431,369.5,384.0,369.5,431.0
371,14.800,776,person,0.6248,470,375,505,478,487.5,426.5,487.5,478.0
371,14.800,938,person,0.6515,136,426,180,534,158.0,480.0,158.0,534.0
371,14.800,993,person,0.4340,284,196,311,257,297.5,226.5,297.5,257.0
371,14.800,921,person,0.2892,808,526,839,604,823.5,565.0,823.5,604.0
371,14.800,1017,person,0.6166,781,553,841,745,811.0,649.0,811.0,745.0
372,14.840,1,person,0.6857,791,599,844,743,817.5,671.0,817.5,743.0
372,14.840,477,person,0.7679,1446,650,1520,799,1483.0,724.5,1483.0,799.0
372,14.840,665,person,0.7512,276,446,321,563,298.5,504.5,298.5,563.0
372,14.840,736,person,0.5614,784,224,810,291,797.0,257.5,797.0,291.0
372,14.840,738,person,0.8289,1251,380,1293,473,1272.0,426.5,1272.0,473.0
372,14.840,777,person,0.8295,1565,398,1606,503,1585.5,450.5,1585.5,503.0
372,14.840,242,person,0.6662,582,285,610,368,596.0,326.5,596.0,368.0
372,14.840,775,person,0.6012,1258,264,1288,343,1273.0,303.5,1273.0,343.0
372,14.840,809,person,0.5953,929,322,971,420,950.0,371.0,950.0,420.0
372,14.840,889,person,0.7248,354,336,386,430,370.0,383.0,370.0,430.0
372,14.840,776,person,0.6665,469,376,503,478,486.0,427.0,486.0,478.0
372,14.840,938,person,0.6667,137,425,183,536,160.0,480.5,160.0,536.0
372,14.840,993,person,0.4016,283,197,308,255,295.5,226.0,295.5,255.0
372,14.840,1023,person,0.5225,768,558,808,682,788.0,620.0,788.0,682.0
373,14.880,1,person,0.6715,793,600,845,741,819.0,670.5,819.0,741.0
373,14.880,477,person,0.7544,1446,651,1521,800,1483.5,725.5,1483.5,800.0
373,14.880,665,person,0.8130,272,444,316,562,294.0,503.0,294.0,562.0
373,14.880,736,person,0.5030,784,224,809,291,796.5,257.5,796.5,291.0
373,14.880,738,person,0.7889,1247,380,1292,474,1269.5,427.0,1269.5,474.0
373,14.880,777,person,0.7954,1567,398,1608,503,1587.5,450.5,1587.5,503.0
373,14.880,242,person,0.6479,582,286,610,369,596.0,327.5,596.0,369.0
373,14.880,775,person,0.6210,1259,264,1290,345,1274.5,304.5,1274.5,345.0
373,14.880,809,person,0.5628,927,320,968,416,947.5,368.0,947.5,416.0
373,14.880,889,person,0.6983,354,336,386,429,370.0,382.5,370.0,429.0
373,14.880,776,person,0.7185,467,375,502,479,484.5,427.0,484.5,479.0
373,14.880,938,person,0.6634,137,425,184,536,160.5,480.5,160.5,536.0
373,14.880,993,person,0.3999,280,198,306,257,293.0,227.5,293.0,257.0
373,14.880,1023,person,0.2961,763,550,805,680,784.0,615.0,784.0,680.0
373,14.880,1017,person,0.2731,787,575,840,743,813.5,659.0,813.5,743.0
374,14.920,1,person,0.7347,794,598,847,741,820.5,669.5,820.5,741.0
374,14.920,477,person,0.7160,1445,651,1522,801,1483.5,726.0,1483.5,801.0
374,14.920,665,person,0.8274,269,444,311,556,290.0,500.0,290.0,556.0
374,14.920,736,person,0.5902,783,224,809,293,796.0,258.5,796.0,293.0
374,14.920,738,person,0.7953,1247,382,1292,475,1269.5,428.5,1269.5,475.0
374,14.920,777,person,0.8007,1567,400,1609,504,1588.0,452.0,1588.0,504.0
374,14.920,242,person,0.6145,582,287,609,369,595.5,328.0,595.5,369.0
374,14.920,775,person,0.6450,1261,264,1291,344,1276.0,304.0,1276.0,344.0
374,14.920,809,person,0.4756,926,322,965,416,945.5,369.0,945.5,416.0
374,14.920,889,person,0.7325,354,336,386,429,370.0,382.5,370.0,429.0
374,14.920,776,person,0.7135,466,376,501,481,483.5,428.5,483.5,481.0
374,14.920,938,person,0.7267,137,425,185,537,161.0,481.0,161.0,537.0
374,14.920,993,person,0.3145,277,197,303,256,290.0,226.5,290.0,256.0
374,14.920,1023,person,0.3135,758,545,803,682,780.5,613.5,780.5,682.0
374,14.920,1027,person,0.5081,760,529,840,683,800.0,606.0,800.0,683.0
375,14.960,1,person,0.7540,797,603,848,742,822.5,672.5,822.5,742.0
375,14.960,477,person,0.7488,1445,652,1523,800,1484.0,726.0,1484.0,800.0
375,14.960,665,person,0.7533,267,445,308,555,287.5,500.0,287.5,555.0
375,14.960,736,person,0.5297,781,224,808,293,794.5,258.5,794.5,293.0
375,14.960,738,person,0.7235,1245,382,1292,476,1268.5,429.0,1268.5,476.0
375,14.960,777,person,0.8041,1568,399,1610,505,1589.0,452.0,1589.0,505.0
375,14.960,242,person,0.5508,580,287,608,368,594.0,327.5,594.0,368.0
375,14.960,775,person,0.5770,1263,266,1292,343,1277.5,304.5,1277.5,343.0
375,14.960,809,person,0.5671,924,324,962,414,943.0,369.0,943.0,414.0
375,14.960,889,person,0.7481,354,336,385,429,369.5,382.5,369.5,429.0
375,14.960,776,person,0.6966,465,379,501,483,483.0,431.0,483.0,483.0
375,14.960,938,person,0.7352,136,426,184,538,160.0,482.0,160.0,538.0
375,14.960,993,person,0.4555,274,195,301,257,287.5,226.0,287.5,257.0
375,14.960,1027,person,0.6921,751,527,831,683,791.0,605.0,791.0,683.0
376,15.000,1,person,0.7422,800,606,850,743,825.0,674.5,825.0,743.0
376,15.000,477,person,0.7242,1444,652,1524,802,1484.0,727.0,1484.0,802.0
376,15.000,665,person,0.7484,264,445,304,554,284.0,499.5,284.0,554.0
376,15.000,736,person,0.5020,779,225,806,295,792.5,260.0,792.5,295.0
376,15.000,738,person,0.6976,1243,382,1289,476,1266.0,429.0,1266.0,476.0
376,15.000,777,person,0.8053,1568,401,1610,505,1589.0,453.0,1589.0,505.0
376,15.000,242,person,0.5613,580,287,607,368,593.5,327.5,593.5,368.0
376,15.000,775,person,0.6202,1266,266,1295,343,1280.5,304.5,1280.5,343.0
376,15.000,809,person,0.5165,921,326,958,414,939.5,370.0,939.5,414.0
376,15.000,889,person,0.7227,356,337,386,428,371.0,382.5,371.0,428.0
376,15.000,776,person,0.6806,464,380,499,484,481.5,432.0,481.5,484.0
376,15.000,938,person,0.6369,136,426,184,536,160.0,481.0,160.0,536.0
376,15.000,993,person,0.4628,271,195,298,255,284.5,225.0,284.5,255.0
376,15.000,1027,person,0.5300,744,532,822,682,783.0,607.0,783.0,682.0
376,15.000,1023,person,0.4004,747,538,794,683,770.5,610.5,770.5,683.0
377,15.040,1,person,0.7357,802,609,852,746,827.0,677.5,827.0,746.0
377,15.040,477,person,0.7752,1443,652,1524,803,1483.5,727.5,1483.5,803.0
377,15.040,665,person,0.7500,260,444,301,557,280.5,500.5,280.5,557.0
377,15.040,736,person,0.4554,779,226,806,295,792.5,260.5,792.5,295.0
377,15.040,738,person,0.7331,1240,381,1286,476,1263.0,428.5,1263.0,476.0
377,15.040,777,person,0.8241,1569,402,1610,504,1589.5,453.0,1589.5,504.0
377,15.040,242,person,0.5404,580,288,608,369,594.0,328.5,594.0,369.0
377,15.040,775,person,0.5866,1267,265,1297,344,1282.0,304.5,1282.0,344.0
377,15.040,809,person,0.4980,916,329,956,419,936.0,374.0,936.0,419.0
377,15.040,889,person,0.6918,357,336,387,428,372.0,382.0,372.0,428.0
377,15.040,776,person,0.6891,463,381,498,484,480.5,432.5,480.5,484.0
377,15.040,938,person,0.6477,136,427,184,538,160.0,482.5,160.0,538.0
377,15.040,993,person,0.4452,269,195,295,256,282.0,225.5,282.0,256.0
377,15.040,1027,person,0.6054,742,531,819,682,780.5,606.5,780.5,682.0
377,15.040,1023,person,0.2634,747,541,792,680,769.5,610.5,769.5,680.0
378,15.080,1,person,0.7423,804,610,853,746,828.5,678.0,828.5,746.0
378,15.080,477,person,0.7191,1443,653,1525,803,1484.0,728.0,1484.0,803.0
378,15.080,665,person,0.7565,257,445,298,560,277.5,502.5,277.5,560.0
378,15.080,736,person,0.4476,778,227,805,295,791.5,261.0,791.5,295.0
378,15.080,738,person,0.7251,1238,380,1283,476,1260.5,428.0,1260.5,476.0
378,15.080,777,person,0.8359,1569,403,1610,507,1589.5,455.0,1589.5,507.0
378,15.080,242,person,0.5423,579,288,608,369,593.5,328.5,593.5,369.0
378,15.080,775,person,0.5818,1269,265,1299,346,1284.0,305.5,1284.0,346.0
378,15.080,809,person,0.4817,913,332,954,422,933.5,377.0,933.5,422.0
378,15.080,889,person,0.7004,358,338,388,428,373.0,383.0,373.0,428.0
378,15.080,776,person,0.6998,462,382,498,485,480.0,433.5,480.0,485.0
378,15.080,938,person,0.6655,137,428,184,538,160.5,483.0,160.5,538.0
378,15.080,993,person,0.3881,267,196,293,256,280.0,226.0,280.0,256.0
378,15.080,1027,person,0.6029,738,528,817,681,777.5,604.5,777.5,681.0
378,15.080,711,person,0.5152,752,527,815,660,783.5,593.5,783.5,660.0
379,15.120,1,person,0.7273,805,612,856,748,830.5,680.0,830.5,748.0
379,15.120,477,person,0.6926,1444,654,1525,800,1484.5,727.0,1484.5,800.0
379,15.120,665,person,0.7352,253,446,294,561,273.5,503.5,273.5,561.0
379,15.120,736,person,0.4265,777,227,804,295,790.5,261.0,790.5,295.0
379,15.120,738,person,0.7512,1236,381,1281,477,1258.5,429.0,1258.5,477.0
379,15.120,777,person,0.7787,1569,404,1610,508,1589.5,456.0,1589.5,508.0
379,15.120,242,person,0.5279,579,288,608,370,593.5,329.0,593.5,370.0
379,15.120,775,person,0.5448,1271,265,1301,346,1286.0,305.5,1286.0,346.0
379,15.120,809,person,0.5584,910,335,952,425,931.0,380.0,931.0,425.0
379,15.120,889,person,0.7067,358,338,389,430,373.5,384.0,373.5,430.0
379,15.120,776,person,0.7213,461,382,498,487,479.5,434.5,479.5,487.0
379,15.120,938,person,0.6518,138,429,183,537,160.5,483.0,160.5,537.0
379,15.120,993,person,0.5052,264,196,292,257,278.0,226.5,278.0,257.0
379,15.120,1027,person,0.2826,729,527,810,685,769.5,606.0,769.5,685.0
379,15.120,711,person,0.4541,754,527,812,653,783.0,590.0,783.0,653.0
379,15.120,1023,person,0.6349,738,564,780,685,759.0,624.5,759.0,685.0
380,15.160,1,person,0.7451,807,614,858,751,832.5,682.5,832.5,751.0
380,15.160,477,person,0.7197,1451,653,1529,796,1490.0,724.5,1490.0,796.0
380,15.160,665,person,0.7952,250,448,290,561,270.0,504.5,270.0,561.0
380,15.160,736,person,0.4716,777,227,804,295,790.5,261.0,790.5,295.0
380,15.160,738,person,0.7223,1235,382,1279,478,1257.0,430.0,1257.0,478.0
380,15.160,777,person,0.7885,1570,405,1610,507,1590.0,456.0,1590.0,507.0
380,15.160,242,person,0.5195,579,288,608,370,593.5,329.0,593.5,370.0
380,15.160,775,person,0.5009,1273,265,1303,347,1288.0,306.0,1288.0,347.0
380,15.160,809,person,0.3683,909,336,951,421,930.0,378.5,930.0,421.0
380,15.160,889,person,0.7214,358,338,389,430,373.5,384.0,373.5,430.0
380,15.160,776,person,0.7182,460,381,498,488,479.0,434.5,479.0,488.0
380,15.160,938,person,0.6862,137,430,182,539,159.5,484.5,159.5,539.0
380,15.160,993,person,0.5252,262,197,290,260,276.0,228.5,276.0,260.0
380,15.160,1027,person,0.5650,730,524,812,682,771.0,603.0,771.0,682.0
380,15.160,711,person,0.3428,749,526,810,658,779.5,592.0,779.5,658.0
380,15.160,1023,person,0.3514,735,565,778,687,756.5,626.0,756.5,687.0
381,15.200,1,person,0.7726,809,616,860,751,834.5,683.5,834.5,751.0
381,15.200,477,person,0.7589,1445,652,1525,798,1485.0,725.0,1485.0,798.0
381,15.200,665,person,0.7929,247,451,286,561,266.5,506.0,266.5,561.0
381,15.200,736,person,0.4955,776,226,804,297,790.0,261.5,790.0,297.0
381,15.200,738,person,0.7239,1233,383,1278,480,1255.5,431.5,1255.5,480.0
381,15.200,777,person,0.7718,1571,406,1612,512,1591.5,459.0,1591.5,512.0
381,15.200,242,person,0.5570,579,288,609,370,594.0,329.0,594.0,370.0
381,15.200,775,person,0.6609,1274,265,1305,349,1289.5,307.0,1289.5,349.0
381,15.200,809,person,0.3205,908,336,951,421,929.5,378.5,929.5,421.0
381,15.200,889,person,0.7169,359,339,390,431,374.5,385.0,374.5,431.0
381,15.200,776,person,0.7242,458,381,498,490,478.0,435.5,478.0,490.0
381,15.200,938,person,0.7376,138,431,181,538,159.5,484.5,159.5,538.0
381,15.200,993,person,0.4565,260,198,288,261,274.0,229.5,274.0,261.0
381,15.200,1027,person,0.6116,727,529,809,687,768.0,608.0,768.0,687.0
382,15.240,1,person,0.7729,812,616,863,750,837.5,683.0,837.5,750.0
382,15.240,477,person,0.7349,1444,651,1524,797,1484.0,724.0,1484.0,797.0
382,15.240,665,person,0.8074,244,454,282,561,263.0,507.5,263.0,561.0
382,15.240,736,person,0.4601,775,225,804,296,789.5,260.5,789.5,296.0
382,15.240,738,person,0.7514,1232,384,1278,483,1255.0,433.5,1255.0,483.0
382,15.240,777,person,0.7560,1571,406,1613,514,1592.0,460.0,1592.0,514.0
382,15.240,242,person,0.5554,579,289,609,370,594.0,329.5,594.0,370.0
382,15.240,775,person,0.6384,1277,266,1307,350,1292.0,308.0,1292.0,350.0
382,15.240,809,person,0.2474,906,336,948,417,927.0,376.5,927.0,417.0
382,15.240,889,person,0.7349,359,340,391,431,375.0,385.5,375.0,431.0
382,15.240,776,person,0.7631,457,379,497,490,477.0,434.5,477.0,490.0
382,15.240,938,person,0.7336,138,431,182,541,160.0,486.0,160.0,541.0
382,15.240,993,person,0.3508,258,198,287,261,272.5,229.5,272.5,261.0
382,15.240,1027,person,0.3194,729,536,807,685,768.0,610.5,768.0,685.0
382,15.240,711,person,0.4429,746,535,800,649,773.0,592.0,773.0,649.0
382,15.240,1023,person,0.4618,729,571,772,691,750.5,631.0,750.5,691.0
383,15.280,1,person,0.8029,816,616,867,747,841.5,681.5,841.5,747.0
383,15.280,477,person,0.7106,1441,651,1525,803,1483.0,727.0,1483.0,803.0
383,15.280,665,person,0.7628,241,457,279,562,260.0,509.5,260.0,562.0
383,15.280,736,person,0.5245,775,225,804,297,789.5,261.0,789.5,297.0
383,15.280,738,person,0.7773,1230,385,1277,485,1253.5,435.0,1253.5,485.0
383,15.280,777,person,0.7621,1571,407,1612,514,1591.5,460.5,1591.5,514.0
383,15.280,242,person,0.5436,581,289,610,370,595.5,329.5,595.5,370.0
383,15.280,775,person,0.6695,1279,266,1309,351,1294.0,308.5,1294.0,351.0
383,15.280,809,person,0.2727,905,336,947,417,926.0,376.5,926.0,417.0
383,15.280,889,person,0.7207,360,342,391,433,375.5,387.5,375.5,433.0
383,15.280,776,person,0.7333,456,380,497,491,476.5,435.5,476.5,491.0
383,15.280,938,person,0.7283,138,431,183,543,160.5,487.0,160.5,543.0
383,15.280,993,person,0.3450,256,199,285,263,270.5,231.0,270.5,263.0
383,15.280,1027,person,0.3379,728,540,806,689,767.0,614.5,767.0,689.0
383,15.280,711,person,0.3268,745,540,799,649,772.0,594.5,772.0,649.0
383,15.280,1023,person,0.2566,727,581,769,693,748.0,637.0,748.0,693.0
383,15.280,1016,person,0.6112,1463,653,1526,804,1494.5,728.5,1494.5,804.0
384,15.320,1,person,0.7782,821,616,872,747,846.5,681.5,846.5,747.0
384,15.320,477,person,0.7456,1440,651,1525,805,1482.5,728.0,1482.5,805.0
384,15.320,665,person,0.7283,238,457,277,564,257.5,510.5,257.5,564.0
384,15.320,736,person,0.5340,774,225,804,297,789.0,261.0,789.0,297.0
384,15.320,738,person,0.8200,1228,387,1275,487,1251.5,437.0,1251.5,487.0
384,15.320,777,person,0.7323,1571,410,1612,517,1591.5,463.5,1591.5,517.0
384,15.320,242,person,0.5560,582,288,611,370,596.5,329.0,596.5,370.0
384,15.320,775,person,0.6312,1281,265,1312,352,1296.5,308.5,1296.5,352.0
384,15.320,809,person,0.3479,905,336,946,416,925.5,376.0,925.5,416.0
384,15.320,889,person,0.6984,360,342,393,435,376.5,388.5,376.5,435.0
384,15.320,776,person,0.7719,455,381,495,489,475.0,435.0,475.0,489.0
384,15.320,938,person,0.7309,138,432,182,544,160.0,488.0,160.0,544.0
384,15.320,993,person,0.3188,253,196,284,264,268.5,230.0,268.5,264.0
384,15.320,1027,person,0.4298,722,544,800,693,761.0,618.5,761.0,693.0
384,15.320,711,person,0.2836,741,544,791,644,766.0,594.0,766.0,644.0
384,15.320,1023,person,0.3990,725,577,769,694,747.0,635.5,747.0,694.0
385,15.360,1,person,0.7855,825,613,876,746,850.5,679.5,850.5,746.0
385,15.360,477,person,0.7283,1441,652,1525,802,1483.0,727.0,1483.0,802.0
385,15.360,665,person,0.7233,235,457,274,564,254.5,510.5,254.5,564.0
385,15.360,736,person,0.5099,774,226,803,298,788.5,262.0,788.5,298.0
385,15.360,738,person,0.8150,1227,390,1274,488,1250.5,439.0,1250.5,488.0
385,15.360,777,person,0.7528,1569,411,1611,518,1590.0,464.5,1590.0,518.0
385,15.360,242,person,0.6791,582,287,612,371,597.0,329.0,597.0,371.0
385,15.360,775,person,0.6020,1283,265,1313,350,1298.0,307.5,1298.0,350.0
385,15.360,809,person,0.2923,904,336,944,416,924.0,376.0,924.0,416.0
385,15.360,889,person,0.6610,360,344,392,436,376.0,390.0,376.0,436.0
385,15.360,776,person,0.7499,452,382,493,491,472.5,436.5,472.5,491.0
385,15.360,938,person,0.6886,139,433,183,545,161.0,489.0,161.0,545.0
385,15.360,993,person,0.3541,249,194,280,264,264.5,229.0,264.5,264.0
385,15.360,1027,person,0.3881,724,548,794,685,759.0,616.5,759.0,685.0
385,15.360,711,person,0.3911,737,549,788,654,762.5,601.5,762.5,654.0
385,15.360,1023,person,0.3301,721,575,764,690,742.5,632.5,742.5,690.0
386,15.400,1,person,0.7627,830,612,881,744,855.5,678.0,855.5,744.0
386,15.400,477,person,0.7581,1440,652,1524,802,1482.0,727.0,1482.0,802.0
386,15.400,665,person,0.6984,231,455,271,564,251.0,509.5,251.0,564.0
386,15.400,736,person,0.5233,773,227,803,299,788.0,263.0,788.0,299.0
386,15.400,738,person,0.8165,1227,394,1273,490,1250.0,442.0,1250.0,490.0
386,15.400,777,person,0.7634,1571,414,1613,522,1592.0,468.0,1592.0,522.0
386,15.400,242,person,0.6759,583,288,613,372,598.0,330.0,598.0,372.0
386,15.400,775,person,0.7379,1284,263,1316,352,1300.0,307.5,1300.0,352.0
386,15.400,809,person,0.4467,902,336,944,421,923.0,378.5,923.0,421.0
386,15.400,889,person,0.6512,360,346,392,437,376.0,391.5,376.0,437.0
386,15.400,776,person,0.7223,451,382,492,490,471.5,436.0,471.5,490.0
386,15.400,938,person,0.7496,138,433,182,546,160.0,489.5,160.0,546.0
386,15.400,993,person,0.2615,247,196,277,264,262.0,230.0,262.0,264.0
386,15.400,711,person,0.4312,739,552,785,649,762.0,600.5,762.0,649.0
386,15.400,1023,person,0.5958,716,573,760,691,738.0,632.0,738.0,691.0
387,15.440,1,person,0.7832,834,612,885,746,859.5,679.0,859.5,746.0
387,15.440,477,person,0.7262,1440,654,1524,802,1482.0,728.0,1482.0,802.0
387,15.440,665,person,0.7475,228,452,269,564,248.5,508.0,248.5,564.0
387,15.440,736,person,0.4958,773,228,802,298,787.5,263.0,787.5,298.0
387,15.440,738,person,0.8109,1226,395,1272,491,1249.0,443.0,1249.0,491.0
387,15.440,777,person,0.7825,1572,415,1614,522,1593.0,468.5,1593.0,522.0
387,15.440,242,person,0.7445,582,288,613,375,597.5,331.5,597.5,375.0
387,15.440,775,person,0.7207,1286,262,1318,351,1302.0,306.5,1302.0,351.0
387,15.440,809,person,0.4465,901,337,944,424,922.5,380.5,922.5,424.0
387,15.440,889,person,0.6652,360,346,393,438,376.5,392.0,376.5,438.0
387,15.440,776,person,0.7029,449,381,492,492,470.5,436.5,470.5,492.0
387,15.440,938,person,0.7142,138,433,182,548,160.0,490.5,160.0,548.0
387,15.440,711,person,0.5371,740,553,786,650,763.0,601.5,763.0,650.0
387,15.440,1023,person,0.6141,712,568,758,691,735.0,629.5,735.0,691.0
388,15.480,1,person,0.7641,838,613,889,747,863.5,680.0,863.5,747.0
388,15.480,477,person,0.7489,1441,655,1526,803,1483.5,729.0,1483.5,803.0
388,15.480,665,person,0.7257,223,450,266,564,244.5,507.0,244.5,564.0
388,15.480,736,person,0.4638,773,228,802,300,787.5,264.0,787.5,300.0
388,15.480,738,person,0.8231,1224,396,1269,492,1246.5,444.0,1246.5,492.0
388,15.480,777,person,0.7637,1573,416,1616,524,1594.5,470.0,1594.5,524.0
388,15.480,242,person,0.7151,583,289,614,376,598.5,332.5,598.5,376.0
388,15.480,775,person,0.6905,1288,263,1320,350,1304.0,306.5,1304.0,350.0
388,15.480,809,person,0.2948,901,340,943,426,922.0,383.0,922.0,426.0
388,15.480,889,person,0.7026,360,345,394,440,377.0,392.5,377.0,440.0
388,15.480,776,person,0.7528,448,382,490,490,469.0,436.0,469.0,490.0
388,15.480,938,person,0.6993,136,433,179,549,157.5,491.0,157.5,549.0
388,15.480,711,person,0.4961,738,552,785,652,761.5,602.0,761.5,652.0
388,15.480,1023,person,0.4470,706,567,751,689,728.5,628.0,728.5,689.0
388,15.480,1027,person,0.5519,705,564,769,690,737.0,627.0,737.0,690.0
388,15.480,993,person,0.3459,243,200,270,261,256.5,230.5,256.5,261.0
389,15.520,1,person,0.8298,841,618,893,750,867.0,684.0,867.0,750.0
389,15.520,477,person,0.7350,1442,655,1527,804,1484.5,729.5,1484.5,804.0
389,15.520,665,person,0.7092,219,453,260,563,239.5,508.0,239.5,563.0
389,15.520,736,person,0.4149,773,229,802,303,787.5,266.0,787.5,303.0
389,15.520,738,person,0.8233,1221,397,1267,495,1244.0,446.0,1244.0,495.0
389,15.520,777,person,0.7535,1573,416,1616,525,1594.5,470.5,1594.5,525.0
389,15.520,242,person,0.6677,583,290,614,377,598.5,333.5,598.5,377.0
389,15.520,775,person,0.6814,1289,264,1321,352,1305.0,308.0,1305.0,352.0
389,15.520,809,person,0.4882,901,341,943,429,922.0,385.0,922.0,429.0
389,15.520,889,person,0.6656,361,348,394,441,377.5,394.5,377.5,441.0
389,15.520,776,person,0.7188,448,382,489,489,468.5,435.5,468.5,489.0
389,15.520,938,person,0.6868,133,435,177,550,155.0,492.5,155.0,550.0
389,15.520,711,person,0.4809,735,552,784,655,759.5,603.5,759.5,655.0
389,15.520,1023,person,0.2710,705,567,748,682,726.5,624.5,726.5,682.0
389,15.520,1027,person,0.6690,697,571,761,699,729.0,635.0,729.0,699.0
389,15.520,993,person,0.3087,241,202,268,263,254.5,232.5,254.5,263.0
389,15.520,1016,person,0.3508,1471,658,1531,803,1501.0,730.5,1501.0,803.0
390,15.560,1,person,0.8609,844,620,897,751,870.5,685.5,870.5,751.0
390,15.560,477,person,0.7668,1441,654,1526,803,1483.5,728.5,1483.5,803.0
390,15.560,665,person,0.7298,214,453,256,565,235.0,509.0,235.0,565.0
390,15.560,736,person,0.4381,773,230,801,300,787.0,265.0,787.0,300.0
390,15.560,738,person,0.8080,1219,398,1265,495,1242.0,446.5,1242.0,495.0
390,15.560,777,person,0.7667,1574,416,1618,526,1596.0,471.0,1596.0,526.0
390,15.560,242,person,0.6720,583,291,614,379,598.5,335.0,598.5,379.0
390,15.560,775,person,0.6604,1291,264,1323,353,1307.0,308.5,1307.0,353.0
390,15.560,809,person,0.4178,900,345,941,432,920.5,388.5,920.5,432.0
390,15.560,889,person,0.6717,362,350,394,441,378.0,395.5,378.0,441.0
390,15.560,776,person,0.7161,447,383,488,489,467.5,436.0,467.5,489.0
390,15.560,938,person,0.7119,134,437,177,552,155.5,494.5,155.5,552.0
390,15.560,711,person,0.4654,732,551,782,656,757.0,603.5,757.0,656.0
390,15.560,1027,person,0.6704,694,574,755,698,724.5,636.0,724.5,698.0
390,15.560,993,person,0.3415,238,200,268,267,253.0,233.5,253.0,267.0
391,15.600,1,person,0.8491,848,622,904,752,876.0,687.0,876.0,752.0
391,15.600,477,person,0.7655,1442,654,1525,800,1483.5,727.0,1483.5,800.0
391,15.600,665,person,0.7215,210,456,251,566,230.5,511.0,230.5,566.0
391,15.600,736,person,0.4315,774,230,801,298,787.5,264.0,787.5,298.0
391,15.600,738,person,0.7143,1217,398,1263,495,1240.0,446.5,1240.0,495.0
391,15.600,777,person,0.7165,1575,416,1619,527,1597.0,471.5,1597.0,527.0
391,15.600,242,person,0.6073,584,292,614,380,599.0,336.0,599.0,380.0
391,15.600,775,person,0.6783,1294,267,1325,355,1309.5,311.0,1309.5,355.0
391,15.600,809,person,0.5353,900,348,940,435,920.0,391.5,920.0,435.0
391,15.600,889,person,0.6727,363,350,395,441,379.0,395.5,379.0,441.0
391,15.600,776,person,0.6799,446,385,487,490,466.5,437.5,466.5,490.0
391,15.600,938,person,0.7644,133,438,175,552,154.0,495.0,154.0,552.0
391,15.600,711,person,0.4638,731,552,779,655,755.0,603.5,755.0,655.0
391,15.600,1027,person,0.6654,692,580,751,701,721.5,640.5,721.5,701.0
391,15.600,993,person,0.2840,239,205,266,267,252.5,236.0,252.5,267.0
392,15.640,1,person,0.8700,850,627,907,754,878.5,690.5,878.5,754.0
392,15.640,477,person,0.7736,1447,654,1530,802,1488.5,728.0,1488.5,802.0
392,15.640,665,person,0.7315,206,457,249,569,227.5,513.0,227.5,569.0
392,15.640,736,person,0.4969,773,230,802,300,787.5,265.0,787.5,300.0
392,15.640,738,person,0.7122,1213,397,1261,498,1237.0,447.5,1237.0,498.0
392,15.640,777,person,0.7207,1577,416,1621,527,1599.0,471.5,1599.0,527.0
392,15.640,242,person,0.6092,584,293,614,380,599.0,336.5,599.0,380.0
392,15.640,775,person,0.6941,1295,267,1328,357,1311.5,312.0,1311.5,357.0
392,15.640,809,person,0.4010,901,349,941,438,921.0,393.5,921.0,438.0
392,15.640,889,person,0.6979,364,349,397,442,380.5,395.5,380.5,442.0
392,15.640,776,person,0.7194,446,385,486,490,466.0,437.5,466.0,490.0
392,15.640,938,person,0.7915,131,436,174,553,152.5,494.5,152.5,553.0
392,15.640,711,person,0.2788,729,556,777,659,753.0,607.5,753.0,659.0
392,15.640,1027,person,0.6946,689,575,752,704,720.5,639.5,720.5,704.0
392,15.640,993,person,0.3188,237,207,264,268,250.5,237.5,250.5,268.0
393,15.680,1,person,0.8606,852,631,911,756,881.5,693.5,881.5,756.0
393,15.680,477,person,0.8283,1450,654,1529,798,1489.5,726.0,1489.5,798.0
393,15.680,665,person,0.7654,204,458,248,572,226.0,515.0,226.0,572.0
393,15.680,736,person,0.5190,773,230,802,301,787.5,265.5,787.5,301.0
393,15.680,738,person,0.7298,1210,398,1259,500,1234.5,449.0,1234.5,500.0
393,15.680,777,person,0.7176,1579,418,1622,527,1600.5,472.5,1600.5,527.0
393,15.680,242,person,0.6783,585,294,615,381,600.0,337.5,600.0,381.0
393,15.680,775,person,0.6519,1298,268,1329,356,1313.5,312.0,1313.5,356.0
393,15.680,809,person,0.6224,900,349,941,441,920.5,395.0,920.5,441.0
393,15.680,889,person,0.7101,364,347,398,442,381.0,394.5,381.0,442.0
393,15.680,776,person,0.6874,445,385,485,489,465.0,437.0,465.0,489.0
393,15.680,938,person,0.7980,129,435,173,555,151.0,495.0,151.0,555.0
393,15.680,711,person,0.3941,719,560,772,676,745.5,618.0,745.5,676.0
393,15.680,1027,person,0.6172,690,573,752,703,721.0,638.0,721.0,703.0
393,15.680,993,person,0.3035,235,205,263,268,249.0,236.5,249.0,268.0
393,15.680,1023,person,0.3576,694,580,737,695,715.5,637.5,715.5,695.0
394,15.720,1,person,0.8591,855,633,916,755,885.5,694.0,885.5,755.0
394,15.720,665,person,0.7958,202,458,247,574,224.5,516.0,224.5,574.0
394,15.720,736,person,0.4373,773,230,802,303,787.5,266.5,787.5,303.0
394,15.720,738,person,0.7619,1208,400,1257,502,1232.5,451.0,1232.5,502.0
394,15.720,777,person,0.7714,1581,419,1623,530,1602.0,474.5,1602.0,530.0
394,15.720,242,person,0.6954,586,295,615,379,600.5,337.0,600.5,379.0
394,15.720,775,person,0.6511,1299,272,1330,356,1314.5,314.0,1314.5,356.0
394,15.720,809,person,0.6633,901,350,940,441,920.5,395.5,920.5,441.0
394,15.720,889,person,0.7376,365,347,399,444,382.0,395.5,382.0,444.0
394,15.720,776,person,0.7107,444,385,484,490,464.0,437.5,464.0,490.0
394,15.720,938,person,0.8050,128,437,171,557,149.5,497.0,149.5,557.0
394,15.720,711,person,0.5311,714,563,770,688,742.0,625.5,742.0,688.0
394,15.720,1027,person,0.5780,696,567,761,701,728.5,634.0,728.5,701.0
394,15.720,993,person,0.2821,235,203,264,270,249.5,236.5,249.5,270.0
394,15.720,1023,person,0.3686,692,575,737,700,714.5,637.5,714.5,700.0
394,15.720,1016,person,0.8456,1465,655,1523,799,1494.0,727.0,1494.0,799.0
395,15.760,1,person,0.8949,857,634,920,757,888.5,695.5,888.5,757.0
395,15.760,665,person,0.7962,202,461,246,574,224.0,517.5,224.0,574.0
395,15.760,736,person,0.5154,773,230,803,304,788.0,267.0,788.0,304.0
395,15.760,738,person,0.7316,1206,403,1255,503,1230.5,453.0,1230.5,503.0
395,15.760,777,person,0.8040,1582,421,1625,534,1603.5,477.5,1603.5,534.0
395,15.760,242,person,0.7063,587,295,616,378,601.5,336.5,601.5,378.0
395,15.760,775,person,0.5358,1302,274,1332,358,1317.0,316.0,1317.0,358.0
395,15.760,809,person,0.6542,902,350,941,443,921.5,396.5,921.5,443.0
395,15.760,889,person,0.7188,365,348,399,446,382.0,397.0,382.0,446.0
395,15.760,776,person,0.7054,442,385,483,492,462.5,438.5,462.5,492.0
395,15.760,938,person,0.7892,126,438,170,559,148.0,498.5,148.0,559.0
395,15.760,711,person,0.5513,712,564,770,695,741.0,629.5,741.0,695.0
395,15.760,1027,person,0.6384,699,565,766,702,732.5,633.5,732.5,702.0
395,15.760,993,person,0.2408,234,206,263,271,248.5,238.5,248.5,271.0
395,15.760,1023,person,0.3219,690,575,735,702,712.5,638.5,712.5,702.0
395,15.760,1016,person,0.8493,1462,655,1520,800,1491.0,727.5,1491.0,800.0
396,15.800,1,person,0.8044,865,634,930,758,897.5,696.0,897.5,758.0
396,15.800,665,person,0.8020,201,461,246,576,223.5,518.5,223.5,576.0
396,15.800,736,person,0.4949,773,232,802,305,787.5,268.5,787.5,305.0
396,15.800,738,person,0.7580,1203,403,1254,505,1228.5,454.0,1228.5,505.0
396,15.800,777,person,0.8090,1584,423,1626,536,1605.0,479.5,1605.0,536.0
396,15.800,242,person,0.7410,587,295,616,379,601.5,337.0,601.5,379.0
396,15.800,775,person,0.5652,1305,275,1334,358,1319.5,316.5,1319.5,358.0
396,15.800,809,person,0.7038,903,351,942,444,922.5,397.5,922.5,444.0
396,15.800,889,person,0.7089,366,350,400,448,383.0,399.0,383.0,448.0
396,15.800,776,person,0.7374,441,387,481,492,461.0,439.5,461.0,492.0
396,15.800,938,person,0.7387,123,441,167,560,145.0,500.5,145.0,560.0
396,15.800,711,person,0.5524,713,566,768,691,740.5,628.5,740.5,691.0
396,15.800,1027,person,0.6245,701,565,766,694,733.5,629.5,733.5,694.0
396,15.800,993,person,0.2370,233,206,261,271,247.0,238.5,247.0,271.0
396,15.800,1023,person,0.3961,690,574,734,702,712.0,638.0,712.0,702.0
396,15.800,1016,person,0.8412,1464,656,1522,802,1493.0,729.0,1493.0,802.0
397,15.840,1,person,0.8007,871,633,939,759,905.0,696.0,905.0,759.0
397,15.840,665,person,0.8056,201,461,246,576,223.5,518.5,223.5,576.0
397,15.840,736,person,0.3775,773,233,803,306,788.0,269.5,788.0,306.0
397,15.840,738,person,0.7811,1203,404,1255,506,1229.0,455.0,1229.0,506.0
397,15.840,777,person,0.7989,1587,425,1629,538,1608.0,481.5,1608.0,538.0
397,15.840,242,person,0.6412,587,296,616,379,601.5,337.5,601.5,379.0
397,15.840,775,person,0.5441,1306,274,1336,358,1321.0,316.0,1321.0,358.0
397,15.840,809,person,0.6659,903,351,942,445,922.5,398.0,922.5,445.0
397,15.840,889,person,0.6224,366,352,400,449,383.0,400.5,383.0,449.0
397,15.840,776,person,0.7319,440,388,480,493,460.0,440.5,460.0,493.0
397,15.840,938,person,0.7788,121,441,166,561,143.5,501.0,143.5,561.0
397,15.840,711,person,0.5243,713,568,767,692,740.0,630.0,740.0,692.0
397,15.840,1027,person,0.5304,702,566,766,694,734.0,630.0,734.0,694.0
397,15.840,993,person,0.3583,231,208,259,272,245.0,240.0,245.0,272.0
397,15.840,1023,person,0.4196,693,573,739,704,716.0,638.5,716.0,704.0
397,15.840,1016,person,0.8348,1465,657,1522,804,1493.5,730.5,1493.5,804.0
398,15.880,1,person,0.7942,881,632,949,760,915.0,696.0,915.0,760.0
398,15.880,665,person,0.8188,200,458,246,577,223.0,517.5,223.0,577.0
398,15.880,736,person,0.4124,774,234,802,303,788.0,268.5,788.0,303.0
398,15.880,738,person,0.7131,1203,406,1255,507,1229.0,456.5,1229.0,507.0
398,15.880,777,person,0.8124,1589,426,1632,540,1610.5,483.0,1610.5,540.0
398,15.880,242,person,0.7025,588,296,617,379,602.5,337.5,602.5,379.0
398,15.880,775,person,0.5050,1309,275,1338,358,1323.5,316.5,1323.5,358.0
398,15.880,809,person,0.5551,904,352,942,445,923.0,398.5,923.0,445.0
398,15.880,889,person,0.6391,367,354,400,450,383.5,402.0,383.5,450.0
398,15.880,776,person,0.7180,439,390,479,494,459.0,442.0,459.0,494.0
398,15.880,938,person,0.7748,119,445,163,561,141.0,503.0,141.0,561.0
398,15.880,711,person,0.5365,713,569,766,694,739.5,631.5,739.5,694.0
398,15.880,1027,person,0.3280,696,566,763,698,729.5,632.0,729.5,698.0
398,15.880,993,person,0.3129,231,208,258,272,244.5,240.0,244.5,272.0
398,15.880,1023,person,0.5591,689,572,736,705,712.5,638.5,712.5,705.0
398,15.880,1016,person,0.8232,1464,658,1521,803,1492.5,730.5,1492.5,803.0
399,15.920,1,person,0.7768,892,631,959,762,925.5,696.5,925.5,762.0
399,15.920,665,person,0.8226,200,457,247,577,223.5,517.0,223.5,577.0
399,15.920,736,person,0.4288,773,235,801,304,787.0,269.5,787.0,304.0
399,15.920,738,person,0.6725,1205,406,1256,508,1230.5,457.0,1230.5,508.0
399,15.920,777,person,0.7895,1592,427,1635,542,1613.5,484.5,1613.5,542.0
399,15.920,242,person,0.6734,590,296,619,379,604.5,337.5,604.5,379.0
399,15.920,775,person,0.5737,1312,274,1341,357,1326.5,315.5,1326.5,357.0
399,15.920,809,person,0.6491,904,353,943,449,923.5,401.0,923.5,449.0
399,15.920,889,person,0.6572,368,354,401,451,384.5,402.5,384.5,451.0
399,15.920,776,person,0.6890,438,391,479,498,458.5,444.5,458.5,498.0
399,15.920,938,person,0.7456,117,445,162,562,139.5,503.5,139.5,562.0
399,15.920,711,person,0.4955,712,570,766,697,739.0,633.5,739.0,697.0
399,15.920,1027,person,0.3710,698,569,765,699,731.5,634.0,731.5,699.0
399,15.920,1023,person,0.5545,685,572,732,704,708.5,638.0,708.5,704.0
399,15.920,1016,person,0.7802,1466,661,1521,802,1493.5,731.5,1493.5,802.0
400,15.960,1,person,0.8108,900,631,967,764,933.5,697.5,933.5,764.0
400,15.960,665,person,0.8305,200,455,247,576,223.5,515.5,223.5,576.0
400,15.960,736,person,0.3958,772,236,801,306,786.5,271.0,786.5,306.0
400,15.960,738,person,0.7299,1206,408,1257,507,1231.5,457.5,1231.5,507.0
400,15.960,777,person,0.7402,1593,428,1636,544,1614.5,486.0,1614.5,544.0
400,15.960,242,person,0.6863,591,295,621,380,606.0,337.5,606.0,380.0
400,15.960,775,person,0.6420,1313,273,1343,358,1328.0,315.5,1328.0,358.0
400,15.960,809,person,0.6421,906,356,943,448,924.5,402.0,924.5,448.0
400,15.960,889,person,0.6574,368,356,401,452,384.5,404.0,384.5,452.0
400,15.960,776,person,0.6677,438,392,480,500,459.0,446.0,459.0,500.0
400,15.960,938,person,0.7975,116,447,162,563,139.0,505.0,139.0,563.0
400,15.960,711,person,0.5174,713,572,767,699,740.0,635.5,740.0,699.0
400,15.960,1027,person,0.3470,692,569,762,702,727.0,635.5,727.0,702.0
400,15.960,1023,person,0.6019,685,573,733,705,709.0,639.0,709.0,705.0
400,15.960,477,person,0.7490,1451,658,1528,799,1489.5,728.5,1489.5,799.0
401,16.000,1,person,0.8192,907,632,973,765,940.0,698.5,940.0,765.0
401,16.000,665,person,0.7921,201,455,247,575,224.0,515.0,224.0,575.0
401,16.000,736,person,0.4134,772,235,801,307,786.5,271.0,786.5,307.0
401,16.000,738,person,0.7155,1207,408,1257,509,1232.0,458.5,1232.0,509.0
401,16.000,777,person,0.7554,1596,428,1639,546,1617.5,487.0,1617.5,546.0
401,16.000,242,person,0.6884,593,297,622,380,607.5,338.5,607.5,380.0
401,16.000,775,person,0.6000,1315,273,1345,358,1330.0,315.5,1330.0,358.0
401,16.000,809,person,0.6898,906,358,944,451,925.0,404.5,925.0,451.0
401,16.000,889,person,0.6211,368,356,401,452,384.5,404.0,384.5,452.0
401,16.000,776,person,0.7036,438,393,481,502,459.5,447.5,459.5,502.0
401,16.000,938,person,0.7830,116,450,162,563,139.0,506.5,139.0,563.0
401,16.000,711,person,0.5397,712,573,766,702,739.0,637.5,739.0,702.0
401,16.000,1027,person,0.3217,686,571,759,704,722.5,637.5,722.5,704.0
401,16.000,1023,person,0.7103,679,574,729,706,704.0,640.0,704.0,706.0
401,16.000,477,person,0.7220,1452,661,1527,799,1489.5,730.0,1489.5,799.0
402,16.040,1,person,0.8229,912,634,977,765,944.5,699.5,944.5,765.0
402,16.040,665,person,0.7620,201,453,247,571,224.0,512.0,224.0,571.0
402,16.040,736,person,0.4229,771,236,801,307,786.0,271.5,786.0,307.0
402,16.040,738,person,0.6745,1209,409,1258,508,1233.5,458.5,1233.5,508.0
402,16.040,777,person,0.7526,1598,428,1642,546,1620.0,487.0,1620.0,546.0
402,16.040,242,person,0.7231,594,298,623,380,608.5,339.0,608.5,380.0
402,16.040,775,person,0.5450,1318,273,1347,359,1332.5,316.0,1332.5,359.0
402,16.040,809,person,0.6473,908,360,945,451,926.5,405.5,926.5,451.0
402,16.040,889,person,0.6124,368,356,402,453,385.0,404.5,385.0,453.0
402,16.040,776,person,0.6648,437,394,481,502,459.0,448.0,459.0,502.0
402,16.040,938,person,0.6983,114,450,162,563,138.0,506.5,138.0,563.0
402,16.040,711,person,0.6785,713,573,769,704,741.0,638.5,741.0,704.0
402,16.040,1023,person,0.7418,673,574,724,705,698.5,639.5,698.5,705.0
402,16.040,477,person,0.7154,1455,665,1526,793,1490.5,729.0,1490.5,793.0
402,16.040,1052,person,0.3954,677,578,717,702,697.0,640.0,697.0,702.0
402,16.040,993,person,0.2771,225,211,250,270,237.5,240.5,237.5,270.0
403,16.080,1,person,0.8339,916,635,980,764,948.0,699.5,948.0,764.0
403,16.080,665,person,0.7919,201,453,247,572,224.0,512.5,224.0,572.0
403,16.080,736,person,0.4366,771,234,801,307,786.0,270.5,786.0,307.0
403,16.080,738,person,0.7104,1210,409,1258,509,1234.0,459.0,1234.0,509.0
403,16.080,777,person,0.7441,1601,430,1644,545,1622.5,487.5,1622.5,545.0
403,16.080,242,person,0.7020,596,298,625,380,610.5,339.0,610.5,380.0
403,16.080,775,person,0.5058,1319,274,1348,358,1333.5,316.0,1333.5,358.0
403,16.080,809,person,0.6792,909,361,946,452,927.5,406.5,927.5,452.0
403,16.080,889,person,0.6129,369,355,402,454,385.5,404.5,385.5,454.0
403,16.080,776,person,0.6296,435,393,479,501,457.0,447.0,457.0,501.0
403,16.080,938,person,0.6970,111,449,160,564,135.5,506.5,135.5,564.0
403,16.080,711,person,0.7218,715,574,771,705,743.0,639.5,743.0,705.0
403,16.080,1023,person,0.7492,671,576,722,706,696.5,641.0,696.5,706.0
403,16.080,477,person,0.5905,1456,667,1525,791,1490.5,729.0,1490.5,791.0
403,16.080,993,person,0.2900,222,210,249,270,235.5,240.0,235.5,270.0
404,16.120,1,person,0.8028,920,635,987,765,953.5,700.0,953.5,765.0
404,16.120,665,person,0.8065,201,454,246,572,223.5,513.0,223.5,572.0
404,16.120,736,person,0.4094,772,235,801,306,786.5,270.5,786.5,306.0
404,16.120,738,person,0.6737,1209,408,1258,511,1233.5,459.5,1233.5,511.0
404,16.120,777,person,0.7393,1605,431,1648,545,1626.5,488.0,1626.5,545.0
404,16.120,242,person,0.7136,598,298,627,381,612.5,339.5,612.5,381.0
404,16.120,775,person,0.5466,1320,274,1350,359,1335.0,316.5,1335.0,359.0
404,16.120,809,person,0.7008,909,362,947,458,928.0,410.0,928.0,458.0
404,16.120,889,person,0.6022,368,354,402,454,385.0,404.0,385.0,454.0
404,16.120,776,person,0.6610,434,393,478,500,456.0,446.5,456.0,500.0
404,16.120,938,person,0.7201,108,450,158,563,133.0,506.5,133.0,563.0
404,16.120,711,person,0.7284,717,576,771,703,744.0,639.5,744.0,703.0
404,16.120,1023,person,0.7654,669,576,721,708,695.0,642.0,695.0,708.0
404,16.120,477,person,0.6736,1455,668,1524,790,1489.5,729.0,1489.5,790.0
404,16.120,993,person,0.3325,220,208,248,269,234.0,238.5,234.0,269.0
405,16.160,1,person,0.7855,924,635,992,766,958.0,700.5,958.0,766.0
405,16.160,665,person,0.8144,200,454,245,572,222.5,513.0,222.5,572.0
405,16.160,736,person,0.4502,771,233,801,306,786.0,269.5,786.0,306.0
405,16.160,738,person,0.7107,1209,409,1258,514,1233.5,461.5,1233.5,514.0
405,16.160,777,person,0.8249,1608,430,1652,546,1630.0,488.0,1630.0,546.0
405,16.160,242,person,0.7103,597,298,626,381,611.5,339.5,611.5,381.0
405,16.160,775,person,0.5589,1322,274,1352,361,1337.0,317.5,1337.0,361.0
405,16.160,809,person,0.6407,911,365,948,460,929.5,412.5,929.5,460.0
405,16.160,889,person,0.6353,368,354,402,453,385.0,403.5,385.0,453.0
405,16.160,776,person,0.6940,430,391,475,499,452.5,445.0,452.5,499.0
405,16.160,938,person,0.6993,104,450,154,563,129.0,506.5,129.0,563.0
405,16.160,711,person,0.7294,716,579,770,703,743.0,641.0,743.0,703.0
405,16.160,1023,person,0.7615,668,577,720,709,694.0,643.0,694.0,709.0
405,16.160,477,person,0.7754,1454,667,1525,789,1489.5,728.0,1489.5,789.0
405,16.160,993,person,0.3055,218,207,246,270,232.0,238.5,232.0,270.0
406,16.200,1,person,0.7858,930,634,998,765,964.0,699.5,964.0,765.0
406,16.200,665,person,0.8236,199,455,245,571,222.0,513.0,222.0,571.0
406,16.200,736,person,0.4071,771,233,801,305,786.0,269.0,786.0,305.0
406,16.200,738,person,0.7172,1210,411,1259,515,1234.5,463.0,1234.5,515.0
406,16.200,777,person,0.8506,1611,430,1656,549,1633.5,489.5,1633.5,549.0
406,16.200,242,person,0.6969,598,298,627,382,612.5,340.0,612.5,382.0
406,16.200,775,person,0.6367,1324,274,1354,359,1339.0,316.5,1339.0,359.0
406,16.200,809,person,0.6476,912,366,950,462,931.0,414.0,931.0,462.0
406,16.200,889,person,0.6568,368,354,401,453,384.5,403.5,384.5,453.0
406,16.200,776,person,0.6541,429,391,472,497,450.5,444.0,450.5,497.0
406,16.200,938,person,0.7076,98,452,147,564,122.5,508.0,122.5,564.0
406,16.200,711,person,0.7299,713,582,765,702,739.0,642.0,739.0,702.0
406,16.200,1023,person,0.7461,669,579,720,709,694.5,644.0,694.5,709.0
406,16.200,477,person,0.6961,1459,668,1529,790,1494.0,729.0,1494.0,790.0
406,16.200,993,person,0.2880,217,208,246,270,231.5,239.0,231.5,270.0
407,16.240,1,person,0.8027,936,634,1004,765,970.0,699.5,970.0,765.0
407,16.240,665,person,0.8143,199,458,245,572,222.0,515.0,222.0,572.0
407,16.240,736,person,0.3898,771,233,800,306,785.5,269.5,785.5,306.0
407,16.240,738,person,0.7101,1209,412,1258,517,1233.5,464.5,1233.5,517.0
407,16.240,777,person,0.8329,1614,432,1660,553,1637.0,492.5,1637.0,553.0
407,16.240,242,person,0.7036,598,297,627,382,612.5,339.5,612.5,382.0
407,16.240,775,person,0.6349,1325,273,1356,359,1340.5,316.0,1340.5,359.0
407,16.240,809,person,0.6847,914,365,951,463,932.5,414.0,932.5,463.0
407,16.240,889,person,0.6951,367,355,400,454,383.5,404.5,383.5,454.0
407,16.240,776,person,0.6649,426,389,469,496,447.5,442.5,447.5,496.0
407,16.240,938,person,0.6769,93,452,142,566,117.5,509.0,117.5,566.0
407,16.240,711,person,0.7850,709,583,761,703,735.0,643.0,735.0,703.0
407,16.240,1023,person,0.7923,668,577,720,708,694.0,642.5,694.0,708.0
407,16.240,477,person,0.7144,1463,666,1533,790,1498.0,728.0,1498.0,790.0
407,16.240,1053,person,0.4986,725,585,761,697,743.0,641.0,743.0,697.0
408,16.280,1,person,0.7925,946,633,1013,764,979.5,698.5,979.5,764.0
408,16.280,665,person,0.8050,198,459,245,573,221.5,516.0,221.5,573.0
408,16.280,736,person,0.3872,771,234,800,307,785.5,270.5,785.5,307.0
408,16.280,738,person,0.7081,1209,413,1258,518,1233.5,465.5,1233.5,518.0
408,16.280,777,person,0.8326,1617,434,1664,553,1640.5,493.5,1640.5,553.0
408,16.280,242,person,0.6774,598,296,628,381,613.0,338.5,613.0,381.0
408,16.280,775,person,0.6821,1327,273,1357,358,1342.0,315.5,1342.0,358.0
408,16.280,809,person,0.6736,914,366,952,466,933.0,416.0,933.0,466.0
408,16.280,889,person,0.7123,367,355,399,454,383.0,404.5,383.0,454.0
408,16.280,776,person,0.6878,423,389,467,497,445.0,443.0,445.0,497.0
408,16.280,938,person,0.6685,88,452,137,567,112.5,509.5,112.5,567.0
408,16.280,711,person,0.7933,706,585,758,705,732.0,645.0,732.0,705.0
408,16.280,1023,person,0.7070,666,576,718,709,692.0,642.5,692.0,709.0
408,16.280,477,person,0.7830,1466,666,1535,791,1500.5,728.5,1500.5,791.0
408,16.280,993,person,0.3237,215,206,245,272,230.0,239.0,230.0,272.0
409,16.320,1,person,0.7750,956,633,1021,765,988.5,699.0,988.5,765.0
409,16.320,665,person,0.8268,197,459,245,574,221.0,516.5,221.0,574.0
409,16.320,736,person,0.4342,770,233,799,305,784.5,269.0,784.5,305.0
409,16.320,738,person,0.7142,1209,415,1257,518,1233.0,466.5,1233.0,518.0
409,16.320,777,person,0.8471,1620,437,1666,552,1643.0,494.5,1643.0,552.0
409,16.320,242,person,0.6756,599,296,629,380,614.0,338.0,614.0,380.0
409,16.320,775,person,0.6741,1327,273,1357,357,1342.0,315.0,1342.0,357.0
409,16.320,809,person,0.6224,916,366,953,465,934.5,415.5,934.5,465.0
409,16.320,889,person,0.6984,365,356,397,453,381.0,404.5,381.0,453.0
409,16.320,776,person,0.6655,421,388,463,493,442.0,440.5,442.0,493.0
409,16.320,938,person,0.6332,84,450,134,568,109.0,509.0,109.0,568.0
409,16.320,711,person,0.8186,705,585,756,708,730.5,646.5,730.5,708.0
409,16.320,1023,person,0.6954,664,575,714,708,689.0,641.5,689.0,708.0
409,16.320,477,person,0.8599,1468,664,1538,792,1503.0,728.0,1503.0,792.0
409,16.320,993,person,0.4062,212,203,244,272,228.0,237.5,228.0,272.0
410,16.360,1,person,0.8203,961,628,1026,764,993.5,696.0,993.5,764.0
410,16.360,665,person,0.8418,196,457,244,573,220.0,515.0,220.0,573.0
410,16.360,736,person,0.3681,769,233,798,305,783.5,269.0,783.5,305.0
410,16.360,738,person,0.7163,1207,413,1255,516,1231.0,464.5,1231.0,516.0
410,16.360,777,person,0.7994,1622,438,1669,551,1645.5,494.5,1645.5,551.0
410,16.360,242,person,0.5724,600,295,630,380,615.0,337.5,615.0,380.0
410,16.360,775,person,0.6992,1327,272,1357,358,1342.0,315.0,1342.0,358.0
410,16.360,809,person,0.6613,917,366,953,463,935.0,414.5,935.0,463.0
410,16.360,889,person,0.6627,363,355,396,452,379.5,403.5,379.5,452.0
410,16.360,776,person,0.6655,419,387,461,492,440.0,439.5,440.0,492.0
410,16.360,938,person,0.6807,78,449,127,567,102.5,508.0,102.5,567.0
410,16.360,711,person,0.8104,703,586,755,711,729.0,648.5,729.0,711.0
410,16.360,1023,person,0.6694,660,576,711,710,685.5,643.0,685.5,710.0
410,16.360,477,person,0.8789,1468,659,1540,793,1504.0,726.0,1504.0,793.0
410,16.360,993,person,0.2984,210,204,242,272,226.0,238.0,226.0,272.0
411,16.400,1,person,0.7844,963,627,1028,765,995.5,696.0,995.5,765.0
411,16.400,665,person,0.8129,194,453,244,573,219.0,513.0,219.0,573.0
411,16.400,736,person,0.4214,767,233,795,302,781.0,267.5,781.0,302.0
411,16.400,738,person,0.7658,1202,412,1250,516,1226.0,464.0,1226.0,516.0
411,16.400,777,person,0.7891,1624,439,1671,552,1647.5,495.5,1647.5,552.0
411,16.400,242,person,0.6372,599,292,629,379,614.0,335.5,614.0,379.0
411,16.400,775,person,0.7383,1327,271,1357,356,1342.0,313.5,1342.0,356.0
411,16.400,809,person,0.7191,916,365,954,465,935.0,415.0,935.0,465.0
411,16.400,889,person,0.6257,360,354,393,454,376.5,404.0,376.5,454.0
411,16.400,776,person,0.7069,415,388,457,495,436.0,441.5,436.0,495.0
411,16.400,938,person,0.6983,72,450,120,568,96.0,509.0,96.0,568.0
411,16.400,711,person,0.7349,700,587,752,714,726.0,650.5,726.0,714.0
411,16.400,1023,person,0.7523,655,577,704,711,679.5,644.0,679.5,711.0
411,16.400,477,person,0.8582,1470,657,1541,792,1505.5,724.5,1505.5,792.0
412,16.440,1,person,0.7616,965,627,1029,765,997.0,696.0,997.0,765.0
412,16.440,665,person,0.8003,192,453,243,572,217.5,512.5,217.5,572.0
412,16.440,736,person,0.4146,764,232,792,301,778.0,266.5,778.0,301.0
412,16.440,738,person,0.7156,1196,413,1244,516,1220.0,464.5,1220.0,516.0
412,16.440,777,person,0.8200,1624,440,1673,552,1648.5,496.0,1648.5,552.0
412,16.440,242,person,0.6733,598,291,628,379,613.0,335.0,613.0,379.0
412,16.440,775,person,0.6999,1324,270,1355,356,1339.5,313.0,1339.5,356.0
412,16.440,809,person,0.7115,914,364,952,467,933.0,415.5,933.0,467.0
412,16.440,889,person,0.6928,357,353,390,455,373.5,404.0,373.5,455.0
412,16.440,776,person,0.7166,411,389,453,494,432.0,441.5,432.0,494.0
412,16.440,938,person,0.6665,66,452,112,566,89.0,509.0,89.0,566.0
412,16.440,711,person,0.8151,695,586,748,716,721.5,651.0,721.5,716.0
412,16.440,1023,person,0.6996,650,576,698,707,674.0,641.5,674.0,707.0
412,16.440,477,person,0.8461,1471,654,1543,792,1507.0,723.0,1507.0,792.0
413,16.480,1,person,0.7622,966,625,1029,763,997.5,694.0,997.5,763.0
413,16.480,665,person,0.7338,193,454,241,570,217.0,512.0,217.0,570.0
413,16.480,736,person,0.3538,760,231,788,299,774.0,265.0,774.0,299.0
413,16.480,738,person,0.8112,1187,415,1237,519,1212.0,467.0,1212.0,519.0
413,16.480,777,person,0.8045,1622,440,1673,551,1647.5,495.5,1647.5,551.0
413,16.480,242,person,0.6781,595,290,626,378,610.5,334.0,610.5,378.0
413,16.480,775,person,0.7223,1321,267,1353,357,1337.0,312.0,1337.0,357.0
413,16.480,809,person,0.6712,911,365,948,466,929.5,415.5,929.5,466.0
413,16.480,889,person,0.6712,352,353,386,454,369.0,403.5,369.0,454.0
413,16.480,776,person,0.7532,405,388,448,494,426.5,441.0,426.5,494.0
413,16.480,938,person,0.6108,58,453,104,566,81.0,509.5,81.0,566.0
413,16.480,711,person,0.8310,690,588,743,718,716.5,653.0,716.5,718.0
413,16.480,1023,person,0.7695,645,576,692,704,668.5,640.0,668.5,704.0
413,16.480,477,person,0.8419,1472,655,1543,791,1507.5,723.0,1507.5,791.0
414,16.520,1,person,0.7661,966,625,1029,763,997.5,694.0,997.5,763.0
414,16.520,665,person,0.7307,195,453,241,567,218.0,510.0,218.0,567.0
414,16.520,738,person,0.7891,1183,418,1231,518,1207.0,468.0,1207.0,518.0
414,16.520,777,person,0.8557,1619,439,1671,551,1645.0,495.0,1645.0,551.0
414,16.520,242,person,0.6707,593,291,624,378,608.5,334.5,608.5,378.0
414,16.520,775,person,0.7013,1317,266,1350,357,1333.5,311.5,1333.5,357.0
414,16.520,809,person,0.7198,908,367,945,467,926.5,417.0,926.5,467.0
414,16.520,889,person,0.6021,348,352,383,456,365.5,404.0,365.5,456.0
414,16.520,776,person,0.7190,401,388,442,491,421.5,439.5,421.5,491.0
414,16.520,938,person,0.5895,52,453,99,567,75.5,510.0,75.5,567.0
414,16.520,711,person,0.7650,686,590,738,719,712.0,654.5,712.0,719.0
414,16.520,1023,person,0.7134,637,574,686,707,661.5,640.5,661.5,707.0
414,16.520,477,person,0.7151,1470,655,1542,791,1506.0,723.0,1506.0,791.0
415,16.560,1,person,0.8192,965,624,1028,761,996.5,692.5,996.5,761.0
415,16.560,665,person,0.7234,195,453,241,568,218.0,510.5,218.0,568.0
415,16.560,738,person,0.8343,1178,419,1226,517,1202.0,468.0,1202.0,517.0
415,16.560,777,person,0.8609,1616,439,1669,552,1642.5,495.5,1642.5,552.0
415,16.560,242,person,0.6796,588,290,619,378,603.5,334.0,603.5,378.0
415,16.560,775,person,0.7169,1313,266,1345,354,1329.0,310.0,1329.0,354.0
415,16.560,809,person,0.6609,906,367,942,467,924.0,417.0,924.0,467.0
415,16.560,889,person,0.6533,343,354,377,454,360.0,404.0,360.0,454.0
415,16.560,776,person,0.7356,395,387,436,490,415.5,438.5,415.5,490.0
415,16.560,938,person,0.6164,44,454,93,568,68.5,511.0,68.5,568.0
415,16.560,711,person,0.7585,681,594,733,722,707.0,658.0,707.0,722.0
415,16.560,1023,person,0.6235,628,576,678,709,653.0,642.5,653.0,709.0
415,16.560,477,person,0.7242,1468,651,1543,792,1505.5,721.5,1505.5,792.0
415,16.560,736,person,0.4666,750,231,777,299,763.5,265.0,763.5,299.0
416,16.600,1,person,0.7712,968,625,1030,760,999.0,692.5,999.0,760.0
416,16.600,665,person,0.6289,195,455,239,567,217.0,511.0,217.0,567.0
416,16.600,738,person,0.8181,1173,418,1221,518,1197.0,468.0,1197.0,518.0
416,16.600,777,person,0.8292,1614,437,1667,549,1640.5,493.0,1640.5,549.0
416,16.600,242,person,0.6674,583,290,614,377,598.5,333.5,598.5,377.0
416,16.600,775,person,0.6880,1308,267,1339,353,1323.5,310.0,1323.5,353.0
416,16.600,809,person,0.6846,903,369,939,466,921.0,417.5,921.0,466.0
416,16.600,889,person,0.6718,337,354,371,453,354.0,403.5,354.0,453.0
416,16.600,776,person,0.7280,388,387,429,489,408.5,438.0,408.5,489.0
416,16.600,938,person,0.6745,37,455,87,569,62.0,512.0,62.0,569.0
416,16.600,711,person,0.7660,674,593,727,725,700.5,659.0,700.5,725.0
416,16.600,1023,person,0.6297,621,578,669,708,645.0,643.0,645.0,708.0
416,16.600,477,person,0.7167,1466,646,1544,792,1505.0,719.0,1505.0,792.0
416,16.600,736,person,0.4454,745,232,772,299,758.5,265.5,758.5,299.0
417,16.640,1,person,0.7664,972,624,1032,760,1002.0,692.0,1002.0,760.0
417,16.640,665,person,0.6870,194,455,237,567,215.5,511.0,215.5,567.0
417,16.640,738,person,0.7365,1166,417,1215,518,1190.5,467.5,1190.5,518.0
417,16.640,777,person,0.8490,1610,434,1665,550,1637.5,492.0,1637.5,550.0
417,16.640,242,person,0.6440,578,290,611,377,594.5,333.5,594.5,377.0
417,16.640,775,person,0.7599,1302,267,1334,353,1318.0,310.0,1318.0,353.0
417,16.640,809,person,0.6383,899,371,934,466,916.5,418.5,916.5,466.0
417,16.640,889,person,0.7106,331,354,365,454,348.0,404.0,348.0,454.0
417,16.640,776,person,0.6982,381,386,423,489,402.0,437.5,402.0,489.0
417,16.640,938,person,0.6679,32,456,81,569,56.5,512.5,56.5,569.0
417,16.640,711,person,0.8144,669,593,722,725,695.5,659.0,695.5,725.0
417,16.640,1023,person,0.7501,615,576,663,709,639.0,642.5,639.0,709.0
417,16.640,477,person,0.6736,1465,640,1547,792,1506.0,716.0,1506.0,792.0
417,16.640,736,person,0.4101,738,230,766,299,752.0,264.5,752.0,299.0
418,16.680,1,person,0.8007,975,622,1035,759,1005.0,690.5,1005.0,759.0
418,16.680,665,person,0.6801,192,456,234,567,213.0,511.5,213.0,567.0
418,16.680,738,person,0.7561,1160,416,1210,518,1185.0,467.0,1185.0,518.0
418,16.680,777,person,0.8409,1607,432,1663,553,1635.0,492.5,1635.0,553.0
418,16.680,242,person,0.6903,572,289,605,377,588.5,333.0,588.5,377.0
418,16.680,775,person,0.7421,1297,267,1329,353,1313.0,310.0,1313.0,353.0
418,16.680,809,person,0.5900,895,371,931,466,913.0,418.5,913.0,466.0
418,16.680,889,person,0.6952,326,354,360,453,343.0,403.5,343.0,453.0
418,16.680,776,person,0.5978,374,384,416,489,395.0,436.5,395.0,489.0
418,16.680,938,person,0.7056,26,456,76,570,51.0,513.0,51.0,570.0
418,16.680,711,person,0.7360,664,594,717,725,690.5,659.5,690.5,725.0
418,16.680,1023,person,0.6940,607,576,657,710,632.0,643.0,632.0,710.0
418,16.680,477,person,0.7223,1461,639,1541,791,1501.0,715.0,1501.0,791.0
418,16.680,736,person,0.4238,732,229,761,300,746.5,264.5,746.5,300.0
419,16.720,1,person,0.8116,975,619,1037,761,1006.0,690.0,1006.0,761.0
419,16.720,665,person,0.7065,190,459,231,566,210.5,512.5,210.5,566.0
419,16.720,738,person,0.7736,1157,412,1208,519,1182.5,465.5,1182.5,519.0
419,16.720,777,person,0.8256,1604,431,1660,551,1632.0,491.0,1632.0,551.0
419,16.720,242,person,0.7090,567,290,600,377,583.5,333.5,583.5,377.0
419,16.720,775,person,0.6742,1293,267,1325,353,1309.0,310.0,1309.0,353.0
419,16.720,809,person,0.5456,892,372,928,468,910.0,420.0,910.0,468.0
419,16.720,889,person,0.7527,320,357,354,455,337.0,406.0,337.0,455.0
419,16.720,776,person,0.7247,368,385,410,489,389.0,437.0,389.0,489.0
419,16.720,938,person,0.6903,18,456,69,571,43.5,513.5,43.5,571.0
419,16.720,711,person,0.7298,658,594,711,726,684.5,660.0,684.5,726.0
419,16.720,1023,person,0.6829,601,577,650,711,625.5,644.0,625.5,711.0
419,16.720,477,person,0.8354,1457,635,1538,792,1497.5,713.5,1497.5,792.0
419,16.720,736,person,0.5365,726,228,755,300,740.5,264.0,740.5,300.0
419,16.720,1060,person,0.4007,890,371,952,468,921.0,419.5,921.0,468.0
420,16.760,1,person,0.7766,974,615,1036,761,1005.0,688.0,1005.0,761.0
420,16.760,665,person,0.7509,189,458,232,567,210.5,512.5,210.5,567.0
420,16.760,738,person,0.7163,1155,413,1206,517,1180.5,465.0,1180.5,517.0
420,16.760,777,person,0.8184,1601,431,1659,557,1630.0,494.0,1630.0,557.0
420,16.760,242,person,0.7367,564,290,597,376,580.5,333.0,580.5,376.0
420,16.760,775,person,0.6788,1290,267,1320,352,1305.0,309.5,1305.0,352.0
420,16.760,809,person,0.5371,887,369,924,471,905.5,420.0,905.5,471.0
420,16.760,889,person,0.6292,314,356,348,455,331.0,405.5,331.0,455.0
420,16.760,776,person,0.8049,361,386,403,490,382.0,438.0,382.0,490.0
420,16.760,938,person,0.7108,13,459,63,571,38.0,515.0,38.0,571.0
420,16.760,711,person,0.7635,653,597,705,725,679.0,661.0,679.0,725.0
420,16.760,1023,person,0.6635,597,578,645,710,621.0,644.0,621.0,710.0
420,16.760,477,person,0.8540,1453,631,1535,791,1494.0,711.0,1494.0,791.0
420,16.760,736,person,0.4904,721,228,750,300,735.5,264.0,735.5,300.0
420,16.760,1060,person,0.2244,885,369,950,471,917.5,420.0,917.5,471.0
421,16.800,1,person,0.7705,974,614,1034,756,1004.0,685.0,1004.0,756.0
421,16.800,665,person,0.8301,187,456,233,568,210.0,512.0,210.0,568.0
421,16.800,738,person,0.7892,1151,414,1201,517,1176.0,465.5,1176.0,517.0
421,16.800,777,person,0.7773,1600,433,1655,553,1627.5,493.0,1627.5,553.0
421,16.800,242,person,0.7345,561,289,594,374,577.5,331.5,577.5,374.0
421,16.800,775,person,0.7171,1285,267,1316,351,1300.5,309.0,1300.5,351.0
421,16.800,809,person,0.5412,885,369,923,471,904.0,420.0,904.0,471.0
421,16.800,889,person,0.6097,308,354,344,455,326.0,404.5,326.0,455.0
421,16.800,776,person,0.7733,354,385,396,491,375.0,438.0,375.0,491.0
421,16.800,938,person,0.6334,6,460,54,571,30.0,515.5,30.0,571.0
421,16.800,711,person,0.7884,649,598,701,727,675.0,662.5,675.0,727.0
421,16.800,1023,person,0.7066,594,577,642,710,618.0,643.5,618.0,710.0
421,16.800,477,person,0.8592,1454,645,1531,792,1492.5,718.5,1492.5,792.0
421,16.800,736,person,0.4787,716,229,745,300,730.5,264.5,730.5,300.0
421,16.800,1060,person,0.2798,883,370,946,469,914.5,419.5,914.5,469.0
422,16.840,1,person,0.7904,975,612,1035,754,1005.0,683.0,1005.0,754.0
422,16.840,665,person,0.8360,185,457,234,570,209.5,513.5,209.5,570.0
422,16.840,738,person,0.7971,1147,417,1197,518,1172.0,467.5,1172.0,518.0
422,16.840,777,person,0.8257,1596,435,1652,556,1624.0,495.5,1624.0,556.0
422,16.840,242,person,0.7325,558,289,591,375,574.5,332.0,574.5,375.0
422,16.840,775,person,0.7054,1281,267,1312,352,1296.5,309.5,1296.5,352.0
422,16.840,809,person,0.5734,885,370,923,470,904.0,420.0,904.0,470.0
422,16.840,889,person,0.7206,303,355,338,456,320.5,405.5,320.5,456.0
422,16.840,776,person,0.7028,347,387,388,490,367.5,438.5,367.5,490.0
422,16.840,938,person,0.6016,0,458,48,572,24.0,515.0,24.0,572.0
422,16.840,711,person,0.7750,644,601,695,730,669.5,665.5,669.5,730.0
422,16.840,1023,person,0.7103,589,573,638,709,613.5,641.0,613.5,709.0
422,16.840,477,person,0.8444,1452,648,1529,794,1490.5,721.0,1490.5,794.0
422,16.840,736,person,0.5019,710,229,738,300,724.0,264.5,724.0,300.0
422,16.840,1060,person,0.2170,881,369,945,469,913.0,419.0,913.0,469.0
423,16.880,1,person,0.8126,976,611,1035,751,1005.5,681.0,1005.5,751.0
423,16.880,665,person,0.8046,182,456,234,573,208.0,514.5,208.0,573.0
423,16.880,738,person,0.8235,1142,418,1193,519,1167.5,468.5,1167.5,519.0
423,16.880,777,person,0.8224,1593,437,1649,556,1621.0,496.5,1621.0,556.0
423,16.880,242,person,0.6879,555,290,588,375,571.5,332.5,571.5,375.0
423,16.880,775,person,0.7145,1277,268,1308,352,1292.5,310.0,1292.5,352.0
423,16.880,809,person,0.5223,881,371,918,470,899.5,420.5,899.5,470.0
423,16.880,889,person,0.7536,296,357,331,457,313.5,407.0,313.5,457.0
423,16.880,776,person,0.7376,341,390,382,491,361.5,440.5,361.5,491.0
423,16.880,938,person,0.7204,0,458,43,572,21.5,515.0,21.5,572.0
423,16.880,711,person,0.7616,639,601,690,734,664.5,667.5,664.5,734.0
423,16.880,1023,person,0.6692,585,571,633,706,609.0,638.5,609.0,706.0
423,16.880,477,person,0.8528,1449,646,1528,794,1488.5,720.0,1488.5,794.0
423,16.880,736,person,0.3873,704,230,731,296,717.5,263.0,717.5,296.0
424,16.920,1,person,0.7898,976,613,1033,749,1004.5,681.0,1004.5,749.0
424,16.920,665,person,0.7788,177,461,229,572,203.0,516.5,203.0,572.0
424,16.920,738,person,0.8108,1138,420,1189,521,1163.5,470.5,1163.5,521.0
424,16.920,777,person,0.8107,1590,438,1646,558,1618.0,498.0,1618.0,558.0
424,16.920,242,person,0.6633,553,290,585,376,569.0,333.0,569.0,376.0
424,16.920,775,person,0.7051,1273,268,1304,352,1288.5,310.0,1288.5,352.0
424,16.920,809,person,0.6497,880,371,919,474,899.5,422.5,899.5,474.0
424,16.920,889,person,0.6509,291,361,325,456,308.0,408.5,308.0,456.0
424,16.920,776,person,0.7501,333,389,375,493,354.0,441.0,354.0,493.0
424,16.920,938,person,0.6411,0,460,37,574,18.5,517.0,18.5,574.0
424,16.920,711,person,0.7394,635,604,685,735,660.0,669.5,660.0,735.0
424,16.920,1023,person,0.7113,580,572,628,706,604.0,639.0,604.0,706.0
424,16.920,477,person,0.8436,1446,646,1526,793,1486.0,719.5,1486.0,793.0
424,16.920,736,person,0.5049,698,231,726,300,712.0,265.5,712.0,300.0
425,16.960,1,person,0.8381,977,613,1033,749,1005.0,681.0,1005.0,749.0
425,16.960,665,person,0.7924,174,463,226,572,200.0,517.5,200.0,572.0
425,16.960,738,person,0.7489,1136,422,1187,520,1161.5,471.0,1161.5,520.0
425,16.960,777,person,0.7947,1586,439,1641,556,1613.5,497.5,1613.5,556.0
425,16.960,242,person,0.7161,549,290,582,378,565.5,334.0,565.5,378.0
425,16.960,775,person,0.7054,1268,266,1301,356,1284.5,311.0,1284.5,356.0
425,16.960,809,person,0.4757,874,372,913,476,893.5,424.0,893.5,476.0
425,16.960,889,person,0.6685,286,359,321,456,303.5,407.5,303.5,456.0
425,16.960,776,person,0.6127,328,390,371,494,349.5,442.0,349.5,494.0
425,16.960,938,person,0.5005,0,457,33,578,16.5,517.5,16.5,578.0
425,16.960,711,person,0.7530,632,607,681,737,656.5,672.0,656.5,737.0
425,16.960,1023,person,0.6849,576,572,623,706,599.5,639.0,599.5,706.0
425,16.960,477,person,0.8434,1443,634,1528,793,1485.5,713.5,1485.5,793.0
425,16.960,736,person,0.4725,693,233,720,300,706.5,266.5,706.5,300.0
425,16.960,1060,person,0.3146,869,373,934,475,901.5,424.0,901.5,475.0
426,17.000,1,person,0.8421,978,615,1033,750,1005.5,682.5,1005.5,750.0
426,17.000,665,person,0.8087,172,464,225,572,198.5,518.0,198.5,572.0
426,17.000,738,person,0.7537,1136,424,1186,518,1161.0,471.0,1161.0,518.0
426,17.000,777,person,0.7688,1582,441,1634,554,1608.0,497.5,1608.0,554.0
426,17.000,242,person,0.7224,546,292,578,378,562.0,335.0,562.0,378.0
426,17.000,775,person,0.6936,1266,267,1298,356,1282.0,311.5,1282.0,356.0
426,17.000,809,person,0.5612,872,374,912,476,892.0,425.0,892.0,476.0
426,17.000,889,person,0.6978,282,360,316,457,299.0,408.5,299.0,457.0
426,17.000,776,person,0.6966,323,392,368,497,345.5,444.5,345.5,497.0
426,17.000,711,person,0.8359,628,610,677,740,652.5,675.0,652.5,740.0
426,17.000,1023,person,0.7228,572,574,618,708,595.0,641.0,595.0,708.0
426,17.000,477,person,0.8056,1442,631,1528,794,1485.0,712.5,1485.0,794.0
426,17.000,736,person,0.5396,687,231,715,301,701.0,266.0,701.0,301.0
427,17.040,1,person,0.8219,978,614,1034,752,1006.0,683.0,1006.0,752.0
427,17.040,665,person,0.7977,171,465,225,573,198.0,519.0,198.0,573.0
427,17.040,738,person,0.7630,1135,425,1187,520,1161.0,472.5,1161.0,520.0
427,17.040,777,person,0.7950,1577,441,1629,555,1603.0,498.0,1603.0,555.0
427,17.040,242,person,0.6860,544,293,575,377,559.5,335.0,559.5,377.0
427,17.040,775,person,0.7180,1263,265,1296,356,1279.5,310.5,1279.5,356.0
427,17.040,809,person,0.5260,869,374,909,477,889.0,425.5,889.0,477.0
427,17.040,889,person,0.7492,276,361,311,459,293.5,410.0,293.5,459.0
427,17.040,776,person,0.5668,315,394,357,493,336.0,443.5,336.0,493.0
427,17.040,711,person,0.7993,625,611,674,744,649.5,677.5,649.5,744.0
427,17.040,1023,person,0.7122,569,575,615,709,592.0,642.0,592.0,709.0
427,17.040,736,person,0.3175,682,231,710,301,696.0,266.0,696.0,301.0
427,17.040,1068,person,0.4316,118,205,147,275,132.5,240.0,132.5,275.0
427,17.040,1016,person,0.7137,1456,646,1518,798,1487.0,722.0,1487.0,798.0
428,17.080,1,person,0.8517,978,612,1034,752,1006.0,682.0,1006.0,752.0
428,17.080,665,person,0.7831,172,466,226,574,199.0,520.0,199.0,574.0
428,17.080,738,person,0.7235,1136,425,1189,522,1162.5,473.5,1162.5,522.0
428,17.080,777,person,0.7619,1573,439,1624,553,1598.5,496.0,1598.5,553.0
428,17.080,242,person,0.6869,540,296,571,379,555.5,337.5,555.5,379.0
428,17.080,775,person,0.7476,1260,269,1293,357,1276.5,313.0,1276.5,357.0
428,17.080,889,person,0.7319,272,362,307,459,289.5,410.5,289.5,459.0
428,17.080,776,person,0.7465,309,392,352,495,330.5,443.5,330.5,495.0
428,17.080,711,person,0.7368,622,612,671,747,646.5,679.5,646.5,747.0
428,17.080,1023,person,0.7251,567,575,613,710,590.0,642.5,590.0,710.0
428,17.080,736,person,0.5820,679,235,704,299,691.5,267.0,691.5,299.0
428,17.080,1068,person,0.2277,115,210,142,275,128.5,242.5,128.5,275.0
428,17.080,1069,person,0.7290,307,393,351,475,329.0,434.0,329.0,475.0
428,17.080,1016,person,0.7557,1460,648,1521,800,1490.5,724.0,1490.5,800.0
428,17.080,1060,person,0.6350,861,378,923,478,892.0,428.0,892.0,478.0
429,17.120,1,person,0.8094,979,610,1034,751,1006.5,680.5,1006.5,751.0
429,17.120,665,person,0.7223,175,466,229,576,202.0,521.0,202.0,576.0
429,17.120,738,person,0.6904,1138,425,1193,524,1165.5,474.5,1165.5,524.0
429,17.120,777,person,0.8269,1571,439,1622,551,1596.5,495.0,1596.5,551.0
429,17.120,242,person,0.6498,538,297,568,380,553.0,338.5,553.0,380.0
429,17.120,775,person,0.7670,1259,270,1290,356,1274.5,313.0,1274.5,356.0
429,17.120,889,person,0.6503,267,363,302,462,284.5,412.5,284.5,462.0
429,17.120,776,person,0.7286,304,394,347,496,325.5,445.0,325.5,496.0
429,17.120,711,person,0.7161,620,614,668,747,644.0,680.5,644.0,747.0
429,17.120,1023,person,0.7101,565,575,610,710,587.5,642.5,587.5,710.0
429,17.120,736,person,0.4752,674,237,700,301,687.0,269.0,687.0,301.0
429,17.120,1068,person,0.2006,111,216,137,280,124.0,248.0,124.0,280.0
429,17.120,1016,person,0.7301,1466,650,1524,802,1495.0,726.0,1495.0,802.0
429,17.120,1060,person,0.5906,861,380,919,473,890.0,426.5,890.0,473.0
430,17.160,1,person,0.8067,980,609,1035,750,1007.5,679.5,1007.5,750.0
430,17.160,665,person,0.6984,180,466,232,576,206.0,521.0,206.0,576.0
430,17.160,738,person,0.7161,1144,427,1198,521,1171.0,474.0,1171.0,521.0
430,17.160,777,person,0.8492,1569,440,1621,555,1595.0,497.5,1595.0,555.0
430,17.160,242,person,0.6939,535,298,566,381,550.5,339.5,550.5,381.0
430,17.160,775,person,0.6855,1257,272,1288,358,1272.5,315.0,1272.5,358.0
430,17.160,889,person,0.6548,264,363,300,465,282.0,414.0,282.0,465.0
430,17.160,776,person,0.6665,301,395,343,496,322.0,445.5,322.0,496.0
430,17.160,711,person,0.7061,619,619,666,749,642.5,684.0,642.5,749.0
430,17.160,1023,person,0.7474,563,576,608,710,585.5,643.0,585.5,710.0
430,17.160,736,person,0.5126,669,238,696,304,682.5,271.0,682.5,304.0
430,17.160,1068,person,0.2020,107,219,131,277,119.0,248.0,119.0,277.0
430,17.160,1016,person,0.7322,1470,652,1526,804,1498.0,728.0,1498.0,804.0
430,17.160,1060,person,0.5652,860,381,918,474,889.0,427.5,889.0,474.0
431,17.200,1,person,0.8162,981,609,1034,745,1007.5,677.0,1007.5,745.0
431,17.200,665,person,0.6794,183,467,234,578,208.5,522.5,208.5,578.0
431,17.200,738,person,0.7547,1146,427,1201,523,1173.5,475.0,1173.5,523.0
431,17.200,777,person,0.8123,1567,442,1620,561,1593.5,501.5,1593.5,561.0
431,17.200,242,person,0.6877,534,298,564,381,549.0,339.5,549.0,381.0
431,17.200,775,person,0.7031,1255,274,1285,358,1270.0,316.0,1270.0,358.0
431,17.200,889,person,0.6926,260,365,296,466,278.0,415.5,278.0,466.0
431,17.200,776,person,0.6108,296,395,337,497,316.5,446.0,316.5,497.0
431,17.200,711,person,0.7178,618,620,665,752,641.5,686.0,641.5,752.0
431,17.200,1023,person,0.7634,561,576,607,712,584.0,644.0,584.0,712.0
431,17.200,736,person,0.5736,666,239,692,305,679.0,272.0,679.0,305.0
431,17.200,1068,person,0.4327,104,219,128,278,116.0,248.5,116.0,278.0
431,17.200,1016,person,0.6880,1473,652,1526,803,1499.5,727.5,1499.5,803.0
431,17.200,1060,person,0.4884,859,382,915,474,887.0,428.0,887.0,474.0
432,17.240,1,person,0.8342,981,609,1032,740,1006.5,674.5,1006.5,740.0
432,17.240,665,person,0.6558,186,467,235,579,210.5,523.0,210.5,579.0
432,17.240,738,person,0.7940,1146,428,1201,522,1173.5,475.0,1173.5,522.0
432,17.240,777,person,0.7724,1566,446,1617,562,1591.5,504.0,1591.5,562.0
432,17.240,242,person,0.6408,533,299,563,383,548.0,341.0,548.0,383.0
432,17.240,775,person,0.7277,1253,275,1283,359,1268.0,317.0,1268.0,359.0
432,17.240,889,person,0.6459,258,367,294,467,276.0,417.0,276.0,467.0
432,17.240,776,person,0.6290,292,397,333,499,312.5,448.0,312.5,499.0
432,17.240,711,person,0.7212,617,622,664,754,640.5,688.0,640.5,754.0
432,17.240,1023,person,0.7448,561,578,606,711,583.5,644.5,583.5,711.0
432,17.240,736,person,0.5145,663,239,689,306,676.0,272.5,676.0,306.0
432,17.240,1068,person,0.4260,100,218,125,279,112.5,248.5,112.5,279.0
432,17.240,1016,person,0.7232,1477,658,1529,803,1503.0,730.5,1503.0,803.0
432,17.240,1060,person,0.5693,855,382,915,481,885.0,431.5,885.0,481.0
433,17.280,1,person,0.8125,980,609,1031,739,1005.5,674.0,1005.5,739.0
433,17.280,665,person,0.6859,188,468,237,580,212.5,524.0,212.5,580.0
433,17.280,738,person,0.7920,1147,429,1204,526,1175.5,477.5,1175.5,526.0
433,17.280,777,person,0.6940,1563,451,1615,566,1589.0,508.5,1589.0,566.0
433,17.280,242,person,0.6696,532,299,562,382,547.0,340.5,547.0,382.0
433,17.280,775,person,0.6950,1252,276,1282,360,1267.0,318.0,1267.0,360.0
433,17.280,889,person,0.6563,256,369,290,467,273.0,418.0,273.0,467.0
433,17.280,776,person,0.6786,287,399,328,501,307.5,450.0,307.5,501.0
433,17.280,711,person,0.7020,616,624,663,755,639.5,689.5,639.5,755.0
433,17.280,1023,person,0.8543,561,577,605,709,583.0,643.0,583.0,709.0
433,17.280,736,person,0.5028,658,239,685,308,671.5,273.5,671.5,308.0
433,17.280,1068,person,0.4741,98,219,123,281,110.5,250.0,110.5,281.0
433,17.280,1016,person,0.7521,1478,652,1534,805,1506.0,728.5,1506.0,805.0
433,17.280,1060,person,0.5741,851,383,913,486,882.0,434.5,882.0,486.0
434,17.320,1,person,0.8095,981,609,1032,738,1006.5,673.5,1006.5,738.0
434,17.320,665,person,0.7549,192,467,241,582,216.5,524.5,216.5,582.0
434,17.320,738,person,0.8205,1149,429,1206,526,1177.5,477.5,1177.5,526.0
434,17.320,777,person,0.7176,1559,453,1610,564,1584.5,508.5,1584.5,564.0
434,17.320,242,person,0.6896,531,299,562,383,546.5,341.0,546.5,383.0
434,17.320,775,person,0.6462,1251,276,1281,360,1266.0,318.0,1266.0,360.0
434,17.320,889,person,0.4849,253,372,287,470,270.0,421.0,270.0,470.0
434,17.320,776,person,0.6930,283,401,323,501,303.0,451.0,303.0,501.0
434,17.320,711,person,0.7223,617,627,664,760,640.5,693.5,640.5,760.0
434,17.320,1023,person,0.8433,561,577,605,708,583.0,642.5,583.0,708.0
434,17.320,736,person,0.5791,654,241,681,308,667.5,274.5,667.5,308.0
434,17.320,1068,person,0.4306,95,219,122,284,108.5,251.5,108.5,284.0
434,17.320,1016,person,0.7601,1481,660,1536,806,1508.5,733.0,1508.5,806.0
434,17.320,1060,person,0.4997,851,384,912,486,881.5,435.0,881.5,486.0
435,17.360,1,person,0.8252,982,610,1033,738,1007.5,674.0,1007.5,738.0
435,17.360,665,person,0.7950,195,469,246,584,220.5,526.5,220.5,584.0
435,17.360,738,person,0.8187,1153,429,1211,525,1182.0,477.0,1182.0,525.0
435,17.360,777,person,0.7102,1550,455,1605,569,1577.5,512.0,1577.5,569.0
435,17.360,242,person,0.6859,531,299,561,384,546.0,341.5,546.0,384.0
435,17.360,775,person,0.7097,1250,276,1281,362,1265.5,319.0,1265.5,362.0
435,17.360,889,person,0.4758,251,373,286,473,268.5,423.0,268.5,473.0
435,17.360,776,person,0.6533,281,403,321,502,301.0,452.5,301.0,502.0
435,17.360,711,person,0.6985,617,630,664,762,640.5,696.0,640.5,762.0
435,17.360,1023,person,0.7797,561,578,605,708,583.0,643.0,583.0,708.0
435,17.360,736,person,0.5527,650,242,677,308,663.5,275.0,663.5,308.0
435,17.360,1068,person,0.4970,95,218,123,284,109.0,251.0,109.0,284.0
435,17.360,1016,person,0.7045,1482,667,1539,812,1510.5,739.5,1510.5,812.0
435,17.360,1060,person,0.3836,851,385,912,488,881.5,436.5,881.5,488.0
436,17.400,1,person,0.8409,981,610,1033,740,1007.0,675.0,1007.0,740.0
436,17.400,665,person,0.7874,197,472,249,585,223.0,528.5,223.0,585.0
436,17.400,738,person,0.7460,1155,427,1214,525,1184.5,476.0,1184.5,525.0
436,17.400,777,person,0.7824,1546,455,1602,567,1574.0,511.0,1574.0,567.0
436,17.400,242,person,0.7565,531,300,561,386,546.0,343.0,546.0,386.0
436,17.400,775,person,0.7309,1249,276,1280,362,1264.5,319.0,1264.5,362.0
436,17.400,889,person,0.3037,251,375,286,474,268.5,424.5,268.5,474.0
436,17.400,776,person,0.5857,280,404,320,502,300.0,453.0,300.0,502.0
436,17.400,711,person,0.7437,617,633,666,767,641.5,700.0,641.5,767.0
436,17.400,1023,person,0.8144,561,577,606,708,583.5,642.5,583.5,708.0
436,17.400,736,person,0.5850,648,243,676,310,662.0,276.5,662.0,310.0
436,17.400,1068,person,0.4771,93,221,121,288,107.0,254.5,107.0,288.0
436,17.400,1016,person,0.7353,1482,667,1541,813,1511.5,740.0,1511.5,813.0
436,17.400,1060,person,0.4600,852,390,910,489,881.0,439.5,881.0,489.0
436,17.400,1073,person,0.4132,253,377,296,487,274.5,432.0,274.5,487.0
437,17.440,1,person,0.8342,981,609,1034,741,1007.5,675.0,1007.5,741.0
437,17.440,665,person,0.7502,198,474,251,586,224.5,530.0,224.5,586.0
437,17.440,738,person,0.7265,1160,429,1218,527,1189.0,478.0,1189.0,527.0
437,17.440,777,person,0.7838,1545,456,1601,566,1573.0,511.0,1573.0,566.0
437,17.440,242,person,0.7272,530,301,561,388,545.5,344.5,545.5,388.0
437,17.440,775,person,0.7286,1248,276,1279,363,1263.5,319.5,1263.5,363.0
437,17.440,889,person,0.4182,250,378,285,478,267.5,428.0,267.5,478.0
437,17.440,776,person,0.4525,278,404,317,504,297.5,454.0,297.5,504.0
437,17.440,711,person,0.7645,618,634,667,769,642.5,701.5,642.5,769.0
437,17.440,1023,person,0.8006,560,578,604,709,582.0,643.5,582.0,709.0
437,17.440,736,person,0.5237,646,244,673,309,659.5,276.5,659.5,309.0
437,17.440,1068,person,0.4365,92,225,120,292,106.0,258.5,106.0,292.0
437,17.440,1016,person,0.7221,1482,668,1543,814,1512.5,741.0,1512.5,814.0
437,17.440,1060,person,0.4689,852,392,909,490,880.5,441.0,880.5,490.0
438,17.480,1,person,0.8022,980,609,1034,742,1007.0,675.5,1007.0,742.0
438,17.480,665,person,0.7961,198,477,251,588,224.5,532.5,224.5,588.0
438,17.480,738,person,0.7742,1168,430,1225,527,1196.5,478.5,1196.5,527.0
438,17.480,777,person,0.8180,1543,457,1600,566,1571.5,511.5,1571.5,566.0
438,17.480,242,person,0.7370,529,302,560,390,544.5,346.0,544.5,390.0
438,17.480,775,person,0.6616,1247,277,1278,365,1262.5,321.0,1262.5,365.0
438,17.480,889,person,0.4237,248,379,283,479,265.5,429.0,265.5,479.0
438,17.480,776,person,0.5000,272,402,313,505,292.5,453.5,292.5,505.0
438,17.480,711,person,0.8099,616,634,667,773,641.5,703.5,641.5,773.0
438,17.480,1023,person,0.8346,559,579,604,711,581.5,645.0,581.5,711.0
438,17.480,736,person,0.3892,644,244,670,308,657.0,276.0,657.0,308.0
438,17.480,1068,person,0.3285,90,225,117,290,103.5,257.5,103.5,290.0
438,17.480,1016,person,0.7380,1482,666,1545,814,1513.5,740.0,1513.5,814.0
438,17.480,1060,person,0.5643,851,393,908,490,879.5,441.5,879.5,490.0
438,17.480,1073,person,0.3894,252,380,295,490,273.5,435.0,273.5,490.0
439,17.520,1,person,0.8403,978,603,1033,739,1005.5,671.0,1005.5,739.0
439,17.520,665,person,0.7951,199,478,251,586,225.0,532.0,225.0,586.0
439,17.520,738,person,0.8024,1174,430,1230,528,1202.0,479.0,1202.0,528.0
439,17.520,777,person,0.8026,1543,458,1601,567,1572.0,512.5,1572.0,567.0
439,17.520,242,person,0.6969,527,304,558,391,542.5,347.5,542.5,391.0
439,17.520,775,person,0.7169,1246,278,1277,366,1261.5,322.0,1261.5,366.0
439,17.520,889,person,0.4251,247,380,281,475,264.0,427.5,264.0,475.0
439,17.520,776,person,0.4452,267,402,309,506,288.0,454.0,288.0,506.0
439,17.520,711,person,0.8015,614,636,666,775,640.0,705.5,640.0,775.0
439,17.520,1023,person,0.8000,558,580,602,712,580.0,646.0,580.0,712.0
439,17.520,736,person,0.4434,640,246,667,311,653.5,278.5,653.5,311.0
439,17.520,1068,person,0.3803,90,229,116,292,103.0,260.5,103.0,292.0
439,17.520,1016,person,0.6987,1483,665,1546,815,1514.5,740.0,1514.5,815.0
439,17.520,1060,person,0.5268,852,394,907,489,879.5,441.5,879.5,489.0
439,17.520,1073,person,0.4254,251,380,294,491,272.5,435.5,272.5,491.0
440,17.560,1,person,0.8222,975,600,1031,737,1003.0,668.5,1003.0,737.0
440,17.560,665,person,0.6598,200,480,252,587,226.0,533.5,226.0,587.0
440,17.560,738,person,0.8132,1178,431,1234,530,1206.0,480.5,1206.0,530.0
440,17.560,777,person,0.7562,1543,459,1602,568,1572.5,513.5,1572.5,568.0
440,17.560,242,person,0.7200,525,304,557,392,541.0,348.0,541.0,392.0
440,17.560,775,person,0.7024,1245,280,1276,367,1260.5,323.5,1260.5,367.0
440,17.560,889,person,0.2602,247,381,279,468,263.0,424.5,263.0,468.0
440,17.560,776,person,0.2141,256,397,301,509,278.5,453.0,278.5,509.0
440,17.560,711,person,0.7649,613,637,665,777,639.0,707.0,639.0,777.0
440,17.560,1023,person,0.8464,556,582,600,712,578.0,647.0,578.0,712.0
440,17.560,736,person,0.3398,637,245,663,310,650.0,277.5,650.0,310.0
440,17.560,1016,person,0.7274,1486,671,1547,815,1516.5,743.0,1516.5,815.0
440,17.560,1060,person,0.5186,853,393,908,490,880.5,441.5,880.5,490.0
440,17.560,1073,person,0.6430,247,377,296,503,271.5,440.0,271.5,503.0
441,17.600,1,person,0.8286,974,600,1029,734,1001.5,667.0,1001.5,734.0
441,17.600,665,person,0.5509,203,484,254,587,228.5,535.5,228.5,587.0
441,17.600,738,person,0.7556,1180,432,1234,529,1207.0,480.5,1207.0,529.0
441,17.600,777,person,0.7428,1543,462,1601,569,1572.0,515.5,1572.0,569.0
441,17.600,242,person,0.7316,522,305,554,392,538.0,348.5,538.0,392.0
441,17.600,775,person,0.7198,1244,281,1275,368,1259.5,324.5,1259.5,368.0
441,17.600,776,person,0.2489,254,406,296,511,275.0,458.5,275.0,511.0
441,17.600,711,person,0.7580,612,640,664,780,638.0,710.0,638.0,780.0
441,17.600,1023,person,0.8324,553,583,597,712,575.0,647.5,575.0,712.0
441,17.600,736,person,0.4158,631,246,659,313,645.0,279.5,645.0,313.0
441,17.600,1016,person,0.7369,1489,674,1548,816,1518.5,745.0,1518.5,816.0
441,17.600,1060,person,0.5418,854,394,906,490,880.0,442.0,880.0,490.0
441,17.600,1073,person,0.5613,245,379,296,508,270.5,443.5,270.5,508.0
442,17.640,1,person,0.7903,972,600,1026,733,999.0,666.5,999.0,733.0
442,17.640,665,person,0.4687,207,485,256,587,231.5,536.0,231.5,587.0
442,17.640,738,person,0.7337,1182,430,1237,528,1209.5,479.0,1209.5,528.0
442,17.640,777,person,0.6541,1548,462,1605,569,1576.5,515.5,1576.5,569.0
442,17.640,242,person,0.7211,520,306,552,392,536.0,349.0,536.0,392.0
442,17.640,775,person,0.6488,1243,285,1273,368,1258.0,326.5,1258.0,368.0
442,17.640,711,person,0.7626,611,642,663,781,637.0,711.5,637.0,781.0
442,17.640,1023,person,0.8072,550,583,594,712,572.0,647.5,572.0,712.0
442,17.640,736,person,0.4460,628,249,655,314,641.5,281.5,641.5,314.0
442,17.640,1016,person,0.7431,1491,676,1550,820,1520.5,748.0,1520.5,820.0
442,17.640,1060,person,0.5917,854,394,904,489,879.0,441.5,879.0,489.0
442,17.640,1073,person,0.5293,241,378,292,505,266.5,441.5,266.5,505.0
442,17.640,1068,person,0.3956,80,232,106,293,93.0,262.5,93.0,293.0
442,17.640,889,person,0.3643,241,377,280,483,260.5,430.0,260.5,483.0
443,17.680,1,person,0.7660,972,602,1024,731,998.0,666.5,998.0,731.0
443,17.680,665,person,0.7022,211,482,260,589,235.5,535.5,235.5,589.0
443,17.680,738,person,0.7349,1186,431,1239,527,1212.5,479.0,1212.5,527.0
443,17.680,777,person,0.8084,1546,463,1602,570,1574.0,516.5,1574.0,570.0
443,17.680,242,person,0.7124,519,308,551,392,535.0,350.0,535.0,392.0
443,17.680,775,person,0.6921,1242,286,1271,368,1256.5,327.0,1256.5,368.0
443,17.680,711,person,0.7836,611,644,662,783,636.5,713.5,636.5,783.0
443,17.680,1023,person,0.7728,547,583,592,714,569.5,648.5,569.5,714.0
443,17.680,736,person,0.5094,624,251,651,315,637.5,283.0,637.5,315.0
443,17.680,1016,person,0.7492,1493,678,1551,823,1522.0,750.5,1522.0,823.0
443,17.680,1060,person,0.6225,854,395,902,490,878.0,442.5,878.0,490.0
443,17.680,1073,person,0.5027,237,376,286,499,261.5,437.5,261.5,499.0
443,17.680,1068,person,0.4104,78,234,102,290,90.0,262.0,90.0,290.0
443,17.680,889,person,0.2399,236,375,275,481,255.5,428.0,255.5,481.0
444,17.720,1,person,0.7282,971,603,1021,729,996.0,666.0,996.0,729.0
444,17.720,665,person,0.7447,215,482,263,591,239.0,536.5,239.0,591.0
444,17.720,738,person,0.8126,1191,432,1242,526,1216.5,479.0,1216.5,526.0
444,17.720,777,person,0.7955,1545,465,1601,571,1573.0,518.0,1573.0,571.0
444,17.720,242,person,0.7408,517,308,549,392,533.0,350.0,533.0,392.0
444,17.720,775,person,0.6687,1241,288,1270,368,1255.5,328.0,1255.5,368.0
444,17.720,711,person,0.8014,610,646,660,786,635.0,716.0,635.0,786.0
444,17.720,1023,person,0.7555,544,583,589,714,566.5,648.5,566.5,714.0
444,17.720,736,person,0.5381,621,255,647,317,634.0,286.0,634.0,317.0
444,17.720,1016,person,0.7870,1494,680,1552,824,1523.0,752.0,1523.0,824.0
444,17.720,1060,person,0.6589,853,395,901,489,877.0,442.0,877.0,489.0
444,17.720,1073,person,0.5246,233,373,284,500,258.5,436.5,258.5,500.0
444,17.720,1068,person,0.4168,75,236,100,292,87.5,264.0,87.5,292.0
445,17.760,1,person,0.7301,968,601,1018,728,993.0,664.5,993.0,728.0
445,17.760,665,person,0.6702,218,485,264,593,241.0,539.0,241.0,593.0
445,17.760,738,person,0.7170,1196,432,1247,526,1221.5,479.0,1221.5,526.0
445,17.760,777,person,0.7925,1544,466,1604,577,1574.0,521.5,1574.0,577.0
445,17.760,242,person,0.7047,515,308,548,392,531.5,350.0,531.5,392.0
445,17.760,775,person,0.6984,1240,289,1268,369,1254.0,329.0,1254.0,369.0
445,17.760,711,person,0.7784,610,649,659,788,634.5,718.5,634.5,788.0
445,17.760,1023,person,0.7293,542,582,586,710,564.0,646.0,564.0,710.0
445,17.760,736,person,0.5003,617,255,645,318,631.0,286.5,631.0,318.0
445,17.760,1016,person,0.7592,1494,680,1553,827,1523.5,753.5,1523.5,827.0
445,17.760,1060,person,0.6478,850,393,898,490,874.0,441.5,874.0,490.0
445,17.760,1068,person,0.5735,71,232,99,298,85.0,265.0,85.0,298.0
445,17.760,889,person,0.3415,230,373,270,484,250.0,428.5,250.0,484.0
446,17.800,1,person,0.8011,966,598,1016,726,991.0,662.0,991.0,726.0
446,17.800,665,person,0.7332,220,484,267,593,243.5,538.5,243.5,593.0
446,17.800,738,person,0.7663,1203,432,1253,527,1228.0,479.5,1228.0,527.0
446,17.800,777,person,0.8347,1545,467,1603,576,1574.0,521.5,1574.0,576.0
446,17.800,242,person,0.7263,512,309,546,394,529.0,351.5,529.0,394.0
446,17.800,775,person,0.6570,1238,290,1267,370,1252.5,330.0,1252.5,370.0
446,17.800,711,person,0.7840,609,652,657,789,633.0,720.5,633.0,789.0
446,17.800,1023,person,0.7730,540,581,584,709,562.0,645.0,562.0,709.0
446,17.800,736,person,0.4966,613,259,641,319,627.0,289.0,627.0,319.0
446,17.800,1016,person,0.7882,1499,681,1559,831,1529.0,756.0,1529.0,831.0
446,17.800,1060,person,0.6680,851,393,898,489,874.5,441.0,874.5,489.0
446,17.800,1068,person,0.5099,69,232,97,298,83.0,265.0,83.0,298.0
446,17.800,889,person,0.3477,229,377,268,484,248.5,430.5,248.5,484.0
447,17.840,1,person,0.8365,963,595,1014,725,988.5,660.0,988.5,725.0
447,17.840,665,person,0.7263,223,483,272,597,247.5,540.0,247.5,597.0
447,17.840,738,person,0.7475,1206,432,1256,527,1231.0,479.5,1231.0,527.0
447,17.840,777,person,0.7807,1547,467,1604,573,1575.5,520.0,1575.5,573.0
447,17.840,242,person,0.7232,511,309,544,394,527.5,351.5,527.5,394.0
447,17.840,775,person,0.6767,1236,289,1264,370,1250.0,329.5,1250.0,370.0
447,17.840,711,person,0.7696,610,655,656,790,633.0,722.5,633.0,790.0
447,17.840,1023,person,0.7910,538,582,582,708,560.0,645.0,560.0,708.0
447,17.840,736,person,0.4806,606,261,633,319,619.5,290.0,619.5,319.0
447,17.840,1016,person,0.8095,1499,683,1561,835,1530.0,759.0,1530.0,835.0
447,17.840,1060,person,0.5929,850,394,898,492,874.0,443.0,874.0,492.0
447,17.840,1068,person,0.5079,67,232,95,298,81.0,265.0,81.0,298.0
447,17.840,889,person,0.4612,226,380,265,481,245.5,430.5,245.5,481.0
448,17.880,1,person,0.8502,961,592,1012,725,986.5,658.5,986.5,725.0
448,17.880,665,person,0.6857,224,482,274,597,249.0,539.5,249.0,597.0
448,17.880,738,person,0.7700,1208,432,1259,529,1233.5,480.5,1233.5,529.0
448,17.880,777,person,0.7962,1548,467,1604,571,1576.0,519.0,1576.0,571.0
448,17.880,242,person,0.6822,509,310,543,395,526.0,352.5,526.0,395.0
448,17.880,775,person,0.6148,1234,289,1263,371,1248.5,330.0,1248.5,371.0
448,17.880,711,person,0.8383,609,658,655,791,632.0,724.5,632.0,791.0
448,17.880,1023,person,0.8102,535,582,579,710,557.0,646.0,557.0,710.0
448,17.880,736,person,0.5035,602,263,630,321,616.0,292.0,616.0,321.0
448,17.880,1016,person,0.8233,1500,686,1561,835,1530.5,760.5,1530.5,835.0
448,17.880,1060,person,0.6198,847,395,896,497,871.5,446.0,871.5,497.0
448,17.880,1068,person,0.3837,65,235,92,299,78.5,267.0,78.5,299.0
448,17.880,889,person,0.3480,221,384,258,481,239.5,432.5,239.5,481.0
449,17.920,1,person,0.8343,961,591,1008,717,984.5,654.0,984.5,717.0
449,17.920,665,person,0.6176,224,487,272,598,248.0,542.5,248.0,598.0
449,17.920,738,person,0.7308,1210,431,1261,528,1235.5,479.5,1235.5,528.0
449,17.920,777,person,0.7999,1547,468,1604,573,1575.5,520.5,1575.5,573.0
449,17.920,242,person,0.6998,508,311,541,395,524.5,353.0,524.5,395.0
449,17.920,775,person,0.6233,1233,290,1262,373,1247.5,331.5,1247.5,373.0
449,17.920,711,person,0.8334,609,658,654,791,631.5,724.5,631.5,791.0
449,17.920,1023,person,0.8326,531,582,576,711,553.5,646.5,553.5,711.0
449,17.920,736,person,0.3553,599,264,628,322,613.5,293.0,613.5,322.0
449,17.920,1016,person,0.8481,1500,689,1560,836,1530.0,762.5,1530.0,836.0
449,17.920,1060,person,0.5609,846,394,896,498,871.0,446.0,871.0,498.0
449,17.920,1068,person,0.3334,62,235,91,303,76.5,269.0,76.5,303.0
449,17.920,889,person,0.2182,218,387,251,478,234.5,432.5,234.5,478.0
450,17.960,1,person,0.8351,960,592,1006,715,983.0,653.5,983.0,715.0
450,17.960,665,person,0.7251,224,492,270,599,247.0,545.5,247.0,599.0
450,17.960,738,person,0.7849,1213,431,1264,527,1238.5,479.0,1238.5,527.0
450,17.960,777,person,0.7982,1545,467,1602,572,1573.5,519.5,1573.5,572.0
450,17.960,242,person,0.6764,506,312,539,396,522.5,354.0,522.5,396.0
450,17.960,775,person,0.6865,1231,292,1260,374,1245.5,333.0,1245.5,374.0
450,17.960,711,person,0.8172,609,660,655,793,632.0,726.5,632.0,793.0
450,17.960,1023,person,0.8162,529,583,574,712,551.5,647.5,551.5,712.0
450,17.960,736,person,0.4546,594,267,622,323,608.0,295.0,608.0,323.0
450,17.960,1016,person,0.8455,1498,692,1557,836,1527.5,764.0,1527.5,836.0
450,17.960,1060,person,0.5721,846,396,895,502,870.5,449.0,870.5,502.0
450,17.960,1068,person,0.2399,59,239,86,305,72.5,272.0,72.5,305.0
450,17.960,889,person,0.4267,216,387,248,476,232.0,431.5,232.0,476.0
451,18.000,1,person,0.8251,959,593,1005,716,982.0,654.5,982.0,716.0
451,18.000,665,person,0.6989,223,493,270,601,246.5,547.0,246.5,601.0
451,18.000,738,person,0.7643,1216,431,1268,527,1242.0,479.0,1242.0,527.0
451,18.000,777,person,0.8211,1544,466,1601,571,1572.5,518.5,1572.5,571.0
451,18.000,242,person,0.6714,504,313,537,397,520.5,355.0,520.5,397.0
451,18.000,775,person,0.6965,1230,293,1260,375,1245.0,334.0,1245.0,375.0
451,18.000,711,person,0.7784,609,660,655,798,632.0,729.0,632.0,798.0
451,18.000,1023,person,0.8329,528,584,572,713,550.0,648.5,550.0,713.0
451,18.000,736,person,0.3326,588,267,616,324,602.0,295.5,602.0,324.0
451,18.000,1016,person,0.8415,1497,693,1557,837,1527.0,765.0,1527.0,837.0
451,18.000,1060,person,0.5674,845,398,894,503,869.5,450.5,869.5,503.0
451,18.000,1068,person,0.2986,57,240,83,304,70.0,272.0,70.0,304.0
451,18.000,889,person,0.3573,212,385,247,482,229.5,433.5,229.5,482.0
452,18.040,1,person,0.8051,957,595,1003,715,980.0,655.0,980.0,715.0
452,18.040,665,person,0.6808,223,492,270,602,246.5,547.0,246.5,602.0
452,18.040,738,person,0.6881,1223,431,1273,526,1248.0,478.5,1248.0,526.0
452,18.040,777,person,0.8064,1544,466,1599,569,1571.5,517.5,1571.5,569.0
452,18.040,242,person,0.6961,503,316,534,399,518.5,357.5,518.5,399.0
452,18.040,775,person,0.7271,1228,293,1258,375,1243.0,334.0,1243.0,375.0
452,18.040,711,person,0.7748,608,662,655,800,631.5,731.0,631.5,800.0
452,18.040,1023,person,0.7822,525,584,570,714,547.5,649.0,547.5,714.0
452,18.040,736,person,0.4600,580,266,608,322,594.0,294.0,594.0,322.0
452,18.040,1016,person,0.8186,1498,696,1558,839,1528.0,767.5,1528.0,839.0
452,18.040,1060,person,0.5261,846,398,894,502,870.0,450.0,870.0,502.0
452,18.040,1068,person,0.3840,53,238,80,304,66.5,271.0,66.5,304.0
452,18.040,889,person,0.3238,209,386,247,488,228.0,437.0,228.0,488.0
453,18.080,1,person,0.7957,955,595,1000,716,977.5,655.5,977.5,716.0
453,18.080,665,person,0.7006,222,491,270,604,246.0,547.5,246.0,604.0
453,18.080,738,person,0.6438,1230,432,1279,526,1254.5,479.0,1254.5,526.0
453,18.080,777,person,0.7887,1544,464,1599,568,1571.5,516.0,1571.5,568.0
453,18.080,242,person,0.7711,501,318,532,399,516.5,358.5,516.5,399.0
453,18.080,775,person,0.6408,1227,296,1256,375,1241.5,335.5,1241.5,375.0
453,18.080,711,person,0.7589,608,665,654,803,631.0,734.0,631.0,803.0
453,18.080,1023,person,0.7559,523,584,568,714,545.5,649.0,545.5,714.0
453,18.080,736,person,0.4360,575,264,605,323,590.0,293.5,590.0,323.0
453,18.080,1016,person,0.8665,1498,699,1559,842,1528.5,770.5,1528.5,842.0
453,18.080,1060,person,0.5382,848,398,894,502,871.0,450.0,871.0,502.0
453,18.080,1068,person,0.3843,50,239,77,304,63.5,271.5,63.5,304.0
453,18.080,889,person,0.4609,206,387,244,488,225.0,437.5,225.0,488.0
454,18.120,1,person,0.8290,952,591,999,716,975.5,653.5,975.5,716.0
454,18.120,665,person,0.6906,222,492,268,604,245.0,548.0,245.0,604.0
454,18.120,738,person,0.6463,1238,432,1286,526,1262.0,479.0,1262.0,526.0
454,18.120,777,person,0.7652,1545,465,1598,568,1571.5,516.5,1571.5,568.0
454,18.120,242,person,0.7774,500,321,530,401,515.0,361.0,515.0,401.0
454,18.120,775,person,0.6654,1226,297,1255,376,1240.5,336.5,1240.5,376.0
454,18.120,711,person,0.7830,608,666,655,807,631.5,736.5,631.5,807.0
454,18.120,1023,person,0.8464,521,585,565,715,543.0,650.0,543.0,715.0
454,18.120,736,person,0.5717,569,267,599,326,584.0,296.5,584.0,326.0
454,18.120,1016,person,0.8561,1498,698,1560,845,1529.0,771.5,1529.0,845.0
454,18.120,1060,person,0.4614,851,398,894,499,872.5,448.5,872.5,499.0
454,18.120,1068,person,0.5764,47,240,76,308,61.5,274.0,61.5,308.0
454,18.120,889,person,0.2361,203,388,241,488,222.0,438.0,222.0,488.0
455,18.160,1,person,0.8377,950,588,998,716,974.0,652.0,974.0,716.0
455,18.160,665,person,0.6191,220,491,266,606,243.0,548.5,243.0,606.0
455,18.160,738,person,0.7733,1245,433,1292,528,1268.5,480.5,1268.5,528.0
455,18.160,777,person,0.7544,1546,465,1598,567,1572.0,516.0,1572.0,567.0
455,18.160,242,person,0.7577,499,322,528,402,513.5,362.0,513.5,402.0
455,18.160,775,person,0.6205,1224,297,1254,379,1239.0,338.0,1239.0,379.0
455,18.160,711,person,0.8103,607,670,655,810,631.0,740.0,631.0,810.0
455,18.160,1023,person,0.8638,519,585,563,717,541.0,651.0,541.0,717.0
455,18.160,736,person,0.5013,565,269,595,327,580.0,298.0,580.0,327.0
455,18.160,1016,person,0.8694,1499,700,1561,847,1530.0,773.5,1530.0,847.0
455,18.160,1060,person,0.5667,852,399,893,499,872.5,449.0,872.5,499.0
455,18.160,1068,person,0.4766,45,242,74,309,59.5,275.5,59.5,309.0
455,18.160,889,person,0.2403,200,390,237,488,218.5,439.0,218.5,488.0
455,18.160,1082,person,0.4250,204,403,260,608,232.0,505.5,232.0,608.0
456,18.200,1,person,0.8489,949,586,998,714,973.5,650.0,973.5,714.0
456,18.200,665,person,0.6168,219,491,265,607,242.0,549.0,242.0,607.0
456,18.200,738,person,0.7768,1248,432,1296,528,1272.0,480.0,1272.0,528.0
456,18.200,777,person,0.7502,1548,468,1598,567,1573.0,517.5,1573.0,567.0
456,18.200,242,person,0.7587,498,322,527,403,512.5,362.5,512.5,403.0
456,18.200,775,person,0.6373,1223,299,1253,380,1238.0,339.5,1238.0,380.0
456,18.200,711,person,0.8210,607,672,654,812,630.5,742.0,630.5,812.0
456,18.200,1023,person,0.8466,517,586,561,716,539.0,651.0,539.0,716.0
456,18.200,736,person,0.5745,556,268,587,329,571.5,298.5,571.5,329.0
456,18.200,1016,person,0.8592,1497,701,1562,849,1529.5,775.0,1529.5,849.0
456,18.200,1060,person,0.5930,852,401,893,501,872.5,451.0,872.5,501.0
456,18.200,1068,person,0.2721,43,241,74,311,58.5,276.0,58.5,311.0
456,18.200,889,person,0.2884,197,391,234,488,215.5,439.5,215.5,488.0
456,18.200,1082,person,0.4621,202,404,258,610,230.0,507.0,230.0,610.0
456,18.200,1083,person,0.4524,209,452,259,607,234.0,529.5,234.0,607.0
457,18.240,1,person,0.8149,949,584,998,709,973.5,646.5,973.5,709.0
457,18.240,665,person,0.7416,216,489,264,609,240.0,549.0,240.0,609.0
457,18.240,738,person,0.7331,1252,430,1300,528,1276.0,479.0,1276.0,528.0
457,18.240,777,person,0.7076,1547,470,1597,569,1572.0,519.5,1572.0,569.0
457,18.240,242,person,0.7841,496,323,526,404,511.0,363.5,511.0,404.0
457,18.240,775,person,0.5876,1222,301,1252,380,1237.0,340.5,1237.0,380.0
457,18.240,711,person,0.8223,607,672,655,813,631.0,742.5,631.0,813.0
457,18.240,1023,person,0.8531,516,587,559,714,537.5,650.5,537.5,714.0
457,18.240,736,person,0.5197,552,271,582,330,567.0,300.5,567.0,330.0
457,18.240,1016,person,0.8823,1497,703,1562,851,1529.5,777.0,1529.5,851.0
457,18.240,1060,person,0.5108,853,403,893,501,873.0,452.0,873.0,501.0
457,18.240,1068,person,0.4031,42,242,71,311,56.5,276.5,56.5,311.0
457,18.240,889,person,0.5713,194,392,231,488,212.5,440.0,212.5,488.0
458,18.280,1,person,0.8220,948,585,995,704,971.5,644.5,971.5,704.0
458,18.280,665,person,0.7529,218,495,263,610,240.5,552.5,240.5,610.0
458,18.280,738,person,0.7096,1256,429,1304,527,1280.0,478.0,1280.0,527.0
458,18.280,777,person,0.6739,1548,469,1597,567,1572.5,518.0,1572.5,567.0
458,18.280,242,person,0.8233,495,323,525,404,510.0,363.5,510.0,404.0
458,18.280,775,person,0.5892,1221,301,1251,382,1236.0,341.5,1236.0,382.0
458,18.280,711,person,0.7991,607,673,655,814,631.0,743.5,631.0,814.0
458,18.280,1023,person,0.8364,515,588,558,713,536.5,650.5,536.5,713.0
458,18.280,736,person,0.3626,547,273,575,328,561.0,300.5,561.0,328.0
458,18.280,1016,person,0.8706,1498,704,1564,853,1531.0,778.5,1531.0,853.0
458,18.280,1060,person,0.5044,855,405,893,500,874.0,452.5,874.0,500.0
458,18.280,889,person,0.6180,190,392,228,492,209.0,442.0,209.0,492.0
459,18.320,1,person,0.8522,946,585,991,701,968.5,643.0,968.5,701.0
459,18.320,665,person,0.7229,216,498,260,612,238.0,555.0,238.0,612.0
459,18.320,738,person,0.7262,1261,430,1308,527,1284.5,478.5,1284.5,527.0
459,18.320,777,person,0.6489,1548,468,1597,566,1572.5,517.0,1572.5,566.0
459,18.320,242,person,0.7812,492,323,522,403,507.0,363.0,507.0,403.0
459,18.320,775,person,0.6605,1220,301,1250,382,1235.0,341.5,1235.0,382.0
459,18.320,711,person,0.7837,607,674,656,816,631.5,745.0,631.5,816.0
459,18.320,1023,person,0.8037,513,586,557,713,535.0,649.5,535.0,713.0
459,18.320,736,person,0.4975,541,273,569,329,555.0,301.0,555.0,329.0
459,18.320,1016,person,0.8770,1499,706,1564,854,1531.5,780.0,1531.5,854.0
459,18.320,1060,person,0.4943,855,406,893,501,874.0,453.5,874.0,501.0
459,18.320,889,person,0.5318,187,390,228,499,207.5,444.5,207.5,499.0
460,18.360,1,person,0.8443,943,586,989,703,966.0,644.5,966.0,703.0
460,18.360,665,person,0.7369,215,501,258,614,236.5,557.5,236.5,614.0
460,18.360,738,person,0.7718,1268,431,1313,527,1290.5,479.0,1290.5,527.0
460,18.360,777,person,0.6715,1549,466,1597,565,1573.0,515.5,1573.0,565.0
460,18.360,242,person,0.7273,489,323,519,403,504.0,363.0,504.0,403.0
460,18.360,775,person,0.6591,1220,301,1250,382,1235.0,341.5,1235.0,382.0
460,18.360,711,person,0.7544,609,676,657,817,633.0,746.5,633.0,817.0
460,18.360,1023,person,0.8158,510,586,554,713,532.0,649.5,532.0,713.0
460,18.360,736,person,0.5430,534,273,563,330,548.5,301.5,548.5,330.0
460,18.360,1016,person,0.8673,1502,709,1567,858,1534.5,783.5,1534.5,858.0
460,18.360,1060,person,0.5780,855,407,893,502,874.0,454.5,874.0,502.0
460,18.360,889,person,0.5006,184,390,227,507,205.5,448.5,205.5,507.0
461,18.400,1,person,0.9001,940,584,986,702,963.0,643.0,963.0,702.0
461,18.400,665,person,0.7502,213,502,254,613,233.5,557.5,233.5,613.0
461,18.400,738,person,0.7481,1275,431,1320,527,1297.5,479.0,1297.5,527.0
461,18.400,777,person,0.6784,1550,465,1596,563,1573.0,514.0,1573.0,563.0
461,18.400,242,person,0.7780,485,323,516,403,500.5,363.0,500.5,403.0
461,18.400,775,person,0.6763,1219,300,1249,382,1234.0,341.0,1234.0,382.0
461,18.400,711,person,0.7814,611,678,657,818,634.0,748.0,634.0,818.0
461,18.400,1023,person,0.8511,507,585,551,712,529.0,648.5,529.0,712.0
461,18.400,736,person,0.5642,529,276,556,330,542.5,303.0,542.5,330.0
461,18.400,1016,person,0.8024,1503,710,1569,863,1536.0,786.5,1536.0,863.0
461,18.400,1060,person,0.6233,854,408,891,503,872.5,455.5,872.5,503.0
461,18.400,889,person,0.6244,181,390,225,513,203.0,451.5,203.0,513.0
462,18.440,1,person,0.9039,938,583,984,702,961.0,642.5,961.0,702.0
462,18.440,665,person,0.7026,210,500,253,615,231.5,557.5,231.5,615.0
462,18.440,738,person,0.7134,1282,430,1327,531,1304.5,480.5,1304.5,531.0
462,18.440,777,person,0.6421,1549,463,1596,562,1572.5,512.5,1572.5,562.0
462,18.440,242,person,0.7362,483,323,514,404,498.5,363.5,498.5,404.0
462,18.440,775,person,0.6361,1219,300,1248,381,1233.5,340.5,1233.5,381.0
462,18.440,711,person,0.7530,613,680,660,821,636.5,750.5,636.5,821.0
462,18.440,1023,person,0.8551,504,585,549,713,526.5,649.0,526.5,713.0
462,18.440,736,person,0.3658,523,276,551,330,537.0,303.0,537.0,330.0
462,18.440,1016,person,0.8416,1503,711,1568,864,1535.5,787.5,1535.5,864.0
462,18.440,1060,person,0.6293,855,408,891,502,873.0,455.0,873.0,502.0
462,18.440,889,person,0.5121,179,389,220,501,199.5,445.0,199.5,501.0
463,18.480,1,person,0.7988,936,582,982,702,959.0,642.0,959.0,702.0
463,18.480,665,person,0.6374,207,498,250,615,228.5,556.5,228.5,615.0
463,18.480,738,person,0.6948,1288,431,1332,532,1310.0,481.5,1310.0,532.0
463,18.480,777,person,0.6902,1549,462,1595,560,1572.0,511.0,1572.0,560.0
463,18.480,242,person,0.7740,481,322,513,404,497.0,363.0,497.0,404.0
463,18.480,775,person,0.6170,1217,299,1247,382,1232.0,340.5,1232.0,382.0
463,18.480,711,person,0.7716,614,681,660,823,637.0,752.0,637.0,823.0
463,18.480,1023,person,0.8720,501,585,548,714,524.5,649.5,524.5,714.0
463,18.480,736,person,0.3678,514,275,543,332,528.5,303.5,528.5,332.0
463,18.480,1016,person,0.8532,1504,714,1567,865,1535.5,789.5,1535.5,865.0
463,18.480,1060,person,0.6513,856,408,891,502,873.5,455.0,873.5,502.0
463,18.480,889,person,0.6143,176,393,217,508,196.5,450.5,196.5,508.0
464,18.520,1,person,0.8184,933,577,981,703,957.0,640.0,957.0,703.0
464,18.520,665,person,0.6567,201,498,244,614,222.5,556.0,222.5,614.0
464,18.520,738,person,0.6993,1292,433,1336,533,1314.0,483.0,1314.0,533.0
464,18.520,777,person,0.6572,1552,463,1596,555,1574.0,509.0,1574.0,555.0
464,18.520,242,person,0.7765,479,322,510,404,494.5,363.0,494.5,404.0
464,18.520,775,person,0.6307,1217,299,1247,382,1232.0,340.5,1232.0,382.0
464,18.520,711,person,0.7528,613,685,660,828,636.5,756.5,636.5,828.0
464,18.520,1023,person,0.8161,497,587,544,716,520.5,651.5,520.5,716.0
464,18.520,736,person,0.5252,507,275,535,329,521.0,302.0,521.0,329.0
464,18.520,1016,person,0.8287,1503,718,1566,871,1534.5,794.5,1534.5,871.0
464,18.520,1060,person,0.6552,856,407,890,501,873.0,454.0,873.0,501.0
464,18.520,889,person,0.5426,170,395,214,518,192.0,456.5,192.0,518.0
465,18.560,1,person,0.7800,931,576,978,701,954.5,638.5,954.5,701.0
465,18.560,665,person,0.5922,194,496,239,615,216.5,555.5,216.5,615.0
465,18.560,738,person,0.7849,1296,433,1341,534,1318.5,483.5,1318.5,534.0
465,18.560,777,person,0.6988,1553,464,1596,551,1574.5,507.5,1574.5,551.0
465,18.560,242,person,0.7606,475,322,507,405,491.0,363.5,491.0,405.0
465,18.560,775,person,0.6317,1216,299,1247,384,1231.5,341.5,1231.5,384.0
465,18.560,711,person,0.7689,613,689,660,831,636.5,760.0,636.5,831.0
465,18.560,1023,person,0.7977,494,589,540,716,517.0,652.5,517.0,716.0
465,18.560,736,person,0.4046,500,276,528,329,514.0,302.5,514.0,329.0
465,18.560,1016,person,0.7712,1504,721,1565,876,1534.5,798.5,1534.5,876.0
465,18.560,1060,person,0.6757,854,407,890,504,872.0,455.5,872.0,504.0
465,18.560,889,person,0.5318,163,397,209,524,186.0,460.5,186.0,524.0
466,18.600,1,person,0.7183,929,574,974,695,951.5,634.5,951.5,695.0
466,18.600,665,person,0.6873,192,492,238,616,215.0,554.0,215.0,616.0
466,18.600,738,person,0.7653,1303,434,1349,534,1326.0,484.0,1326.0,534.0
466,18.600,777,person,0.6930,1554,465,1599,553,1576.5,509.0,1576.5,553.0
466,18.600,242,person,0.7347,472,321,505,406,488.5,363.5,488.5,406.0
466,18.600,775,person,0.6203,1217,299,1247,384,1232.0,341.5,1232.0,384.0
466,18.600,711,person,0.7957,613,692,661,833,637.0,762.5,637.0,833.0
466,18.600,1023,person,0.7927,491,591,537,718,514.0,654.5,514.0,718.0
466,18.600,1016,person,0.7820,1504,726,1563,880,1533.5,803.0,1533.5,880.0
466,18.600,1060,person,0.6590,853,407,888,504,870.5,455.5,870.5,504.0
466,18.600,889,person,0.4515,158,397,205,525,181.5,461.0,181.5,525.0
467,18.640,1,person,0.7870,927,574,972,692,949.5,633.0,949.5,692.0
467,18.640,665,person,0.6962,187,493,234,616,210.5,554.5,210.5,616.0
467,18.640,738,person,0.7434,1309,434,1355,532,1332.0,483.0,1332.0,532.0
467,18.640,777,person,0.6759,1550,465,1597,556,1573.5,510.5,1573.5,556.0
467,18.640,242,person,0.6706,470,323,503,406,486.5,364.5,486.5,406.0
467,18.640,775,person,0.6223,1217,301,1247,384,1232.0,342.5,1232.0,384.0
467,18.640,711,person,0.7723,614,696,662,837,638.0,766.5,638.0,837.0
467,18.640,1023,person,0.7657,487,592,533,719,510.0,655.5,510.0,719.0
467,18.640,1016,person,0.7591,1504,730,1562,884,1533.0,807.0,1533.0,884.0
467,18.640,1060,person,0.6629,853,406,888,504,870.5,455.0,870.5,504.0
467,18.640,889,person,0.4000,155,397,201,517,178.0,457.0,178.0,517.0
468,18.680,1,person,0.7073,925,574,971,695,948.0,634.5,948.0,695.0
468,18.680,665,person,0.7331,182,495,230,616,206.0,555.5,206.0,616.0
468,18.680,738,person,0.7072,1316,438,1360,532,1338.0,485.0,1338.0,532.0
468,18.680,777,person,0.6668,1547,468,1594,558,1570.5,513.0,1570.5,558.0
468,18.680,242,person,0.7043,468,320,502,407,485.0,363.5,485.0,407.0
468,18.680,775,person,0.6288,1218,301,1248,384,1233.0,342.5,1233.0,384.0
468,18.680,711,person,0.7641,616,702,665,842,640.5,772.0,640.5,842.0
468,18.680,1023,person,0.7754,483,593,530,720,506.5,656.5,506.5,720.0
468,18.680,1016,person,0.7742,1505,732,1562,888,1533.5,810.0,1533.5,888.0
468,18.680,1060,person,0.6828,852,407,888,507,870.0,457.0,870.0,507.0
468,18.680,889,person,0.4415,152,394,200,517,176.0,455.5,176.0,517.0
469,18.720,1,person,0.8016,924,575,971,698,947.5,636.5,947.5,698.0
469,18.720,665,person,0.7285,173,494,221,613,197.0,553.5,197.0,613.0
469,18.720,738,person,0.7951,1323,438,1368,533,1345.5,485.5,1345.5,533.0
469,18.720,777,person,0.6834,1545,469,1593,558,1569.0,513.5,1569.0,558.0
469,18.720,242,person,0.7178,466,319,501,407,483.5,363.0,483.5,407.0
469,18.720,775,person,0.7024,1219,301,1250,385,1234.5,343.0,1234.5,385.0
469,18.720,711,person,0.7618,616,705,666,846,641.0,775.5,641.0,846.0
469,18.720,1023,person,0.7810,481,594,528,722,504.5,658.0,504.5,722.0
469,18.720,1016,person,0.7657,1506,737,1561,890,1533.5,813.5,1533.5,890.0
469,18.720,1060,person,0.6888,852,407,888,508,870.0,457.5,870.0,508.0
469,18.720,776,person,0.5410,135,422,176,528,155.5,475.0,155.5,528.0
470,18.760,1,person,0.8285,923,575,970,699,946.5,637.0,946.5,699.0
470,18.760,665,person,0.6717,172,496,222,616,197.0,556.0,197.0,616.0
470,18.760,738,person,0.8252,1327,439,1371,534,1349.0,486.5,1349.0,534.0
470,18.760,777,person,0.7023,1547,468,1596,561,1571.5,514.5,1571.5,561.0
470,18.760,242,person,0.7174,463,309,501,407,482.0,358.0,482.0,407.0
470,18.760,775,person,0.6808,1220,303,1251,386,1235.5,344.5,1235.5,386.0
470,18.760,711,person,0.7697,616,705,667,848,641.5,776.5,641.5,848.0
470,18.760,1023,person,0.7207,478,595,526,724,502.0,659.5,502.0,724.0
470,18.760,1016,person,0.7458,1508,741,1560,893,1534.0,817.0,1534.0,893.0
470,18.760,1060,person,0.7528,852,408,888,510,870.0,459.0,870.0,510.0
470,18.760,1091,person,0.4029,170,397,201,484,185.5,440.5,185.5,484.0
470,18.760,776,person,0.5735,132,428,170,528,151.0,478.0,151.0,528.0
471,18.800,1,person,0.8025,921,572,969,701,945.0,636.5,945.0,701.0
471,18.800,665,person,0.7400,170,499,221,618,195.5,558.5,195.5,618.0
471,18.800,738,person,0.8019,1330,438,1375,538,1352.5,488.0,1352.5,538.0
471,18.800,777,person,0.7769,1548,467,1597,560,1572.5,513.5,1572.5,560.0
471,18.800,242,person,0.7137,460,303,500,408,480.0,355.5,480.0,408.0
471,18.800,775,person,0.6687,1221,304,1252,386,1236.5,345.0,1236.5,386.0
471,18.800,711,person,0.7387,619,707,669,851,644.0,779.0,644.0,851.0
471,18.800,1023,person,0.7300,475,595,523,725,499.0,660.0,499.0,725.0
471,18.800,1016,person,0.6880,1509,744,1560,895,1534.5,819.5,1534.5,895.0
471,18.800,1060,person,0.7510,852,412,887,510,869.5,461.0,869.5,510.0
471,18.800,1091,person,0.6493,169,398,201,486,185.0,442.0,185.0,486.0
471,18.800,776,person,0.6317,128,430,167,531,147.5,480.5,147.5,531.0
472,18.840,1,person,0.7805,921,572,969,701,945.0,636.5,945.0,701.0
472,18.840,665,person,0.7130,169,504,220,620,194.5,562.0,194.5,620.0
472,18.840,738,person,0.7550,1334,437,1379,539,1356.5,488.0,1356.5,539.0
472,18.840,777,person,0.7386,1550,465,1600,561,1575.0,513.0,1575.0,561.0
472,18.840,242,person,0.6659,457,299,498,408,477.5,353.5,477.5,408.0
472,18.840,775,person,0.6670,1221,305,1253,388,1237.0,346.5,1237.0,388.0
472,18.840,711,person,0.7071,622,706,673,855,647.5,780.5,647.5,855.0
472,18.840,1023,person,0.7496,473,596,521,725,497.0,660.5,497.0,725.0
472,18.840,1016,person,0.6734,1511,749,1561,900,1536.0,824.5,1536.0,900.0
472,18.840,1060,person,0.7522,853,415,887,512,870.0,463.5,870.0,512.0
472,18.840,1091,person,0.6578,170,400,202,488,186.0,444.0,186.0,488.0
472,18.840,776,person,0.4710,125,432,164,533,144.5,482.5,144.5,533.0
473,18.880,1,person,0.7566,921,573,968,700,944.5,636.5,944.5,700.0
473,18.880,665,person,0.6888,166,511,219,624,192.5,567.5,192.5,624.0
473,18.880,738,person,0.7770,1340,438,1385,537,1362.5,487.5,1362.5,537.0
473,18.880,777,person,0.6904,1551,464,1603,564,1577.0,514.0,1577.0,564.0
473,18.880,242,person,0.6502,457,308,495,413,476.0,360.5,476.0,413.0
473,18.880,775,person,0.6273,1222,308,1253,390,1237.5,349.0,1237.5,390.0
473,18.880,711,person,0.7867,627,708,677,857,652.0,782.5,652.0,857.0
473,18.880,1023,person,0.7217,471,597,518,725,494.5,661.0,494.5,725.0
473,18.880,1016,person,0.7268,1512,752,1562,902,1537.0,827.0,1537.0,902.0
473,18.880,1060,person,0.7663,854,416,888,513,871.0,464.5,871.0,513.0
473,18.880,1091,person,0.6317,172,404,203,491,187.5,447.5,187.5,491.0
473,18.880,776,person,0.5786,123,436,161,533,142.0,484.5,142.0,533.0
474,18.920,1,person,0.7405,923,572,967,693,945.0,632.5,945.0,693.0
474,18.920,665,person,0.6638,162,516,215,626,188.5,571.0,188.5,626.0
474,18.920,738,person,0.7829,1348,441,1391,535,1369.5,488.0,1369.5,535.0
474,18.920,777,person,0.7189,1553,464,1605,566,1579.0,515.0,1579.0,566.0
474,18.920,242,person,0.6828,457,316,493,412,475.0,364.0,475.0,412.0
474,18.920,775,person,0.6597,1223,309,1255,393,1239.0,351.0,1239.0,393.0
474,18.920,711,person,0.7759,632,711,681,859,656.5,785.0,656.5,859.0
474,18.920,1023,person,0.7329,469,598,517,729,493.0,663.5,493.0,729.0
474,18.920,1016,person,0.7778,1514,754,1563,906,1538.5,830.0,1538.5,906.0
474,18.920,1060,person,0.7386,855,417,889,515,872.0,466.0,872.0,515.0
474,18.920,1091,person,0.6463,171,402,204,493,187.5,447.5,187.5,493.0
474,18.920,776,person,0.2928,120,440,158,538,139.0,489.0,139.0,538.0
475,18.960,1,person,0.7474,924,574,967,691,945.5,632.5,945.5,691.0
475,18.960,665,person,0.7079,155,517,209,626,182.0,571.5,182.0,626.0
475,18.960,738,person,0.7787,1355,443,1398,535,1376.5,489.0,1376.5,535.0
475,18.960,777,person,0.7908,1557,464,1609,568,1583.0,516.0,1583.0,568.0
475,18.960,242,person,0.6075,457,324,490,412,473.5,368.0,473.5,412.0
475,18.960,775,person,0.6155,1227,314,1258,393,1242.5,353.5,1242.5,393.0
475,18.960,711,person,0.7981,636,715,684,862,660.0,788.5,660.0,862.0
475,18.960,1023,person,0.7457,467,600,516,733,491.5,666.5,491.5,733.0
475,18.960,1016,person,0.7978,1515,757,1564,908,1539.5,832.5,1539.5,908.0
475,18.960,1060,person,0.7598,857,417,892,516,874.5,466.5,874.5,516.0
475,18.960,1091,person,0.6041,173,402,206,495,189.5,448.5,189.5,495.0
475,18.960,776,person,0.5781,118,441,155,540,136.5,490.5,136.5,540.0
476,19.000,1,person,0.7749,925,575,968,691,946.5,633.0,946.5,691.0
476,19.000,665,person,0.7445,147,517,202,627,174.5,572.0,174.5,627.0
476,19.000,738,person,0.7680,1360,443,1403,535,1381.5,489.0,1381.5,535.0
476,19.000,777,person,0.7806,1560,465,1612,570,1586.0,517.5,1586.0,570.0
476,19.000,242,person,0.6610,459,332,490,412,474.5,372.0,474.5,412.0
476,19.000,775,person,0.7114,1230,315,1261,395,1245.5,355.0,1245.5,395.0
476,19.000,711,person,0.8464,641,719,691,867,666.0,793.0,666.0,867.0
476,19.000,1023,person,0.7798,467,602,516,735,491.5,668.5,491.5,735.0
476,19.000,1016,person,0.7441,1517,761,1567,912,1542.0,836.5,1542.0,912.0
476,19.000,1060,person,0.8019,858,418,894,518,876.0,468.0,876.0,518.0
476,19.000,1091,person,0.6855,174,401,208,496,191.0,448.5,191.0,496.0
476,19.000,776,person,0.6897,115,442,153,541,134.0,491.5,134.0,541.0
477,19.040,1,person,0.7758,926,577,969,694,947.5,635.5,947.5,694.0
477,19.040,665,person,0.7213,140,515,197,628,168.5,571.5,168.5,628.0
477,19.040,738,person,0.8161,1368,442,1413,538,1390.5,490.0,1390.5,538.0
477,19.040,777,person,0.7775,1562,466,1615,573,1588.5,519.5,1588.5,573.0
477,19.040,242,person,0.6501,459,334,491,415,475.0,374.5,475.0,415.0
477,19.040,775,person,0.6807,1232,318,1265,398,1248.5,358.0,1248.5,398.0
477,19.040,711,person,0.8160,646,720,697,870,671.5,795.0,671.5,870.0
477,19.040,1023,person,0.7891,468,604,516,736,492.0,670.0,492.0,736.0
477,19.040,1016,person,0.7870,1518,765,1568,916,1543.0,840.5,1543.0,916.0
477,19.040,1060,person,0.7248,861,419,897,523,879.0,471.0,879.0,523.0
477,19.040,1091,person,0.6950,175,400,209,496,192.0,448.0,192.0,496.0
477,19.040,776,person,0.5634,114,442,151,541,132.5,491.5,132.5,541.0
478,19.080,1,person,0.8105,926,578,970,695,948.0,636.5,948.0,695.0
478,19.080,665,person,0.7126,135,515,193,629,164.0,572.0,164.0,629.0
478,19.080,738,person,0.8477,1374,446,1420,544,1397.0,495.0,1397.0,544.0
478,19.080,777,person,0.7724,1566,467,1617,572,1591.5,519.5,1591.5,572.0
478,19.080,242,person,0.6734,460,336,491,415,475.5,375.5,475.5,415.0
478,19.080,775,person,0.7153,1235,320,1269,398,1252.0,359.0,1252.0,398.0
478,19.080,711,person,0.8021,653,721,706,872,679.5,796.5,679.5,872.0
478,19.080,1023,person,0.8104,470,607,516,737,493.0,672.0,493.0,737.0
478,19.080,1016,person,0.7835,1518,770,1570,920,1544.0,845.0,1544.0,920.0
478,19.080,1060,person,0.6996,862,420,899,526,880.5,473.0,880.5,526.0
478,19.080,1091,person,0.7569,176,400,212,498,194.0,449.0,194.0,498.0
478,19.080,776,person,0.5528,112,443,149,539,130.5,491.0,130.5,539.0
479,19.120,1,person,0.8134,927,577,972,697,949.5,637.0,949.5,697.0
479,19.120,665,person,0.7058,133,515,191,630,162.0,572.5,162.0,630.0
479,19.120,738,person,0.8185,1378,446,1425,547,1401.5,496.5,1401.5,547.0
479,19.120,777,person,0.7903,1569,467,1619,571,1594.0,519.0,1594.0,571.0
479,19.120,242,person,0.7195,460,336,492,416,476.0,376.0,476.0,416.0
479,19.120,775,person,0.6159,1237,324,1271,398,1254.0,361.0,1254.0,398.0
479,19.120,711,person,0.8053,657,724,711,874,684.0,799.0,684.0,874.0
479,19.120,1023,person,0.8364,471,609,517,737,494.0,673.0,494.0,737.0
479,19.120,1016,person,0.8148,1517,774,1572,923,1544.5,848.5,1544.5,923.0
479,19.120,1060,person,0.6839,863,420,901,527,882.0,473.5,882.0,527.0
479,19.120,1091,person,0.7508,177,401,213,499,195.0,450.0,195.0,499.0
479,19.120,776,person,0.4374,110,444,149,545,129.5,494.5,129.5,545.0
479,19.120,1097,person,0.4399,430,297,457,361,443.5,329.0,443.5,361.0
480,19.160,1,person,0.8015,927,576,972,696,949.5,636.0,949.5,696.0
480,19.160,665,person,0.6988,129,516,188,631,158.5,573.5,158.5,631.0
480,19.160,738,person,0.7405,1379,445,1427,546,1403.0,495.5,1403.0,546.0
480,19.160,777,person,0.7258,1571,466,1622,573,1596.5,519.5,1596.5,573.0
480,19.160,242,person,0.7072,460,336,492,417,476.0,376.5,476.0,417.0
480,19.160,775,person,0.4899,1239,327,1275,402,1257.0,364.5,1257.0,402.0
480,19.160,711,person,0.8348,660,726,717,876,688.5,801.0,688.5,876.0
480,19.160,1023,person,0.8346,471,609,517,738,494.0,673.5,494.0,738.0
480,19.160,1016,person,0.8799,1516,778,1575,929,1545.5,853.5,1545.5,929.0
480,19.160,1060,person,0.6654,866,423,902,526,884.0,474.5,884.0,526.0
480,19.160,1091,person,0.7812,179,401,215,500,197.0,450.5,197.0,500.0
480,19.160,776,person,0.4291,110,446,146,539,128.0,492.5,128.0,539.0
480,19.160,1098,person,0.4191,110,447,146,501,128.0,474.0,128.0,501.0
481,19.200,1,person,0.7344,928,574,973,695,950.5,634.5,950.5,695.0
481,19.200,665,person,0.7339,125,517,183,632,154.0,574.5,154.0,632.0
481,19.200,738,person,0.7728,1386,443,1434,545,1410.0,494.0,1410.0,545.0
481,19.200,777,person,0.7552,1574,464,1624,573,1599.0,518.5,1599.0,573.0
481,19.200,242,person,0.6650,460,334,493,417,476.5,375.5,476.5,417.0
481,19.200,775,person,0.5105,1241,328,1278,404,1259.5,366.0,1259.5,404.0
481,19.200,711,person,0.8529,664,727,723,877,693.5,802.0,693.5,877.0
481,19.200,1023,person,0.8332,471,609,518,740,494.5,674.5,494.5,740.0
481,19.200,1016,person,0.8704,1516,781,1579,934,1547.5,857.5,1547.5,934.0
481,19.200,1060,person,0.6743,868,425,903,527,885.5,476.0,885.5,527.0
481,19.200,1091,person,0.7868,180,404,215,501,197.5,452.5,197.5,501.0
481,19.200,776,person,0.5528,108,447,142,535,125.0,491.0,125.0,535.0
482,19.240,1,person,0.7776,929,571,974,692,951.5,631.5,951.5,692.0
482,19.240,665,person,0.7681,120,515,179,633,149.5,574.0,149.5,633.0
482,19.240,738,person,0.7606,1393,444,1438,539,1415.5,491.5,1415.5,539.0
482,19.240,777,person,0.7140,1577,464,1626,572,1601.5,518.0,1601.5,572.0
482,19.240,242,person,0.6618,461,333,494,416,477.5,374.5,477.5,416.0
482,19.240,775,person,0.5465,1241,327,1281,404,1261.0,365.5,1261.0,404.0
482,19.240,711,person,0.8497,667,727,728,879,697.5,803.0,697.5,879.0
482,19.240,1023,person,0.8192,471,610,517,739,494.0,674.5,494.0,739.0
482,19.240,1016,person,0.8333,1519,784,1585,936,1552.0,860.0,1552.0,936.0
482,19.240,1060,person,0.6776,869,427,904,526,886.5,476.5,886.5,526.0
482,19.240,1091,person,0.7542,180,407,215,501,197.5,454.0,197.5,501.0
482,19.240,776,person,0.5846,106,446,138,528,122.0,487.0,122.0,528.0
483,19.280,1,person,0.7827,929,568,975,688,952.0,628.0,952.0,688.0
483,19.280,665,person,0.7949,123,515,184,634,153.5,574.5,153.5,634.0
483,19.280,738,person,0.7677,1399,445,1442,534,1420.5,489.5,1420.5,534.0
483,19.280,777,person,0.7050,1582,464,1630,575,1606.0,519.5,1606.0,575.0
483,19.280,242,person,0.6919,461,332,495,416,478.0,374.0,478.0,416.0
483,19.280,775,person,0.5850,1242,327,1282,403,1262.0,365.0,1262.0,403.0
483,19.280,711,person,0.8635,668,728,731,883,699.5,805.5,699.5,883.0
483,19.280,1023,person,0.8101,471,610,517,740,494.0,675.0,494.0,740.0
483,19.280,1016,person,0.8258,1521,788,1589,938,1555.0,863.0,1555.0,938.0
483,19.280,1060,person,0.7062,872,428,906,526,889.0,477.0,889.0,526.0
483,19.280,1091,person,0.7065,181,407,216,501,198.5,454.0,198.5,501.0
483,19.280,776,person,0.6136,104,444,138,528,121.0,486.0,121.0,528.0
483,19.280,1104,person,0.5245,414,306,438,364,426.0,335.0,426.0,364.0
484,19.320,1,person,0.8126,931,567,976,685,953.5,626.0,953.5,685.0
484,19.320,665,person,0.7905,118,515,180,634,149.0,574.5,149.0,634.0
484,19.320,738,person,0.8105,1403,445,1447,535,1425.0,490.0,1425.0,535.0
484,19.320,777,person,0.7592,1587,465,1634,576,1610.5,520.5,1610.5,576.0
484,19.320,242,person,0.7132,460,332,495,416,477.5,374.0,477.5,416.0
484,19.320,775,person,0.6016,1241,326,1282,403,1261.5,364.5,1261.5,403.0
484,19.320,711,person,0.8440,668,728,733,882,700.5,805.0,700.5,882.0
484,19.320,1023,person,0.8182,471,611,516,739,493.5,675.0,493.5,739.0
484,19.320,1016,person,0.7719,1522,792,1592,942,1557.0,867.0,1557.0,942.0
484,19.320,1060,person,0.7169,873,430,908,528,890.5,479.0,890.5,528.0
484,19.320,1091,person,0.7416,180,405,217,502,198.5,453.5,198.5,502.0
484,19.320,776,person,0.6175,101,443,136,529,118.5,486.0,118.5,529.0
484,19.320,1104,person,0.4529,411,306,435,362,423.0,334.0,423.0,362.0
485,19.360,1,person,0.8069,932,569,977,686,954.5,627.5,954.5,686.0
485,19.360,665,person,0.7776,112,514,176,636,144.0,575.0,144.0,636.0
485,19.360,738,person,0.8219,1406,443,1453,536,1429.5,489.5,1429.5,536.0
485,19.360,777,person,0.7599,1591,465,1639,579,1615.0,522.0,1615.0,579.0
485,19.360,242,person,0.6715,460,333,496,418,478.0,375.5,478.0,418.0
485,19.360,775,person,0.5545,1240,327,1280,400,1260.0,363.5,1260.0,400.0
485,19.360,711,person,0.8287,669,729,734,883,701.5,806.0,701.5,883.0
485,19.360,1023,person,0.8388,470,610,515,739,492.5,674.5,492.5,739.0
485,19.360,1016,person,0.7256,1525,794,1598,947,1561.5,870.5,1561.5,947.0
485,19.360,1060,person,0.7417,873,429,910,531,891.5,480.0,891.5,531.0
485,19.360,1091,person,0.7074,180,403,218,501,199.0,452.0,199.0,501.0
485,19.360,776,person,0.5808,100,443,135,529,117.5,486.0,117.5,529.0
485,19.360,1104,person,0.4399,409,305,431,357,420.0,331.0,420.0,357.0
486,19.400,1,person,0.8344,934,570,979,688,956.5,629.0,956.5,688.0
486,19.400,665,person,0.6121,111,512,176,635,143.5,573.5,143.5,635.0
486,19.400,738,person,0.8310,1411,443,1459,538,1435.0,490.5,1435.0,538.0
486,19.400,777,person,0.7790,1597,466,1644,577,1620.5,521.5,1620.5,577.0
486,19.400,242,person,0.6277,460,334,496,417,478.0,375.5,478.0,417.0
486,19.400,775,person,0.5790,1241,326,1281,400,1261.0,363.0,1261.0,400.0
486,19.400,711,person,0.8716,668,730,734,886,701.0,808.0,701.0,886.0
486,19.400,1023,person,0.8091,469,611,514,741,491.5,676.0,491.5,741.0
486,19.400,1016,person,0.6722,1526,794,1600,950,1563.0,872.0,1563.0,950.0
486,19.400,1060,person,0.7099,875,428,912,528,893.5,478.0,893.5,528.0
486,19.400,1091,person,0.7374,180,401,219,501,199.5,451.0,199.5,501.0
486,19.400,776,person,0.3508,99,441,134,525,116.5,483.0,116.5,525.0
487,19.440,1,person,0.7985,936,570,980,688,958.0,629.0,958.0,688.0
487,19.440,665,person,0.5717,107,506,176,634,141.5,570.0,141.5,634.0
487,19.440,738,person,0.8193,1416,443,1464,539,1440.0,491.0,1440.0,539.0
487,19.440,777,person,0.7919,1603,467,1650,576,1626.5,521.5,1626.5,576.0
487,19.440,242,person,0.6198,459,333,495,416,477.0,374.5,477.0,416.0
487,19.440,775,person,0.6275,1242,326,1283,401,1262.5,363.5,1262.5,401.0
487,19.440,711,person,0.8594,669,731,735,888,702.0,809.5,702.0,888.0
487,19.440,1023,person,0.7962,469,612,514,742,491.5,677.0,491.5,742.0
487,19.440,1016,person,0.6582,1526,796,1599,953,1562.5,874.5,1562.5,953.0
487,19.440,1060,person,0.7437,875,426,913,529,894.0,477.5,894.0,529.0
487,19.440,1091,person,0.7429,180,400,220,504,200.0,452.0,200.0,504.0
487,19.440,776,person,0.3665,97,440,134,527,115.5,483.5,115.5,527.0
487,19.440,1107,person,0.3871,96,441,133,492,114.5,466.5,114.5,492.0
488,19.480,1,person,0.8005,936,567,981,687,958.5,627.0,958.5,687.0
488,19.480,665,person,0.7412,107,513,174,635,140.5,574.0,140.5,635.0
488,19.480,738,person,0.8230,1420,444,1470,542,1445.0,493.0,1445.0,542.0
488,19.480,777,person,0.7246,1610,469,1657,576,1633.5,522.5,1633.5,576.0
488,19.480,242,person,0.6236,458,334,494,418,476.0,376.0,476.0,418.0
488,19.480,775,person,0.6291,1241,324,1283,401,1262.0,362.5,1262.0,401.0
488,19.480,711,person,0.8469,670,733,736,889,703.0,811.0,703.0,889.0
488,19.480,1023,person,0.8232,469,612,515,745,492.0,678.5,492.0,745.0
488,19.480,1016,person,0.7230,1522,798,1593,954,1557.5,876.0,1557.5,954.0
488,19.480,1060,person,0.6939,877,427,914,526,895.5,476.5,895.5,526.0
488,19.480,1091,person,0.7286,181,400,222,502,201.5,451.0,201.5,502.0
488,19.480,776,person,0.5853,95,440,132,528,113.5,484.0,113.5,528.0
488,19.480,1110,person,0.4074,393,296,424,371,408.5,333.5,408.5,371.0
489,19.520,1,person,0.8309,938,564,983,685,960.5,624.5,960.5,685.0
489,19.520,665,person,0.6932,103,517,169,634,136.0,575.5,136.0,634.0
489,19.520,738,person,0.8308,1424,445,1476,546,1450.0,495.5,1450.0,546.0
489,19.520,777,person,0.7290,1613,471,1661,577,1637.0,524.0,1637.0,577.0
489,19.520,242,person,0.5992,458,333,494,418,476.0,375.5,476.0,418.0
489,19.520,775,person,0.6536,1241,323,1281,401,1261.0,362.0,1261.0,401.0
489,19.520,711,person,0.8460,673,737,736,889,704.5,813.0,704.5,889.0
489,19.520,1023,person,0.7991,468,612,514,746,491.0,679.0,491.0,746.0
489,19.520,1016,person,0.7643,1519,799,1589,957,1554.0,878.0,1554.0,957.0
489,19.520,1060,person,0.7196,880,427,915,522,897.5,474.5,897.5,522.0
489,19.520,1091,person,0.7357,183,399,223,501,203.0,450.0,203.0,501.0
489,19.520,776,person,0.5892,94,440,133,532,113.5,486.0,113.5,532.0
489,19.520,1110,person,0.3884,391,296,421,369,406.0,332.5,406.0,369.0
490,19.560,1,person,0.8137,940,563,985,683,962.5,623.0,962.5,683.0
490,19.560,665,person,0.7251,93,517,159,632,126.0,574.5,126.0,632.0
490,19.560,738,person,0.8142,1427,443,1476,538,1451.5,490.5,1451.5,538.0
490,19.560,777,person,0.7543,1614,471,1663,579,1638.5,525.0,1638.5,579.0
490,19.560,242,person,0.6086,458,330,495,418,476.5,374.0,476.5,418.0
490,19.560,775,person,0.6254,1241,323,1281,400,1261.0,361.5,1261.0,400.0
490,19.560,711,person,0.8338,674,739,736,890,705.0,814.5,705.0,890.0
490,19.560,1023,person,0.7990,469,613,515,745,492.0,679.0,492.0,745.0
490,19.560,1016,person,0.7604,1518,801,1588,962,1553.0,881.5,1553.0,962.0
490,19.560,1060,person,0.7356,880,426,917,527,898.5,476.5,898.5,527.0
490,19.560,1091,person,0.7277,186,400,225,498,205.5,449.0,205.5,498.0
490,19.560,776,person,0.5575,94,440,132,531,113.0,485.5,113.0,531.0
490,19.560,1110,person,0.3751,389,299,420,373,404.5,336.0,404.5,373.0
491,19.600,1,person,0.8248,942,564,985,677,963.5,620.5,963.5,677.0
491,19.600,665,person,0.7396,86,514,153,632,119.5,573.0,119.5,632.0
491,19.600,738,person,0.8215,1429,441,1480,537,1454.5,489.0,1454.5,537.0
491,19.600,777,person,0.7891,1616,468,1667,581,1641.5,524.5,1641.5,581.0
491,19.600,242,person,0.6221,458,329,495,415,476.5,372.0,476.5,415.0
491,19.600,775,person,0.6734,1242,322,1283,402,1262.5,362.0,1262.5,402.0
491,19.600,711,person,0.8301,675,740,737,891,706.0,815.5,706.0,891.0
491,19.600,1023,person,0.7848,470,614,515,746,492.5,680.0,492.5,746.0
491,19.600,1016,person,0.7781,1519,803,1590,967,1554.5,885.0,1554.5,967.0
491,19.600,1060,person,0.7180,882,428,919,529,900.5,478.5,900.5,529.0
491,19.600,1091,person,0.7507,189,400,227,498,208.0,449.0,208.0,498.0
491,19.600,776,person,0.5937,95,440,129,520,112.0,480.0,112.0,520.0
491,19.600,1110,person,0.4830,384,296,421,385,402.5,340.5,402.5,385.0
492,19.640,1,person,0.7937,944,565,986,673,965.0,619.0,965.0,673.0
492,19.640,665,person,0.7699,79,507,149,632,114.0,569.5,114.0,632.0
492,19.640,738,person,0.8148,1431,439,1482,537,1456.5,488.0,1456.5,537.0
492,19.640,777,person,0.7941,1620,466,1670,577,1645.0,521.5,1645.0,577.0
492,19.640,242,person,0.6775,458,329,495,414,476.5,371.5,476.5,414.0
492,19.640,775,person,0.7093,1240,321,1285,408,1262.5,364.5,1262.5,408.0
492,19.640,711,person,0.8188,678,743,740,894,709.0,818.5,709.0,894.0
492,19.640,1023,person,0.7782,470,614,516,745,493.0,679.5,493.0,745.0
492,19.640,1016,person,0.8544,1518,807,1591,971,1554.5,889.0,1554.5,971.0
492,19.640,1060,person,0.6526,883,429,920,529,901.5,479.0,901.5,529.0
492,19.640,1091,person,0.6854,191,398,230,497,210.5,447.5,210.5,497.0
492,19.640,776,person,0.5049,95,441,128,517,111.5,479.0,111.5,517.0
492,19.640,1110,person,0.5293,382,297,417,381,399.5,339.0,399.5,381.0
493,19.680,1,person,0.8252,945,565,986,672,965.5,618.5,965.5,672.0
493,19.680,665,person,0.7610,77,503,148,631,112.5,567.0,112.5,631.0
493,19.680,738,person,0.7749,1436,440,1484,530,1460.0,485.0,1460.0,530.0
493,19.680,777,person,0.7860,1622,465,1673,576,1647.5,520.5,1647.5,576.0
493,19.680,242,person,0.7130,459,328,496,413,477.5,370.5,477.5,413.0
493,19.680,775,person,0.6519,1239,322,1287,417,1263.0,369.5,1263.0,417.0
493,19.680,711,person,0.8177,680,741,743,893,711.5,817.0,711.5,893.0
493,19.680,1023,person,0.7575,471,614,519,747,495.0,680.5,495.0,747.0
493,19.680,1016,person,0.8578,1519,809,1594,972,1556.5,890.5,1556.5,972.0
493,19.680,1060,person,0.7223,886,429,923,529,904.5,479.0,904.5,529.0
493,19.680,1091,person,0.7243,194,397,233,497,213.5,447.0,213.5,497.0
493,19.680,776,person,0.4624,95,438,127,511,111.0,474.5,111.0,511.0
493,19.680,1110,person,0.5684,381,298,415,379,398.0,338.5,398.0,379.0
494,19.720,1,person,0.8177,945,563,988,674,966.5,618.5,966.5,674.0
494,19.720,665,person,0.7774,77,500,149,631,113.0,565.5,113.0,631.0
494,19.720,738,person,0.7539,1441,440,1489,531,1465.0,485.5,1465.0,531.0
494,19.720,777,person,0.6951,1627,465,1680,580,1653.5,522.5,1653.5,580.0
494,19.720,242,person,0.7368,460,328,497,412,478.5,370.0,478.5,412.0
494,19.720,775,person,0.6452,1240,320,1290,418,1265.0,369.0,1265.0,418.0
494,19.720,711,person,0.8367,683,741,745,893,714.0,817.0,714.0,893.0
494,19.720,1023,person,0.8030,470,613,518,747,494.0,680.0,494.0,747.0
494,19.720,1016,person,0.8623,1522,811,1598,972,1560.0,891.5,1560.0,972.0
494,19.720,1060,person,0.7239,889,429,926,530,907.5,479.5,907.5,530.0
494,19.720,1091,person,0.7102,196,397,235,495,215.5,446.0,215.5,495.0
494,19.720,776,person,0.5188,94,435,126,506,110.0,470.5,110.0,506.0
494,19.720,1110,person,0.4048,381,301,412,378,396.5,339.5,396.5,378.0
495,19.760,1,person,0.7802,946,563,990,677,968.0,620.0,968.0,677.0
495,19.760,665,person,0.7600,79,499,150,630,114.5,564.5,114.5,630.0
495,19.760,738,person,0.7013,1443,439,1494,534,1468.5,486.5,1468.5,534.0
495,19.760,777,person,0.7570,1633,465,1685,576,1659.0,520.5,1659.0,576.0
495,19.760,242,person,0.7001,461,327,498,411,479.5,369.0,479.5,411.0
495,19.760,775,person,0.6102,1240,317,1289,416,1264.5,366.5,1264.5,416.0
495,19.760,711,person,0.8559,685,742,746,892,715.5,817.0,715.5,892.0
495,19.760,1023,person,0.8474,470,612,518,746,494.0,679.0,494.0,746.0
495,19.760,1016,person,0.8533,1526,813,1605,975,1565.5,894.0,1565.5,975.0
495,19.760,1060,person,0.7238,891,429,930,531,910.5,480.0,910.5,531.0
495,19.760,1091,person,0.7526,199,395,237,491,218.0,443.0,218.0,491.0
495,19.760,776,person,0.4692,94,434,125,502,109.5,468.0,109.5,502.0
495,19.760,1110,person,0.3345,380,302,410,378,395.0,340.0,395.0,378.0
496,19.800,1,person,0.7471,946,557,992,676,969.0,616.5,969.0,676.0
496,19.800,665,person,0.7293,78,500,149,631,113.5,565.5,113.5,631.0
496,19.800,738,person,0.7382,1446,436,1498,530,1472.0,483.0,1472.0,530.0
496,19.800,777,person,0.7546,1636,465,1688,575,1662.0,520.0,1662.0,575.0
496,19.800,242,person,0.7035,462,325,499,409,480.5,367.0,480.5,409.0
496,19.800,775,person,0.6459,1240,317,1287,413,1263.5,365.0,1263.5,413.0
496,19.800,711,person,0.8969,687,743,749,893,718.0,818.0,718.0,893.0
496,19.800,1023,person,0.8169,469,611,517,745,493.0,678.0,493.0,745.0
496,19.800,1016,person,0.8045,1530,815,1612,979,1571.0,897.0,1571.0,979.0
496,19.800,1060,person,0.5537,893,429,933,537,913.0,483.0,913.0,537.0
496,19.800,1091,person,0.7494,200,393,238,490,219.0,441.5,219.0,490.0
496,19.800,776,person,0.5574,93,432,126,504,109.5,468.0,109.5,504.0
496,19.800,1110,person,0.4479,376,302,406,378,391.0,340.0,391.0,378.0
497,19.840,1,person,0.7628,948,553,995,675,971.5,614.0,971.5,675.0
497,19.840,665,person,0.7075,79,498,151,630,115.0,564.0,115.0,630.0
497,19.840,738,person,0.7977,1447,433,1501,528,1474.0,480.5,1474.0,528.0
497,19.840,777,person,0.7422,1639,467,1690,574,1664.5,520.5,1664.5,574.0
497,19.840,242,person,0.7223,463,325,501,409,482.0,367.0,482.0,409.0
497,19.840,775,person,0.6244,1241,317,1284,409,1262.5,363.0,1262.5,409.0
497,19.840,711,person,0.8809,691,743,752,892,721.5,817.5,721.5,892.0
497,19.840,1023,person,0.8105,470,610,518,744,494.0,677.0,494.0,744.0
497,19.840,1016,person,0.7817,1535,817,1617,981,1576.0,899.0,1576.0,981.0
497,19.840,1060,person,0.6043,895,430,934,534,914.5,482.0,914.5,534.0
497,19.840,1091,person,0.7685,202,392,240,490,221.0,441.0,221.0,490.0
497,19.840,776,person,0.4290,93,431,124,496,108.5,463.5,108.5,496.0
497,19.840,1110,person,0.4729,373,302,404,379,388.5,340.5,388.5,379.0
497,19.840,1116,person,0.4785,45,270,74,333,59.5,301.5,59.5,333.0
498,19.880,1,person,0.7712,949,551,995,671,972.0,611.0,972.0,671.0
498,19.880,665,person,0.7211,77,503,145,630,111.0,566.5,111.0,630.0
498,19.880,738,person,0.7296,1449,432,1502,522,1475.5,477.0,1475.5,522.0
498,19.880,777,person,0.6913,1641,469,1690,573,1665.5,521.0,1665.5,573.0
498,19.880,242,person,0.7546,464,323,502,409,483.0,366.0,483.0,409.0
498,19.880,775,person,0.6609,1242,318,1282,405,1262.0,361.5,1262.0,405.0
498,19.880,711,person,0.8699,691,741,754,891,722.5,816.0,722.5,891.0
498,19.880,1023,person,0.8429,471,610,520,746,495.5,678.0,495.5,746.0
498,19.880,1016,person,0.7945,1536,818,1619,983,1577.5,900.5,1577.5,983.0
498,19.880,1060,person,0.5120,898,430,934,524,916.0,477.0,916.0,524.0
498,19.880,1091,person,0.7673,204,392,242,489,223.0,440.5,223.0,489.0
498,19.880,776,person,0.4246,94,432,125,495,109.5,463.5,109.5,495.0
498,19.880,1110,person,0.4654,373,301,405,380,389.0,340.5,389.0,380.0
498,19.880,1116,person,0.3602,50,272,77,332,63.5,302.0,63.5,332.0
499,19.920,1,person,0.7878,950,548,996,665,973.0,606.5,973.0,665.0
499,19.920,665,person,0.7750,76,508,140,630,108.0,569.0,108.0,630.0
499,19.920,738,person,0.6629,1450,431,1502,517,1476.0,474.0,1476.0,517.0
499,19.920,777,person,0.7569,1643,468,1694,575,1668.5,521.5,1668.5,575.0
499,19.920,242,person,0.7453,466,322,505,409,485.5,365.5,485.5,409.0
499,19.920,775,person,0.6660,1241,319,1280,402,1260.5,360.5,1260.5,402.0
499,19.920,711,person,0.8487,692,738,757,891,724.5,814.5,724.5,891.0
499,19.920,1023,person,0.8140,472,611,521,747,496.5,679.0,496.5,747.0
499,19.920,1016,person,0.7684,1536,818,1620,988,1578.0,903.0,1578.0,988.0
499,19.920,1060,person,0.6640,900,429,937,525,918.5,477.0,918.5,525.0
499,19.920,1091,person,0.7630,207,393,245,487,226.0,440.0,226.0,487.0
499,19.920,776,person,0.6205,90,432,129,513,109.5,472.5,109.5,513.0
499,19.920,1110,person,0.3850,370,300,402,379,386.0,339.5,386.0,379.0
500,19.960,1,person,0.7596,953,546,998,661,975.5,603.5,975.5,661.0
500,19.960,665,person,0.8028,75,509,137,630,106.0,569.5,106.0,630.0
500,19.960,738,person,0.7125,1448,430,1501,519,1474.5,474.5,1474.5,519.0
500,19.960,777,person,0.7886,1646,467,1698,576,1672.0,521.5,1672.0,576.0
500,19.960,242,person,0.8071,467,321,506,406,486.5,363.5,486.5,406.0
500,19.960,775,person,0.6930,1242,320,1282,403,1262.0,361.5,1262.0,403.0
500,19.960,711,person,0.8333,693,734,759,888,726.0,811.0,726.0,888.0
500,19.960,1023,person,0.8292,474,611,524,748,499.0,679.5,499.0,748.0
500,19.960,1016,person,0.7702,1534,820,1615,991,1574.5,905.5,1574.5,991.0
500,19.960,1060,person,0.6080,903,428,939,523,921.0,475.5,921.0,523.0
500,19.960,1091,person,0.7804,211,393,249,488,230.0,440.5,230.0,488.0
500,19.960,776,person,0.5887,88,431,131,518,109.5,474.5,109.5,518.0
500,19.960,1110,person,0.4351,371,301,403,378,387.0,339.5,387.0,378.0
501,20.000,1,person,0.7592,954,546,998,660,976.0,603.0,976.0,660.0
501,20.000,665,person,0.7887,74,504,137,631,105.5,567.5,105.5,631.0
501,20.000,738,person,0.7573,1448,430,1501,520,1474.5,475.0,1474.5,520.0
501,20.000,777,person,0.7930,1650,465,1705,578,1677.5,521.5,1677.5,578.0
501,20.000,242,person,0.7978,468,321,507,405,487.5,363.0,487.5,405.0
501,20.000,775,person,0.7065,1242,320,1285,402,1263.5,361.0,1263.5,402.0
501,20.000,711,person,0.8241,695,733,761,885,728.0,809.0,728.0,885.0
501,20.000,1023,person,0.7874,477,613,527,748,502.0,680.5,502.0,748.0
501,20.000,1016,person,0.7483,1534,822,1612,992,1573.0,907.0,1573.0,992.0
501,20.000,1060,person,0.5776,907,428,945,523,926.0,475.5,926.0,523.0
501,20.000,1091,person,0.7779,214,392,252,488,233.0,440.0,233.0,488.0
501,20.000,776,person,0.6160,92,430,127,500,109.5,465.0,109.5,500.0
501,20.000,1110,person,0.4804,369,300,403,379,386.0,339.5,386.0,379.0
502,20.040,1,person,0.7665,956,549,999,659,977.5,604.0,977.5,659.0
502,20.040,665,person,0.7647,75,502,138,629,106.5,565.5,106.5,629.0
502,20.040,738,person,0.7860,1451,430,1503,520,1477.0,475.0,1477.0,520.0
502,20.040,777,person,0.8048,1655,465,1711,578,1683.0,521.5,1683.0,578.0
502,20.040,242,person,0.7964,469,322,508,405,488.5,363.5,488.5,405.0
502,20.040,775,person,0.7291,1243,318,1288,401,1265.5,359.5,1265.5,401.0
502,20.040,711,person,0.8501,695,738,761,884,728.0,811.0,728.0,884.0
502,20.040,1023,person,0.7976,479,613,529,748,504.0,680.5,504.0,748.0
502,20.040,1016,person,0.7542,1536,824,1612,994,1574.0,909.0,1574.0,994.0
502,20.040,1060,person,0.6510,909,430,947,525,928.0,477.5,928.0,525.0
502,20.040,1091,person,0.7491,216,389,256,488,236.0,438.5,236.0,488.0
502,20.040,776,person,0.5313,92,427,129,501,110.5,464.0,110.5,501.0
502,20.040,1110,person,0.5594,368,302,401,379,384.5,340.5,384.5,379.0
503,20.080,1,person,0.7620,958,551,1001,662,979.5,606.5,979.5,662.0
503,20.080,665,person,0.7868,75,499,137,626,106.0,562.5,106.0,626.0
503,20.080,738,person,0.7326,1452,428,1506,521,1479.0,474.5,1479.0,521.0
503,20.080,777,person,0.8315,1658,464,1715,576,1686.5,520.0,1686.5,576.0
503,20.080,242,person,0.7414,470,323,509,407,489.5,365.0,489.5,407.0
503,20.080,775,person,0.6147,1242,315,1290,400,1266.0,357.5,1266.0,400.0
503,20.080,711,person,0.8600,696,741,761,884,728.5,812.5,728.5,884.0
503,20.080,1023,person,0.8004,481,614,532,751,506.5,682.5,506.5,751.0
503,20.080,1016,person,0.7746,1537,825,1615,998,1576.0,911.5,1576.0,998.0
503,20.080,1060,person,0.6297,912,428,952,525,932.0,476.5,932.0,525.0
503,20.080,1091,person,0.7073,218,387,259,487,238.5,437.0,238.5,487.0
503,20.080,776,person,0.4379,96,425,127,483,111.5,454.0,111.5,483.0
503,20.080,1110,person,0.4704,369,306,401,380,385.0,343.0,385.0,380.0
504,20.120,1,person,0.7821,960,545,1004,660,982.0,602.5,982.0,660.0
504,20.120,665,person,0.7943,76,499,136,622,106.0,560.5,106.0,622.0
504,20.120,738,person,0.7715,1454,426,1510,522,1482.0,474.0,1482.0,522.0
504,20.120,777,person,0.8208,1660,464,1718,576,1689.0,520.0,1689.0,576.0
504,20.120,242,person,0.7666,472,322,511,406,491.5,364.0,491.5,406.0
504,20.120,775,person,0.5453,1246,314,1294,397,1270.0,355.5,1270.0,397.0
504,20.120,711,person,0.8469,695,743,761,885,728.0,814.0,728.0,885.0
504,20.120,1023,person,0.7858,482,614,535,751,508.5,682.5,508.5,751.0
504,20.120,1016,person,0.8315,1533,828,1612,1002,1572.5,915.0,1572.5,1002.0
504,20.120,1060,person,0.6066,912,425,955,526,933.5,475.5,933.5,526.0
504,20.120,1091,person,0.7696,220,386,262,486,241.0,436.0,241.0,486.0
504,20.120,1110,person,0.5556,369,307,401,380,385.0,343.5,385.0,380.0
504,20.120,1107,person,0.5203,87,423,143,505,115.0,464.0,115.0,505.0
505,20.160,1,person,0.7868,962,539,1008,658,985.0,598.5,985.0,658.0
505,20.160,665,person,0.7650,77,502,134,620,105.5,561.0,105.5,620.0
505,20.160,738,person,0.7354,1455,424,1515,525,1485.0,474.5,1485.0,525.0
505,20.160,777,person,0.6493,1662,466,1720,577,1691.0,521.5,1691.0,577.0
505,20.160,242,person,0.7460,475,321,513,404,494.0,362.5,494.0,404.0
505,20.160,775,person,0.3882,1250,314,1296,395,1273.0,354.5,1273.0,395.0
505,20.160,711,person,0.8421,693,743,760,885,726.5,814.0,726.5,885.0
505,20.160,1023,person,0.7879,486,612,538,749,512.0,680.5,512.0,749.0
505,20.160,1016,person,0.8117,1534,833,1615,1004,1574.5,918.5,1574.5,1004.0
505,20.160,1060,person,0.5500,911,424,956,527,933.5,475.5,933.5,527.0
505,20.160,1091,person,0.7789,224,385,266,483,245.0,434.0,245.0,483.0
505,20.160,1110,person,0.5292,368,305,401,382,384.5,343.5,384.5,382.0
505,20.160,1107,person,0.3567,88,423,143,504,115.5,463.5,115.5,504.0
505,20.160,776,person,0.4858,102,424,133,481,117.5,452.5,117.5,481.0
506,20.200,1,person,0.8121,966,537,1011,654,988.5,595.5,988.5,654.0
506,20.200,665,person,0.8098,79,504,134,618,106.5,561.0,106.5,618.0
506,20.200,738,person,0.6908,1457,422,1515,519,1486.0,470.5,1486.0,519.0
506,20.200,777,person,0.6303,1662,470,1717,576,1689.5,523.0,1689.5,576.0
506,20.200,242,person,0.8051,476,319,514,403,495.0,361.0,495.0,403.0
506,20.200,775,person,0.4396,1253,312,1300,394,1276.5,353.0,1276.5,394.0
506,20.200,711,person,0.8348,690,741,759,886,724.5,813.5,724.5,886.0
506,20.200,1023,person,0.7687,489,611,540,746,514.5,678.5,514.5,746.0
506,20.200,1016,person,0.8049,1538,835,1622,1007,1580.0,921.0,1580.0,1007.0
506,20.200,1060,person,0.6311,912,424,954,524,933.0,474.0,933.0,524.0
506,20.200,1091,person,0.7459,228,384,270,482,249.0,433.0,249.0,482.0
506,20.200,1110,person,0.5409,368,305,402,383,385.0,344.0,385.0,383.0
506,20.200,1107,person,0.3996,88,424,148,518,118.0,471.0,118.0,518.0
506,20.200,1129,person,0.6532,2,533,27,656,14.5,594.5,14.5,656.0
506,20.200,776,person,0.5489,102,424,135,483,118.5,453.5,118.5,483.0
507,20.240,1,person,0.8083,968,534,1014,649,991.0,591.5,991.0,649.0
507,20.240,665,person,0.7899,79,504,133,619,106.0,561.5,106.0,619.0
507,20.240,738,person,0.6753,1458,421,1515,514,1486.5,467.5,1486.5,514.0
507,20.240,777,person,0.8012,1663,470,1718,577,1690.5,523.5,1690.5,577.0
507,20.240,242,person,0.7887,478,319,516,402,497.0,360.5,497.0,402.0
507,20.240,775,person,0.4930,1253,310,1299,396,1276.0,353.0,1276.0,396.0
507,20.240,711,person,0.8113,689,737,759,885,724.0,811.0,724.0,885.0
507,20.240,1023,person,0.7836,491,611,541,743,516.0,677.0,516.0,743.0
507,20.240,1016,person,0.8460,1544,840,1629,1008,1586.5,924.0,1586.5,1008.0
507,20.240,1060,person,0.6843,914,425,956,524,935.0,474.5,935.0,524.0
507,20.240,1091,person,0.7634,231,384,273,482,252.0,433.0,252.0,482.0
507,20.240,1110,person,0.5110,369,305,402,382,385.5,343.5,385.5,382.0
507,20.240,1107,person,0.4536,90,424,150,522,120.0,473.0,120.0,522.0
507,20.240,1129,person,0.6945,3,520,30,657,16.5,588.5,16.5,657.0
507,20.240,776,person,0.5637,103,424,140,488,121.5,456.0,121.5,488.0
508,20.280,1,person,0.7618,971,534,1016,646,993.5,590.0,993.5,646.0
508,20.280,665,person,0.7843,80,503,135,620,107.5,561.5,107.5,620.0
508,20.280,738,person,0.6698,1454,421,1508,511,1481.0,466.0,1481.0,511.0
508,20.280,777,person,0.7905,1663,469,1719,578,1691.0,523.5,1691.0,578.0
508,20.280,242,person,0.7808,480,318,517,400,498.5,359.0,498.5,400.0
508,20.280,775,person,0.5417,1255,309,1301,396,1278.0,352.5,1278.0,396.0
508,20.280,711,person,0.8271,687,732,759,885,723.0,808.5,723.0,885.0
508,20.280,1023,person,0.7101,494,610,544,745,519.0,677.5,519.0,745.0
508,20.280,1016,person,0.7992,1545,839,1634,1012,1589.5,925.5,1589.5,1012.0
508,20.280,1060,person,0.6350,917,428,956,524,936.5,476.0,936.5,524.0
508,20.280,1091,person,0.7495,234,384,277,482,255.5,433.0,255.5,482.0
508,20.280,1110,person,0.5237,369,306,403,385,386.0,345.5,386.0,385.0
508,20.280,1129,person,0.7643,5,516,33,656,19.0,586.0,19.0,656.0
508,20.280,776,person,0.3161,104,422,142,488,123.0,455.0,123.0,488.0
508,20.280,1098,person,0.5236,102,425,151,504,126.5,464.5,126.5,504.0
509,20.320,1,person,0.7660,971,535,1015,645,993.0,590.0,993.0,645.0
509,20.320,665,person,0.7597,81,501,136,619,108.5,560.0,108.5,619.0
509,20.320,738,person,0.7184,1452,422,1508,516,1480.0,469.0,1480.0,516.0
509,20.320,777,person,0.7787,1666,467,1724,580,1695.0,523.5,1695.0,580.0
509,20.320,242,person,0.6959,481,318,518,400,499.5,359.0,499.5,400.0
509,20.320,775,person,0.5775,1259,312,1303,397,1281.0,354.5,1281.0,397.0
509,20.320,711,person,0.8233,688,730,761,882,724.5,806.0,724.5,882.0
509,20.320,1023,person,0.8134,497,610,548,747,522.5,678.5,522.5,747.0
509,20.320,1016,person,0.7621,1548,841,1638,1014,1593.0,927.5,1593.0,1014.0
509,20.320,1060,person,0.6044,918,428,958,525,938.0,476.5,938.0,525.0
509,20.320,1091,person,0.7368,239,385,282,481,260.5,433.0,260.5,481.0
509,20.320,1110,person,0.5512,370,303,406,386,388.0,344.5,388.0,386.0
509,20.320,1129,person,0.8023,7,516,36,655,21.5,585.5,21.5,655.0
509,20.320,776,person,0.4497,110,420,145,479,127.5,449.5,127.5,479.0
509,20.320,1107,person,0.4757,96,421,159,530,127.5,475.5,127.5,530.0
510,20.360,1,person,0.7221,972,536,1017,647,994.5,591.5,994.5,647.0
510,20.360,665,person,0.8058,85,497,139,617,112.0,557.0,112.0,617.0
510,20.360,738,person,0.7385,1451,423,1505,516,1478.0,469.5,1478.0,516.0
510,20.360,777,person,0.7768,1670,465,1730,579,1700.0,522.0,1700.0,579.0
510,20.360,242,person,0.6399,483,319,519,400,501.0,359.5,501.0,400.0
510,20.360,775,person,0.5691,1261,312,1304,397,1282.5,354.5,1282.5,397.0
510,20.360,711,person,0.8262,690,729,763,879,726.5,804.0,726.5,879.0
510,20.360,1023,person,0.7895,502,610,552,748,527.0,679.0,527.0,748.0
510,20.360,1016,person,0.7846,1548,840,1639,1016,1593.5,928.0,1593.5,1016.0
510,20.360,1060,person,0.7085,921,425,962,527,941.5,476.0,941.5,527.0
510,20.360,1091,person,0.7388,243,386,286,482,264.5,434.0,264.5,482.0
510,20.360,1110,person,0.5977,372,306,407,386,389.5,346.0,389.5,386.0
510,20.360,1129,person,0.8311,9,516,38,652,23.5,584.0,23.5,652.0
510,20.360,1107,person,0.5702,103,419,165,530,134.0,474.5,134.0,530.0
510,20.360,1098,person,0.4451,107,419,157,504,132.0,461.5,132.0,504.0
511,20.400,1,person,0.7758,975,539,1019,648,997.0,593.5,997.0,648.0
511,20.400,665,person,0.7701,87,495,143,617,115.0,556.0,115.0,617.0
511,20.400,738,person,0.7568,1451,421,1507,517,1479.0,469.0,1479.0,517.0
511,20.400,777,person,0.7939,1675,465,1735,577,1705.0,521.0,1705.0,577.0
511,20.400,242,person,0.7234,487,317,524,401,505.5,359.0,505.5,401.0
511,20.400,775,person,0.5037,1262,312,1305,397,1283.5,354.5,1283.5,397.0
511,20.400,711,person,0.8151,691,729,764,878,727.5,803.5,727.5,878.0
511,20.400,1023,person,0.6670,507,612,557,748,532.0,680.0,532.0,748.0
511,20.400,1016,person,0.7735,1551,840,1639,1015,1595.0,927.5,1595.0,1015.0
511,20.400,1060,person,0.6710,924,423,964,525,944.0,474.0,944.0,525.0
511,20.400,1091,person,0.7075,246,384,291,482,268.5,433.0,268.5,482.0
511,20.400,1110,person,0.6206,374,308,408,387,391.0,347.5,391.0,387.0
511,20.400,1129,person,0.8544,12,519,41,647,26.5,583.0,26.5,647.0
511,20.400,1098,person,0.5438,109,418,162,514,135.5,466.0,135.5,514.0
512,20.440,1,person,0.7582,978,539,1023,647,1000.5,593.0,1000.5,647.0
512,20.440,665,person,0.7476,90,493,147,617,118.5,555.0,118.5,617.0
512,20.440,738,person,0.7098,1453,419,1510,517,1481.5,468.0,1481.5,517.0
512,20.440,777,person,0.7913,1677,464,1739,577,1708.0,520.5,1708.0,577.0
512,20.440,242,person,0.7746,491,316,528,401,509.5,358.5,509.5,401.0
512,20.440,775,person,0.5945,1266,315,1307,399,1286.5,357.0,1286.5,399.0
512,20.440,711,person,0.8352,691,729,765,878,728.0,803.5,728.0,878.0
512,20.440,1023,person,0.7173,510,612,561,748,535.5,680.0,535.5,748.0
512,20.440,1016,person,0.7359,1554,842,1637,1015,1595.5,928.5,1595.5,1015.0
512,20.440,1060,person,0.7817,927,421,968,524,947.5,472.5,947.5,524.0
512,20.440,1091,person,0.7227,250,382,295,481,272.5,431.5,272.5,481.0
512,20.440,1110,person,0.5526,377,309,411,388,394.0,348.5,394.0,388.0
512,20.440,1129,person,0.8147,17,520,47,646,32.0,583.0,32.0,646.0
512,20.440,1098,person,0.5121,113,416,168,519,140.5,467.5,140.5,519.0
513,20.480,1,person,0.7761,980,535,1027,648,1003.5,591.5,1003.5,648.0
513,20.480,665,person,0.7909,93,491,150,616,121.5,553.5,121.5,616.0
513,20.480,738,person,0.7386,1457,420,1513,515,1485.0,467.5,1485.0,515.0
513,20.480,777,person,0.7540,1681,466,1742,576,1711.5,521.0,1711.5,576.0
513,20.480,242,person,0.6585,495,313,532,400,513.5,356.5,513.5,400.0
513,20.480,775,person,0.6672,1268,316,1308,401,1288.0,358.5,1288.0,401.0
513,20.480,711,person,0.8195,692,731,764,878,728.0,804.5,728.0,878.0
513,20.480,1023,person,0.6934,515,612,566,746,540.5,679.0,540.5,746.0
513,20.480,1016,person,0.7644,1557,843,1637,1017,1597.0,930.0,1597.0,1017.0
513,20.480,1060,person,0.7378,931,421,972,523,951.5,472.0,951.5,523.0
513,20.480,1091,person,0.7209,255,380,299,478,277.0,429.0,277.0,478.0
513,20.480,1110,person,0.5060,379,310,413,389,396.0,349.5,396.0,389.0
513,20.480,1129,person,0.8510,22,518,53,645,37.5,581.5,37.5,645.0
513,20.480,1098,person,0.4160,118,417,171,520,144.5,468.5,144.5,520.0
514,20.520,1,person,0.7521,982,534,1031,648,1006.5,591.0,1006.5,648.0
514,20.520,665,person,0.7585,95,492,152,615,123.5,553.5,123.5,615.0
514,20.520,738,person,0.7020,1459,420,1514,510,1486.5,465.0,1486.5,510.0
514,20.520,777,person,0.6975,1681,466,1742,577,1711.5,521.5,1711.5,577.0
514,20.520,242,person,0.6608,499,308,538,400,518.5,354.0,518.5,400.0
514,20.520,775,person,0.6727,1269,318,1309,402,1289.0,360.0,1289.0,402.0
514,20.520,711,person,0.8158,692,732,762,877,727.0,804.5,727.0,877.0
514,20.520,1023,person,0.7123,520,612,571,745,545.5,678.5,545.5,745.0
514,20.520,1016,person,0.7272,1557,845,1635,1018,1596.0,931.5,1596.0,1018.0
514,20.520,1060,person,0.7075,936,421,976,521,956.0,471.0,956.0,521.0
514,20.520,1091,person,0.7701,260,379,304,476,282.0,427.5,282.0,476.0
514,20.520,1110,person,0.6247,381,309,416,391,398.5,350.0,398.5,391.0
514,20.520,1129,person,0.8518,26,517,59,642,42.5,579.5,42.5,642.0
514,20.520,1098,person,0.2183,124,417,172,510,148.0,463.5,148.0,510.0
514,20.520,1134,person,0.5818,1679,467,1721,574,1700.0,520.5,1700.0,574.0
515,20.560,1,person,0.7628,988,533,1036,642,1012.0,587.5,1012.0,642.0
515,20.560,665,person,0.7491,96,493,152,614,124.0,553.5,124.0,614.0
515,20.560,738,person,0.6529,1459,419,1515,509,1487.0,464.0,1487.0,509.0
515,20.560,777,person,0.7063,1683,471,1742,580,1712.5,525.5,1712.5,580.0
515,20.560,242,person,0.5318,503,307,542,401,522.5,354.0,522.5,401.0
515,20.560,775,person,0.6843,1273,319,1313,402,1293.0,360.5,1293.0,402.0
515,20.560,711,person,0.8179,692,731,762,876,727.0,803.5,727.0,876.0
515,20.560,1023,person,0.6887,525,612,577,745,551.0,678.5,551.0,745.0
515,20.560,1016,person,0.7817,1555,849,1635,1022,1595.0,935.5,1595.0,1022.0
515,20.560,1060,person,0.6737,939,422,977,519,958.0,470.5,958.0,519.0
515,20.560,1091,person,0.7080,264,379,307,474,285.5,426.5,285.5,474.0
515,20.560,1110,person,0.5554,383,308,419,392,401.0,350.0,401.0,392.0
515,20.560,1129,person,0.8337,31,517,65,641,48.0,579.0,48.0,641.0
515,20.560,1098,person,0.5211,130,417,171,496,150.5,456.5,150.5,496.0
515,20.560,1134,person,0.2381,1682,471,1717,563,1699.5,517.0,1699.5,563.0
516,20.600,1,person,0.7335,990,532,1038,637,1014.0,584.5,1014.0,637.0
516,20.600,665,person,0.7580,96,494,152,615,124.0,554.5,124.0,615.0
516,20.600,738,person,0.6372,1451,416,1506,508,1478.5,462.0,1478.5,508.0
516,20.600,777,person,0.7662,1684,474,1742,583,1713.0,528.5,1713.0,583.0
516,20.600,242,person,0.5261,502,305,552,429,527.0,367.0,527.0,429.0
516,20.600,775,person,0.6031,1275,317,1316,403,1295.5,360.0,1295.5,403.0
516,20.600,711,person,0.8061,696,733,765,876,730.5,804.5,730.5,876.0
516,20.600,1023,person,0.7261,528,613,580,747,554.0,680.0,554.0,747.0
516,20.600,1016,person,0.8518,1555,853,1638,1027,1596.5,940.0,1596.5,1027.0
516,20.600,1060,person,0.7573,941,423,979,519,960.0,471.0,960.0,519.0
516,20.600,1091,person,0.7053,268,380,311,474,289.5,427.0,289.5,474.0
516,20.600,1110,person,0.5838,385,310,421,393,403.0,351.5,403.0,393.0
516,20.600,1129,person,0.8508,36,518,71,642,53.5,580.0,53.5,642.0
516,20.600,1098,person,0.5884,133,417,174,495,153.5,456.0,153.5,495.0
517,20.640,1,person,0.7751,990,531,1038,635,1014.0,583.0,1014.0,635.0
517,20.640,665,person,0.7930,98,494,155,618,126.5,556.0,126.5,618.0
517,20.640,738,person,0.6984,1449,417,1503,510,1476.0,463.5,1476.0,510.0
517,20.640,777,person,0.7593,1683,475,1743,590,1713.0,532.5,1713.0,590.0
517,20.640,242,person,0.5072,508,304,550,408,529.0,356.0,529.0,408.0
517,20.640,775,person,0.5742,1275,317,1316,403,1295.5,360.0,1295.5,403.0
517,20.640,711,person,0.8176,698,731,768,875,733.0,803.0,733.0,875.0
517,20.640,1023,person,0.7432,529,613,582,745,555.5,679.0,555.5,745.0
517,20.640,1016,person,0.8632,1558,855,1644,1030,1601.0,942.5,1601.0,1030.0
517,20.640,1060,person,0.6827,944,422,982,519,963.0,470.5,963.0,519.0
517,20.640,1091,person,0.7189,273,382,316,476,294.5,429.0,294.5,476.0
517,20.640,1110,person,0.5364,385,312,421,393,403.0,352.5,403.0,393.0
517,20.640,1129,person,0.8270,40,520,76,644,58.0,582.0,58.0,644.0
517,20.640,1098,person,0.6653,134,417,178,503,156.0,460.0,156.0,503.0
518,20.680,1,person,0.7853,990,530,1039,636,1014.5,583.0,1014.5,636.0
518,20.680,665,person,0.7825,100,494,156,616,128.0,555.0,128.0,616.0
518,20.680,738,person,0.7121,1450,419,1504,515,1477.0,467.0,1477.0,515.0
518,20.680,777,person,0.8205,1686,474,1747,591,1716.5,532.5,1716.5,591.0
518,20.680,242,person,0.6179,513,308,551,400,532.0,354.0,532.0,400.0
518,20.680,775,person,0.5408,1277,318,1316,402,1296.5,360.0,1296.5,402.0
518,20.680,711,person,0.8329,700,729,771,874,735.5,801.5,735.5,874.0
518,20.680,1023,person,0.7317,530,614,581,743,555.5,678.5,555.5,743.0
518,20.680,1016,person,0.8381,1565,857,1653,1033,1609.0,945.0,1609.0,1033.0
518,20.680,1060,person,0.7197,947,420,985,518,966.0,469.0,966.0,518.0
518,20.680,1091,person,0.7845,278,381,320,477,299.0,429.0,299.0,477.0
518,20.680,1110,person,0.5552,388,313,424,394,406.0,353.5,406.0,394.0
518,20.680,1129,person,0.8223,44,519,82,643,63.0,581.0,63.0,643.0
518,20.680,1098,person,0.6345,138,417,181,500,159.5,458.5,159.5,500.0
519,20.720,1,person,0.7867,992,528,1041,638,1016.5,583.0,1016.5,638.0
519,20.720,665,person,0.7650,104,493,160,616,132.0,554.5,132.0,616.0
519,20.720,738,person,0.7651,1450,419,1503,517,1476.5,468.0,1476.5,517.0
519,20.720,777,person,0.7952,1691,472,1751,589,1721.0,530.5,1721.0,589.0
519,20.720,242,person,0.6853,518,314,553,399,535.5,356.5,535.5,399.0
519,20.720,775,person,0.6137,1279,321,1317,403,1298.0,362.0,1298.0,403.0
519,20.720,711,person,0.8370,701,730,772,871,736.5,800.5,736.5,871.0
519,20.720,1023,person,0.7657,532,614,584,747,558.0,680.5,558.0,747.0
519,20.720,1016,person,0.8228,1570,860,1660,1033,1615.0,946.5,1615.0,1033.0
519,20.720,1060,person,0.7200,951,419,990,520,970.5,469.5,970.5,520.0
519,20.720,1091,person,0.7566,284,381,326,477,305.0,429.0,305.0,477.0
519,20.720,1110,person,0.4298,389,314,425,394,407.0,354.0,407.0,394.0
519,20.720,1129,person,0.8235,50,522,89,643,69.5,582.5,69.5,643.0
519,20.720,1098,person,0.6393,141,415,187,507,164.0,461.0,164.0,507.0
520,20.760,1,person,0.8041,996,526,1046,640,1021.0,583.0,1021.0,640.0
520,20.760,665,person,0.8203,108,491,163,612,135.5,551.5,135.5,612.0
520,20.760,738,person,0.7575,1452,419,1504,513,1478.0,466.0,1478.0,513.0
520,20.760,777,person,0.8241,1693,470,1756,590,1724.5,530.0,1724.5,590.0
520,20.760,242,person,0.7799,521,317,556,398,538.5,357.5,538.5,398.0
520,20.760,775,person,0.6091,1280,321,1319,404,1299.5,362.5,1299.5,404.0
520,20.760,711,person,0.8345,701,730,773,871,737.0,800.5,737.0,871.0
520,20.760,1023,person,0.6634,536,615,587,749,561.5,682.0,561.5,749.0
520,20.760,1016,person,0.7854,1576,861,1668,1035,1622.0,948.0,1622.0,1035.0
520,20.760,1060,person,0.6695,955,418,996,520,975.5,469.0,975.5,520.0
520,20.760,1091,person,0.7864,290,380,333,477,311.5,428.5,311.5,477.0
520,20.760,1110,person,0.5098,390,315,426,396,408.0,355.5,408.0,396.0
520,20.760,1129,person,0.8219,56,522,97,642,76.5,582.0,76.5,642.0
520,20.760,1098,person,0.6690,143,414,192,513,167.5,463.5,167.5,513.0
521,20.800,1,person,0.7926,1001,523,1052,640,1026.5,581.5,1026.5,640.0
521,20.800,665,person,0.8369,112,490,167,612,139.5,551.0,139.5,612.0
521,20.800,738,person,0.7508,1454,419,1508,517,1481.0,468.0,1481.0,517.0
521,20.800,777,person,0.8054,1697,470,1761,591,1729.0,530.5,1729.0,591.0
521,20.800,242,person,0.7236,525,317,560,396,542.5,356.5,542.5,396.0
521,20.800,775,person,0.5047,1283,322,1322,404,1302.5,363.0,1302.5,404.0
521,20.800,711,person,0.8331,699,730,772,872,735.5,801.0,735.5,872.0
521,20.800,1023,person,0.7360,541,616,590,744,565.5,680.0,565.5,744.0
521,20.800,1016,person,0.7962,1583,865,1673,1034,1628.0,949.5,1628.0,1034.0
521,20.800,1060,person,0.6466,959,418,1000,521,979.5,469.5,979.5,521.0
521,20.800,1091,person,0.7552,296,379,340,476,318.0,427.5,318.0,476.0
521,20.800,1110,person,0.4992,393,314,430,397,411.5,355.5,411.5,397.0
521,20.800,1129,person,0.8083,63,526,105,645,84.0,585.5,84.0,645.0
521,20.800,1098,person,0.6487,147,411,196,512,171.5,461.5,171.5,512.0
522,20.840,1,person,0.7318,1005,520,1059,641,1032.0,580.5,1032.0,641.0
522,20.840,665,person,0.8177,116,487,170,608,143.0,547.5,143.0,608.0
522,20.840,738,person,0.7608,1456,417,1510,514,1483.0,465.5,1483.0,514.0
522,20.840,777,person,0.8230,1701,471,1764,588,1732.5,529.5,1732.5,588.0
522,20.840,242,person,0.6750,528,318,564,398,546.0,358.0,546.0,398.0
522,20.840,775,person,0.4652,1288,323,1328,406,1308.0,364.5,1308.0,406.0
522,20.840,711,person,0.7998,694,730,769,872,731.5,801.0,731.5,872.0
522,20.840,1023,person,0.7196,546,616,596,746,571.0,681.0,571.0,746.0
522,20.840,1016,person,0.7560,1586,867,1676,1036,1631.0,951.5,1631.0,1036.0
522,20.840,1060,person,0.6249,963,419,1005,522,984.0,470.5,984.0,522.0
522,20.840,1091,person,0.7167,302,377,346,476,324.0,426.5,324.0,476.0
522,20.840,1110,person,0.5447,398,312,436,398,417.0,355.0,417.0,398.0
522,20.840,1129,person,0.6684,69,529,112,647,90.5,588.0,90.5,647.0
522,20.840,1098,person,0.6637,152,412,200,511,176.0,461.5,176.0,511.0
523,20.880,1,person,0.7099,1008,514,1061,633,1034.5,573.5,1034.5,633.0
523,20.880,665,person,0.7584,120,486,174,607,147.0,546.5,147.0,607.0
523,20.880,738,person,0.8047,1456,416,1511,512,1483.5,464.0,1483.5,512.0
523,20.880,777,person,0.5779,1701,475,1762,588,1731.5,531.5,1731.5,588.0
523,20.880,242,person,0.6466,531,318,567,398,549.0,358.0,549.0,398.0
523,20.880,775,person,0.4222,1287,322,1326,403,1306.5,362.5,1306.5,403.0
523,20.880,711,person,0.8503,688,730,763,874,725.5,802.0,725.5,874.0
523,20.880,1023,person,0.7607,550,618,600,747,575.0,682.5,575.0,747.0
523,20.880,1016,person,0.7144,1589,864,1679,1040,1634.0,952.0,1634.0,1040.0
523,20.880,1060,person,0.5208,965,420,1004,517,984.5,468.5,984.5,517.0
523,20.880,1091,person,0.7478,307,374,352,474,329.5,424.0,329.5,474.0
523,20.880,1110,person,0.6138,402,311,441,399,421.5,355.0,421.5,399.0
523,20.880,1129,person,0.6839,74,526,118,645,96.0,585.5,96.0,645.0
523,20.880,1098,person,0.6776,157,411,205,512,181.0,461.5,181.0,512.0
523,20.880,1143,person,0.4281,1285,323,1318,392,1301.5,357.5,1301.5,392.0
524,20.920,1,person,0.7360,1012,514,1064,630,1038.0,572.0,1038.0,630.0
524,20.920,665,person,0.7808,124,487,176,605,150.0,546.0,150.0,605.0
524,20.920,738,person,0.7749,1455,416,1511,509,1483.0,462.5,1483.0,509.0
524,20.920,777,person,0.6608,1709,477,1768,587,1738.5,532.0,1738.5,587.0
524,20.920,242,person,0.5825,533,318,569,397,551.0,357.5,551.0,397.0
524,20.920,775,person,0.4590,1288,322,1326,403,1307.0,362.5,1307.0,403.0
524,20.920,711,person,0.8640,685,730,760,875,722.5,802.5,722.5,875.0
524,20.920,1023,person,0.7562,555,619,606,749,580.5,684.0,580.5,749.0
524,20.920,1016,person,0.7522,1590,865,1677,1045,1633.5,955.0,1633.5,1045.0
524,20.920,1060,person,0.5676,967,420,1006,517,986.5,468.5,986.5,517.0
524,20.920,1091,person,0.7286,313,376,358,476,335.5,426.0,335.5,476.0
524,20.920,1110,person,0.6388,404,314,442,399,423.0,356.5,423.0,399.0
524,20.920,1129,person,0.6048,79,525,123,644,101.0,584.5,101.0,644.0
524,20.920,1098,person,0.7119,162,414,207,509,184.5,461.5,184.5,509.0
524,20.920,1144,person,0.5436,1449,414,1498,510,1473.5,462.0,1473.5,510.0
524,20.920,1145,person,0.6025,1712,478,1745,585,1728.5,531.5,1728.5,585.0
525,20.960,1,person,0.7128,1011,515,1063,628,1037.0,571.5,1037.0,628.0
525,20.960,665,person,0.7424,126,490,176,606,151.0,548.0,151.0,606.0
525,20.960,777,person,0.7469,1708,477,1768,590,1738.0,533.5,1738.0,590.0
525,20.960,242,person,0.5543,535,318,571,396,553.0,357.0,553.0,396.0
525,20.960,775,person,0.5382,1288,322,1327,405,1307.5,363.5,1307.5,405.0
525,20.960,711,person,0.8517,684,729,760,875,722.0,802.0,722.0,875.0
525,20.960,1023,person,0.8124,558,620,610,750,584.0,685.0,584.0,750.0
525,20.960,1016,person,0.7891,1592,866,1676,1048,1634.0,957.0,1634.0,1048.0
525,20.960,1060,person,0.6455,970,421,1009,517,989.5,469.0,989.5,517.0
525,20.960,1091,person,0.7316,316,377,361,478,338.5,427.5,338.5,478.0
525,20.960,1110,person,0.6119,406,317,442,399,424.0,358.0,424.0,399.0
525,20.960,1129,person,0.7155,83,522,129,644,106.0,583.0,106.0,644.0
525,20.960,1098,person,0.6286,167,416,211,511,189.0,463.5,189.0,511.0
525,20.960,1144,person,0.6967,1452,415,1501,511,1476.5,463.0,1476.5,511.0
525,20.960,1145,person,0.5374,1712,478,1746,588,1729.0,533.0,1729.0,588.0
526,21.000,1,person,0.7821,1012,516,1063,630,1037.5,573.0,1037.5,630.0
526,21.000,665,person,0.7273,128,488,180,609,154.0,548.5,154.0,609.0
526,21.000,777,person,0.7648,1709,479,1768,594,1738.5,536.5,1738.5,594.0
526,21.000,242,person,0.6170,536,319,572,395,554.0,357.0,554.0,395.0
526,21.000,775,person,0.6464,1290,322,1328,404,1309.0,363.0,1309.0,404.0
526,21.000,711,person,0.8876,682,721,760,873,721.0,797.0,721.0,873.0
526,21.000,1023,person,0.8136,564,620,616,749,590.0,684.5,590.0,749.0
526,21.000,1016,person,0.7930,1593,869,1675,1049,1634.0,959.0,1634.0,1049.0
526,21.000,1060,person,0.6761,971,419,1010,515,990.5,467.0,990.5,515.0
526,21.000,1091,person,0.7479,319,380,363,476,341.0,428.0,341.0,476.0
526,21.000,1110,person,0.5937,408,318,443,400,425.5,359.0,425.5,400.0
526,21.000,1129,person,0.6247,86,520,133,643,109.5,581.5,109.5,643.0
526,21.000,1098,person,0.6962,171,416,216,514,193.5,465.0,193.5,514.0
526,21.000,1144,person,0.7275,1450,417,1500,514,1475.0,465.5,1475.0,514.0
527,21.040,1,person,0.7569,1012,517,1063,631,1037.5,574.0,1037.5,631.0
527,21.040,665,person,0.7627,132,490,182,608,157.0,549.0,157.0,608.0
527,21.040,777,person,0.7703,1710,479,1769,595,1739.5,537.0,1739.5,595.0
527,21.040,242,person,0.7079,538,319,574,395,556.0,357.0,556.0,395.0
527,21.040,775,person,0.5204,1291,322,1329,406,1310.0,364.0,1310.0,406.0
527,21.040,711,person,0.8791,684,719,762,870,723.0,794.5,723.0,870.0
527,21.040,1023,person,0.7845,568,618,621,749,594.5,683.5,594.5,749.0
527,21.040,1016,person,0.8333,1594,871,1676,1052,1635.0,961.5,1635.0,1052.0
527,21.040,1060,person,0.6448,974,418,1013,513,993.5,465.5,993.5,513.0
527,21.040,1091,person,0.7318,321,378,366,476,343.5,427.0,343.5,476.0
527,21.040,1110,person,0.5418,410,318,445,400,427.5,359.0,427.5,400.0
527,21.040,1129,person,0.5662,90,516,139,644,114.5,580.0,114.5,644.0
527,21.040,1098,person,0.6156,176,412,222,515,199.0,463.5,199.0,515.0
527,21.040,1144,person,0.7157,1449,418,1500,518,1474.5,468.0,1474.5,518.0
528,21.080,1,person,0.7780,1012,514,1065,631,1038.5,572.5,1038.5,631.0
528,21.080,665,person,0.7628,137,489,186,606,161.5,547.5,161.5,606.0
528,21.080,777,person,0.7408,1714,478,1773,595,1743.5,536.5,1743.5,595.0
528,21.080,242,person,0.7247,542,319,578,395,560.0,357.0,560.0,395.0
528,21.080,775,person,0.5332,1294,323,1332,406,1313.0,364.5,1313.0,406.0
528,21.080,711,person,0.8767,686,718,764,866,725.0,792.0,725.0,866.0
528,21.080,1023,person,0.7448,571,618,623,749,597.0,683.5,597.0,749.0
528,21.080,1016,person,0.8483,1595,873,1679,1053,1637.0,963.0,1637.0,1053.0
528,21.080,1060,person,0.6225,976,417,1015,513,995.5,465.0,995.5,513.0
528,21.080,1091,person,0.7341,325,375,371,476,348.0,425.5,348.0,476.0
528,21.080,1110,person,0.5312,411,317,447,401,429.0,359.0,429.0,401.0
528,21.080,1129,person,0.3917,99,518,146,643,122.5,580.5,122.5,643.0
528,21.080,1098,person,0.6732,181,406,230,516,205.5,461.0,205.5,516.0
528,21.080,1144,person,0.7589,1450,415,1500,516,1475.0,465.5,1475.0,516.0
528,21.080,1143,person,0.4317,1291,322,1327,401,1309.0,361.5,1309.0,401.0
529,21.120,1,person,0.7584,1015,515,1066,630,1040.5,572.5,1040.5,630.0
529,21.120,665,person,0.6866,142,484,193,607,167.5,545.5,167.5,607.0
529,21.120,777,person,0.7939,1718,477,1779,592,1748.5,534.5,1748.5,592.0
529,21.120,242,person,0.7446,546,318,583,395,564.5,356.5,564.5,395.0
529,21.120,775,person,0.5298,1295,323,1332,406,1313.5,364.5,1313.5,406.0
529,21.120,711,person,0.8645,686,716,763,864,724.5,790.0,724.5,864.0
529,21.120,1023,person,0.6984,577,617,628,746,602.5,681.5,602.5,746.0
529,21.120,1016,person,0.8496,1599,876,1686,1057,1642.5,966.5,1642.5,1057.0
529,21.120,1060,person,0.6155,979,416,1017,511,998.0,463.5,998.0,511.0
529,21.120,1091,person,0.7502,329,374,375,475,352.0,424.5,352.0,475.0
529,21.120,1110,person,0.4702,413,318,448,402,430.5,360.0,430.5,402.0
529,21.120,1129,person,0.3241,107,522,153,644,130.0,583.0,130.0,644.0
529,21.120,1098,person,0.6136,186,405,234,516,210.0,460.5,210.0,516.0
529,21.120,1143,person,0.2090,1298,323,1337,404,1317.5,363.5,1317.5,404.0
529,21.120,738,person,0.7220,1451,413,1509,511,1480.0,462.0,1480.0,511.0
530,21.160,1,person,0.7590,1017,516,1067,627,1042.0,571.5,1042.0,627.0
530,21.160,665,person,0.7467,146,479,197,600,171.5,539.5,171.5,600.0
530,21.160,777,person,0.7068,1719,476,1781,590,1750.0,533.0,1750.0,590.0
530,21.160,242,person,0.7078,551,316,590,395,570.5,355.5,570.5,395.0
530,21.160,775,person,0.4959,1294,322,1330,403,1312.0,362.5,1312.0,403.0
530,21.160,711,person,0.8406,686,716,763,863,724.5,789.5,724.5,863.0
530,21.160,1023,person,0.7636,581,614,633,749,607.0,681.5,607.0,749.0
530,21.160,1016,person,0.8567,1604,879,1694,1060,1649.0,969.5,1649.0,1060.0
530,21.160,1060,person,0.5030,983,416,1018,502,1000.5,459.0,1000.5,502.0
530,21.160,1091,person,0.7244,334,372,380,476,357.0,424.0,357.0,476.0
530,21.160,1110,person,0.5072,416,318,450,400,433.0,359.0,433.0,400.0
530,21.160,1129,person,0.2587,113,526,157,641,135.0,583.5,135.0,641.0
530,21.160,1098,person,0.6065,191,403,238,512,214.5,457.5,214.5,512.0
530,21.160,1143,person,0.3589,1298,323,1337,406,1317.5,364.5,1317.5,406.0
530,21.160,738,person,0.7391,1452,409,1509,506,1480.5,457.5,1480.5,506.0
531,21.200,1,person,0.7555,1021,516,1069,622,1045.0,569.0,1045.0,622.0
531,21.200,665,person,0.6650,150,477,201,599,175.5,538.0,175.5,599.0
531,21.200,777,person,0.7114,1720,475,1784,591,1752.0,533.0,1752.0,591.0
531,21.200,242,person,0.6362,554,314,594,394,574.0,354.0,574.0,394.0
531,21.200,775,person,0.5427,1296,323,1331,402,1313.5,362.5,1313.5,402.0
531,21.200,711,person,0.8445,685,716,761,863,723.0,789.5,723.0,863.0
531,21.200,1023,person,0.7220,585,612,637,749,611.0,680.5,611.0,749.0
531,21.200,1016,person,0.8357,1609,879,1702,1062,1655.5,970.5,1655.5,1062.0
531,21.200,1060,person,0.5277,987,416,1023,505,1005.0,460.5,1005.0,505.0
531,21.200,1091,person,0.7121,339,372,385,475,362.0,423.5,362.0,475.0
531,21.200,1110,person,0.4666,419,319,453,400,436.0,359.5,436.0,400.0
531,21.200,1129,person,0.3385,119,523,164,641,141.5,582.0,141.5,641.0
531,21.200,1098,person,0.6161,199,403,246,508,222.5,455.5,222.5,508.0
531,21.200,738,person,0.7714,1452,406,1511,505,1481.5,455.5,1481.5,505.0
532,21.240,1,person,0.7708,1025,513,1074,619,1049.5,566.0,1049.5,619.0
532,21.240,665,person,0.7043,155,477,206,596,180.5,536.5,180.5,596.0
532,21.240,777,person,0.5663,1720,477,1781,590,1750.5,533.5,1750.5,590.0
532,21.240,242,person,0.6301,557,312,599,393,578.0,352.5,578.0,393.0
532,21.240,775,person,0.5658,1297,322,1332,403,1314.5,362.5,1314.5,403.0
532,21.240,711,person,0.8291,685,717,759,863,722.0,790.0,722.0,863.0
532,21.240,1023,person,0.6852,590,612,641,750,615.5,681.0,615.5,750.0
532,21.240,1016,person,0.8239,1613,878,1707,1062,1660.0,970.0,1660.0,1062.0
532,21.240,1060,person,0.5500,990,417,1026,507,1008.0,462.0,1008.0,507.0
532,21.240,1091,person,0.7167,345,371,389,471,367.0,421.0,367.0,471.0
532,21.240,1110,person,0.5737,420,317,456,403,438.0,360.0,438.0,403.0
532,21.240,1129,person,0.3834,124,515,173,643,148.5,579.0,148.5,643.0
532,21.240,1098,person,0.6548,204,403,250,507,227.0,455.0,227.0,507.0
532,21.240,738,person,0.6939,1450,404,1510,502,1480.0,453.0,1480.0,502.0
532,21.240,1145,person,0.4382,1725,479,1758,588,1741.5,533.5,1741.5,588.0
533,21.280,1,person,0.7335,1028,511,1077,615,1052.5,563.0,1052.5,615.0
533,21.280,665,person,0.5892,161,477,210,592,185.5,534.5,185.5,592.0
533,21.280,777,person,0.5492,1726,476,1787,588,1756.5,532.0,1756.5,588.0
533,21.280,242,person,0.4205,559,313,602,392,580.5,352.5,580.5,392.0
533,21.280,775,person,0.4700,1298,323,1330,399,1314.0,361.0,1314.0,399.0
533,21.280,711,person,0.7715,686,718,758,863,722.0,790.5,722.0,863.0
533,21.280,1023,person,0.7155,593,612,644,748,618.5,680.0,618.5,748.0
533,21.280,1016,person,0.8209,1615,875,1709,1059,1662.0,967.0,1662.0,1059.0
533,21.280,1060,person,0.6568,993,418,1029,508,1011.0,463.0,1011.0,508.0
533,21.280,1091,person,0.7126,350,371,393,470,371.5,420.5,371.5,470.0
533,21.280,1110,person,0.6203,424,317,459,403,441.5,360.0,441.5,403.0
533,21.280,1129,person,0.3008,131,518,179,642,155.0,580.0,155.0,642.0
533,21.280,1098,person,0.6474,207,401,253,505,230.0,453.0,230.0,505.0
533,21.280,738,person,0.6733,1447,404,1507,503,1477.0,453.5,1477.0,503.0
533,21.280,1145,person,0.5842,1730,478,1764,587,1747.0,532.5,1747.0,587.0
533,21.280,1143,person,0.5515,1297,324,1337,409,1317.0,366.5,1317.0,409.0
534,21.320,1,person,0.6971,1028,509,1078,615,1053.0,562.0,1053.0,615.0
534,21.320,665,person,0.5688,160,477,210,594,185.0,535.5,185.0,594.0
534,21.320,777,person,0.6729,1728,477,1789,591,1758.5,534.0,1758.5,591.0
534,21.320,242,person,0.5246,556,314,596,390,576.0,352.0,576.0,390.0
534,21.320,775,person,0.4240,1300,323,1330,394,1315.0,358.5,1315.0,394.0
534,21.320,711,person,0.8686,688,716,759,861,723.5,788.5,723.5,861.0
534,21.320,1023,person,0.8074,598,613,648,747,623.0,680.0,623.0,747.0
534,21.320,1016,person,0.7588,1617,874,1709,1056,1663.0,965.0,1663.0,1056.0
534,21.320,1060,person,0.5955,995,414,1033,509,1014.0,461.5,1014.0,509.0
534,21.320,1091,person,0.6892,355,372,398,473,376.5,422.5,376.5,473.0
534,21.320,1110,person,0.6069,428,317,462,402,445.0,359.5,445.0,402.0
534,21.320,1129,person,0.4156,140,524,187,642,163.5,583.0,163.5,642.0
534,21.320,1098,person,0.6592,210,402,256,505,233.0,453.5,233.0,505.0
534,21.320,1145,person,0.4512,1734,479,1768,586,1751.0,532.5,1751.0,586.0
534,21.320,1163,person,0.4725,1632,875,1682,1044,1657.0,959.5,1657.0,1044.0
534,21.320,1164,person,0.3872,143,476,215,636,179.0,556.0,179.0,636.0
534,21.320,1143,person,0.4163,1298,324,1337,406,1317.5,365.0,1317.5,406.0
534,21.320,1144,person,0.6586,1449,406,1501,511,1475.0,458.5,1475.0,511.0
535,21.360,1,person,0.7775,1028,508,1078,615,1053.0,561.5,1053.0,615.0
535,21.360,665,person,0.7171,164,477,215,596,189.5,536.5,189.5,596.0
535,21.360,242,person,0.4979,557,315,596,390,576.5,352.5,576.5,390.0
535,21.360,775,person,0.3700,1301,323,1331,394,1316.0,358.5,1316.0,394.0
535,21.360,711,person,0.8305,689,711,762,859,725.5,785.0,725.5,859.0
535,21.360,1023,person,0.8053,604,613,656,747,630.0,680.0,630.0,747.0
535,21.360,1060,person,0.5595,999,410,1038,510,1018.5,460.0,1018.5,510.0
535,21.360,1091,person,0.7055,360,372,403,473,381.5,422.5,381.5,473.0
535,21.360,1110,person,0.4047,431,318,466,403,448.5,360.5,448.5,403.0
535,21.360,1129,person,0.4512,143,518,194,645,168.5,581.5,168.5,645.0
535,21.360,1098,person,0.6258,213,401,260,506,236.5,453.5,236.5,506.0
535,21.360,1145,person,0.6671,1735,478,1770,589,1752.5,533.5,1752.5,589.0
535,21.360,1163,person,0.7559,1638,874,1690,1051,1664.0,962.5,1664.0,1051.0
535,21.360,1164,person,0.4639,143,477,217,643,180.0,560.0,180.0,643.0
535,21.360,1143,person,0.4749,1298,323,1338,407,1318.0,365.0,1318.0,407.0
535,21.360,1144,person,0.6840,1450,407,1500,510,1475.0,458.5,1475.0,510.0
536,21.400,1,person,0.7735,1030,505,1081,616,1055.5,560.5,1055.5,616.0
536,21.400,665,person,0.6069,166,477,217,595,191.5,536.0,191.5,595.0
536,21.400,242,person,0.5170,561,318,598,389,579.5,353.5,579.5,389.0
536,21.400,711,person,0.8321,693,709,765,855,729.0,782.0,729.0,855.0
536,21.400,1023,person,0.8112,611,612,663,746,637.0,679.0,637.0,746.0
536,21.400,1060,person,0.5931,1001,407,1042,511,1021.5,459.0,1021.5,511.0
536,21.400,1091,person,0.6997,367,372,409,471,388.0,421.5,388.0,471.0
536,21.400,1110,person,0.2679,435,320,468,397,451.5,358.5,451.5,397.0
536,21.400,1129,person,0.2078,142,526,192,644,167.0,585.0,167.0,644.0
536,21.400,1098,person,0.7387,219,399,265,505,242.0,452.0,242.0,505.0
536,21.400,1163,person,0.7861,1640,875,1695,1063,1667.5,969.0,1667.5,1063.0
536,21.400,1164,person,0.3412,147,477,220,642,183.5,559.5,183.5,642.0
536,21.400,1143,person,0.5836,1300,322,1339,406,1319.5,364.0,1319.5,406.0
536,21.400,1144,person,0.7463,1450,407,1498,511,1474.0,459.0,1474.0,511.0
536,21.400,777,person,0.7025,1730,477,1792,597,1761.0,537.0,1761.0,597.0
537,21.440,1,person,0.7630,1035,501,1086,615,1060.5,558.0,1060.5,615.0
537,21.440,665,person,0.5597,172,474,225,598,198.5,536.0,198.5,598.0
537,21.440,242,person,0.5331,564,318,601,389,582.5,353.5,582.5,389.0
537,21.440,711,person,0.7639,695,706,768,851,731.5,778.5,731.5,851.0
537,21.440,1023,person,0.7188,619,612,671,745,645.0,678.5,645.0,745.0
537,21.440,1060,person,0.6080,1003,405,1045,510,1024.0,457.5,1024.0,510.0
537,21.440,1091,person,0.6552,375,371,416,468,395.5,419.5,395.5,468.0
537,21.440,1110,person,0.3403,440,319,472,395,456.0,357.0,456.0,395.0
537,21.440,1098,person,0.7024,223,395,271,506,247.0,450.5,247.0,506.0
537,21.440,1163,person,0.7899,1645,875,1701,1066,1673.0,970.5,1673.0,1066.0
537,21.440,1164,person,0.3863,154,471,230,642,192.0,556.5,192.0,642.0
537,21.440,1143,person,0.4691,1301,322,1340,406,1320.5,364.0,1320.5,406.0
537,21.440,1144,person,0.7519,1452,407,1499,509,1475.5,458.0,1475.5,509.0
537,21.440,777,person,0.7824,1735,477,1796,595,1765.5,536.0,1765.5,595.0
538,21.480,1,person,0.7254,1040,495,1093,615,1066.5,555.0,1066.5,615.0
538,21.480,665,person,0.6511,178,469,233,597,205.5,533.0,205.5,597.0
538,21.480,242,person,0.5695,566,316,605,388,585.5,352.0,585.5,388.0
538,21.480,711,person,0.6152,695,706,769,849,732.0,777.5,732.0,849.0
538,21.480,1023,person,0.6951,625,612,677,744,651.0,678.0,651.0,744.0
538,21.480,1060,person,0.6274,1006,406,1046,509,1026.0,457.5,1026.0,509.0
538,21.480,1091,person,0.7036,382,370,422,467,402.0,418.5,402.0,467.0
538,21.480,1110,person,0.3769,445,321,475,392,460.0,356.5,460.0,392.0
538,21.480,1098,person,0.6785,229,393,276,505,252.5,449.0,252.5,505.0
538,21.480,1164,person,0.6576,162,467,239,640,200.5,553.5,200.5,640.0
538,21.480,1143,person,0.5791,1304,323,1342,406,1323.0,364.5,1323.0,406.0
538,21.480,1144,person,0.7798,1456,407,1503,509,1479.5,458.0,1479.5,509.0
538,21.480,777,person,0.7912,1742,477,1804,596,1773.0,536.5,1773.0,596.0
538,21.480,1016,person,0.7982,1631,877,1723,1062,1677.0,969.5,1677.0,1062.0
538,21.480,1129,person,0.3676,163,525,213,641,188.0,583.0,188.0,641.0
539,21.520,1,person,0.7749,1045,488,1099,611,1072.0,549.5,1072.0,611.0
539,21.520,665,person,0.5567,183,466,240,602,211.5,534.0,211.5,602.0
539,21.520,242,person,0.7345,570,312,612,389,591.0,350.5,591.0,389.0
539,21.520,711,person,0.6428,697,709,769,846,733.0,777.5,733.0,846.0
539,21.520,1023,person,0.7152,630,609,682,744,656.0,676.5,656.0,744.0
539,21.520,1060,person,0.6227,1012,408,1049,504,1030.5,456.0,1030.5,504.0
539,21.520,1091,person,0.6786,390,365,431,464,410.5,414.5,410.5,464.0
539,21.520,1110,person,0.5730,451,320,486,398,468.5,359.0,468.5,398.0
539,21.520,1098,person,0.6832,238,393,284,502,261.0,447.5,261.0,502.0
539,21.520,1164,person,0.6560,168,465,244,638,206.0,551.5,206.0,638.0
539,21.520,1143,person,0.5862,1308,323,1346,406,1327.0,364.5,1327.0,406.0
539,21.520,1144,person,0.7871,1460,406,1508,507,1484.0,456.5,1484.0,507.0
539,21.520,777,person,0.8080,1745,477,1807,593,1776.0,535.0,1776.0,593.0
539,21.520,1173,person,0.5477,692,711,742,848,717.0,779.5,717.0,848.0
539,21.520,1016,person,0.8310,1637,879,1728,1062,1682.5,970.5,1682.5,1062.0
540,21.560,1,person,0.7396,1050,485,1104,608,1077.0,546.5,1077.0,608.0
540,21.560,665,person,0.3972,192,465,245,590,218.5,527.5,218.5,590.0
540,21.560,242,person,0.6648,570,309,614,389,592.0,349.0,592.0,389.0
540,21.560,711,person,0.6859,696,712,768,849,732.0,780.5,732.0,849.0
540,21.560,1023,person,0.7152,637,609,688,743,662.5,676.0,662.5,743.0
540,21.560,1060,person,0.4462,1020,408,1054,495,1037.0,451.5,1037.0,495.0
540,21.560,1091,person,0.7091,400,365,440,463,420.0,414.0,420.0,463.0
540,21.560,1110,person,0.7705,455,320,491,401,473.0,360.5,473.0,401.0
540,21.560,1098,person,0.7423,246,394,291,500,268.5,447.0,268.5,500.0
540,21.560,1164,person,0.4274,178,465,250,630,214.0,547.5,214.0,630.0
540,21.560,1143,person,0.4510,1311,323,1350,405,1330.5,364.0,1330.5,405.0
540,21.560,1144,person,0.8206,1462,405,1511,504,1486.5,454.5,1486.5,504.0
540,21.560,777,person,0.6947,1753,476,1815,589,1784.0,532.5,1784.0,589.0
540,21.560,1016,person,0.8476,1642,884,1735,1069,1688.5,976.5,1688.5,1069.0
540,21.560,775,person,0.4808,1314,323,1344,392,1329.0,357.5,1329.0,392.0
540,21.560,1129,person,0.5451,178,513,235,641,206.5,577.0,206.5,641.0
541,21.600,1,person,0.7528,1057,485,1110,604,1083.5,544.5,1083.5,604.0
541,21.600,665,person,0.4642,204,464,247,562,225.5,513.0,225.5,562.0
541,21.600,242,person,0.4108,574,310,616,386,595.0,348.0,595.0,386.0
541,21.600,1023,person,0.7719,646,608,695,741,670.5,674.5,670.5,741.0
541,21.600,1060,person,0.3792,1028,409,1058,483,1043.0,446.0,1043.0,483.0
541,21.600,1091,person,0.7350,407,364,448,460,427.5,412.0,427.5,460.0
541,21.600,1110,person,0.6408,458,320,495,401,476.5,360.5,476.5,401.0
541,21.600,1098,person,0.7489,256,393,298,493,277.0,443.0,277.0,493.0
541,21.600,1164,person,0.6691,177,469,250,634,213.5,551.5,213.5,634.0
541,21.600,1143,person,0.4435,1316,323,1357,406,1336.5,364.5,1336.5,406.0
541,21.600,1144,person,0.8178,1462,404,1514,503,1488.0,453.5,1488.0,503.0
541,21.600,777,person,0.7223,1759,477,1822,590,1790.5,533.5,1790.5,590.0
541,21.600,1016,person,0.7872,1648,885,1743,1069,1695.5,977.0,1695.5,1069.0
541,21.600,1176,person,0.5238,575,311,631,388,603.0,349.5,603.0,388.0
541,21.600,775,person,0.4849,1316,323,1348,393,1332.0,358.0,1332.0,393.0
541,21.600,1129,person,0.5205,182,515,239,639,210.5,577.0,210.5,639.0
541,21.600,1173,person,0.7432,697,708,749,851,723.0,779.5,723.0,851.0
542,21.640,1,person,0.7697,1060,489,1111,602,1085.5,545.5,1085.5,602.0
542,21.640,242,person,0.5091,575,311,616,387,595.5,349.0,595.5,387.0
542,21.640,1023,person,0.8478,654,607,702,739,678.0,673.0,678.0,739.0
542,21.640,1060,person,0.4357,1036,406,1062,472,1049.0,439.0,1049.0,472.0
542,21.640,1091,person,0.7111,416,365,457,460,436.5,412.5,436.5,460.0
542,21.640,1110,person,0.5976,463,319,499,403,481.0,361.0,481.0,403.0
542,21.640,1098,person,0.7374,264,394,304,489,284.0,441.5,284.0,489.0
542,21.640,1164,person,0.6098,183,467,257,636,220.0,551.5,220.0,636.0
542,21.640,1143,person,0.5307,1317,323,1356,403,1336.5,363.0,1336.5,403.0
542,21.640,1144,person,0.7474,1466,405,1517,502,1491.5,453.5,1491.5,502.0
542,21.640,777,person,0.6210,1760,478,1823,591,1791.5,534.5,1791.5,591.0
542,21.640,1016,person,0.8069,1654,885,1752,1070,1703.0,977.5,1703.0,1070.0
542,21.640,1176,person,0.4028,572,309,628,387,600.0,348.0,600.0,387.0
542,21.640,1129,person,0.5522,190,514,248,638,219.0,576.0,219.0,638.0
542,21.640,1173,person,0.8118,696,709,749,850,722.5,779.5,722.5,850.0
542,21.640,738,person,0.5653,1455,406,1511,504,1483.0,455.0,1483.0,504.0
542,21.640,1145,person,0.5515,1761,478,1797,592,1779.0,535.0,1779.0,592.0
543,21.680,1,person,0.7593,1062,492,1111,602,1086.5,547.0,1086.5,602.0
543,21.680,242,person,0.5904,579,312,619,387,599.0,349.5,599.0,387.0
543,21.680,1023,person,0.7316,661,608,708,733,684.5,670.5,684.5,733.0
543,21.680,1060,person,0.3198,1043,406,1066,460,1054.5,433.0,1054.5,460.0
543,21.680,1091,person,0.6985,421,365,463,461,442.0,413.0,442.0,461.0
543,21.680,1110,person,0.5097,468,316,504,402,486.0,359.0,486.0,402.0
543,21.680,1098,person,0.7430,271,393,313,495,292.0,444.0,292.0,495.0
543,21.680,1164,person,0.4604,192,465,266,637,229.0,551.0,229.0,637.0
543,21.680,1144,person,0.7382,1464,406,1515,505,1489.5,455.5,1489.5,505.0
543,21.680,777,person,0.6856,1762,479,1824,595,1793.0,537.0,1793.0,595.0
543,21.680,1016,person,0.7886,1663,887,1760,1068,1711.5,977.5,1711.5,1068.0
543,21.680,1129,person,0.6443,197,510,257,637,227.0,573.5,227.0,637.0
543,21.680,711,person,0.8369,689,711,762,848,725.5,779.5,725.5,848.0
543,21.680,775,person,0.5188,1318,322,1351,396,1334.5,359.0,1334.5,396.0
544,21.720,1,person,0.7336,1066,494,1114,605,1090.0,549.5,1090.0,605.0
544,21.720,242,person,0.4307,583,314,621,387,602.0,350.5,602.0,387.0
544,21.720,1023,person,0.6780,670,608,716,731,693.0,669.5,693.0,731.0
544,21.720,1091,person,0.7131,428,364,470,460,449.0,412.0,449.0,460.0
544,21.720,1110,person,0.5162,472,316,508,400,490.0,358.0,490.0,400.0
544,21.720,1098,person,0.7424,280,393,322,497,301.0,445.0,301.0,497.0
544,21.720,1164,person,0.6716,200,461,275,636,237.5,548.5,237.5,636.0
544,21.720,1144,person,0.7603,1466,406,1516,506,1491.0,456.0,1491.0,506.0
544,21.720,1016,person,0.7185,1671,886,1767,1066,1719.0,976.0,1719.0,1066.0
544,21.720,1129,person,0.2372,207,517,264,635,235.5,576.0,235.5,635.0
544,21.720,1184,person,0.5053,1038,405,1080,499,1059.0,452.0,1059.0,499.0
544,21.720,711,person,0.7911,690,705,765,849,727.5,777.0,727.5,849.0
544,21.720,1163,person,0.3971,1687,887,1740,1062,1713.5,974.5,1713.5,1062.0
544,21.720,1143,person,0.5617,1320,325,1358,405,1339.0,365.0,1339.0,405.0
544,21.720,1145,person,0.6639,1773,481,1810,597,1791.5,539.0,1791.5,597.0
545,21.760,1,person,0.7390,1068,491,1117,605,1092.5,548.0,1092.5,605.0
545,21.760,242,person,0.5870,586,311,627,390,606.5,350.5,606.5,390.0
545,21.760,1023,person,0.6481,678,610,722,726,700.0,668.0,700.0,726.0
545,21.760,1091,person,0.7287,435,365,476,460,455.5,412.5,455.5,460.0
545,21.760,1110,person,0.5486,477,316,512,401,494.5,358.5,494.5,401.0
545,21.760,1098,person,0.7141,286,393,327,494,306.5,443.5,306.5,494.0
545,21.760,1164,person,0.6713,210,466,282,635,246.0,550.5,246.0,635.0
545,21.760,1144,person,0.7852,1466,404,1516,506,1491.0,455.0,1491.0,506.0
545,21.760,1016,person,0.7241,1679,888,1772,1065,1725.5,976.5,1725.5,1065.0
545,21.760,1129,person,0.4768,218,520,273,635,245.5,577.5,245.5,635.0
545,21.760,1184,person,0.4112,1045,405,1083,491,1064.0,448.0,1064.0,491.0
545,21.760,711,person,0.7394,692,695,770,846,731.0,770.5,731.0,846.0
545,21.760,1145,person,0.6910,1777,481,1816,600,1796.5,540.5,1796.5,600.0
545,21.760,775,person,0.5594,1321,325,1355,402,1338.0,363.5,1338.0,402.0
546,21.800,1,person,0.6905,1072,489,1122,604,1097.0,546.5,1097.0,604.0
546,21.800,242,person,0.4897,589,311,630,388,609.5,349.5,609.5,388.0
546,21.800,1023,person,0.6276,685,610,726,712,705.5,661.0,705.5,712.0
546,21.800,1091,person,0.7703,440,363,481,459,460.5,411.0,460.5,459.0
546,21.800,1110,person,0.3288,481,319,515,401,498.0,360.0,498.0,401.0
546,21.800,1098,person,0.6609,294,392,334,493,314.0,442.5,314.0,493.0
546,21.800,1164,person,0.6288,219,463,291,636,255.0,549.5,255.0,636.0
546,21.800,1144,person,0.8039,1469,402,1520,505,1494.5,453.5,1494.5,505.0
546,21.800,1184,person,0.4531,1051,406,1086,485,1068.5,445.5,1068.5,485.0
546,21.800,711,person,0.7787,696,688,773,840,734.5,764.0,734.5,840.0
546,21.800,775,person,0.3414,1322,325,1353,398,1337.5,361.5,1337.5,398.0
546,21.800,777,person,0.7287,1773,479,1834,593,1803.5,536.0,1803.5,593.0
546,21.800,1163,person,0.7104,1698,885,1753,1068,1725.5,976.5,1725.5,1068.0
546,21.800,1143,person,0.4774,1322,326,1361,407,1341.5,366.5,1341.5,407.0
547,21.840,1,person,0.7557,1076,488,1125,601,1100.5,544.5,1100.5,601.0
547,21.840,242,person,0.6604,593,312,634,387,613.5,349.5,613.5,387.0
547,21.840,1023,person,0.6194,692,611,733,711,712.5,661.0,712.5,711.0
547,21.840,1091,person,0.7164,446,362,487,460,466.5,411.0,466.5,460.0
547,21.840,1110,person,0.4609,486,321,516,393,501.0,357.0,501.0,393.0
547,21.840,1098,person,0.6451,299,388,342,494,320.5,441.0,320.5,494.0
547,21.840,1164,person,0.6393,228,456,302,638,265.0,547.0,265.0,638.0
547,21.840,1144,person,0.7949,1471,400,1523,505,1497.0,452.5,1497.0,505.0
547,21.840,1184,person,0.4516,1053,404,1091,491,1072.0,447.5,1072.0,491.0
547,21.840,711,person,0.7919,700,690,776,837,738.0,763.5,738.0,837.0
547,21.840,777,person,0.7574,1778,478,1840,596,1809.0,537.0,1809.0,596.0
547,21.840,1163,person,0.7853,1699,885,1755,1073,1727.0,979.0,1727.0,1073.0
547,21.840,1143,person,0.3891,1320,327,1360,410,1340.0,368.5,1340.0,410.0
548,21.880,1,person,0.7849,1080,486,1129,598,1104.5,542.0,1104.5,598.0
548,21.880,242,person,0.6893,596,312,638,387,617.0,349.5,617.0,387.0
548,21.880,1023,person,0.4592,698,611,739,711,718.5,661.0,718.5,711.0
548,21.880,1091,person,0.6997,455,363,494,457,474.5,410.0,474.5,457.0
548,21.880,1110,person,0.5450,491,322,520,392,505.5,357.0,505.5,392.0
548,21.880,1098,person,0.6883,308,384,351,490,329.5,437.0,329.5,490.0
548,21.880,1164,person,0.7298,235,453,309,638,272.0,545.5,272.0,638.0
548,21.880,1144,person,0.8042,1472,396,1527,505,1499.5,450.5,1499.5,505.0
548,21.880,1184,person,0.5114,1057,406,1094,492,1075.5,449.0,1075.5,492.0
548,21.880,711,person,0.7833,703,694,776,836,739.5,765.0,739.5,836.0
548,21.880,777,person,0.7986,1781,477,1846,598,1813.5,537.5,1813.5,598.0
548,21.880,1163,person,0.8018,1702,886,1758,1077,1730.0,981.5,1730.0,1077.0
548,21.880,775,person,0.3266,1322,326,1352,396,1337.0,361.0,1337.0,396.0
549,21.920,1,person,0.8019,1084,486,1134,596,1109.0,541.0,1109.0,596.0
549,21.920,242,person,0.6815,597,312,641,388,619.0,350.0,619.0,388.0
549,21.920,1023,person,0.7374,704,612,745,708,724.5,660.0,724.5,708.0
549,21.920,1091,person,0.5628,463,365,500,456,481.5,410.5,481.5,456.0
549,21.920,1110,person,0.4054,496,324,523,387,509.5,355.5,509.5,387.0
549,21.920,1098,person,0.6506,314,383,357,489,335.5,436.0,335.5,489.0
549,21.920,1164,person,0.6857,242,450,315,637,278.5,543.5,278.5,637.0
549,21.920,1144,person,0.7007,1474,394,1529,503,1501.5,448.5,1501.5,503.0
549,21.920,1184,person,0.5984,1062,407,1098,489,1080.0,448.0,1080.0,489.0
549,21.920,711,person,0.7424,705,700,775,837,740.0,768.5,740.0,837.0
549,21.920,777,person,0.7744,1784,477,1850,598,1817.0,537.5,1817.0,598.0
549,21.920,1163,person,0.8082,1702,887,1759,1076,1730.5,981.5,1730.5,1076.0
549,21.920,775,person,0.2038,1323,326,1351,393,1337.0,359.5,1337.0,393.0
549,21.920,738,person,0.3295,1467,397,1522,499,1494.5,448.0,1494.5,499.0
549,21.920,1143,person,0.3556,1318,328,1358,411,1338.0,369.5,1338.0,411.0
550,21.960,1,person,0.8330,1084,485,1133,595,1108.5,540.0,1108.5,595.0
550,21.960,242,person,0.5928,593,311,636,387,614.5,349.0,614.5,387.0
550,21.960,1023,person,0.7129,710,613,751,710,730.5,661.5,730.5,710.0
550,21.960,1091,person,0.6279,469,363,505,454,487.0,408.5,487.0,454.0
550,21.960,1110,person,0.2926,500,324,527,387,513.5,355.5,513.5,387.0
550,21.960,1098,person,0.5773,320,384,364,489,342.0,436.5,342.0,489.0
550,21.960,1164,person,0.6960,250,452,321,636,285.5,544.0,285.5,636.0
550,21.960,1144,person,0.7339,1476,394,1530,500,1503.0,447.0,1503.0,500.0
550,21.960,1184,person,0.5728,1066,405,1100,485,1083.0,445.0,1083.0,485.0
550,21.960,777,person,0.7118,1787,478,1853,598,1820.0,538.0,1820.0,598.0
550,21.960,1163,person,0.8457,1704,890,1764,1078,1734.0,984.0,1734.0,1078.0
550,21.960,775,person,0.2146,1323,328,1352,399,1337.5,363.5,1337.5,399.0
550,21.960,738,person,0.4595,1470,396,1522,497,1496.0,446.5,1496.0,497.0
550,21.960,1143,person,0.2952,1321,330,1359,412,1340.0,371.0,1340.0,412.0
550,21.960,1173,person,0.7407,710,704,760,840,735.0,772.0,735.0,840.0
550,21.960,1129,person,0.4263,252,499,316,634,284.0,566.5,284.0,634.0
550,21.960,1145,person,0.4706,1792,480,1832,597,1812.0,538.5,1812.0,597.0
551,22.000,1,person,0.8493,1085,486,1134,595,1109.5,540.5,1109.5,595.0
551,22.000,242,person,0.5786,592,311,636,390,614.0,350.5,614.0,390.0
551,22.000,1023,person,0.7082,715,613,757,712,736.0,662.5,736.0,712.0
551,22.000,1091,person,0.6387,479,368,513,454,496.0,411.0,496.0,454.0
551,22.000,1110,person,0.3220,502,324,531,389,516.5,356.5,516.5,389.0
551,22.000,1098,person,0.6538,325,385,369,487,347.0,436.0,347.0,487.0
551,22.000,1164,person,0.6437,256,453,325,636,290.5,544.5,290.5,636.0
551,22.000,1184,person,0.5324,1070,405,1105,485,1087.5,445.0,1087.5,485.0
551,22.000,777,person,0.6465,1790,482,1854,601,1822.0,541.5,1822.0,601.0
551,22.000,775,person,0.2051,1326,329,1350,385,1338.0,357.0,1338.0,385.0
551,22.000,738,person,0.7654,1473,398,1524,500,1498.5,449.0,1498.5,500.0
551,22.000,1143,person,0.5111,1324,331,1363,412,1343.5,371.5,1343.5,412.0
551,22.000,1173,person,0.7142,711,706,760,840,735.5,773.0,735.5,840.0
551,22.000,1145,person,0.4332,1795,483,1833,600,1814.0,541.5,1814.0,600.0
551,22.000,1016,person,0.8588,1690,894,1787,1078,1738.5,986.0,1738.5,1078.0
552,22.040,1,person,0.7731,1087,487,1135,596,1111.0,541.5,1111.0,596.0
552,22.040,242,person,0.6651,593,311,637,392,615.0,351.5,615.0,392.0
552,22.040,1023,person,0.6039,720,611,764,714,742.0,662.5,742.0,714.0
552,22.040,1091,person,0.6471,485,370,519,455,502.0,412.5,502.0,455.0
552,22.040,1110,person,0.2316,501,324,532,391,516.5,357.5,516.5,391.0
552,22.040,1098,person,0.6703,331,384,373,483,352.0,433.5,352.0,483.0
552,22.040,1164,person,0.5376,262,451,330,636,296.0,543.5,296.0,636.0
552,22.040,1184,person,0.4287,1073,405,1109,489,1091.0,447.0,1091.0,489.0
552,22.040,777,person,0.7141,1795,485,1858,605,1826.5,545.0,1826.5,605.0
552,22.040,738,person,0.7745,1474,400,1523,504,1498.5,452.0,1498.5,504.0
552,22.040,1143,person,0.5935,1325,331,1362,410,1343.5,370.5,1343.5,410.0
552,22.040,1173,person,0.7654,712,698,765,839,738.5,768.5,738.5,839.0
552,22.040,1145,person,0.2465,1798,484,1836,600,1817.0,542.0,1817.0,600.0
552,22.040,1016,person,0.8431,1694,896,1792,1079,1743.0,987.5,1743.0,1079.0
552,22.040,1129,person,0.5938,267,504,327,635,297.0,569.5,297.0,635.0
553,22.080,1,person,0.7804,1091,484,1140,596,1115.5,540.0,1115.5,596.0
553,22.080,242,person,0.6788,593,311,636,392,614.5,351.5,614.5,392.0
553,22.080,1023,person,0.4492,723,613,768,718,745.5,665.5,745.5,718.0
553,22.080,1091,person,0.5711,489,344,532,455,510.5,399.5,510.5,455.0
553,22.080,1098,person,0.6495,335,385,378,486,356.5,435.5,356.5,486.0
553,22.080,1164,person,0.6388,270,453,336,635,303.0,544.0,303.0,635.0
553,22.080,1184,person,0.3663,1073,405,1113,498,1093.0,451.5,1093.0,498.0
553,22.080,738,person,0.7491,1475,401,1523,506,1499.0,453.5,1499.0,506.0
553,22.080,1143,person,0.5284,1323,331,1361,412,1342.0,371.5,1342.0,412.0
553,22.080,1145,person,0.6523,1803,486,1841,599,1822.0,542.5,1822.0,599.0
553,22.080,1016,person,0.8483,1699,900,1799,1079,1749.0,989.5,1749.0,1079.0
553,22.080,711,person,0.7358,706,688,779,835,742.5,761.5,742.5,835.0
554,22.120,1,person,0.7521,1096,484,1144,595,1120.0,539.5,1120.0,595.0
554,22.120,242,person,0.6702,594,311,638,393,616.0,352.0,616.0,393.0
554,22.120,1023,person,0.5529,725,611,774,725,749.5,668.0,749.5,725.0
554,22.120,1091,person,0.5255,496,347,537,454,516.5,400.5,516.5,454.0
554,22.120,1098,person,0.6807,338,383,381,486,359.5,434.5,359.5,486.0
554,22.120,1164,person,0.6919,276,453,340,636,308.0,544.5,308.0,636.0
554,22.120,1184,person,0.3806,1074,407,1116,503,1095.0,455.0,1095.0,503.0
554,22.120,738,person,0.7750,1477,399,1525,504,1501.0,451.5,1501.0,504.0
554,22.120,1143,person,0.4383,1321,331,1359,413,1340.0,372.0,1340.0,413.0
554,22.120,1016,person,0.7750,1704,899,1806,1080,1755.0,989.5,1755.0,1080.0
554,22.120,711,person,0.8001,708,684,782,834,745.0,759.0,745.0,834.0
554,22.120,777,person,0.7438,1798,487,1860,606,1829.0,546.5,1829.0,606.0
555,22.160,1,person,0.7500,1098,483,1147,593,1122.5,538.0,1122.5,593.0
555,22.160,242,person,0.5996,596,310,641,393,618.5,351.5,618.5,393.0
555,22.160,1023,person,0.6183,731,609,783,732,757.0,670.5,757.0,732.0
555,22.160,1091,person,0.5851,502,350,541,453,521.5,401.5,521.5,453.0
555,22.160,1098,person,0.5823,342,382,385,485,363.5,433.5,363.5,485.0
555,22.160,1164,person,0.6686,284,455,347,636,315.5,545.5,315.5,636.0
555,22.160,1184,person,0.3717,1074,408,1120,507,1097.0,457.5,1097.0,507.0
555,22.160,738,person,0.7703,1479,397,1529,504,1504.0,450.5,1504.0,504.0
555,22.160,1143,person,0.3272,1319,332,1356,413,1337.5,372.5,1337.5,413.0
555,22.160,1016,person,0.7574,1706,898,1809,1080,1757.5,989.0,1757.5,1080.0
555,22.160,711,person,0.8114,710,681,785,832,747.5,756.5,747.5,832.0
555,22.160,777,person,0.8130,1802,485,1863,605,1832.5,545.0,1832.5,605.0
555,22.160,1129,person,0.5351,289,504,349,634,319.0,569.0,319.0,634.0
555,22.160,1145,person,0.3146,1808,484,1846,599,1827.0,541.5,1827.0,599.0
556,22.200,1,person,0.7912,1101,483,1150,588,1125.5,535.5,1125.5,588.0
556,22.200,242,person,0.6577,597,309,643,393,620.0,351.0,620.0,393.0
556,22.200,1023,person,0.5686,736,607,791,736,763.5,671.5,763.5,736.0
556,22.200,1091,person,0.7188,508,348,548,453,528.0,400.5,528.0,453.0
556,22.200,1098,person,0.6084,348,380,390,483,369.0,431.5,369.0,483.0
556,22.200,1164,person,0.6022,289,449,354,637,321.5,543.0,321.5,637.0
556,22.200,1184,person,0.2179,1075,412,1121,508,1098.0,460.0,1098.0,508.0
556,22.200,738,person,0.7535,1480,395,1532,502,1506.0,448.5,1506.0,502.0
556,22.200,1143,person,0.3628,1320,332,1355,408,1337.5,370.0,1337.5,408.0
556,22.200,1016,person,0.8055,1709,898,1811,1080,1760.0,989.0,1760.0,1080.0
556,22.200,711,person,0.8294,711,679,786,828,748.5,753.5,748.5,828.0
556,22.200,777,person,0.8776,1805,482,1868,606,1836.5,544.0,1836.5,606.0
556,22.200,1129,person,0.6532,295,512,351,635,323.0,573.5,323.0,635.0
557,22.240,1,person,0.7622,1104,485,1152,585,1128.0,535.0,1128.0,585.0
557,22.240,242,person,0.6673,598,309,643,390,620.5,349.5,620.5,390.0
557,22.240,1023,person,0.7721,743,606,799,737,771.0,671.5,771.0,737.0
557,22.240,1091,person,0.6210,513,346,554,453,533.5,399.5,533.5,453.0
557,22.240,1098,person,0.6790,353,381,395,483,374.0,432.0,374.0,483.0
557,22.240,1164,person,0.6228,295,444,361,638,328.0,541.0,328.0,638.0
557,22.240,738,person,0.7828,1480,394,1534,502,1507.0,448.0,1507.0,502.0
557,22.240,1143,person,0.4693,1320,334,1354,410,1337.0,372.0,1337.0,410.0
557,22.240,1016,person,0.8060,1712,897,1813,1080,1762.5,988.5,1762.5,1080.0
557,22.240,711,person,0.7643,712,682,786,827,749.0,754.5,749.0,827.0
557,22.240,777,person,0.8497,1808,481,1874,606,1841.0,543.5,1841.0,606.0
557,22.240,1129,person,0.6065,300,504,360,637,330.0,570.5,330.0,637.0
558,22.280,1,person,0.6019,1101,483,1152,584,1126.5,533.5,1126.5,584.0
558,22.280,242,person,0.6332,593,311,636,388,614.5,349.5,614.5,388.0
558,22.280,1023,person,0.8250,747,605,804,737,775.5,671.0,775.5,737.0
558,22.280,1091,person,0.6872,519,352,558,455,538.5,403.5,538.5,455.0
558,22.280,1098,person,0.7047,359,381,399,480,379.0,430.5,379.0,480.0
558,22.280,1164,person,0.6423,300,443,367,640,333.5,541.5,333.5,640.0
558,22.280,738,person,0.7651,1479,393,1536,503,1507.5,448.0,1507.5,503.0
558,22.280,1143,person,0.5087,1322,334,1357,411,1339.5,372.5,1339.5,411.0
558,22.280,711,person,0.4644,709,682,783,828,746.0,755.0,746.0,828.0
558,22.280,777,person,0.8610,1810,481,1877,604,1843.5,542.5,1843.5,604.0
558,22.280,1129,person,0.5610,307,506,367,639,337.0,572.5,337.0,639.0
558,22.280,1210,person,0.6489,1086,422,1158,585,1122.0,503.5,1122.0,585.0
558,22.280,1213,person,0.3726,1471,395,1519,507,1495.0,451.0,1495.0,507.0
558,22.280,1163,person,0.7930,1735,896,1794,1078,1764.5,987.0,1764.5,1078.0
558,22.280,1173,person,0.6695,708,686,761,830,734.5,758.0,734.5,830.0
559,22.320,1,person,0.6199,1100,481,1153,585,1126.5,533.0,1126.5,585.0
559,22.320,242,person,0.6983,592,310,634,389,613.0,349.5,613.0,389.0
559,22.320,1023,person,0.7155,752,606,810,739,781.0,672.5,781.0,739.0
559,22.320,1091,person,0.6834,523,354,561,454,542.0,404.0,542.0,454.0
559,22.320,1098,person,0.7735,365,381,405,480,385.0,430.5,385.0,480.0
559,22.320,1164,person,0.6048,304,443,368,637,336.0,540.0,336.0,637.0
559,22.320,738,person,0.4716,1480,393,1538,503,1509.0,448.0,1509.0,503.0
559,22.320,1143,person,0.5537,1324,332,1363,415,1343.5,373.5,1343.5,415.0
559,22.320,711,person,0.7635,707,684,780,828,743.5,756.0,743.5,828.0
559,22.320,777,person,0.8311,1815,483,1883,605,1849.0,544.0,1849.0,605.0
559,22.320,1129,person,0.5110,312,512,369,636,340.5,574.0,340.5,636.0
559,22.320,1210,person,0.7249,1086,417,1161,587,1123.5,502.0,1123.5,587.0
559,22.320,1213,person,0.7110,1474,396,1520,504,1497.0,450.0,1497.0,504.0
559,22.320,1163,person,0.7925,1742,897,1801,1079,1771.5,988.0,1771.5,1079.0
560,22.360,1,person,0.6937,1101,480,1154,587,1127.5,533.5,1127.5,587.0
560,22.360,242,person,0.7273,592,310,634,392,613.0,351.0,613.0,392.0
560,22.360,1023,person,0.6612,755,608,812,737,783.5,672.5,783.5,737.0
560,22.360,1091,person,0.6874,528,357,565,454,546.5,405.5,546.5,454.0
560,22.360,1098,person,0.7316,371,381,410,480,390.5,430.5,390.5,480.0
560,22.360,1164,person,0.6113,311,445,374,635,342.5,540.0,342.5,635.0
560,22.360,1143,person,0.5915,1324,330,1367,418,1345.5,374.0,1345.5,418.0
560,22.360,777,person,0.6290,1821,486,1889,607,1855.0,546.5,1855.0,607.0
560,22.360,1129,person,0.5707,318,512,373,635,345.5,573.5,345.5,635.0
560,22.360,1210,person,0.6480,1090,420,1164,590,1127.0,505.0,1127.0,590.0
560,22.360,1213,person,0.6800,1479,399,1524,505,1501.5,452.0,1501.5,505.0
560,22.360,1163,person,0.7286,1748,897,1808,1080,1778.0,988.5,1778.0,1080.0
560,22.360,1145,person,0.3843,1824,487,1864,606,1844.0,546.5,1844.0,606.0
560,22.360,1173,person,0.7647,709,683,764,830,736.5,756.5,736.5,830.0
561,22.400,1,person,0.5528,1104,478,1158,588,1131.0,533.0,1131.0,588.0
561,22.400,242,person,0.7392,593,311,636,394,614.5,352.5,614.5,394.0
561,22.400,1023,person,0.6299,757,609,813,734,785.0,671.5,785.0,734.0
561,22.400,1091,person,0.6152,532,356,569,454,550.5,405.0,550.5,454.0
561,22.400,1098,person,0.6394,377,381,417,481,397.0,431.0,397.0,481.0
561,22.400,1164,person,0.6930,315,445,378,634,346.5,539.5,346.5,634.0
561,22.400,1143,person,0.2266,1322,327,1366,417,1344.0,372.0,1344.0,417.0
561,22.400,1129,person,0.4621,322,504,380,633,351.0,568.5,351.0,633.0
561,22.400,1210,person,0.6381,1095,421,1168,589,1131.5,505.0,1131.5,589.0
561,22.400,1213,person,0.6771,1485,401,1528,503,1506.5,452.0,1506.5,503.0
561,22.400,1145,person,0.6239,1829,488,1870,604,1849.5,546.0,1849.5,604.0
561,22.400,1173,person,0.7792,709,681,766,832,737.5,756.5,737.5,832.0
561,22.400,1016,person,0.7383,1731,899,1829,1080,1780.0,989.5,1780.0,1080.0
562,22.440,1,person,0.7639,1106,475,1161,588,1133.5,531.5,1133.5,588.0
562,22.440,242,person,0.7423,595,312,637,394,616.0,353.0,616.0,394.0
562,22.440,1023,person,0.7052,762,610,818,734,790.0,672.0,790.0,734.0
562,22.440,1091,person,0.5042,538,353,575,452,556.5,402.5,556.5,452.0
562,22.440,1098,person,0.7026,382,382,421,480,401.5,431.0,401.5,480.0
562,22.440,1164,person,0.7072,319,448,380,634,349.5,541.0,349.5,634.0
562,22.440,1143,person,0.3582,1319,327,1362,412,1340.5,369.5,1340.5,412.0
562,22.440,1129,person,0.6134,325,500,383,633,354.0,566.5,354.0,633.0
562,22.440,1213,person,0.7493,1486,399,1529,502,1507.5,450.5,1507.5,502.0
562,22.440,1145,person,0.6489,1833,489,1875,607,1854.0,548.0,1854.0,607.0
562,22.440,1173,person,0.8020,709,674,769,830,739.0,752.0,739.0,830.0
562,22.440,1016,person,0.8679,1735,902,1832,1080,1783.5,991.0,1783.5,1080.0
563,22.480,1,person,0.7464,1109,472,1164,585,1136.5,528.5,1136.5,585.0
563,22.480,242,person,0.7245,595,310,638,392,616.5,351.0,616.5,392.0
563,22.480,1023,person,0.7354,764,608,822,735,793.0,671.5,793.0,735.0
563,22.480,1091,person,0.6338,543,350,581,450,562.0,400.0,562.0,450.0
563,22.480,1098,person,0.7713,390,382,428,479,409.0,430.5,409.0,479.0
563,22.480,1164,person,0.6986,322,446,384,634,353.0,540.0,353.0,634.0
563,22.480,1129,person,0.5840,332,507,387,632,359.5,569.5,359.5,632.0
563,22.480,1213,person,0.7601,1489,397,1532,500,1510.5,448.5,1510.5,500.0
563,22.480,1145,person,0.6374,1835,489,1878,607,1856.5,548.0,1856.5,607.0
563,22.480,1016,person,0.8209,1744,904,1842,1080,1793.0,992.0,1793.0,1080.0
563,22.480,1221,person,0.6736,4,367,28,468,16.0,417.5,16.0,468.0
563,22.480,1227,person,0.4874,319,445,367,531,343.0,488.0,343.0,531.0
563,22.480,711,person,0.8477,705,670,782,824,743.5,747.0,743.5,824.0
564,22.520,1,person,0.7621,1113,468,1167,580,1140.0,524.0,1140.0,580.0
564,22.520,242,person,0.6706,595,309,639,391,617.0,350.0,617.0,391.0
564,22.520,1023,person,0.7018,768,603,828,736,798.0,669.5,798.0,736.0
564,22.520,1091,person,0.6251,549,349,585,447,567.0,398.0,567.0,447.0
564,22.520,1098,person,0.6978,397,380,435,476,416.0,428.0,416.0,476.0
564,22.520,1164,person,0.5205,326,444,387,630,356.5,537.0,356.5,630.0
564,22.520,1129,person,0.6619,341,512,391,630,366.0,571.0,366.0,630.0
564,22.520,1016,person,0.8300,1754,906,1852,1080,1803.0,993.0,1803.0,1080.0
564,22.520,1221,person,0.7954,8,364,32,467,20.0,415.5,20.0,467.0
564,22.520,1227,person,0.5570,324,444,373,535,348.5,489.5,348.5,535.0
564,22.520,1228,person,0.6842,1151,406,1190,504,1170.5,455.0,1170.5,504.0
564,22.520,711,person,0.8476,707,668,783,820,745.0,744.0,745.0,820.0
564,22.520,738,person,0.8098,1488,394,1543,500,1515.5,447.0,1515.5,500.0
564,22.520,777,person,0.7220,1831,487,1899,610,1865.0,548.5,1865.0,610.0
564,22.520,1143,person,0.3761,1314,330,1356,414,1335.0,372.0,1335.0,414.0
565,22.560,1,person,0.7846,1117,467,1173,579,1145.0,523.0,1145.0,579.0
565,22.560,242,person,0.4916,593,311,633,385,613.0,348.0,613.0,385.0
565,22.560,1023,person,0.7549,773,600,834,735,803.5,667.5,803.5,735.0
565,22.560,1091,person,0.6353,555,349,591,447,573.0,398.0,573.0,447.0
565,22.560,1098,person,0.7033,403,379,441,475,422.0,427.0,422.0,475.0
565,22.560,1164,person,0.5313,333,436,396,632,364.5,534.0,364.5,632.0
565,22.560,1129,person,0.5526,347,515,397,632,372.0,573.5,372.0,632.0
565,22.560,1016,person,0.8023,1762,908,1859,1079,1810.5,993.5,1810.5,1079.0
565,22.560,1221,person,0.6872,16,361,42,466,29.0,413.5,29.0,466.0
565,22.560,1227,person,0.5178,331,443,380,532,355.5,487.5,355.5,532.0
565,22.560,1228,person,0.6032,1161,403,1202,505,1181.5,454.0,1181.5,505.0
565,22.560,711,person,0.8240,710,667,785,817,747.5,742.0,747.5,817.0
565,22.560,1231,person,0.4397,507,331,544,391,525.5,361.0,525.5,391.0
565,22.560,738,person,0.7627,1491,395,1544,497,1517.5,446.0,1517.5,497.0
565,22.560,777,person,0.7375,1838,486,1905,609,1871.5,547.5,1871.5,609.0
565,22.560,1143,person,0.4667,1317,332,1358,417,1337.5,374.5,1337.5,417.0
566,22.600,1,person,0.7720,1122,467,1177,576,1149.5,521.5,1149.5,576.0
566,22.600,242,person,0.4368,596,312,633,381,614.5,346.5,614.5,381.0
566,22.600,1023,person,0.7819,778,598,840,735,809.0,666.5,809.0,735.0
566,22.600,1091,person,0.4918,562,347,598,447,580.0,397.0,580.0,447.0
566,22.600,1098,person,0.6226,408,377,447,475,427.5,426.0,427.5,475.0
566,22.600,1129,person,0.7071,353,511,404,633,378.5,572.0,378.5,633.0
566,22.600,1016,person,0.7464,1773,908,1871,1080,1822.0,994.0,1822.0,1080.0
566,22.600,1221,person,0.7437,24,357,50,461,37.0,409.0,37.0,461.0
566,22.600,1227,person,0.6745,334,439,388,537,361.0,488.0,361.0,537.0
566,22.600,1228,person,0.6662,1172,405,1213,506,1192.5,455.5,1192.5,506.0
566,22.600,1231,person,0.4304,504,328,547,396,525.5,362.0,525.5,396.0
566,22.600,738,person,0.7667,1492,396,1546,496,1519.0,446.0,1519.0,496.0
566,22.600,777,person,0.7558,1843,486,1910,608,1876.5,547.0,1876.5,608.0
566,22.600,1143,person,0.5710,1318,332,1357,415,1337.5,373.5,1337.5,415.0
566,22.600,1173,person,0.8225,714,668,773,818,743.5,743.0,743.5,818.0
567,22.640,1,person,0.7273,1122,467,1177,577,1149.5,522.0,1149.5,577.0
567,22.640,242,person,0.2112,598,313,631,375,614.5,344.0,614.5,375.0
567,22.640,1023,person,0.7310,784,596,847,734,815.5,665.0,815.5,734.0
567,22.640,1091,person,0.4691,572,346,609,447,590.5,396.5,590.5,447.0
567,22.640,1098,person,0.5816,415,377,453,467,434.0,422.0,434.0,467.0
567,22.640,1129,person,0.6948,360,512,410,633,385.0,572.5,385.0,633.0
567,22.640,1016,person,0.6699,1782,907,1878,1079,1830.0,993.0,1830.0,1079.0
567,22.640,1221,person,0.7076,34,359,59,453,46.5,406.0,46.5,453.0
567,22.640,1227,person,0.6015,337,436,394,542,365.5,489.0,365.5,542.0
567,22.640,1228,person,0.6899,1188,403,1227,501,1207.5,452.0,1207.5,501.0
567,22.640,1231,person,0.3285,505,328,550,399,527.5,363.5,527.5,399.0
567,22.640,738,person,0.7677,1492,396,1546,497,1519.0,446.5,1519.0,497.0
567,22.640,777,person,0.7427,1843,485,1912,609,1877.5,547.0,1877.5,609.0
567,22.640,1143,person,0.6008,1321,330,1364,419,1342.5,374.5,1342.5,419.0
567,22.640,1173,person,0.8248,718,668,776,815,747.0,741.5,747.0,815.0
567,22.640,1163,person,0.3302,1792,905,1846,1067,1819.0,986.0,1819.0,1067.0
567,22.640,1164,person,0.3403,340,435,403,634,371.5,534.5,371.5,634.0
568,22.680,1,person,0.7189,1121,467,1175,578,1148.0,522.5,1148.0,578.0
568,22.680,1023,person,0.7549,788,596,850,733,819.0,664.5,819.0,733.0
568,22.680,1091,person,0.5719,578,318,625,448,601.5,383.0,601.5,448.0
568,22.680,1098,person,0.5505,419,378,460,473,439.5,425.5,439.5,473.0
568,22.680,1129,person,0.6433,367,510,418,632,392.5,571.0,392.5,632.0
568,22.680,1016,person,0.7167,1788,906,1883,1079,1835.5,992.5,1835.5,1079.0
568,22.680,1221,person,0.6478,42,359,68,454,55.0,406.5,55.0,454.0
568,22.680,1228,person,0.7394,1197,404,1236,505,1216.5,454.5,1216.5,505.0
568,22.680,1231,person,0.5123,505,325,552,401,528.5,363.0,528.5,401.0
568,22.680,738,person,0.7157,1493,394,1548,497,1520.5,445.5,1520.5,497.0
568,22.680,1143,person,0.4662,1322,328,1368,421,1345.0,374.5,1345.0,421.0
568,22.680,1173,person,0.8115,721,669,778,815,749.5,742.0,749.5,815.0
568,22.680,1164,person,0.5262,353,436,414,633,383.5,534.5,383.5,633.0
568,22.680,1145,person,0.6948,1853,486,1896,603,1874.5,544.5,1874.5,603.0
569,22.720,1,person,0.7719,1123,467,1175,575,1149.0,521.0,1149.0,575.0
569,22.720,1023,person,0.8118,791,597,852,732,821.5,664.5,821.5,732.0
569,22.720,1091,person,0.5941,581,301,633,448,607.0,374.5,607.0,448.0
569,22.720,1098,person,0.6344,426,379,465,468,445.5,423.5,445.5,468.0
569,22.720,1129,person,0.6235,368,495,425,632,396.5,563.5,396.5,632.0
569,22.720,1221,person,0.7289,50,357,78,453,64.0,405.0,64.0,453.0
569,22.720,1228,person,0.6387,1211,401,1252,505,1231.5,453.0,1231.5,505.0
569,22.720,1231,person,0.3894,503,327,550,400,526.5,363.5,526.5,400.0
569,22.720,1173,person,0.7516,722,669,778,816,750.0,742.5,750.0,816.0
569,22.720,1164,person,0.6273,358,433,421,632,389.5,532.5,389.5,632.0
569,22.720,1145,person,0.6729,1859,487,1900,599,1879.5,543.0,1879.5,599.0
569,22.720,1213,person,0.7406,1500,394,1544,497,1522.0,445.5,1522.0,497.0
569,22.720,1163,person,0.7412,1806,907,1861,1077,1833.5,992.0,1833.5,1077.0
570,22.760,1,person,0.7739,1127,466,1179,577,1153.0,521.5,1153.0,577.0
570,22.760,1023,person,0.8091,794,599,854,734,824.0,666.5,824.0,734.0
570,22.760,1091,person,0.5431,585,294,639,445,612.0,369.5,612.0,445.0
570,22.760,1098,person,0.6191,433,381,474,471,453.5,426.0,453.5,471.0
570,22.760,1129,person,0.5490,374,502,430,632,402.0,567.0,402.0,632.0
570,22.760,1221,person,0.7520,59,358,89,455,74.0,406.5,74.0,455.0
570,22.760,1228,person,0.6963,1221,399,1265,508,1243.0,453.5,1243.0,508.0
570,22.760,1231,person,0.3597,503,325,550,398,526.5,361.5,526.5,398.0
570,22.760,1173,person,0.8167,725,669,781,815,753.0,742.0,753.0,815.0
570,22.760,1164,person,0.2631,364,447,422,628,393.0,537.5,393.0,628.0
570,22.760,1145,person,0.6938,1862,487,1905,606,1883.5,546.5,1883.5,606.0
570,22.760,1213,person,0.7732,1500,394,1543,498,1521.5,446.0,1521.5,498.0
570,22.760,1163,person,0.7906,1808,909,1864,1079,1836.0,994.0,1836.0,1079.0
570,22.760,1227,person,0.5346,354,432,414,543,384.0,487.5,384.0,543.0
570,22.760,777,person,0.4256,1857,487,1920,609,1888.5,548.0,1888.5,609.0
571,22.800,1,person,0.7901,1130,464,1184,577,1157.0,520.5,1157.0,577.0
571,22.800,1023,person,0.7025,797,599,853,725,825.0,662.0,825.0,725.0
571,22.800,1091,person,0.3887,585,288,639,445,612.0,366.5,612.0,445.0
571,22.800,1098,person,0.7421,440,383,484,475,462.0,429.0,462.0,475.0
571,22.800,1129,person,0.6543,381,503,437,633,409.0,568.0,409.0,633.0
571,22.800,1221,person,0.7015,67,359,98,454,82.5,406.5,82.5,454.0
571,22.800,1228,person,0.8021,1233,395,1277,505,1255.0,450.0,1255.0,505.0
571,22.800,1231,person,0.4338,500,323,550,399,525.0,361.0,525.0,399.0
571,22.800,1173,person,0.7992,727,667,785,815,756.0,741.0,756.0,815.0
571,22.800,1164,person,0.2151,366,435,428,631,397.0,533.0,397.0,631.0
571,22.800,1145,person,0.6502,1866,487,1908,603,1887.0,545.0,1887.0,603.0
571,22.800,1213,person,0.7580,1501,394,1544,496,1522.5,445.0,1522.5,496.0
571,22.800,1163,person,0.8512,1809,907,1866,1080,1837.5,993.5,1837.5,1080.0
571,22.800,1248,person,0.4689,1316,327,1351,406,1333.5,366.5,1333.5,406.0
571,22.800,1227,person,0.3716,359,433,416,541,387.5,487.0,387.5,541.0
571,22.800,777,person,0.4890,1862,486,1920,605,1891.0,545.5,1891.0,605.0
571,22.800,1143,person,0.3488,1325,330,1368,411,1346.5,370.5,1346.5,411.0
572,22.840,1,person,0.8259,1133,462,1187,575,1160.0,518.5,1160.0,575.0
572,22.840,1023,person,0.6982,801,599,858,729,829.5,664.0,829.5,729.0
572,22.840,1091,person,0.4673,589,295,641,445,615.0,370.0,615.0,445.0
572,22.840,1098,person,0.6328,446,383,488,465,467.0,424.0,467.0,465.0
572,22.840,1129,person,0.6716,389,505,446,634,417.5,569.5,417.5,634.0
572,22.840,1221,person,0.7533,76,358,108,453,92.0,405.5,92.0,453.0
572,22.840,1228,person,0.7779,1243,394,1287,504,1265.0,449.0,1265.0,504.0
572,22.840,1231,person,0.5545,495,322,543,396,519.0,359.0,519.0,396.0
572,22.840,1173,person,0.7825,730,664,789,811,759.5,737.5,759.5,811.0
572,22.840,1164,person,0.6029,375,429,441,633,408.0,531.0,408.0,633.0
572,22.840,1145,person,0.5785,1871,486,1908,591,1889.5,538.5,1889.5,591.0
572,22.840,1163,person,0.8320,1807,908,1867,1080,1837.0,994.0,1837.0,1080.0
572,22.840,1248,person,0.5776,1315,330,1349,407,1332.0,368.5,1332.0,407.0
572,22.840,1227,person,0.4511,355,431,436,589,395.5,510.0,395.5,589.0
572,22.840,777,person,0.4142,1866,486,1920,597,1893.0,541.5,1893.0,597.0
572,22.840,738,person,0.7937,1498,393,1553,497,1525.5,445.0,1525.5,497.0
573,22.880,1,person,0.8205,1137,459,1191,571,1164.0,515.0,1164.0,571.0
573,22.880,1023,person,0.6526,806,596,864,726,835.0,661.0,835.0,726.0
573,22.880,1091,person,0.4974,594,317,639,444,616.5,380.5,616.5,444.0
573,22.880,1098,person,0.6346,451,382,496,469,473.5,425.5,473.5,469.0
573,22.880,1129,person,0.5947,396,512,450,634,423.0,573.0,423.0,634.0
573,22.880,1221,person,0.8071,85,359,119,454,102.0,406.5,102.0,454.0
573,22.880,1228,person,0.7588,1255,394,1299,505,1277.0,449.5,1277.0,505.0
573,22.880,1231,person,0.4960,495,322,544,398,519.5,360.0,519.5,398.0
573,22.880,1173,person,0.8105,732,661,793,808,762.5,734.5,762.5,808.0
573,22.880,1164,person,0.3917,384,427,450,633,417.0,530.0,417.0,633.0
573,22.880,1145,person,0.4766,1873,485,1913,598,1893.0,541.5,1893.0,598.0
573,22.880,1163,person,0.8803,1809,909,1872,1080,1840.5,994.5,1840.5,1080.0
573,22.880,1248,person,0.4734,1315,329,1351,412,1333.0,370.5,1333.0,412.0
573,22.880,1227,person,0.5018,357,429,451,616,404.0,522.5,404.0,616.0
573,22.880,1254,person,0.3668,599,350,637,444,618.0,397.0,618.0,444.0
573,22.880,738,person,0.7729,1501,392,1556,497,1528.5,444.5,1528.5,497.0
574,22.920,1,person,0.7432,1139,459,1194,569,1166.5,514.0,1166.5,569.0
574,22.920,1023,person,0.7309,810,593,871,727,840.5,660.0,840.5,727.0
574,22.920,1091,person,0.2860,593,316,640,444,616.5,380.0,616.5,444.0
574,22.920,1098,person,0.6966,453,381,501,473,477.0,427.0,477.0,473.0
574,22.920,1129,person,0.7126,403,513,457,634,430.0,573.5,430.0,634.0
574,22.920,1221,person,0.8165,93,359,128,452,110.5,405.5,110.5,452.0
574,22.920,1228,person,0.7631,1266,395,1310,505,1288.0,450.0,1288.0,505.0
574,22.920,1231,person,0.5787,495,321,545,397,520.0,359.0,520.0,397.0
574,22.920,1173,person,0.8014,733,659,795,804,764.0,731.5,764.0,804.0
574,22.920,1145,person,0.6332,1872,484,1916,607,1894.0,545.5,1894.0,607.0
574,22.920,1163,person,0.8347,1810,911,1877,1080,1843.5,995.5,1843.5,1080.0
574,22.920,1248,person,0.4060,1314,330,1350,415,1332.0,372.5,1332.0,415.0
574,22.920,1254,person,0.5120,605,354,640,444,622.5,399.0,622.5,444.0
574,22.920,738,person,0.8377,1503,390,1559,493,1531.0,441.5,1531.0,493.0
575,22.960,1,person,0.7825,1138,460,1192,571,1165.0,515.5,1165.0,571.0
575,22.960,1023,person,0.7171,812,592,875,725,843.5,658.5,843.5,725.0
575,22.960,1098,person,0.7580,455,376,508,477,481.5,426.5,481.5,477.0
575,22.960,1129,person,0.6089,409,514,463,634,436.0,574.0,436.0,634.0
575,22.960,1221,person,0.8331,100,360,138,454,119.0,407.0,119.0,454.0
575,22.960,1228,person,0.7137,1279,396,1322,504,1300.5,450.0,1300.5,504.0
575,22.960,1231,person,0.5356,492,319,544,398,518.0,358.5,518.0,398.0
575,22.960,1173,person,0.7210,730,660,792,801,761.0,730.5,761.0,801.0
575,22.960,1145,person,0.6205,1873,482,1918,611,1895.5,546.5,1895.5,611.0
575,22.960,1163,person,0.7923,1812,913,1882,1080,1847.0,996.5,1847.0,1080.0
575,22.960,1248,person,0.3657,1314,327,1346,402,1330.0,364.5,1330.0,402.0
575,22.960,1254,person,0.5107,612,353,648,447,630.0,400.0,630.0,447.0
575,22.960,738,person,0.8101,1503,389,1561,491,1532.0,440.0,1532.0,491.0
575,22.960,1258,person,0.5185,385,427,426,532,405.5,479.5,405.5,532.0
575,22.960,711,person,0.6452,713,660,781,802,747.0,731.0,747.0,802.0
575,22.960,1213,person,0.3924,1498,388,1541,492,1519.5,440.0,1519.5,492.0
576,23.000,1,person,0.7971,1136,462,1188,571,1162.0,516.5,1162.0,571.0
576,23.000,1023,person,0.6843,814,592,877,723,845.5,657.5,845.5,723.0
576,23.000,1098,person,0.7102,456,375,507,474,481.5,424.5,481.5,474.0
576,23.000,1129,person,0.6070,413,513,466,632,439.5,572.5,439.5,632.0
576,23.000,1221,person,0.8348,104,363,144,453,124.0,408.0,124.0,453.0
576,23.000,1228,person,0.6905,1291,397,1332,504,1311.5,450.5,1311.5,504.0
576,23.000,1231,person,0.4466,489,319,543,401,516.0,360.0,516.0,401.0
576,23.000,1173,person,0.3467,729,665,792,802,760.5,733.5,760.5,802.0
576,23.000,1145,person,0.6559,1870,481,1917,611,1893.5,546.0,1893.5,611.0
576,23.000,1163,person,0.8314,1813,914,1887,1080,1850.0,997.0,1850.0,1080.0
576,23.000,1248,person,0.4572,1311,325,1344,400,1327.5,362.5,1327.5,400.0
576,23.000,1254,person,0.6103,616,351,653,446,634.5,398.5,634.5,446.0
576,23.000,738,person,0.5396,1502,389,1561,489,1531.5,439.0,1531.5,489.0
576,23.000,1258,person,0.5883,387,424,429,530,408.0,477.0,408.0,530.0
576,23.000,711,person,0.7916,715,664,780,803,747.5,733.5,747.5,803.0
576,23.000,1213,person,0.7112,1499,389,1543,492,1521.0,440.5,1521.0,492.0
576,23.000,1110,person,0.4736,578,311,611,380,594.5,345.5,594.5,380.0
577,23.040,1,person,0.8092,1135,460,1188,571,1161.5,515.5,1161.5,571.0
577,23.040,1023,person,0.6886,815,592,878,719,846.5,655.5,846.5,719.0
577,23.040,1098,person,0.6670,457,375,506,472,481.5,423.5,481.5,472.0
577,23.040,1129,person,0.6548,414,511,467,630,440.5,570.5,440.5,630.0
577,23.040,1221,person,0.8120,107,362,149,452,128.0,407.0,128.0,452.0
577,23.040,1228,person,0.5982,1303,403,1343,505,1323.0,454.0,1323.0,505.0
577,23.040,1231,person,0.2275,487,316,539,394,513.0,355.0,513.0,394.0
577,23.040,1145,person,0.6116,1872,482,1919,612,1895.5,547.0,1895.5,612.0
577,23.040,1163,person,0.7805,1817,913,1893,1080,1855.0,996.5,1855.0,1080.0
577,23.040,1248,person,0.4241,1309,327,1341,402,1325.0,364.5,1325.0,402.0
577,23.040,1254,person,0.6874,620,350,656,443,638.0,396.5,638.0,443.0
577,23.040,738,person,0.5902,1505,391,1564,490,1534.5,440.5,1534.5,490.0
577,23.040,1258,person,0.5908,390,422,433,532,411.5,477.0,411.5,532.0
577,23.040,711,person,0.8482,713,663,779,806,746.0,734.5,746.0,806.0
577,23.040,1213,person,0.6893,1500,391,1545,494,1522.5,442.5,1522.5,494.0
577,23.040,1110,person,0.3159,577,310,614,384,595.5,347.0,595.5,384.0
578,23.080,1,person,0.7820,1135,457,1189,571,1162.0,514.0,1162.0,571.0
578,23.080,1023,person,0.6437,812,592,875,719,843.5,655.5,843.5,719.0
578,23.080,1098,person,0.5924,460,377,507,473,483.5,425.0,483.5,473.0
578,23.080,1129,person,0.7251,416,511,468,630,442.0,570.5,442.0,630.0
578,23.080,1221,person,0.7401,112,360,157,449,134.5,404.5,134.5,449.0
578,23.080,1228,person,0.6546,1313,397,1355,505,1334.0,451.0,1334.0,505.0
578,23.080,1145,person,0.4027,1878,485,1920,613,1899.0,549.0,1899.0,613.0
578,23.080,1163,person,0.8310,1819,912,1896,1080,1857.5,996.0,1857.5,1080.0
578,23.080,1248,person,0.2329,1302,328,1339,415,1320.5,371.5,1320.5,415.0
578,23.080,1254,person,0.6556,624,348,660,441,642.0,394.5,642.0,441.0
578,23.080,1258,person,0.5885,394,421,436,531,415.0,476.0,415.0,531.0
578,23.080,711,person,0.8684,713,662,780,805,746.5,733.5,746.5,805.0
578,23.080,1213,person,0.6827,1503,391,1546,493,1524.5,442.0,1524.5,493.0
578,23.080,1110,person,0.5341,575,309,614,385,594.5,347.0,594.5,385.0
579,23.120,1,person,0.7840,1137,455,1191,571,1164.0,513.0,1164.0,571.0
579,23.120,1023,person,0.7051,810,588,875,721,842.5,654.5,842.5,721.0
579,23.120,1098,person,0.5218,461,375,508,474,484.5,424.5,484.5,474.0
579,23.120,1129,person,0.7311,420,512,471,632,445.5,572.0,445.5,632.0
579,23.120,1221,person,0.6530,114,360,162,447,138.0,403.5,138.0,447.0
579,23.120,1228,person,0.7160,1325,398,1367,506,1346.0,452.0,1346.0,506.0
579,23.120,1163,person,0.8117,1824,912,1902,1080,1863.0,996.0,1863.0,1080.0
579,23.120,1248,person,0.4264,1303,328,1337,409,1320.0,368.5,1320.0,409.0
579,23.120,1254,person,0.5685,629,347,664,440,646.5,393.5,646.5,440.0
579,23.120,1258,person,0.6183,397,421,440,532,418.5,476.5,418.5,532.0
579,23.120,711,person,0.8680,713,660,781,807,747.0,733.5,747.0,807.0
579,23.120,1213,person,0.7246,1505,391,1548,495,1526.5,443.0,1526.5,495.0
579,23.120,1110,person,0.6043,569,306,611,387,590.0,346.5,590.0,387.0
580,23.160,1,person,0.7020,1140,452,1194,567,1167.0,509.5,1167.0,567.0
580,23.160,1023,person,0.7145,810,586,873,718,841.5,652.0,841.5,718.0
580,23.160,1098,person,0.2955,463,367,512,473,487.5,420.0,487.5,473.0
580,23.160,1129,person,0.6986,425,509,476,630,450.5,569.5,450.5,630.0
580,23.160,1221,person,0.7472,115,360,166,446,140.5,403.0,140.5,446.0
580,23.160,1228,person,0.7266,1336,399,1379,506,1357.5,452.5,1357.5,506.0
580,23.160,1163,person,0.8106,1831,912,1908,1080,1869.5,996.0,1869.5,1080.0
580,23.160,1248,person,0.4972,1302,329,1336,412,1319.0,370.5,1319.0,412.0
580,23.160,1254,person,0.5688,634,346,668,437,651.0,391.5,651.0,437.0
580,23.160,1258,person,0.6329,401,424,443,533,422.0,478.5,422.0,533.0
580,23.160,711,person,0.8445,713,657,782,804,747.5,730.5,747.5,804.0
580,23.160,1213,person,0.7756,1506,388,1549,493,1527.5,440.5,1527.5,493.0
580,23.160,1110,person,0.6519,565,305,608,388,586.5,346.5,586.5,388.0
580,23.160,1269,person,0.5174,466,317,537,469,501.5,393.0,501.5,469.0
581,23.200,1,person,0.7377,1142,451,1194,562,1168.0,506.5,1168.0,562.0
581,23.200,1023,person,0.6767,811,583,875,717,843.0,650.0,843.0,717.0
581,23.200,1129,person,0.7118,430,513,480,632,455.0,572.5,455.0,632.0
581,23.200,1221,person,0.7094,115,359,168,443,141.5,401.0,141.5,443.0
581,23.200,1228,person,0.7626,1346,397,1390,506,1368.0,451.5,1368.0,506.0
581,23.200,1163,person,0.8223,1839,911,1915,1080,1877.0,995.5,1877.0,1080.0
581,23.200,1248,person,0.5614,1300,326,1336,416,1318.0,371.0,1318.0,416.0
581,23.200,1254,person,0.6941,639,344,673,436,656.0,390.0,656.0,436.0
581,23.200,1258,person,0.6473,406,425,448,532,427.0,478.5,427.0,532.0
581,23.200,711,person,0.8737,712,651,782,799,747.0,725.0,747.0,799.0
581,23.200,1213,person,0.7704,1507,386,1552,494,1529.5,440.0,1529.5,494.0
581,23.200,1110,person,0.5417,561,307,604,390,582.5,348.5,582.5,390.0
581,23.200,1269,person,0.5174,459,316,530,468,494.5,392.0,494.5,468.0
582,23.240,1,person,0.7475,1143,449,1195,558,1169.0,503.5,1169.0,558.0
582,23.240,1023,person,0.7249,812,580,879,718,845.5,649.0,845.5,718.0
582,23.240,1129,person,0.6849,435,516,485,631,460.0,573.5,460.0,631.0
582,23.240,1221,person,0.7058,113,358,167,441,140.0,399.5,140.0,441.0
582,23.240,1228,person,0.6992,1358,395,1401,504,1379.5,449.5,1379.5,504.0
582,23.240,1163,person,0.6442,1846,911,1920,1080,1883.0,995.5,1883.0,1080.0
582,23.240,1248,person,0.5462,1297,325,1336,421,1316.5,373.0,1316.5,421.0
582,23.240,1254,person,0.6660,643,344,677,435,660.0,389.5,660.0,435.0
582,23.240,1258,person,0.6918,410,425,451,530,430.5,477.5,430.5,530.0
582,23.240,711,person,0.8867,712,647,784,796,748.0,721.5,748.0,796.0
582,23.240,1213,person,0.7871,1509,384,1554,491,1531.5,437.5,1531.5,491.0
582,23.240,1110,person,0.5561,557,307,600,390,578.5,348.5,578.5,390.0
582,23.240,1269,person,0.5065,457,319,527,472,492.0,395.5,492.0,472.0
582,23.240,1098,person,0.4696,467,364,517,473,492.0,418.5,492.0,473.0
583,23.280,1,person,0.6638,1142,451,1192,556,1167.0,503.5,1167.0,556.0
583,23.280,1023,person,0.7240,814,577,879,714,846.5,645.5,846.5,714.0
583,23.280,1129,person,0.7200,439,515,490,632,464.5,573.5,464.5,632.0
583,23.280,1221,person,0.7496,112,356,166,440,139.0,398.0,139.0,440.0
583,23.280,1228,person,0.7600,1369,394,1411,503,1390.0,448.5,1390.0,503.0
583,23.280,1163,person,0.5964,1850,912,1920,1080,1885.0,996.0,1885.0,1080.0
583,23.280,1248,person,0.4742,1294,325,1333,420,1313.5,372.5,1313.5,420.0
583,23.280,1254,person,0.5925,647,345,680,435,663.5,390.0,663.5,435.0
583,23.280,1258,person,0.6924,413,423,454,528,433.5,475.5,433.5,528.0
583,23.280,711,person,0.8660,711,645,784,792,747.5,718.5,747.5,792.0
583,23.280,1213,person,0.7706,1510,384,1556,488,1533.0,436.0,1533.0,488.0
583,23.280,1110,person,0.6289,554,306,597,388,575.5,347.0,575.5,388.0
583,23.280,1269,person,0.3070,455,318,526,471,490.5,394.5,490.5,471.0
583,23.280,1098,person,0.5361,470,371,515,472,492.5,421.5,492.5,472.0
584,23.320,1,person,0.6972,1141,452,1191,560,1166.0,506.0,1166.0,560.0
584,23.320,1023,person,0.7460,815,577,879,710,847.0,643.5,847.0,710.0
584,23.320,1129,person,0.7701,442,515,494,633,468.0,574.0,468.0,633.0
584,23.320,1221,person,0.7501,114,353,170,439,142.0,396.0,142.0,439.0
584,23.320,1228,person,0.7060,1381,394,1423,503,1402.0,448.5,1402.0,503.0
584,23.320,1163,person,0.6729,1850,914,1920,1080,1885.0,997.0,1885.0,1080.0
584,23.320,1248,person,0.4070,1293,326,1330,420,1311.5,373.0,1311.5,420.0
584,23.320,1254,person,0.5511,650,349,682,435,666.0,392.0,666.0,435.0
584,23.320,1258,person,0.6491,416,422,457,527,436.5,474.5,436.5,527.0
584,23.320,711,person,0.8490,709,644,782,792,745.5,718.0,745.5,792.0
584,23.320,1213,person,0.7296,1507,383,1555,487,1531.0,435.0,1531.0,487.0
584,23.320,1110,person,0.7160,553,305,598,387,575.5,346.0,575.5,387.0
584,23.320,1269,person,0.3382,455,316,525,470,490.0,393.0,490.0,470.0
584,23.320,1098,person,0.4872,471,371,517,472,494.0,421.5,494.0,472.0
585,23.360,1,person,0.7359,1141,453,1190,561,1165.5,507.0,1165.5,561.0
585,23.360,1023,person,0.7462,816,580,877,710,846.5,645.0,846.5,710.0
585,23.360,1129,person,0.7116,445,517,497,633,471.0,575.0,471.0,633.0
585,23.360,1221,person,0.7847,115,351,175,441,145.0,396.0,145.0,441.0
585,23.360,1228,person,0.6681,1394,393,1434,500,1414.0,446.5,1414.0,500.0
585,23.360,1163,person,0.6721,1851,918,1920,1080,1885.5,999.0,1885.5,1080.0
585,23.360,1248,person,0.3370,1292,325,1330,421,1311.0,373.0,1311.0,421.0
585,23.360,1254,person,0.7146,654,352,686,435,670.0,393.5,670.0,435.0
585,23.360,1258,person,0.6641,418,419,461,528,439.5,473.5,439.5,528.0
585,23.360,711,person,0.8295,708,646,778,790,743.0,718.0,743.0,790.0
585,23.360,1213,person,0.6931,1506,383,1556,485,1531.0,434.0,1531.0,485.0
585,23.360,1110,person,0.3161,547,304,593,385,570.0,344.5,570.0,385.0
585,23.360,1098,person,0.5576,477,375,521,473,499.0,424.0,499.0,473.0
586,23.400,1,person,0.6815,1142,453,1193,570,1167.5,511.5,1167.5,570.0
586,23.400,1023,person,0.7695,818,583,878,709,848.0,646.0,848.0,709.0
586,23.400,1129,person,0.5550,449,516,502,631,475.5,573.5,475.5,631.0
586,23.400,1221,person,0.8120,116,349,177,439,146.5,394.0,146.5,439.0
586,23.400,1228,person,0.7216,1407,392,1448,500,1427.5,446.0,1427.5,500.0
586,23.400,1163,person,0.5748,1853,921,1920,1080,1886.5,1000.5,1886.5,1080.0
586,23.400,1248,person,0.4095,1290,323,1329,422,1309.5,372.5,1309.5,422.0
586,23.400,1254,person,0.7676,657,351,691,438,674.0,394.5,674.0,438.0
586,23.400,1258,person,0.6688,422,421,465,530,443.5,475.5,443.5,530.0
586,23.400,711,person,0.7735,706,648,774,790,740.0,719.0,740.0,790.0
586,23.400,1213,person,0.5777,1504,384,1553,487,1528.5,435.5,1528.5,487.0
586,23.400,1110,person,0.3406,540,302,588,384,564.0,343.0,564.0,384.0
586,23.400,1098,person,0.5532,483,377,526,474,504.5,425.5,504.5,474.0
586,23.400,1286,person,0.4166,451,312,486,387,468.5,349.5,468.5,387.0
586,23.400,1287,person,0.4913,536,303,577,377,556.5,340.0,556.5,377.0
586,23.400,738,person,0.3536,1506,385,1564,485,1535.0,435.0,1535.0,485.0
587,23.440,1,person,0.6579,1144,451,1196,571,1170.0,511.0,1170.0,571.0
587,23.440,1023,person,0.7905,820,584,878,709,849.0,646.5,849.0,709.0
587,23.440,1129,person,0.5541,455,514,508,632,481.5,573.0,481.5,632.0
587,23.440,1221,person,0.7423,110,348,172,440,141.0,394.0,141.0,440.0
587,23.440,1228,person,0.7069,1419,393,1460,503,1439.5,448.0,1439.5,503.0
587,23.440,1163,person,0.4934,1857,924,1920,1080,1888.5,1002.0,1888.5,1080.0
587,23.440,1248,person,0.4168,1292,323,1326,410,1309.0,366.5,1309.0,410.0
587,23.440,1254,person,0.7341,661,351,697,439,679.0,395.0,679.0,439.0
587,23.440,1258,person,0.6669,423,419,468,529,445.5,474.0,445.5,529.0
587,23.440,711,person,0.7818,705,648,774,794,739.5,721.0,739.5,794.0
587,23.440,1213,person,0.6363,1506,384,1555,490,1530.5,437.0,1530.5,490.0
587,23.440,1098,person,0.5617,485,378,527,474,506.0,426.0,506.0,474.0
587,23.440,1286,person,0.5348,453,312,488,386,470.5,349.0,470.5,386.0
587,23.440,1287,person,0.4526,529,302,574,383,551.5,342.5,551.5,383.0
588,23.480,1,person,0.6339,1146,448,1196,565,1171.0,506.5,1171.0,565.0
588,23.480,1023,person,0.6695,822,584,880,711,851.0,647.5,851.0,711.0
588,23.480,1129,person,0.7109,459,513,514,633,486.5,573.0,486.5,633.0
588,23.480,1221,person,0.7884,110,348,170,440,140.0,394.0,140.0,440.0
588,23.480,1228,person,0.7352,1433,393,1473,502,1453.0,447.5,1453.0,502.0
588,23.480,1163,person,0.5655,1861,925,1920,1080,1890.5,1002.5,1890.5,1080.0
588,23.480,1248,person,0.2343,1293,325,1323,399,1308.0,362.0,1308.0,399.0
588,23.480,1254,person,0.5842,667,351,703,438,685.0,394.5,685.0,438.0
588,23.480,1258,person,0.6782,426,416,472,527,449.0,471.5,449.0,527.0
588,23.480,711,person,0.8119,708,646,776,792,742.0,719.0,742.0,792.0
588,23.480,1213,person,0.7445,1507,385,1555,491,1531.0,438.0,1531.0,491.0
588,23.480,1098,person,0.5840,489,374,533,477,511.0,425.5,511.0,477.0
588,23.480,1286,person,0.5023,450,310,486,386,468.0,348.0,468.0,386.0
588,23.480,1287,person,0.5966,526,302,574,389,550.0,345.5,550.0,389.0
589,23.520,1,person,0.7339,1150,445,1200,561,1175.0,503.0,1175.0,561.0
589,23.520,1023,person,0.6585,825,583,881,708,853.0,645.5,853.0,708.0
589,23.520,1129,person,0.7156,462,511,516,632,489.0,571.5,489.0,632.0
589,23.520,1221,person,0.7982,110,347,170,440,140.0,393.5,140.0,440.0
589,23.520,1228,person,0.7006,1445,395,1486,505,1465.5,450.0,1465.5,505.0
589,23.520,1163,person,0.4755,1869,924,1920,1080,1894.5,1002.0,1894.5,1080.0
589,23.520,1254,person,0.5137,672,352,708,437,690.0,394.5,690.0,437.0
589,23.520,1258,person,0.6855,431,415,477,526,454.0,470.5,454.0,526.0
589,23.520,711,person,0.8257,710,645,779,791,744.5,718.0,744.5,791.0
589,23.520,1213,person,0.7673,1509,383,1557,492,1533.0,437.5,1533.0,492.0
589,23.520,1098,person,0.5403,492,373,537,479,514.5,426.0,514.5,479.0
589,23.520,1286,person,0.2266,448,308,485,386,466.5,347.0,466.5,386.0
589,23.520,1287,person,0.6155,525,302,574,392,549.5,347.0,549.5,392.0
590,23.560,1,person,0.7745,1151,444,1202,558,1176.5,501.0,1176.5,558.0
590,23.560,1023,person,0.7551,831,580,888,711,859.5,645.5,859.5,711.0
590,23.560,1129,person,0.7581,465,513,517,633,491.0,573.0,491.0,633.0
590,23.560,1221,person,0.7773,113,346,173,439,143.0,392.5,143.0,439.0
590,23.560,1228,person,0.7482,1458,397,1499,507,1478.5,452.0,1478.5,507.0
590,23.560,1254,person,0.5950,676,354,711,437,693.5,395.5,693.5,437.0
590,23.560,1258,person,0.6968,434,413,481,526,457.5,469.5,457.5,526.0
590,23.560,711,person,0.8282,712,642,781,787,746.5,714.5,746.5,787.0
590,23.560,1098,person,0.4912,494,372,537,478,515.5,425.0,515.5,478.0
590,23.560,1286,person,0.4171,445,309,484,388,464.5,348.5,464.5,388.0
590,23.560,1287,person,0.4623,521,300,570,390,545.5,345.0,545.5,390.0
590,23.560,738,person,0.7790,1510,382,1570,490,1540.0,436.0,1540.0,490.0
590,23.560,1248,person,0.4302,1289,333,1321,409,1305.0,371.0,1305.0,409.0
591,23.600,1,person,0.6453,1152,444,1204,559,1178.0,501.5,1178.0,559.0
591,23.600,1023,person,0.7602,836,578,896,713,866.0,645.5,866.0,713.0
591,23.600,1129,person,0.7244,469,512,522,634,495.5,573.0,495.5,634.0
591,23.600,1221,person,0.7852,117,345,177,439,147.0,392.0,147.0,439.0
591,23.600,1228,person,0.7807,1471,398,1511,507,1491.0,452.5,1491.0,507.0
591,23.600,1254,person,0.4219,680,350,718,438,699.0,394.0,699.0,438.0
591,23.600,1258,person,0.6687,438,412,486,526,462.0,469.0,462.0,526.0
591,23.600,711,person,0.8409,713,641,784,786,748.5,713.5,748.5,786.0
591,23.600,1098,person,0.5023,498,378,540,483,519.0,430.5,519.0,483.0
591,23.600,1286,person,0.4466,442,308,483,389,462.5,348.5,462.5,389.0
591,23.600,1287,person,0.2925,520,300,570,390,545.0,345.0,545.0,390.0
591,23.600,738,person,0.7114,1513,382,1573,491,1543.0,436.5,1543.0,491.0
591,23.600,1248,person,0.6723,1283,336,1320,422,1301.5,379.0,1301.5,422.0
592,23.640,1,person,0.7041,1156,449,1206,561,1181.0,505.0,1181.0,561.0
592,23.640,1023,person,0.8496,840,576,902,714,871.0,645.0,871.0,714.0
592,23.640,1129,person,0.7589,474,512,525,635,499.5,573.5,499.5,635.0
592,23.640,1221,person,0.8415,121,345,182,439,151.5,392.0,151.5,439.0
592,23.640,1228,person,0.6652,1484,398,1524,507,1504.0,452.5,1504.0,507.0
592,23.640,1254,person,0.5657,685,347,724,438,704.5,392.5,704.5,438.0
592,23.640,1258,person,0.6844,443,413,490,525,466.5,469.0,466.5,525.0
592,23.640,711,person,0.8436,715,642,785,784,750.0,713.0,750.0,784.0
592,23.640,1098,person,0.3952,503,380,543,481,523.0,430.5,523.0,481.0
592,23.640,1286,person,0.4524,440,308,482,390,461.0,349.0,461.0,390.0
592,23.640,1287,person,0.2746,519,299,568,387,543.5,343.0,543.5,387.0
592,23.640,738,person,0.6899,1518,383,1579,494,1548.5,438.5,1548.5,494.0
592,23.640,1248,person,0.6305,1281,338,1322,426,1301.5,382.0,1301.5,426.0
593,23.680,1,person,0.7621,1158,450,1207,561,1182.5,505.5,1182.5,561.0
593,23.680,1023,person,0.8483,845,576,908,715,876.5,645.5,876.5,715.0
593,23.680,1129,person,0.7131,480,513,531,634,505.5,573.5,505.5,634.0
593,23.680,1221,person,0.7979,122,345,185,441,153.5,393.0,153.5,441.0
593,23.680,1228,person,0.5499,1496,400,1535,506,1515.5,453.0,1515.5,506.0
593,23.680,1254,person,0.5629,690,348,728,438,709.0,393.0,709.0,438.0
593,23.680,1258,person,0.6439,447,418,493,525,470.0,471.5,470.0,525.0
593,23.680,711,person,0.7528,711,643,781,785,746.0,714.0,746.0,785.0
593,23.680,1098,person,0.3021,506,373,548,482,527.0,427.5,527.0,482.0
593,23.680,1286,person,0.5972,435,308,477,391,456.0,349.5,456.0,391.0
593,23.680,738,person,0.5865,1517,383,1584,502,1550.5,442.5,1550.5,502.0
593,23.680,1248,person,0.3083,1285,340,1327,427,1306.0,383.5,1306.0,427.0
594,23.720,1,person,0.7496,1161,449,1210,561,1185.5,505.0,1185.5,561.0
594,23.720,1023,person,0.8931,850,576,913,714,881.5,645.0,881.5,714.0
594,23.720,1129,person,0.7525,487,513,539,635,513.0,574.0,513.0,635.0
594,23.720,1221,person,0.8047,124,344,189,440,156.5,392.0,156.5,440.0
594,23.720,1254,person,0.5553,694,352,731,438,712.5,395.0,712.5,438.0
594,23.720,1258,person,0.6846,453,420,499,526,476.0,473.0,476.0,526.0
594,23.720,711,person,0.7679,707,644,776,786,741.5,715.0,741.5,786.0
594,23.720,1098,person,0.5326,516,382,550,473,533.0,427.5,533.0,473.0
594,23.720,1286,person,0.6352,432,308,475,391,453.5,349.5,453.5,391.0
594,23.720,738,person,0.3702,1519,382,1586,499,1552.5,440.5,1552.5,499.0
594,23.720,1248,person,0.5289,1288,343,1332,430,1310.0,386.5,1310.0,430.0
594,23.720,1213,person,0.4625,1512,395,1558,499,1535.0,447.0,1535.0,499.0
594,23.720,1287,person,0.2703,510,301,560,391,535.0,346.0,535.0,391.0
595,23.760,1,person,0.6766,1165,450,1213,561,1189.0,505.5,1189.0,561.0
595,23.760,1023,person,0.8286,854,580,917,713,885.5,646.5,885.5,713.0
595,23.760,1129,person,0.7510,492,514,544,635,518.0,574.5,518.0,635.0
595,23.760,1221,person,0.8078,125,345,191,440,158.0,392.5,158.0,440.0
595,23.760,1254,person,0.6210,699,353,735,435,717.0,394.0,717.0,435.0
595,23.760,1258,person,0.7055,459,423,505,527,482.0,475.0,482.0,527.0
595,23.760,711,person,0.8229,705,644,774,786,739.5,715.0,739.5,786.0
595,23.760,1098,person,0.6015,525,389,555,466,540.0,427.5,540.0,466.0
595,23.760,1286,person,0.6352,431,308,474,391,452.5,349.5,452.5,391.0
595,23.760,738,person,0.7529,1521,382,1589,503,1555.0,442.5,1555.0,503.0
595,23.760,1248,person,0.5350,1290,342,1337,430,1313.5,386.0,1313.5,430.0
595,23.760,1287,person,0.3900,507,303,555,391,531.0,347.0,531.0,391.0
596,23.800,1,person,0.7393,1170,445,1220,562,1195.0,503.5,1195.0,562.0
596,23.800,1023,person,0.8266,857,581,921,713,889.0,647.0,889.0,713.0
596,23.800,1129,person,0.7736,501,514,555,636,528.0,575.0,528.0,636.0
596,23.800,1221,person,0.8052,124,346,188,438,156.0,392.0,156.0,438.0
596,23.800,1254,person,0.6807,709,355,743,436,726.0,395.5,726.0,436.0
596,23.800,1258,person,0.7011,470,424,520,531,495.0,477.5,495.0,531.0
596,23.800,711,person,0.8348,706,643,775,789,740.5,716.0,740.5,789.0
596,23.800,1098,person,0.4220,531,394,565,480,548.0,437.0,548.0,480.0
596,23.800,1286,person,0.6604,433,309,476,391,454.5,350.0,454.5,391.0
596,23.800,738,person,0.6670,1528,386,1593,504,1560.5,445.0,1560.5,504.0
596,23.800,1248,person,0.5844,1298,344,1346,430,1322.0,387.0,1322.0,430.0
596,23.800,1287,person,0.2491,508,307,556,396,532.0,351.5,532.0,396.0
597,23.840,1,person,0.7546,1177,444,1228,562,1202.5,503.0,1202.5,562.0
597,23.840,1023,person,0.8501,859,580,922,713,890.5,646.5,890.5,713.0
597,23.840,1129,person,0.8229,509,514,565,639,537.0,576.5,537.0,639.0
597,23.840,1221,person,0.8252,122,343,187,439,154.5,391.0,154.5,439.0
597,23.840,1254,person,0.5170,719,362,751,435,735.0,398.5,735.0,435.0
597,23.840,1258,person,0.7057,477,426,527,531,502.0,478.5,502.0,531.0
597,23.840,711,person,0.7829,711,639,781,788,746.0,713.5,746.0,788.0
597,23.840,1098,person,0.4092,537,394,573,482,555.0,438.0,555.0,482.0
597,23.840,1286,person,0.6235,432,308,473,384,452.5,346.0,452.5,384.0
597,23.840,738,person,0.7132,1536,388,1600,506,1568.0,447.0,1568.0,506.0
597,23.840,1248,person,0.5941,1304,343,1354,432,1329.0,387.5,1329.0,432.0
597,23.840,1311,person,0.4303,704,361,748,438,726.0,399.5,726.0,438.0
598,23.880,1,person,0.8365,1183,442,1235,558,1209.0,500.0,1209.0,558.0
598,23.880,1023,person,0.8301,863,578,928,715,895.5,646.5,895.5,715.0
598,23.880,1129,person,0.7978,520,519,576,639,548.0,579.0,548.0,639.0
598,23.880,1221,person,0.8083,123,343,187,440,155.0,391.5,155.0,440.0
598,23.880,1254,person,0.4792,727,361,760,436,743.5,398.5,743.5,436.0
598,23.880,1258,person,0.5212,486,427,536,527,511.0,477.0,511.0,527.0
598,23.880,711,person,0.7695,715,636,785,785,750.0,710.5,750.0,785.0
598,23.880,1098,person,0.5787,544,394,577,474,560.5,434.0,560.5,474.0
598,23.880,1286,person,0.6345,430,307,472,385,451.0,346.0,451.0,385.0
598,23.880,738,person,0.7271,1549,388,1613,507,1581.0,447.5,1581.0,507.0
598,23.880,1248,person,0.5771,1311,344,1361,436,1336.0,390.0,1336.0,436.0
598,23.880,1311,person,0.6586,712,361,758,440,735.0,400.5,735.0,440.0
598,23.880,1287,person,0.4100,510,306,556,390,533.0,348.0,533.0,390.0
599,23.920,1,person,0.7574,1188,444,1240,557,1214.0,500.5,1214.0,557.0
599,23.920,1023,person,0.7901,867,576,932,715,899.5,645.5,899.5,715.0
599,23.920,1129,person,0.7241,531,520,587,641,559.0,580.5,559.0,641.0
599,23.920,1221,person,0.7740,129,342,193,440,161.0,391.0,161.0,440.0
599,23.920,1258,person,0.6660,496,423,548,526,522.0,474.5,522.0,526.0
599,23.920,711,person,0.7822,721,632,792,785,756.5,708.5,756.5,785.0
599,23.920,1098,person,0.6101,550,396,590,490,570.0,443.0,570.0,490.0
599,23.920,1286,person,0.4646,431,312,473,387,452.0,349.5,452.0,387.0
599,23.920,738,person,0.7621,1559,386,1624,506,1591.5,446.0,1591.5,506.0
599,23.920,1248,person,0.4854,1317,346,1366,435,1341.5,390.5,1341.5,435.0
599,23.920,1311,person,0.7178,724,360,773,444,748.5,402.0,748.5,444.0
599,23.920,1287,person,0.6170,514,303,561,391,537.5,347.0,537.5,391.0
600,23.960,1,person,0.7578,1193,445,1244,557,1218.5,501.0,1218.5,557.0
600,23.960,1023,person,0.8446,875,575,939,715,907.0,645.0,907.0,715.0
600,23.960,1129,person,0.7294,540,519,599,642,569.5,580.5,569.5,642.0
600,23.960,1221,person,0.7758,136,342,198,438,167.0,390.0,167.0,438.0
600,23.960,1258,person,0.6951,506,424,558,524,532.0,474.0,532.0,524.0
600,23.960,711,person,0.8153,729,631,798,781,763.5,706.0,763.5,781.0
600,23.960,1098,person,0.5022,558,396,601,495,579.5,445.5,579.5,495.0
600,23.960,1286,person,0.5759,436,312,475,383,455.5,347.5,455.5,383.0
600,23.960,738,person,0.7287,1572,386,1639,507,1605.5,446.5,1605.5,507.0
600,23.960,1248,person,0.3996,1325,345,1371,433,1348.0,389.0,1348.0,433.0
600,23.960,1311,person,0.6013,739,363,788,448,763.5,405.5,763.5,448.0
600,23.960,1287,person,0.4715,511,301,557,389,534.0,345.0,534.0,389.0
600,23.960,1110,person,0.5756,514,301,567,391,540.5,346.0,540.5,391.0
601,24.000,1,person,0.7955,1201,448,1250,557,1225.5,502.5,1225.5,557.0
601,24.000,1023,person,0.8498,882,573,947,716,914.5,644.5,914.5,716.0
601,24.000,1129,person,0.6422,549,520,608,642,578.5,581.0,578.5,642.0
601,24.000,1221,person,0.7695,142,343,202,437,172.0,390.0,172.0,437.0
601,24.000,1258,person,0.5680,518,423,570,524,544.0,473.5,544.0,524.0
601,24.000,711,person,0.7535,734,633,803,780,768.5,706.5,768.5,780.0
601,24.000,1098,person,0.5281,566,396,611,501,588.5,448.5,588.5,501.0
601,24.000,1286,person,0.4240,438,310,482,390,460.0,350.0,460.0,390.0
601,24.000,738,person,0.6338,1572,384,1636,504,1604.0,444.0,1604.0,504.0
601,24.000,1248,person,0.5689,1330,343,1378,435,1354.0,389.0,1354.0,435.0
601,24.000,1311,person,0.7758,749,360,801,450,775.0,405.0,775.0,450.0
601,24.000,1287,person,0.4889,509,300,555,389,532.0,344.5,532.0,389.0
601,24.000,1110,person,0.2017,516,300,572,389,544.0,344.5,544.0,389.0
602,24.040,1,person,0.7896,1206,448,1255,558,1230.5,503.0,1230.5,558.0
602,24.040,1023,person,0.7474,892,574,954,713,923.0,643.5,923.0,713.0
602,24.040,1129,person,0.6060,556,517,615,642,585.5,579.5,585.5,642.0
602,24.040,1221,person,0.7900,147,345,205,436,176.0,390.5,176.0,436.0
602,24.040,1258,person,0.4856,530,427,583,526,556.5,476.5,556.5,526.0
602,24.040,711,person,0.8065,736,636,805,781,770.5,708.5,770.5,781.0
602,24.040,1098,person,0.5293,575,396,620,502,597.5,449.0,597.5,502.0
602,24.040,1286,person,0.4283,440,306,485,389,462.5,347.5,462.5,389.0
602,24.040,738,person,0.7246,1575,384,1635,498,1605.0,441.0,1605.0,498.0
602,24.040,1248,person,0.3660,1339,345,1385,434,1362.0,389.5,1362.0,434.0
602,24.040,1311,person,0.7204,758,360,810,450,784.0,405.0,784.0,450.0
602,24.040,1287,person,0.4609,509,299,554,388,531.5,343.5,531.5,388.0
602,24.040,1110,person,0.3413,517,298,575,389,546.0,343.5,546.0,389.0
602,24.040,1331,person,0.6678,1629,403,1685,513,1657.0,458.0,1657.0,513.0
603,24.080,1,person,0.7650,1211,446,1260,558,1235.5,502.0,1235.5,558.0
603,24.080,1023,person,0.8140,901,576,962,712,931.5,644.0,931.5,712.0
603,24.080,1129,person,0.7318,561,515,620,642,590.5,578.5,590.5,642.0
603,24.080,1221,person,0.7783,153,346,211,435,182.0,390.5,182.0,435.0
603,24.080,1258,person,0.7297,546,413,608,523,577.0,468.0,577.0,523.0
603,24.080,711,person,0.8198,741,644,805,782,773.0,713.0,773.0,782.0
603,24.080,1098,person,0.3322,580,396,629,511,604.5,453.5,604.5,511.0
603,24.080,1286,person,0.5136,444,306,489,390,466.5,348.0,466.5,390.0
603,24.080,738,person,0.7387,1581,384,1642,501,1611.5,442.5,1611.5,501.0
603,24.080,1248,person,0.3987,1346,345,1392,436,1369.0,390.5,1369.0,436.0
603,24.080,1311,person,0.6985,765,361,816,450,790.5,405.5,790.5,450.0
603,24.080,1287,person,0.5342,511,299,557,390,534.0,344.5,534.0,390.0
603,24.080,1331,person,0.8017,1644,406,1700,516,1672.0,461.0,1672.0,516.0
604,24.120,1,person,0.7117,1220,444,1269,559,1244.5,501.5,1244.5,559.0
604,24.120,1023,person,0.7885,912,579,972,715,942.0,647.0,942.0,715.0
604,24.120,1129,person,0.6764,569,513,626,641,597.5,577.0,597.5,641.0
604,24.120,1221,person,0.7578,159,347,217,435,188.0,391.0,188.0,435.0
604,24.120,1258,person,0.5615,563,405,628,520,595.5,462.5,595.5,520.0
604,24.120,711,person,0.8275,745,642,808,782,776.5,712.0,776.5,782.0
604,24.120,1286,person,0.5015,448,304,495,391,471.5,347.5,471.5,391.0
604,24.120,738,person,0.7192,1593,385,1650,496,1621.5,440.5,1621.5,496.0
604,24.120,1248,person,0.4024,1356,347,1402,435,1379.0,391.0,1379.0,435.0
604,24.120,1311,person,0.7855,772,360,824,451,798.0,405.5,798.0,451.0
604,24.120,1287,person,0.6396,516,302,560,394,538.0,348.0,538.0,394.0
604,24.120,1331,person,0.6503,1662,406,1718,516,1690.0,461.0,1690.0,516.0
605,24.160,1,person,0.8384,1229,443,1281,560,1255.0,501.5,1255.0,560.0
605,24.160,1023,person,0.7573,922,581,979,713,950.5,647.0,950.5,713.0
605,24.160,1129,person,0.6996,581,513,637,640,609.0,576.5,609.0,640.0
605,24.160,1221,person,0.8025,163,345,223,437,193.0,391.0,193.0,437.0
605,24.160,711,person,0.7814,752,638,816,781,784.0,709.5,784.0,781.0
605,24.160,738,person,0.7418,1604,389,1659,498,1631.5,443.5,1631.5,498.0
605,24.160,1248,person,0.5874,1363,344,1412,435,1387.5,389.5,1387.5,435.0
605,24.160,1311,person,0.7013,783,361,833,449,808.0,405.0,808.0,449.0
605,24.160,1287,person,0.7108,521,302,565,395,543.0,348.5,543.0,395.0
605,24.160,1331,person,0.7448,1679,406,1737,517,1708.0,461.5,1708.0,517.0
605,24.160,1231,person,0.6870,447,300,507,389,477.0,344.5,477.0,389.0
605,24.160,1098,person,0.5472,595,400,645,512,620.0,456.0,620.0,512.0
606,24.200,1,person,0.8419,1240,441,1292,555,1266.0,498.0,1266.0,555.0
606,24.200,1023,person,0.8340,933,579,991,714,962.0,646.5,962.0,714.0
606,24.200,1129,person,0.6874,594,513,649,640,621.5,576.5,621.5,640.0
606,24.200,1221,person,0.8465,170,343,230,435,200.0,389.0,200.0,435.0
606,24.200,738,person,0.7585,1616,388,1671,500,1643.5,444.0,1643.5,500.0
606,24.200,1248,person,0.5754,1380,344,1427,431,1403.5,387.5,1403.5,431.0
606,24.200,1311,person,0.6469,795,365,851,463,823.0,414.0,823.0,463.0
606,24.200,1287,person,0.6501,525,299,570,394,547.5,346.5,547.5,394.0
606,24.200,1331,person,0.7893,1697,407,1756,518,1726.5,462.5,1726.5,518.0
606,24.200,1231,person,0.4536,453,302,507,384,480.0,343.0,480.0,384.0
606,24.200,1098,person,0.7463,612,404,661,509,636.5,456.5,636.5,509.0
606,24.200,1173,person,0.7890,764,631,830,780,797.0,705.5,797.0,780.0
607,24.240,1,person,0.8465,1248,440,1301,552,1274.5,496.0,1274.5,552.0
607,24.240,1023,person,0.7955,945,578,1001,711,973.0,644.5,973.0,711.0
607,24.240,1129,person,0.7515,608,512,661,639,634.5,575.5,634.5,639.0
607,24.240,1221,person,0.8617,179,340,242,435,210.5,387.5,210.5,435.0
607,24.240,738,person,0.7974,1630,388,1683,499,1656.5,443.5,1656.5,499.0
607,24.240,1248,person,0.5492,1395,340,1444,432,1419.5,386.0,1419.5,432.0
607,24.240,1311,person,0.7781,804,365,865,471,834.5,418.0,834.5,471.0
607,24.240,1287,person,0.6905,534,299,578,391,556.0,345.0,556.0,391.0
607,24.240,1331,person,0.6512,1714,403,1774,516,1744.0,459.5,1744.0,516.0
607,24.240,1231,person,0.4302,458,301,511,382,484.5,341.5,484.5,382.0
607,24.240,1098,person,0.7267,631,405,682,512,656.5,458.5,656.5,512.0
607,24.240,1173,person,0.7939,773,627,839,777,806.0,702.0,806.0,777.0
608,24.280,1,person,0.8007,1261,442,1316,553,1288.5,497.5,1288.5,553.0
608,24.280,1023,person,0.7527,958,576,1015,713,986.5,644.5,986.5,713.0
608,24.280,1129,person,0.7278,621,511,675,640,648.0,575.5,648.0,640.0
608,24.280,1221,person,0.8748,188,339,252,434,220.0,386.5,220.0,434.0
608,24.280,738,person,0.7718,1644,387,1697,498,1670.5,442.5,1670.5,498.0
608,24.280,1248,person,0.5994,1414,341,1462,432,1438.0,386.5,1438.0,432.0
608,24.280,1311,person,0.6049,818,367,872,462,845.0,414.5,845.0,462.0
608,24.280,1287,person,0.5607,538,297,581,386,559.5,341.5,559.5,386.0
608,24.280,1331,person,0.6342,1730,402,1789,516,1759.5,459.0,1759.5,516.0
608,24.280,1231,person,0.4876,469,301,517,379,493.0,340.0,493.0,379.0
608,24.280,1098,person,0.6539,651,403,704,511,677.5,457.0,677.5,511.0
608,24.280,1173,person,0.8473,782,624,850,773,816.0,698.5,816.0,773.0
608,24.280,1110,person,0.5237,534,295,593,388,563.5,341.5,563.5,388.0
609,24.320,1,person,0.5808,1270,442,1325,555,1297.5,498.5,1297.5,555.0
609,24.320,1023,person,0.7818,972,574,1029,713,1000.5,643.5,1000.5,713.0
609,24.320,1129,person,0.6869,635,513,689,639,662.0,576.0,662.0,639.0
609,24.320,1221,person,0.8395,197,339,262,434,229.5,386.5,229.5,434.0
609,24.320,738,person,0.7764,1660,385,1713,499,1686.5,442.0,1686.5,499.0
609,24.320,1311,person,0.6230,827,369,879,460,853.0,414.5,853.0,460.0
609,24.320,1287,person,0.5492,542,297,585,388,563.5,342.5,563.5,388.0
609,24.320,1331,person,0.6115,1749,401,1806,514,1777.5,457.5,1777.5,514.0
609,24.320,1098,person,0.6798,667,404,720,511,693.5,457.5,693.5,511.0
609,24.320,1173,person,0.8359,792,625,862,769,827.0,697.0,827.0,769.0
609,24.320,1347,person,0.6427,1263,443,1314,558,1288.5,500.5,1288.5,558.0
609,24.320,1110,person,0.3556,545,297,603,388,574.0,342.5,574.0,388.0
610,24.360,1,person,0.7526,1278,442,1333,557,1305.5,499.5,1305.5,557.0
610,24.360,1023,person,0.8214,986,573,1045,715,1015.5,644.0,1015.5,715.0
610,24.360,1129,person,0.8474,650,514,706,644,678.0,579.0,678.0,644.0
610,24.360,1221,person,0.7784,203,337,269,434,236.0,385.5,236.0,434.0
610,24.360,738,person,0.7722,1674,384,1728,501,1701.0,442.5,1701.0,501.0
610,24.360,1311,person,0.6551,839,372,889,460,864.0,416.0,864.0,460.0
610,24.360,1287,person,0.3662,550,297,589,379,569.5,338.0,569.5,379.0
610,24.360,1331,person,0.6754,1767,400,1824,515,1795.5,457.5,1795.5,515.0
610,24.360,1098,person,0.6768,686,404,738,510,712.0,457.0,712.0,510.0
610,24.360,1173,person,0.8261,800,624,871,766,835.5,695.0,835.5,766.0
610,24.360,1110,person,0.5824,544,297,602,389,573.0,343.0,573.0,389.0
611,24.400,1,person,0.7415,1288,443,1342,560,1315.0,501.5,1315.0,560.0
611,24.400,1023,person,0.8505,1001,573,1060,714,1030.5,643.5,1030.5,714.0
611,24.400,1129,person,0.7786,665,515,721,644,693.0,579.5,693.0,644.0
611,24.400,1221,person,0.8219,209,336,275,435,242.0,385.5,242.0,435.0
611,24.400,738,person,0.7902,1688,385,1742,498,1715.0,441.5,1715.0,498.0
611,24.400,1311,person,0.7510,852,373,901,458,876.5,415.5,876.5,458.0
611,24.400,1331,person,0.6436,1786,399,1843,515,1814.5,457.0,1814.5,515.0
611,24.400,1098,person,0.5898,705,404,756,505,730.5,454.5,730.5,505.0
611,24.400,1173,person,0.7987,808,623,880,768,844.0,695.5,844.0,768.0
611,24.400,1110,person,0.5714,548,296,607,389,577.5,342.5,577.5,389.0
611,24.400,1355,person,0.5231,503,303,536,387,519.5,345.0,519.5,387.0
612,24.440,1,person,0.7774,1299,443,1353,561,1326.0,502.0,1326.0,561.0
612,24.440,1023,person,0.8340,1016,574,1075,713,1045.5,643.5,1045.5,713.0
612,24.440,1129,person,0.7887,679,514,736,644,707.5,579.0,707.5,644.0
612,24.440,1221,person,0.7816,218,335,282,434,250.0,384.5,250.0,434.0
612,24.440,738,person,0.8104,1702,384,1758,499,1730.0,441.5,1730.0,499.0
612,24.440,1311,person,0.7547,864,372,915,459,889.5,415.5,889.5,459.0
612,24.440,1331,person,0.7165,1805,399,1862,515,1833.5,457.0,1833.5,515.0
612,24.440,1098,person,0.6954,724,405,773,501,748.5,453.0,748.5,501.0
612,24.440,1173,person,0.7683,814,623,886,768,850.0,695.5,850.0,768.0
612,24.440,1110,person,0.5881,558,301,614,391,586.0,346.0,586.0,391.0
612,24.440,1355,person,0.5821,512,306,542,382,527.0,344.0,527.0,382.0
613,24.480,1,person,0.7803,1313,442,1365,557,1339.0,499.5,1339.0,557.0
613,24.480,1023,person,0.8177,1031,575,1091,713,1061.0,644.0,1061.0,713.0
613,24.480,1129,person,0.8131,692,515,748,642,720.0,578.5,720.0,642.0
613,24.480,1221,person,0.7589,231,336,291,432,261.0,384.0,261.0,432.0
613,24.480,738,person,0.7526,1719,386,1774,497,1746.5,441.5,1746.5,497.0
613,24.480,1311,person,0.8329,877,373,930,460,903.5,416.5,903.5,460.0
613,24.480,1331,person,0.6953,1822,402,1880,517,1851.0,459.5,1851.0,517.0
613,24.480,1098,person,0.6740,741,405,791,499,766.0,452.0,766.0,499.0
613,24.480,1173,person,0.8384,820,621,891,768,855.5,694.5,855.5,768.0
613,24.480,1110,person,0.5152,567,305,619,392,593.0,348.5,593.0,392.0
613,24.480,1355,person,0.4628,522,304,552,381,537.0,342.5,537.0,381.0
614,24.520,1,person,0.8313,1324,440,1377,556,1350.5,498.0,1350.5,556.0
614,24.520,1023,person,0.8088,1042,575,1101,710,1071.5,642.5,1071.5,710.0
614,24.520,1129,person,0.8528,704,513,760,642,732.0,577.5,732.0,642.0
614,24.520,1221,person,0.7441,240,333,300,432,270.0,382.5,270.0,432.0
614,24.520,738,person,0.7624,1736,388,1789,495,1762.5,441.5,1762.5,495.0
614,24.520,1311,person,0.7606,888,374,943,461,915.5,417.5,915.5,461.0
614,24.520,1331,person,0.5873,1843,404,1892,502,1867.5,453.0,1867.5,502.0
614,24.520,1098,person,0.6230,768,408,819,500,793.5,454.0,793.5,500.0
614,24.520,1173,person,0.8746,828,617,899,767,863.5,692.0,863.5,767.0
614,24.520,1110,person,0.4618,575,304,625,391,600.0,347.5,600.0,391.0
614,24.520,1355,person,0.6670,530,305,559,379,544.5,342.0,544.5,379.0
615,24.560,1,person,0.8222,1335,440,1388,552,1361.5,496.0,1361.5,552.0
615,24.560,1023,person,0.7625,1056,574,1116,712,1086.0,643.0,1086.0,712.0
615,24.560,1129,person,0.7924,718,513,773,642,745.5,577.5,745.5,642.0
615,24.560,1221,person,0.7559,250,334,308,431,279.0,382.5,279.0,431.0
615,24.560,738,person,0.8143,1752,388,1805,496,1778.5,442.0,1778.5,496.0
615,24.560,1311,person,0.6848,895,373,954,464,924.5,418.5,924.5,464.0
615,24.560,1331,person,0.6131,1855,404,1903,499,1879.0,451.5,1879.0,499.0
615,24.560,1098,person,0.6384,789,408,843,499,816.0,453.5,816.0,499.0
615,24.560,1173,person,0.8256,840,613,909,765,874.5,689.0,874.5,765.0
615,24.560,1110,person,0.5555,581,302,632,391,606.5,346.5,606.5,391.0
615,24.560,1355,person,0.6068,539,305,570,382,554.5,343.5,554.5,382.0
616,24.600,1,person,0.8259,1346,441,1398,550,1372.0,495.5,1372.0,550.0
616,24.600,1023,person,0.7249,1067,570,1128,710,1097.5,640.0,1097.5,710.0
616,24.600,1129,person,0.7852,730,511,785,643,757.5,577.0,757.5,643.0
616,24.600,1221,person,0.7544,261,334,317,433,289.0,383.5,289.0,433.0
616,24.600,738,person,0.7583,1769,387,1823,497,1796.0,442.0,1796.0,497.0
616,24.600,1311,person,0.7346,903,374,963,467,933.0,420.5,933.0,467.0
616,24.600,1331,person,0.4367,1871,405,1919,500,1895.0,452.5,1895.0,500.0
616,24.600,1098,person,0.6355,806,409,862,498,834.0,453.5,834.0,498.0
616,24.600,1173,person,0.8766,850,610,919,765,884.5,687.5,884.5,765.0
616,24.600,1110,person,0.6937,591,300,642,389,616.5,344.5,616.5,389.0
616,24.600,1355,person,0.5075,549,304,581,383,565.0,343.5,565.0,383.0
617,24.640,1,person,0.7630,1353,442,1406,552,1379.5,497.0,1379.5,552.0
617,24.640,1023,person,0.8517,1076,567,1136,708,1106.0,637.5,1106.0,708.0
617,24.640,1129,person,0.8019,743,510,798,643,770.5,576.5,770.5,643.0
617,24.640,1221,person,0.7029,272,334,328,435,300.0,384.5,300.0,435.0
617,24.640,738,person,0.6917,1785,386,1839,496,1812.0,441.0,1812.0,496.0
617,24.640,1311,person,0.7323,906,373,967,471,936.5,422.0,936.5,471.0
617,24.640,1331,person,0.4207,1879,407,1920,513,1899.5,460.0,1899.5,513.0
617,24.640,1098,person,0.7496,830,409,888,498,859.0,453.5,859.0,498.0
617,24.640,1173,person,0.8340,861,606,929,762,895.0,684.0,895.0,762.0
617,24.640,1110,person,0.5825,599,298,653,388,626.0,343.0,626.0,388.0
617,24.640,1355,person,0.5637,556,307,588,386,572.0,346.5,572.0,386.0
617,24.640,1372,person,0.6493,1565,325,1607,429,1586.0,377.0,1586.0,429.0
617,24.640,1373,person,0.5471,780,410,837,497,808.5,453.5,808.5,497.0
617,24.640,1374,person,0.4857,591,244,647,384,619.0,314.0,619.0,384.0
618,24.680,1,person,0.7372,1358,442,1411,554,1384.5,498.0,1384.5,554.0
618,24.680,1023,person,0.8066,1086,567,1145,708,1115.5,637.5,1115.5,708.0
618,24.680,1129,person,0.7865,755,510,809,643,782.0,576.5,782.0,643.0
618,24.680,1221,person,0.7888,283,335,336,434,309.5,384.5,309.5,434.0
618,24.680,738,person,0.8010,1800,384,1855,498,1827.5,441.0,1827.5,498.0
618,24.680,1311,person,0.7903,912,374,971,473,941.5,423.5,941.5,473.0
618,24.680,1098,person,0.4977,851,410,910,498,880.5,454.0,880.5,498.0
618,24.680,1173,person,0.8014,872,608,936,754,904.0,681.0,904.0,754.0
618,24.680,1110,person,0.4102,601,300,654,387,627.5,343.5,627.5,387.0
618,24.680,1372,person,0.6204,1575,325,1618,427,1596.5,376.0,1596.5,427.0
618,24.680,1373,person,0.4655,796,415,851,498,823.5,456.5,823.5,498.0
618,24.680,1374,person,0.4522,600,253,652,381,626.0,317.0,626.0,381.0
619,24.720,1,person,0.7204,1365,442,1415,553,1390.0,497.5,1390.0,553.0
619,24.720,1023,person,0.8488,1096,567,1155,709,1125.5,638.0,1125.5,709.0
619,24.720,1129,person,0.7661,766,509,820,644,793.0,576.5,793.0,644.0
619,24.720,1221,person,0.7448,289,338,340,434,314.5,386.0,314.5,434.0
619,24.720,738,person,0.7347,1812,383,1866,495,1839.0,439.0,1839.0,495.0
619,24.720,1311,person,0.6486,918,376,974,473,946.0,424.5,946.0,473.0
619,24.720,1098,person,0.6257,866,411,925,498,895.5,454.5,895.5,498.0
619,24.720,1173,person,0.8478,879,609,942,754,910.5,681.5,910.5,754.0
619,24.720,1110,person,0.3353,606,300,656,379,631.0,339.5,631.0,379.0
619,24.720,1372,person,0.5579,1589,327,1631,428,1610.0,377.5,1610.0,428.0
619,24.720,1373,person,0.5686,808,419,861,499,834.5,459.0,834.5,499.0
619,24.720,1355,person,0.4152,572,306,605,385,588.5,345.5,588.5,385.0
620,24.760,1,person,0.7930,1371,441,1421,554,1396.0,497.5,1396.0,554.0
620,24.760,1023,person,0.8303,1107,568,1164,707,1135.5,637.5,1135.5,707.0
620,24.760,1129,person,0.8116,775,510,829,644,802.0,577.0,802.0,644.0
620,24.760,1221,person,0.7793,293,339,344,435,318.5,387.0,318.5,435.0
620,24.760,738,person,0.8351,1824,383,1879,497,1851.5,440.0,1851.5,497.0
620,24.760,1311,person,0.6152,923,377,979,476,951.0,426.5,951.0,476.0
620,24.760,1098,person,0.6666,877,409,939,497,908.0,453.0,908.0,497.0
620,24.760,1173,person,0.8359,887,609,949,753,918.0,681.0,918.0,753.0
620,24.760,1110,person,0.5071,608,302,659,380,633.5,341.0,633.5,380.0
620,24.760,1372,person,0.5748,1602,329,1643,427,1622.5,378.0,1622.5,427.0
620,24.760,1373,person,0.3658,821,421,873,498,847.0,459.5,847.0,498.0
620,24.760,1355,person,0.5940,575,309,610,388,592.5,348.5,592.5,388.0
621,24.800,1,person,0.7903,1376,439,1428,557,1402.0,498.0,1402.0,557.0
621,24.800,1023,person,0.7687,1117,569,1174,707,1145.5,638.0,1145.5,707.0
621,24.800,1129,person,0.7917,781,510,838,644,809.5,577.0,809.5,644.0
621,24.800,1221,person,0.6570,299,342,349,435,324.0,388.5,324.0,435.0
621,24.800,738,person,0.7098,1835,383,1889,498,1862.0,440.5,1862.0,498.0
621,24.800,1311,person,0.5766,930,380,988,483,959.0,431.5,959.0,483.0
621,24.800,1098,person,0.5550,890,410,950,495,920.0,452.5,920.0,495.0
621,24.800,1173,person,0.7899,893,609,954,754,923.5,681.5,923.5,754.0
621,24.800,1110,person,0.5694,609,305,659,384,634.0,344.5,634.0,384.0
621,24.800,1372,person,0.6443,1616,332,1656,425,1636.0,378.5,1636.0,425.0
621,24.800,1373,person,0.4274,833,422,885,496,859.0,459.0,859.0,496.0
621,24.800,1355,person,0.5408,580,312,615,390,597.5,351.0,597.5,390.0
622,24.840,1,person,0.7459,1382,437,1435,555,1408.5,496.0,1408.5,555.0
622,24.840,1023,person,0.8304,1127,571,1184,708,1155.5,639.5,1155.5,708.0
622,24.840,1129,person,0.8426,792,511,849,645,820.5,578.0,820.5,645.0
622,24.840,1221,person,0.7632,306,344,357,436,331.5,390.0,331.5,436.0
622,24.840,738,person,0.7704,1844,384,1899,498,1871.5,441.0,1871.5,498.0
622,24.840,1311,person,0.5065,939,382,995,481,967.0,431.5,967.0,481.0
622,24.840,1098,person,0.6172,904,409,964,492,934.0,450.5,934.0,492.0
622,24.840,1173,person,0.7571,898,610,958,755,928.0,682.5,928.0,755.0
622,24.840,1110,person,0.3391,611,308,660,387,635.5,347.5,635.5,387.0
622,24.840,1372,person,0.5366,1631,334,1669,423,1650.0,378.5,1650.0,423.0
623,24.880,1,person,0.8024,1388,437,1440,552,1414.0,494.5,1414.0,552.0
623,24.880,1023,person,0.7579,1138,575,1193,708,1165.5,641.5,1165.5,708.0
623,24.880,1129,person,0.8091,802,512,859,645,830.5,578.5,830.5,645.0
623,24.880,1221,person,0.8118,315,344,366,436,340.5,390.0,340.5,436.0
623,24.880,738,person,0.8109,1854,386,1908,499,1881.0,442.5,1881.0,499.0
623,24.880,1311,person,0.3696,935,382,997,487,966.0,434.5,966.0,487.0
623,24.880,1098,person,0.2383,917,400,983,491,950.0,445.5,950.0,491.0
623,24.880,1173,person,0.7966,906,608,964,753,935.0,680.5,935.0,753.0
623,24.880,1110,person,0.3885,614,309,664,392,639.0,350.5,639.0,392.0
623,24.880,1372,person,0.5939,1641,335,1680,423,1660.5,379.0,1660.5,423.0
624,24.920,1,person,0.8003,1391,438,1445,551,1418.0,494.5,1418.0,551.0
624,24.920,1023,person,0.7642,1146,576,1203,714,1174.5,645.0,1174.5,714.0
624,24.920,1129,person,0.7502,812,514,869,643,840.5,578.5,840.5,643.0
624,24.920,1221,person,0.7266,323,344,375,436,349.0,390.0,349.0,436.0
624,24.920,738,person,0.7404,1865,389,1918,499,1891.5,444.0,1891.5,499.0
624,24.920,1098,person,0.5742,925,387,1000,494,962.5,440.5,962.5,494.0
624,24.920,1173,person,0.7929,913,603,971,751,942.0,677.0,942.0,751.0
624,24.920,1110,person,0.4385,612,308,663,393,637.5,350.5,637.5,393.0
624,24.920,1372,person,0.5977,1655,340,1692,423,1673.5,381.5,1673.5,423.0
624,24.920,1396,person,0.5194,649,241,681,297,665.0,269.0,665.0,297.0
625,24.960,1,person,0.8086,1396,439,1451,554,1423.5,496.5,1423.5,554.0
625,24.960,1023,person,0.7822,1154,572,1212,713,1183.0,642.5,1183.0,713.0
625,24.960,1129,person,0.7956,820,515,878,645,849.0,580.0,849.0,645.0
625,24.960,1221,person,0.7881,327,344,379,437,353.0,390.5,353.0,437.0
625,24.960,738,person,0.6846,1873,390,1920,498,1896.5,444.0,1896.5,498.0
625,24.960,1098,person,0.5423,933,383,1008,494,970.5,438.5,970.5,494.0
625,24.960,1173,person,0.8188,919,600,977,749,948.0,674.5,948.0,749.0
625,24.960,1110,person,0.5287,612,306,664,393,638.0,349.5,638.0,393.0
625,24.960,1372,person,0.6673,1666,339,1705,424,1685.5,381.5,1685.5,424.0
625,24.960,1396,person,0.3580,655,240,687,298,671.0,269.0,671.0,298.0
625,24.960,1397,person,0.5024,1025,274,1052,345,1038.5,309.5,1038.5,345.0
625,24.960,1373,person,0.5660,892,429,945,501,918.5,465.0,918.5,501.0
626,25.000,1,person,0.7972,1397,441,1451,557,1424.0,499.0,1424.0,557.0
626,25.000,1023,person,0.7158,1159,571,1216,711,1187.5,641.0,1187.5,711.0
626,25.000,1129,person,0.7238,827,516,884,645,855.5,580.5,855.5,645.0
626,25.000,1221,person,0.7653,330,342,383,439,356.5,390.5,356.5,439.0
626,25.000,738,person,0.5295,1878,388,1920,498,1899.0,443.0,1899.0,498.0
626,25.000,1098,person,0.5522,942,383,1018,495,980.0,439.0,980.0,495.0
626,25.000,1173,person,0.7490,925,598,984,747,954.5,672.5,954.5,747.0
626,25.000,1110,person,0.6793,615,307,668,394,641.5,350.5,641.5,394.0
626,25.000,1372,person,0.7453,1679,339,1719,425,1699.0,382.0,1699.0,425.0
626,25.000,1397,person,0.4743,1031,273,1059,346,1045.0,309.5,1045.0,346.0
626,25.000,1373,person,0.2035,903,437,954,501,928.5,469.0,928.5,501.0
627,25.040,1,person,0.7923,1399,442,1453,558,1426.0,500.0,1426.0,558.0
627,25.040,1023,person,0.7028,1164,568,1220,708,1192.0,638.0,1192.0,708.0
627,25.040,1129,person,0.6764,833,515,890,645,861.5,580.0,861.5,645.0
627,25.040,1221,person,0.7076,333,342,385,439,359.0,390.5,359.0,439.0
627,25.040,1098,person,0.5580,947,385,1023,496,985.0,440.5,985.0,496.0
627,25.040,1173,person,0.7484,932,599,990,743,961.0,671.0,961.0,743.0
627,25.040,1110,person,0.6733,617,307,672,394,644.5,350.5,644.5,394.0
627,25.040,1372,person,0.6241,1689,337,1731,426,1710.0,381.5,1710.0,426.0
627,25.040,1397,person,0.5490,1038,277,1065,348,1051.5,312.5,1051.5,348.0
628,25.080,1,person,0.8229,1400,443,1453,559,1426.5,501.0,1426.5,559.0
628,25.080,1023,person,0.8261,1170,565,1224,704,1197.0,634.5,1197.0,704.0
628,25.080,1129,person,0.7483,838,514,896,646,867.0,580.0,867.0,646.0
628,25.080,1221,person,0.6364,334,341,386,439,360.0,390.0,360.0,439.0
628,25.080,1098,person,0.6465,933,386,1014,498,973.5,442.0,973.5,498.0
628,25.080,1173,person,0.7780,937,600,994,740,965.5,670.0,965.5,740.0
628,25.080,1110,person,0.5565,617,306,671,393,644.0,349.5,644.0,393.0
628,25.080,1372,person,0.7500,1700,336,1743,427,1721.5,381.5,1721.5,427.0
628,25.080,1397,person,0.5704,1042,280,1069,348,1055.5,314.0,1055.5,348.0
629,25.120,1,person,0.6928,1402,442,1454,561,1428.0,501.5,1428.0,561.0
629,25.120,1023,person,0.7729,1175,563,1230,705,1202.5,634.0,1202.5,705.0
629,25.120,1129,person,0.7457,844,514,902,649,873.0,581.5,873.0,649.0
629,25.120,1221,person,0.7724,337,341,387,438,362.0,389.5,362.0,438.0
629,25.120,1098,person,0.5324,938,387,1022,499,980.0,443.0,980.0,499.0
629,25.120,1173,person,0.7859,938,599,996,741,967.0,670.0,967.0,741.0
629,25.120,1110,person,0.6466,616,308,670,395,643.0,351.5,643.0,395.0
629,25.120,1372,person,0.6881,1711,334,1755,428,1733.0,381.0,1733.0,428.0
629,25.120,1397,person,0.5755,1046,280,1075,349,1060.5,314.5,1060.5,349.0
629,25.120,1355,person,0.3634,637,310,674,391,655.5,350.5,655.5,391.0
629,25.120,1396,person,0.5279,674,242,706,300,690.0,271.0,690.0,300.0
630,25.160,1,person,0.6774,1404,442,1456,562,1430.0,502.0,1430.0,562.0
630,25.160,1023,person,0.7392,1182,563,1237,706,1209.5,634.5,1209.5,706.0
630,25.160,1129,person,0.7912,849,515,905,647,877.0,581.0,877.0,647.0
630,25.160,1221,person,0.7956,338,344,387,439,362.5,391.5,362.5,439.0
630,25.160,1098,person,0.5496,953,393,1030,499,991.5,446.0,991.5,499.0
630,25.160,1173,person,0.7981,938,600,995,739,966.5,669.5,966.5,739.0
630,25.160,1110,person,0.4557,620,310,675,398,647.5,354.0,647.5,398.0
630,25.160,1372,person,0.6810,1722,334,1767,428,1744.5,381.0,1744.5,428.0
630,25.160,1397,person,0.6597,1050,279,1080,351,1065.0,315.0,1065.0,351.0
630,25.160,1396,person,0.4878,677,242,708,300,692.5,271.0,692.5,300.0
631,25.200,1,person,0.7543,1407,441,1458,559,1432.5,500.0,1432.5,559.0
631,25.200,1023,person,0.6501,1187,562,1242,707,1214.5,634.5,1214.5,707.0
631,25.200,1129,person,0.7556,854,516,908,647,881.0,581.5,881.0,647.0
631,25.200,1221,person,0.7467,336,346,386,441,361.0,393.5,361.0,441.0
631,25.200,1098,person,0.5770,960,397,1033,499,996.5,448.0,996.5,499.0
631,25.200,1173,person,0.8206,938,599,995,739,966.5,669.0,966.5,739.0
631,25.200,1110,person,0.5978,616,312,669,397,642.5,354.5,642.5,397.0
631,25.200,1372,person,0.6804,1735,333,1780,429,1757.5,381.0,1757.5,429.0
631,25.200,1397,person,0.7049,1053,284,1083,353,1068.0,318.5,1068.0,353.0
631,25.200,1396,person,0.2865,679,241,711,301,695.0,271.0,695.0,301.0
631,25.200,1355,person,0.2958,654,314,687,386,670.5,350.0,670.5,386.0
632,25.240,1,person,0.7973,1407,440,1459,555,1433.0,497.5,1433.0,555.0
632,25.240,1023,person,0.6386,1189,564,1243,703,1216.0,633.5,1216.0,703.0
632,25.240,1129,person,0.8061,859,516,911,645,885.0,580.5,885.0,645.0
632,25.240,1221,person,0.7304,338,348,389,441,363.5,394.5,363.5,441.0
632,25.240,1098,person,0.4753,967,399,1036,498,1001.5,448.5,1001.5,498.0
632,25.240,1173,person,0.8220,941,597,998,739,969.5,668.0,969.5,739.0
632,25.240,1110,person,0.6868,614,312,664,397,639.0,354.5,639.0,397.0
632,25.240,1372,person,0.7094,1747,334,1791,429,1769.0,381.5,1769.0,429.0
632,25.240,1397,person,0.6234,1056,286,1085,354,1070.5,320.0,1070.5,354.0
632,25.240,1355,person,0.5390,657,312,693,389,675.0,350.5,675.0,389.0
633,25.280,1,person,0.8367,1408,440,1461,554,1434.5,497.0,1434.5,554.0
633,25.280,1023,person,0.6659,1185,563,1240,699,1212.5,631.0,1212.5,699.0
633,25.280,1129,person,0.8279,864,517,916,646,890.0,581.5,890.0,646.0
633,25.280,1221,person,0.6821,340,349,392,443,366.0,396.0,366.0,443.0
633,25.280,1098,person,0.7069,976,403,1041,499,1008.5,451.0,1008.5,499.0
633,25.280,1173,person,0.7884,945,592,1003,738,974.0,665.0,974.0,738.0
633,25.280,1110,person,0.6700,613,311,662,397,637.5,354.0,637.5,397.0
633,25.280,1372,person,0.6293,1758,331,1802,428,1780.0,379.5,1780.0,428.0
633,25.280,1397,person,0.5380,1057,282,1088,355,1072.5,318.5,1072.5,355.0
633,25.280,1355,person,0.6153,664,309,702,391,683.0,350.0,683.0,391.0
634,25.320,1,person,0.7841,1411,440,1464,553,1437.5,496.5,1437.5,553.0
634,25.320,1023,person,0.6862,1187,564,1245,702,1216.0,633.0,1216.0,702.0
634,25.320,1129,person,0.8166,868,518,919,647,893.5,582.5,893.5,647.0
634,25.320,1221,person,0.7423,343,348,397,443,370.0,395.5,370.0,443.0
634,25.320,1098,person,0.7085,980,404,1045,499,1012.5,451.5,1012.5,499.0
634,25.320,1173,person,0.7540,947,590,1005,736,976.0,663.0,976.0,736.0
634,25.320,1110,person,0.6848,612,311,662,398,637.0,354.5,637.0,398.0
634,25.320,1372,person,0.5404,1768,331,1811,428,1789.5,379.5,1789.5,428.0
634,25.320,1397,person,0.4628,1060,283,1091,355,1075.5,319.0,1075.5,355.0
634,25.320,1355,person,0.6940,670,313,706,390,688.0,351.5,688.0,390.0
634,25.320,1417,person,0.5588,919,395,971,492,945.0,443.5,945.0,492.0
635,25.360,1,person,0.7601,1412,441,1465,553,1438.5,497.0,1438.5,553.0
635,25.360,1023,person,0.7557,1202,567,1259,702,1230.5,634.5,1230.5,702.0
635,25.360,1129,person,0.7440,870,518,922,647,896.0,582.5,896.0,647.0
635,25.360,1221,person,0.7843,348,347,403,442,375.5,394.5,375.5,442.0
635,25.360,1098,person,0.6612,983,404,1048,499,1015.5,451.5,1015.5,499.0
635,25.360,1173,person,0.7454,949,589,1006,733,977.5,661.0,977.5,733.0
635,25.360,1110,person,0.6034,609,310,659,399,634.0,354.5,634.0,399.0
635,25.360,1372,person,0.5542,1778,330,1823,429,1800.5,379.5,1800.5,429.0
635,25.360,1397,person,0.4985,1062,286,1092,354,1077.0,320.0,1077.0,354.0
635,25.360,1355,person,0.6170,675,316,710,393,692.5,354.5,692.5,393.0
635,25.360,1417,person,0.6667,920,395,971,492,945.5,443.5,945.5,492.0
636,25.400,1,person,0.7199,1412,441,1464,550,1438.0,495.5,1438.0,550.0
636,25.400,1023,person,0.7370,1204,563,1265,704,1234.5,633.5,1234.5,704.0
636,25.400,1129,person,0.7644,875,519,925,646,900.0,582.5,900.0,646.0
636,25.400,1221,person,0.7727,351,347,406,442,378.5,394.5,378.5,442.0
636,25.400,1098,person,0.5503,988,405,1053,499,1020.5,452.0,1020.5,499.0
636,25.400,1173,person,0.7154,950,589,1006,732,978.0,660.5,978.0,732.0
636,25.400,1110,person,0.6434,606,310,658,402,632.0,356.0,632.0,402.0
636,25.400,1372,person,0.4402,1790,330,1834,428,1812.0,379.0,1812.0,428.0
636,25.400,1397,person,0.4435,1063,287,1093,356,1078.0,321.5,1078.0,356.0
636,25.400,1355,person,0.5765,681,316,717,395,699.0,355.5,699.0,395.0
636,25.400,1417,person,0.4019,915,397,966,491,940.5,444.0,940.5,491.0
636,25.400,1423,person,0.4750,1363,283,1392,362,1377.5,322.5,1377.5,362.0
636,25.400,1258,person,0.7575,897,397,957,491,927.0,444.0,927.0,491.0
636,25.400,1396,person,0.3385,694,244,727,304,710.5,274.0,710.5,304.0
637,25.440,1,person,0.7116,1410,443,1461,552,1435.5,497.5,1435.5,552.0
637,25.440,1023,person,0.6515,1210,562,1269,699,1239.5,630.5,1239.5,699.0
637,25.440,1129,person,0.7665,878,519,927,645,902.5,582.0,902.5,645.0
637,25.440,1221,person,0.7168,356,348,410,442,383.0,395.0,383.0,442.0
637,25.440,1098,person,0.6532,990,404,1058,500,1024.0,452.0,1024.0,500.0
637,25.440,1173,person,0.7684,953,590,1008,732,980.5,661.0,980.5,732.0
637,25.440,1110,person,0.6652,601,310,654,404,627.5,357.0,627.5,404.0
637,25.440,1372,person,0.6059,1800,333,1845,430,1822.5,381.5,1822.5,430.0
637,25.440,1397,person,0.4355,1064,279,1098,355,1081.0,317.0,1081.0,355.0
637,25.440,1355,person,0.6128,686,313,725,398,705.5,355.5,705.5,398.0
637,25.440,1423,person,0.4664,1368,287,1396,363,1382.0,325.0,1382.0,363.0
637,25.440,1424,person,0.6088,1,432,17,567,9.0,499.5,9.0,567.0
637,25.440,1258,person,0.7870,897,396,962,492,929.5,444.0,929.5,492.0
637,25.440,1396,person,0.3012,696,244,729,304,712.5,274.0,712.5,304.0
638,25.480,1,person,0.6710,1409,442,1460,555,1434.5,498.5,1434.5,555.0
638,25.480,1023,person,0.7004,1211,562,1269,695,1240.0,628.5,1240.0,695.0
638,25.480,1129,person,0.7912,882,518,932,644,907.0,581.0,907.0,644.0
638,25.480,1221,person,0.7081,359,346,413,442,386.0,394.0,386.0,442.0
638,25.480,1098,person,0.6298,991,403,1061,499,1026.0,451.0,1026.0,499.0
638,25.480,1173,person,0.7708,956,591,1011,732,983.5,661.5,983.5,732.0
638,25.480,1110,person,0.7021,600,311,652,405,626.0,358.0,626.0,405.0
638,25.480,1372,person,0.5849,1809,332,1855,430,1832.0,381.0,1832.0,430.0
638,25.480,1397,person,0.4883,1067,278,1101,355,1084.0,316.5,1084.0,355.0
638,25.480,1355,person,0.5190,693,316,731,400,712.0,358.0,712.0,400.0
638,25.480,1424,person,0.7338,7,434,23,564,15.0,499.0,15.0,564.0
638,25.480,1258,person,0.7668,898,395,965,492,931.5,443.5,931.5,492.0
639,25.520,1,person,0.6910,1410,441,1460,555,1435.0,498.0,1435.0,555.0
639,25.520,1023,person,0.6542,1214,561,1273,695,1243.5,628.0,1243.5,695.0
639,25.520,1129,person,0.7985,888,520,938,646,913.0,583.0,913.0,646.0
639,25.520,1221,person,0.7804,362,340,417,441,389.5,390.5,389.5,441.0
639,25.520,1098,person,0.5196,995,404,1068,500,1031.5,452.0,1031.5,500.0
639,25.520,1173,person,0.7479,959,590,1013,731,986.0,660.5,986.0,731.0
639,25.520,1110,person,0.6847,603,316,652,405,627.5,360.5,627.5,405.0
639,25.520,1372,person,0.5427,1819,331,1866,430,1842.5,380.5,1842.5,430.0
639,25.520,1397,person,0.5275,1071,279,1104,353,1087.5,316.0,1087.5,353.0
639,25.520,1355,person,0.5338,701,315,737,397,719.0,356.0,719.0,397.0
639,25.520,1424,person,0.7762,13,437,29,564,21.0,500.5,21.0,564.0
639,25.520,1258,person,0.7593,899,397,966,493,932.5,445.0,932.5,493.0
640,25.560,1,person,0.7170,1413,439,1463,555,1438.0,497.0,1438.0,555.0
640,25.560,1023,person,0.5664,1219,560,1278,692,1248.5,626.0,1248.5,692.0
640,25.560,1129,person,0.7539,895,519,945,645,920.0,582.0,920.0,645.0
640,25.560,1221,person,0.7418,365,338,419,440,392.0,389.0,392.0,440.0
640,25.560,1098,person,0.5510,1000,404,1075,501,1037.5,452.5,1037.5,501.0
640,25.560,1173,person,0.7469,964,587,1018,730,991.0,658.5,991.0,730.0
640,25.560,1110,person,0.7592,604,317,652,406,628.0,361.5,628.0,406.0
640,25.560,1372,person,0.5328,1830,337,1876,430,1853.0,383.5,1853.0,430.0
640,25.560,1397,person,0.5598,1075,282,1108,355,1091.5,318.5,1091.5,355.0
640,25.560,1355,person,0.6411,708,316,745,400,726.5,358.0,726.5,400.0
640,25.560,1424,person,0.7697,16,440,33,563,24.5,501.5,24.5,563.0
640,25.560,1258,person,0.7299,902,397,968,493,935.0,445.0,935.0,493.0
640,25.560,1429,person,0.4006,2,441,33,561,17.5,501.0,17.5,561.0
640,25.560,1430,person,0.4678,1384,282,1413,364,1398.5,323.0,1398.5,364.0
641,25.600,1,person,0.7612,1415,438,1466,554,1440.5,496.0,1440.5,554.0
641,25.600,1023,person,0.5867,1220,556,1281,692,1250.5,624.0,1250.5,692.0
641,25.600,1129,person,0.7786,900,517,949,644,924.5,580.5,924.5,644.0
641,25.600,1221,person,0.6835,370,338,423,440,396.5,389.0,396.5,440.0
641,25.600,1098,person,0.5165,1005,403,1082,501,1043.5,452.0,1043.5,501.0
641,25.600,1173,person,0.7828,968,586,1021,727,994.5,656.5,994.5,727.0
641,25.600,1110,person,0.7527,606,318,652,404,629.0,361.0,629.0,404.0
641,25.600,1372,person,0.5082,1837,337,1885,431,1861.0,384.0,1861.0,431.0
641,25.600,1397,person,0.5352,1078,288,1109,356,1093.5,322.0,1093.5,356.0
641,25.600,1355,person,0.6613,715,316,753,401,734.0,358.5,734.0,401.0
641,25.600,1258,person,0.7761,905,396,971,494,938.0,445.0,938.0,494.0
641,25.600,1429,person,0.7674,9,439,41,562,25.0,500.5,25.0,562.0
641,25.600,1430,person,0.5451,1390,283,1420,366,1405.0,324.5,1405.0,366.0
642,25.640,1,person,0.7807,1417,439,1467,553,1442.0,496.0,1442.0,553.0
642,25.640,1023,person,0.7506,1230,558,1291,695,1260.5,626.5,1260.5,695.0
642,25.640,1129,person,0.7385,904,516,953,643,928.5,579.5,928.5,643.0
642,25.640,1221,person,0.7020,374,341,426,441,400.0,391.0,400.0,441.0
642,25.640,1098,person,0.5602,1001,403,1076,501,1038.5,452.0,1038.5,501.0
642,25.640,1173,person,0.7607,972,585,1024,725,998.0,655.0,998.0,725.0
642,25.640,1110,person,0.7292,606,315,652,404,629.0,359.5,629.0,404.0
642,25.640,1372,person,0.5604,1845,339,1894,433,1869.5,386.0,1869.5,433.0
642,25.640,1397,person,0.4834,1080,290,1110,356,1095.0,323.0,1095.0,356.0
642,25.640,1355,person,0.5874,722,318,758,401,740.0,359.5,740.0,401.0
642,25.640,1258,person,0.7132,909,398,973,495,941.0,446.5,941.0,495.0
642,25.640,1429,person,0.7869,14,435,48,562,31.0,498.5,31.0,562.0
642,25.640,1430,person,0.5043,1394,281,1425,369,1409.5,325.0,1409.5,369.0
643,25.680,1,person,0.7628,1418,441,1468,553,1443.0,497.0,1443.0,553.0
643,25.680,1023,person,0.6924,1229,559,1293,700,1261.0,629.5,1261.0,700.0
643,25.680,1129,person,0.6581,909,515,957,642,933.0,578.5,933.0,642.0
643,25.680,1221,person,0.7381,377,345,428,444,402.5,394.5,402.5,444.0
643,25.680,1098,person,0.5880,1001,401,1075,501,1038.0,451.0,1038.0,501.0
643,25.680,1173,person,0.7972,976,584,1026,719,1001.0,651.5,1001.0,719.0
643,25.680,1110,person,0.7479,605,312,652,405,628.5,358.5,628.5,405.0
643,25.680,1372,person,0.5289,1856,338,1905,433,1880.5,385.5,1880.5,433.0
643,25.680,1397,person,0.5191,1082,291,1112,358,1097.0,324.5,1097.0,358.0
643,25.680,1355,person,0.5897,729,318,765,402,747.0,360.0,747.0,402.0
643,25.680,1258,person,0.6419,910,397,973,495,941.5,446.0,941.5,495.0
643,25.680,1429,person,0.8034,16,433,50,561,33.0,497.0,33.0,561.0
643,25.680,1430,person,0.4338,1397,282,1429,370,1413.0,326.0,1413.0,370.0
643,25.680,1396,person,0.3213,720,243,752,302,736.0,272.5,736.0,302.0
644,25.720,1,person,0.7017,1416,442,1466,552,1441.0,497.0,1441.0,552.0
644,25.720,1023,person,0.6843,1230,557,1294,698,1262.0,627.5,1262.0,698.0
644,25.720,1129,person,0.5455,911,511,960,641,935.5,576.0,935.5,641.0
644,25.720,1221,person,0.7707,377,346,428,446,402.5,396.0,402.5,446.0
644,25.720,1098,person,0.6376,1002,399,1074,500,1038.0,449.5,1038.0,500.0
644,25.720,1173,person,0.7622,976,582,1028,719,1002.0,650.5,1002.0,719.0
644,25.720,1110,person,0.7364,604,312,650,405,627.0,358.5,627.0,405.0
644,25.720,1372,person,0.5449,1862,340,1913,433,1887.5,386.5,1887.5,433.0
644,25.720,1397,person,0.4972,1082,291,1112,358,1097.0,324.5,1097.0,358.0
644,25.720,1355,person,0.5958,734,318,770,401,752.0,359.5,752.0,401.0
644,25.720,1258,person,0.4513,911,398,970,492,940.5,445.0,940.5,492.0
644,25.720,1429,person,0.7042,17,431,50,558,33.5,494.5,33.5,558.0
644,25.720,1430,person,0.6022,1400,279,1432,368,1416.0,323.5,1416.0,368.0
644,25.720,1396,person,0.4107,722,243,754,302,738.0,272.5,738.0,302.0
645,25.760,1,person,0.6891,1412,441,1461,553,1436.5,497.0,1436.5,553.0
645,25.760,1023,person,0.7331,1228,556,1292,696,1260.0,626.0,1260.0,696.0
645,25.760,1129,person,0.4275,912,506,959,633,935.5,569.5,935.5,633.0
645,25.760,1221,person,0.7681,374,347,425,447,399.5,397.0,399.5,447.0
645,25.760,1098,person,0.5924,1001,398,1072,499,1036.5,448.5,1036.5,499.0
645,25.760,1173,person,0.7570,976,582,1028,718,1002.0,650.0,1002.0,718.0
645,25.760,1110,person,0.6071,599,314,644,404,621.5,359.0,621.5,404.0
645,25.760,1372,person,0.3927,1868,343,1917,432,1892.5,387.5,1892.5,432.0
645,25.760,1397,person,0.3758,1080,289,1112,358,1096.0,323.5,1096.0,358.0
645,25.760,1355,person,0.5856,737,317,774,401,755.5,359.0,755.5,401.0
645,25.760,1429,person,0.7269,16,430,49,555,32.5,492.5,32.5,555.0
645,25.760,1430,person,0.4652,1400,280,1433,373,1416.5,326.5,1416.5,373.0
645,25.760,1396,person,0.3593,721,245,753,303,737.0,274.0,737.0,303.0
645,25.760,1417,person,0.4570,908,398,956,488,932.0,443.0,932.0,488.0
646,25.800,1,person,0.7798,1408,441,1456,554,1432.0,497.5,1432.0,554.0
646,25.800,1023,person,0.7076,1226,555,1291,696,1258.5,625.5,1258.5,696.0
646,25.800,1129,person,0.5847,907,498,959,641,933.0,569.5,933.0,641.0
646,25.800,1221,person,0.7933,370,348,422,449,396.0,398.5,396.0,449.0
646,25.800,1098,person,0.5409,1000,394,1072,500,1036.0,447.0,1036.0,500.0
646,25.800,1173,person,0.7235,976,583,1029,719,1002.5,651.0,1002.5,719.0
646,25.800,1110,person,0.6782,592,314,638,407,615.0,360.5,615.0,407.0
646,25.800,1372,person,0.2301,1874,342,1920,432,1897.0,387.0,1897.0,432.0
646,25.800,1397,person,0.4338,1077,290,1110,362,1093.5,326.0,1093.5,362.0
646,25.800,1355,person,0.6539,739,315,777,404,758.0,359.5,758.0,404.0
646,25.800,1429,person,0.7796,15,430,48,553,31.5,491.5,31.5,553.0
646,25.800,1430,person,0.6130,1398,278,1432,374,1415.0,326.0,1415.0,374.0
646,25.800,1417,person,0.6290,898,398,952,499,925.0,448.5,925.0,499.0
647,25.840,1,person,0.7693,1403,441,1451,555,1427.0,498.0,1427.0,555.0
647,25.840,1023,person,0.7177,1225,555,1291,696,1258.0,625.5,1258.0,696.0
647,25.840,1129,person,0.6183,907,497,959,644,933.0,570.5,933.0,644.0
647,25.840,1221,person,0.7655,368,350,420,449,394.0,399.5,394.0,449.0
647,25.840,1098,person,0.5802,998,391,1069,499,1033.5,445.0,1033.5,499.0
647,25.840,1173,person,0.7153,977,584,1031,718,1004.0,651.0,1004.0,718.0
647,25.840,1110,person,0.4867,586,316,632,406,609.0,361.0,609.0,406.0
647,25.840,1397,person,0.4247,1074,292,1108,363,1091.0,327.5,1091.0,363.0
647,25.840,1355,person,0.6216,741,316,778,404,759.5,360.0,759.5,404.0
647,25.840,1429,person,0.8103,14,430,47,551,30.5,490.5,30.5,551.0
647,25.840,1430,person,0.5205,1396,276,1431,374,1413.5,325.0,1413.5,374.0
647,25.840,1417,person,0.6122,890,400,946,503,918.0,451.5,918.0,503.0
648,25.880,1,person,0.7856,1402,440,1448,553,1425.0,496.5,1425.0,553.0
648,25.880,1023,person,0.6945,1226,554,1292,694,1259.0,624.0,1259.0,694.0
648,25.880,1129,person,0.6668,910,501,959,643,934.5,572.0,934.5,643.0
648,25.880,1221,person,0.7521,369,351,419,450,394.0,400.5,394.0,450.0
648,25.880,1098,person,0.6625,997,388,1067,500,1032.0,444.0,1032.0,500.0
648,25.880,1173,person,0.7379,977,584,1032,718,1004.5,651.0,1004.5,718.0
648,25.880,1110,person,0.5755,583,319,628,409,605.5,364.0,605.5,409.0
648,25.880,1397,person,0.4936,1071,291,1108,364,1089.5,327.5,1089.5,364.0
648,25.880,1355,person,0.5218,744,316,781,403,762.5,359.5,762.5,403.0
648,25.880,1429,person,0.8155,15,431,48,549,31.5,490.0,31.5,549.0
648,25.880,1430,person,0.5812,1398,278,1433,374,1415.5,326.0,1415.5,374.0
648,25.880,1417,person,0.6887,884,403,941,506,912.5,454.5,912.5,506.0
648,25.880,1440,person,0.4402,589,322,625,382,607.0,352.0,607.0,382.0
649,25.920,1,person,0.7789,1400,438,1446,553,1423.0,495.5,1423.0,553.0
649,25.920,1023,person,0.7607,1228,555,1295,693,1261.5,624.0,1261.5,693.0
649,25.920,1129,person,0.5707,909,503,958,643,933.5,573.0,933.5,643.0
649,25.920,1221,person,0.7668,369,352,420,453,394.5,402.5,394.5,453.0
649,25.920,1098,person,0.6349,996,387,1064,502,1030.0,444.5,1030.0,502.0
649,25.920,1173,person,0.7260,973,584,1027,715,1000.0,649.5,1000.0,715.0
649,25.920,1110,person,0.6685,580,321,625,411,602.5,366.0,602.5,411.0
649,25.920,1397,person,0.5469,1071,292,1107,363,1089.0,327.5,1089.0,363.0
649,25.920,1355,person,0.4623,747,318,783,404,765.0,361.0,765.0,404.0
649,25.920,1429,person,0.8148,15,435,47,549,31.0,492.0,31.0,549.0
649,25.920,1430,person,0.6132,1401,278,1437,376,1419.0,327.0,1419.0,376.0
649,25.920,1417,person,0.5838,879,408,937,510,908.0,459.0,908.0,510.0
650,25.960,1,person,0.7261,1396,435,1442,552,1419.0,493.5,1419.0,552.0
650,25.960,1023,person,0.6343,1234,555,1298,691,1266.0,623.0,1266.0,691.0
650,25.960,1129,person,0.6091,906,504,955,641,930.5,572.5,930.5,641.0
650,25.960,1221,person,0.7898,369,351,420,453,394.5,402.0,394.5,453.0
650,25.960,1098,person,0.6121,994,388,1060,502,1027.0,445.0,1027.0,502.0
650,25.960,1173,person,0.7843,970,581,1025,715,997.5,648.0,997.5,715.0
650,25.960,1110,person,0.7126,575,321,619,411,597.0,366.0,597.0,411.0
650,25.960,1397,person,0.6351,1068,291,1105,364,1086.5,327.5,1086.5,364.0
650,25.960,1355,person,0.5649,750,319,786,405,768.0,362.0,768.0,405.0
650,25.960,1429,person,0.8368,13,436,46,549,29.5,492.5,29.5,549.0
650,25.960,1430,person,0.6039,1401,279,1437,376,1419.0,327.5,1419.0,376.0
650,25.960,1417,person,0.4540,876,411,933,511,904.5,461.0,904.5,511.0
650,25.960,1441,person,0.3471,1060,450,1095,499,1077.5,474.5,1077.5,499.0
651,26.000,1,person,0.6843,1388,434,1435,551,1411.5,492.5,1411.5,551.0
651,26.000,1023,person,0.6604,1236,555,1298,688,1267.0,621.5,1267.0,688.0
651,26.000,1129,person,0.6359,903,504,953,640,928.0,572.0,928.0,640.0
651,26.000,1221,person,0.7994,368,350,419,453,393.5,401.5,393.5,453.0
651,26.000,1098,person,0.6038,994,390,1056,503,1025.0,446.5,1025.0,503.0
651,26.000,1173,person,0.8041,968,577,1024,714,996.0,645.5,996.0,714.0
651,26.000,1110,person,0.7744,569,321,613,411,591.0,366.0,591.0,411.0
651,26.000,1397,person,0.5046,1064,292,1101,363,1082.5,327.5,1082.5,363.0
651,26.000,1355,person,0.5166,753,319,789,406,771.0,362.5,771.0,406.0
651,26.000,1429,person,0.8379,11,435,47,550,29.0,492.5,29.0,550.0
651,26.000,1430,person,0.5446,1400,279,1436,376,1418.0,327.5,1418.0,376.0
651,26.000,1417,person,0.4069,875,412,930,509,902.5,460.5,902.5,509.0
651,26.000,1441,person,0.2906,1060,450,1095,498,1077.5,474.0,1077.5,498.0
652,26.040,1,person,0.7168,1382,434,1429,549,1405.5,491.5,1405.5,549.0
652,26.040,1023,person,0.6385,1238,555,1296,683,1267.0,619.0,1267.0,683.0
652,26.040,1129,person,0.7250,901,506,952,642,926.5,574.0,926.5,642.0
652,26.040,1221,person,0.8187,367,349,418,453,392.5,401.0,392.5,453.0
652,26.040,1098,person,0.6667,990,394,1050,505,1020.0,449.5,1020.0,505.0
652,26.040,1173,person,0.8078,966,573,1022,713,994.0,643.0,994.0,713.0
652,26.040,1110,person,0.7606,563,321,605,409,584.0,365.0,584.0,409.0
652,26.040,1397,person,0.4318,1060,291,1097,365,1078.5,328.0,1078.5,365.0
652,26.040,1355,person,0.6282,755,318,791,406,773.0,362.0,773.0,406.0
652,26.040,1429,person,0.8126,10,434,48,550,29.0,492.0,29.0,550.0
652,26.040,1430,person,0.5764,1399,278,1435,378,1417.0,328.0,1417.0,378.0
652,26.040,1417,person,0.6130,870,412,926,508,898.0,460.0,898.0,508.0
652,26.040,1441,person,0.4212,1058,451,1092,499,1075.0,475.0,1075.0,499.0
653,26.080,1,person,0.7414,1376,434,1424,550,1400.0,492.0,1400.0,550.0
653,26.080,1023,person,0.6775,1236,553,1295,686,1265.5,619.5,1265.5,686.0
653,26.080,1129,person,0.7172,901,510,951,644,926.0,577.0,926.0,644.0
653,26.080,1221,person,0.8437,367,347,417,452,392.0,399.5,392.0,452.0
653,26.080,1098,person,0.7260,988,397,1045,505,1016.5,451.0,1016.5,505.0
653,26.080,1173,person,0.7529,966,569,1022,711,994.0,640.0,994.0,711.0
653,26.080,1110,person,0.7249,557,320,600,411,578.5,365.5,578.5,411.0
653,26.080,1397,person,0.4721,1057,290,1094,366,1075.5,328.0,1075.5,366.0
653,26.080,1355,person,0.6336,756,317,793,407,774.5,362.0,774.5,407.0
653,26.080,1429,person,0.7882,9,435,47,550,28.0,492.5,28.0,550.0
653,26.080,1430,person,0.5204,1399,280,1434,377,1416.5,328.5,1416.5,377.0
653,26.080,1417,person,0.6653,864,412,923,511,893.5,461.5,893.5,511.0
653,26.080,1441,person,0.4296,1058,451,1091,498,1074.5,474.5,1074.5,498.0
654,26.120,1,person,0.7764,1372,438,1419,551,1395.5,494.5,1395.5,551.0
654,26.120,1023,person,0.7107,1233,552,1293,687,1263.0,619.5,1263.0,687.0
654,26.120,1129,person,0.7457,901,512,952,645,926.5,578.5,926.5,645.0
654,26.120,1221,person,0.8818,366,347,415,453,390.5,400.0,390.5,453.0
654,26.120,1098,person,0.7199,985,397,1040,505,1012.5,451.0,1012.5,505.0
654,26.120,1173,person,0.7591,967,565,1024,708,995.5,636.5,995.5,708.0
654,26.120,1110,person,0.7019,550,318,595,413,572.5,365.5,572.5,413.0
654,26.120,1397,person,0.4267,1056,288,1093,363,1074.5,325.5,1074.5,363.0
654,26.120,1355,person,0.6599,757,316,794,406,775.5,361.0,775.5,406.0
654,26.120,1429,person,0.7447,10,437,49,550,29.5,493.5,29.5,550.0
654,26.120,1430,person,0.5533,1397,281,1432,377,1414.5,329.0,1414.5,377.0
654,26.120,1417,person,0.7793,860,411,921,515,890.5,463.0,890.5,515.0
654,26.120,1441,person,0.3718,1056,450,1090,498,1073.0,474.0,1073.0,498.0
655,26.160,1,person,0.7738,1369,441,1416,552,1392.5,496.5,1392.5,552.0
655,26.160,1023,person,0.7251,1233,551,1292,686,1262.5,618.5,1262.5,686.0
655,26.160,1129,person,0.7414,900,511,952,645,926.0,578.0,926.0,645.0
655,26.160,1221,person,0.8925,366,347,415,453,390.5,400.0,390.5,453.0
655,26.160,1098,person,0.7593,982,397,1035,503,1008.5,450.0,1008.5,503.0
655,26.160,1173,person,0.7916,968,564,1025,706,996.5,635.0,996.5,706.0
655,26.160,1110,person,0.7500,545,319,590,413,567.5,366.0,567.5,413.0
655,26.160,1397,person,0.4449,1056,286,1092,361,1074.0,323.5,1074.0,361.0
655,26.160,1355,person,0.6569,758,314,796,407,777.0,360.5,777.0,407.0
655,26.160,1429,person,0.7266,7,435,49,551,28.0,493.0,28.0,551.0
655,26.160,1430,person,0.5312,1397,289,1430,379,1413.5,334.0,1413.5,379.0
655,26.160,1417,person,0.8030,859,410,922,516,890.5,463.0,890.5,516.0
656,26.200,1,person,0.7711,1365,442,1414,552,1389.5,497.0,1389.5,552.0
656,26.200,1023,person,0.7621,1232,551,1289,684,1260.5,617.5,1260.5,684.0
656,26.200,1129,person,0.6401,900,511,950,642,925.0,576.5,925.0,642.0
656,26.200,1221,person,0.8898,366,347,414,454,390.0,400.5,390.0,454.0
656,26.200,1098,person,0.6587,979,398,1030,502,1004.5,450.0,1004.5,502.0
656,26.200,1173,person,0.7718,968,563,1025,706,996.5,634.5,996.5,706.0
656,26.200,1110,person,0.7635,540,320,588,413,564.0,366.5,564.0,413.0
656,26.200,1397,person,0.4566,1055,285,1091,362,1073.0,323.5,1073.0,362.0
656,26.200,1355,person,0.6737,760,313,797,407,778.5,360.0,778.5,407.0
656,26.200,1429,person,0.6394,3,432,46,550,24.5,491.0,24.5,550.0
656,26.200,1430,person,0.5982,1396,295,1428,381,1412.0,338.0,1412.0,381.0
656,26.200,1417,person,0.7201,859,410,923,520,891.0,465.0,891.0,520.0
657,26.240,1,person,0.8008,1363,443,1414,553,1388.5,498.0,1388.5,553.0
657,26.240,1023,person,0.7630,1232,553,1287,682,1259.5,617.5,1259.5,682.0
657,26.240,1129,person,0.6108,897,512,946,641,921.5,576.5,921.5,641.0
657,26.240,1221,person,0.8811,365,347,412,454,388.5,400.5,388.5,454.0
657,26.240,1098,person,0.5165,976,399,1026,502,1001.0,450.5,1001.0,502.0
657,26.240,1173,person,0.7694,968,565,1025,707,996.5,636.0,996.5,707.0
657,26.240,1110,person,0.6901,535,321,585,414,560.0,367.5,560.0,414.0
657,26.240,1397,person,0.5025,1052,288,1087,362,1069.5,325.0,1069.5,362.0
657,26.240,1355,person,0.7029,761,313,798,406,779.5,359.5,779.5,406.0
657,26.240,1429,person,0.6630,0,430,41,547,20.5,488.5,20.5,547.0
657,26.240,1430,person,0.6157,1395,298,1426,381,1410.5,339.5,1410.5,381.0
657,26.240,1417,person,0.7535,857,413,921,525,889.0,469.0,889.0,525.0
658,26.280,1,person,0.7045,1359,442,1410,552,1384.5,497.0,1384.5,552.0
658,26.280,1023,person,0.7623,1231,553,1286,681,1258.5,617.0,1258.5,681.0
658,26.280,1129,person,0.5576,893,514,940,637,916.5,575.5,916.5,637.0
658,26.280,1221,person,0.8958,364,348,410,454,387.0,401.0,387.0,454.0
658,26.280,1098,person,0.6332,973,398,1023,501,998.0,449.5,998.0,501.0
658,26.280,1173,person,0.7865,968,568,1025,708,996.5,638.0,996.5,708.0
658,26.280,1110,person,0.7827,532,324,582,414,557.0,369.0,557.0,414.0
658,26.280,1397,person,0.4792,1049,287,1083,364,1066.0,325.5,1066.0,364.0
658,26.280,1355,person,0.6566,762,314,799,407,780.5,360.5,780.5,407.0
658,26.280,1429,person,0.5432,0,428,34,546,17.0,487.0,17.0,546.0
658,26.280,1430,person,0.6408,1393,300,1424,383,1408.5,341.5,1408.5,383.0
658,26.280,1417,person,0.7425,856,418,918,526,887.0,472.0,887.0,526.0
659,26.320,1,person,0.7606,1356,443,1406,551,1381.0,497.0,1381.0,551.0
659,26.320,1023,person,0.7313,1229,551,1283,682,1256.0,616.5,1256.0,682.0
659,26.320,1129,person,0.7273,889,515,936,640,912.5,577.5,912.5,640.0
659,26.320,1221,person,0.8631,363,349,408,455,385.5,402.0,385.5,455.0
659,26.320,1098,person,0.6833,971,398,1021,503,996.0,450.5,996.0,503.0
659,26.320,1173,person,0.8173,967,570,1025,710,996.0,640.0,996.0,710.0
659,26.320,1110,person,0.6678,526,325,575,415,550.5,370.0,550.5,415.0
659,26.320,1397,person,0.6495,1046,290,1080,364,1063.0,327.0,1063.0,364.0
659,26.320,1355,person,0.6933,763,314,800,408,781.5,361.0,781.5,408.0
659,26.320,1430,person,0.5828,1391,298,1423,385,1407.0,341.5,1407.0,385.0
659,26.320,1417,person,0.7208,856,421,916,526,886.0,473.5,886.0,526.0
660,26.360,1,person,0.7620,1353,442,1402,550,1377.5,496.0,1377.5,550.0
660,26.360,1023,person,0.6894,1225,551,1279,683,1252.0,617.0,1252.0,683.0
660,26.360,1129,person,0.7275,885,515,931,639,908.0,577.0,908.0,639.0
660,26.360,1221,person,0.8588,362,349,406,454,384.0,401.5,384.0,454.0
660,26.360,1098,person,0.6679,967,397,1017,504,992.0,450.5,992.0,504.0
660,26.360,1173,person,0.8347,966,572,1025,710,995.5,641.0,995.5,710.0
660,26.360,1110,person,0.6371,520,323,569,414,544.5,368.5,544.5,414.0
660,26.360,1397,person,0.6150,1043,294,1075,365,1059.0,329.5,1059.0,365.0
660,26.360,1355,person,0.7092,764,314,801,408,782.5,361.0,782.5,408.0
660,26.360,1430,person,0.5830,1389,295,1423,385,1406.0,340.0,1406.0,385.0
660,26.360,1417,person,0.7090,858,421,915,525,886.5,473.0,886.5,525.0
660,26.360,1446,person,0.5014,0,423,16,549,8.0,486.0,8.0,549.0
661,26.400,1,person,0.7544,1347,441,1396,551,1371.5,496.0,1371.5,551.0
661,26.400,1023,person,0.6895,1222,550,1274,682,1248.0,616.0,1248.0,682.0
661,26.400,1129,person,0.7468,880,517,926,641,903.0,579.0,903.0,641.0
661,26.400,1221,person,0.7975,359,349,403,455,381.0,402.0,381.0,455.0
661,26.400,1098,person,0.7416,964,399,1012,504,988.0,451.5,988.0,504.0
661,26.400,1173,person,0.8262,963,571,1022,708,992.5,639.5,992.5,708.0
661,26.400,1110,person,0.6904,515,322,566,418,540.5,370.0,540.5,418.0
661,26.400,1397,person,0.6127,1039,293,1072,364,1055.5,328.5,1055.5,364.0
661,26.400,1355,person,0.7460,764,315,801,411,782.5,363.0,782.5,411.0
661,26.400,1430,person,0.5600,1387,297,1419,382,1403.0,339.5,1403.0,382.0
661,26.400,1417,person,0.7160,858,420,914,524,886.0,472.0,886.0,524.0
661,26.400,1446,person,0.2391,0,420,16,552,8.0,486.0,8.0,552.0
662,26.440,1,person,0.7199,1341,440,1389,551,1365.0,495.5,1365.0,551.0
662,26.440,1023,person,0.6646,1220,550,1271,681,1245.5,615.5,1245.5,681.0
662,26.440,1129,person,0.7427,877,519,922,641,899.5,580.0,899.5,641.0
662,26.440,1221,person,0.7679,357,350,400,454,378.5,402.0,378.5,454.0
662,26.440,1098,person,0.7037,960,399,1006,503,983.0,451.0,983.0,503.0
662,26.440,1173,person,0.8329,960,570,1019,706,989.5,638.0,989.5,706.0
662,26.440,1110,person,0.7467,510,323,560,419,535.0,371.0,535.0,419.0
662,26.440,1397,person,0.5971,1036,293,1069,364,1052.5,328.5,1052.5,364.0
662,26.440,1355,person,0.7201,764,316,801,411,782.5,363.5,782.5,411.0
662,26.440,1430,person,0.5411,1384,298,1415,379,1399.5,338.5,1399.5,379.0
662,26.440,1417,person,0.6753,857,420,913,525,885.0,472.5,885.0,525.0
663,26.480,1,person,0.7645,1334,439,1381,551,1357.5,495.0,1357.5,551.0
663,26.480,1023,person,0.7056,1215,546,1266,681,1240.5,613.5,1240.5,681.0
663,26.480,1129,person,0.6569,872,519,917,639,894.5,579.0,894.5,639.0
663,26.480,1221,person,0.7804,354,350,396,455,375.0,402.5,375.0,455.0
663,26.480,1098,person,0.6520,956,398,1002,502,979.0,450.0,979.0,502.0
663,26.480,1173,person,0.8219,956,566,1016,707,986.0,636.5,986.0,707.0
663,26.480,1110,person,0.8104,506,322,556,420,531.0,371.0,531.0,420.0
663,26.480,1397,person,0.5433,1031,294,1065,366,1048.0,330.0,1048.0,366.0
663,26.480,1355,person,0.6919,764,317,800,411,782.0,364.0,782.0,411.0
663,26.480,1430,person,0.4657,1380,301,1412,383,1396.0,342.0,1396.0,383.0
663,26.480,1417,person,0.6432,855,419,910,526,882.5,472.5,882.5,526.0
664,26.520,1,person,0.8262,1328,440,1375,552,1351.5,496.0,1351.5,552.0
664,26.520,1023,person,0.7406,1211,543,1262,680,1236.5,611.5,1236.5,680.0
664,26.520,1129,person,0.7161,868,517,914,639,891.0,578.0,891.0,639.0
664,26.520,1221,person,0.7965,351,351,393,456,372.0,403.5,372.0,456.0
664,26.520,1098,person,0.5786,953,397,998,502,975.5,449.5,975.5,502.0
664,26.520,1173,person,0.7987,951,564,1010,704,980.5,634.0,980.5,704.0
664,26.520,1110,person,0.7706,502,323,552,420,527.0,371.5,527.0,420.0
664,26.520,1397,person,0.3829,1025,293,1058,364,1041.5,328.5,1041.5,364.0
664,26.520,1355,person,0.6270,764,315,800,411,782.0,363.0,782.0,411.0
664,26.520,1430,person,0.5121,1373,299,1407,385,1390.0,342.0,1390.0,385.0
664,26.520,1417,person,0.5789,853,422,907,528,880.0,475.0,880.0,528.0
665,26.560,1,person,0.8091,1322,439,1369,551,1345.5,495.0,1345.5,551.0
665,26.560,1023,person,0.7682,1209,543,1259,680,1234.0,611.5,1234.0,680.0
665,26.560,1129,person,0.6728,863,515,909,638,886.0,576.5,886.0,638.0
665,26.560,1221,person,0.8540,348,352,390,456,369.0,404.0,369.0,456.0
665,26.560,1098,person,0.6966,948,395,994,502,971.0,448.5,971.0,502.0
665,26.560,1173,person,0.7691,946,563,1004,704,975.0,633.5,975.0,704.0
665,26.560,1110,person,0.6875,497,322,547,422,522.0,372.0,522.0,422.0
665,26.560,1397,person,0.3262,1018,294,1051,365,1034.5,329.5,1034.5,365.0
665,26.560,1355,person,0.6786,764,314,800,411,782.0,362.5,782.0,411.0
665,26.560,1430,person,0.6567,1368,298,1403,386,1385.5,342.0,1385.5,386.0
665,26.560,1417,person,0.5700,852,423,907,531,879.5,477.0,879.5,531.0
666,26.600,1,person,0.7719,1313,438,1361,551,1337.0,494.5,1337.0,551.0
666,26.600,1023,person,0.7601,1204,542,1254,679,1229.0,610.5,1229.0,679.0
666,26.600,1129,person,0.6104,856,508,905,636,880.5,572.0,880.5,636.0
666,26.600,1221,person,0.8720,345,352,386,455,365.5,403.5,365.5,455.0
666,26.600,1098,person,0.7189,941,396,987,503,964.0,449.5,964.0,503.0
666,26.600,1173,person,0.8195,942,560,999,702,970.5,631.0,970.5,702.0
666,26.600,1110,person,0.7538,492,321,541,422,516.5,371.5,516.5,422.0
666,26.600,1397,person,0.3996,1011,293,1044,363,1027.5,328.0,1027.5,363.0
666,26.600,1355,person,0.7180,764,313,799,411,781.5,362.0,781.5,411.0
666,26.600,1430,person,0.5989,1364,298,1400,388,1382.0,343.0,1382.0,388.0
666,26.600,1417,person,0.5196,851,421,906,533,878.5,477.0,878.5,533.0
667,26.640,1,person,0.8033,1305,438,1356,554,1330.5,496.0,1330.5,554.0
667,26.640,1023,person,0.7489,1199,542,1248,679,1223.5,610.5,1223.5,679.0
667,26.640,1129,person,0.6483,852,512,900,636,876.0,574.0,876.0,636.0
667,26.640,1221,person,0.8217,342,353,381,454,361.5,403.5,361.5,454.0
667,26.640,1098,person,0.7630,935,397,981,505,958.0,451.0,958.0,505.0
667,26.640,1173,person,0.8462,939,561,993,698,966.0,629.5,966.0,698.0
667,26.640,1110,person,0.7909,487,322,536,423,511.5,372.5,511.5,423.0
667,26.640,1397,person,0.4902,1007,293,1037,360,1022.0,326.5,1022.0,360.0
667,26.640,1355,person,0.6875,764,314,798,410,781.0,362.0,781.0,410.0
667,26.640,1430,person,0.4788,1360,303,1394,389,1377.0,346.0,1377.0,389.0
667,26.640,1417,person,0.5390,850,424,903,531,876.5,477.5,876.5,531.0
668,26.680,1,person,0.8161,1299,440,1350,553,1324.5,496.5,1324.5,553.0
668,26.680,1023,person,0.6957,1193,541,1242,677,1217.5,609.0,1217.5,677.0
668,26.680,1129,person,0.6831,848,507,899,639,873.5,573.0,873.5,639.0
668,26.680,1221,person,0.7816,337,352,377,455,357.0,403.5,357.0,455.0
668,26.680,1098,person,0.7361,930,398,976,505,953.0,451.5,953.0,505.0
668,26.680,1173,person,0.8124,934,562,987,696,960.5,629.0,960.5,696.0
668,26.680,1110,person,0.8295,484,325,531,423,507.5,374.0,507.5,423.0
668,26.680,1397,person,0.5097,1000,295,1032,363,1016.0,329.0,1016.0,363.0
668,26.680,1355,person,0.7230,763,316,797,411,780.0,363.5,780.0,411.0
668,26.680,1430,person,0.3956,1353,305,1387,391,1370.0,348.0,1370.0,391.0
668,26.680,1417,person,0.4492,851,424,901,526,876.0,475.0,876.0,526.0
669,26.720,1,person,0.7977,1294,441,1346,554,1320.0,497.5,1320.0,554.0
669,26.720,1023,person,0.7358,1188,541,1237,677,1212.5,609.0,1212.5,677.0
669,26.720,1129,person,0.6639,844,509,894,638,869.0,573.5,869.0,638.0
669,26.720,1221,person,0.7928,333,352,373,456,353.0,404.0,353.0,456.0
669,26.720,1098,person,0.6966,926,398,972,504,949.0,451.0,949.0,504.0
669,26.720,1173,person,0.7901,930,562,983,695,956.5,628.5,956.5,695.0
669,26.720,1110,person,0.7825,480,327,526,423,503.0,375.0,503.0,423.0
669,26.720,1397,person,0.5909,994,294,1026,362,1010.0,328.0,1010.0,362.0
669,26.720,1355,person,0.6472,761,316,796,414,778.5,365.0,778.5,414.0
669,26.720,1430,person,0.4991,1347,301,1383,392,1365.0,346.5,1365.0,392.0
669,26.720,1417,person,0.6014,852,427,899,523,875.5,475.0,875.5,523.0
669,26.720,1453,person,0.6970,1874,419,1916,538,1895.0,478.5,1895.0,538.0
670,26.760,1,person,0.7023,1288,441,1340,552,1314.0,496.5,1314.0,552.0
670,26.760,1023,person,0.7714,1184,542,1233,676,1208.5,609.0,1208.5,676.0
670,26.760,1129,person,0.6758,839,508,889,637,864.0,572.5,864.0,637.0
670,26.760,1221,person,0.7907,328,352,369,458,348.5,405.0,348.5,458.0
670,26.760,1098,person,0.6528,921,398,968,506,944.5,452.0,944.5,506.0
670,26.760,1173,person,0.7673,926,561,978,694,952.0,627.5,952.0,694.0
670,26.760,1110,person,0.7408,474,326,520,424,497.0,375.0,497.0,424.0
670,26.760,1397,person,0.6178,988,294,1022,362,1005.0,328.0,1005.0,362.0
670,26.760,1355,person,0.6116,760,316,795,414,777.5,365.0,777.5,414.0
670,26.760,1430,person,0.6376,1342,300,1379,393,1360.5,346.5,1360.5,393.0
670,26.760,1417,person,0.6728,853,426,897,517,875.0,471.5,875.0,517.0
670,26.760,1453,person,0.5669,1868,421,1910,538,1889.0,479.5,1889.0,538.0
671,26.800,1,person,0.7587,1282,440,1333,551,1307.5,495.5,1307.5,551.0
671,26.800,1023,person,0.8196,1180,542,1228,675,1204.0,608.5,1204.0,675.0
671,26.800,1129,person,0.6432,835,507,885,636,860.0,571.5,860.0,636.0
671,26.800,1221,person,0.8230,324,352,365,458,344.5,405.0,344.5,458.0
671,26.800,1098,person,0.7230,915,399,964,510,939.5,454.5,939.5,510.0
671,26.800,1173,person,0.7679,922,559,975,694,948.5,626.5,948.5,694.0
671,26.800,1110,person,0.7647,468,325,515,424,491.5,374.5,491.5,424.0
671,26.800,1397,person,0.5573,980,295,1015,365,997.5,330.0,997.5,365.0
671,26.800,1355,person,0.5888,760,316,796,414,778.0,365.0,778.0,414.0
671,26.800,1430,person,0.5755,1337,300,1374,393,1355.5,346.5,1355.5,393.0
671,26.800,1417,person,0.5795,853,424,896,513,874.5,468.5,874.5,513.0
671,26.800,1453,person,0.6062,1859,424,1900,539,1879.5,481.5,1879.5,539.0
672,26.840,1,person,0.7827,1275,440,1326,551,1300.5,495.5,1300.5,551.0
672,26.840,1023,person,0.8220,1174,542,1222,674,1198.0,608.0,1198.0,674.0
672,26.840,1129,person,0.6105,829,508,879,636,854.0,572.0,854.0,636.0
672,26.840,1221,person,0.8537,320,353,360,457,340.0,405.0,340.0,457.0
672,26.840,1098,person,0.7344,910,398,958,509,934.0,453.5,934.0,509.0
672,26.840,1173,person,0.7966,918,561,969,692,943.5,626.5,943.5,692.0
672,26.840,1110,person,0.7991,462,325,509,425,485.5,375.0,485.5,425.0
672,26.840,1397,person,0.4833,972,296,1008,367,990.0,331.5,990.0,367.0
672,26.840,1355,person,0.5845,759,317,794,413,776.5,365.0,776.5,413.0
672,26.840,1430,person,0.6710,1334,303,1370,395,1352.0,349.0,1352.0,395.0
672,26.840,1417,person,0.6062,850,424,896,522,873.0,473.0,873.0,522.0
672,26.840,1453,person,0.5620,1848,423,1888,536,1868.0,479.5,1868.0,536.0
673,26.880,1,person,0.7312,1268,441,1316,551,1292.0,496.0,1292.0,551.0
673,26.880,1023,person,0.7309,1170,542,1218,672,1194.0,607.0,1194.0,672.0
673,26.880,1129,person,0.6082,824,508,872,634,848.0,571.0,848.0,634.0
673,26.880,1221,person,0.7500,315,355,354,458,334.5,406.5,334.5,458.0
673,26.880,1098,person,0.7128,905,397,952,506,928.5,451.5,928.5,506.0
673,26.880,1173,person,0.8126,913,562,965,691,939.0,626.5,939.0,691.0
673,26.880,1110,person,0.7974,457,325,505,428,481.0,376.5,481.0,428.0
673,26.880,1397,person,0.5447,963,295,998,366,980.5,330.5,980.5,366.0
673,26.880,1355,person,0.5449,758,319,793,414,775.5,366.5,775.5,414.0
673,26.880,1430,person,0.5986,1329,310,1364,396,1346.5,353.0,1346.5,396.0
673,26.880,1417,person,0.6062,845,426,896,538,870.5,482.0,870.5,538.0
673,26.880,1453,person,0.7005,1839,425,1880,538,1859.5,481.5,1859.5,538.0
674,26.920,1,person,0.7892,1260,441,1308,553,1284.0,497.0,1284.0,553.0
674,26.920,1023,person,0.7180,1166,541,1213,670,1189.5,605.5,1189.5,670.0
674,26.920,1129,person,0.7142,816,506,866,635,841.0,570.5,841.0,635.0
674,26.920,1221,person,0.6581,311,357,349,459,330.0,408.0,330.0,459.0
674,26.920,1098,person,0.7298,900,397,947,506,923.5,451.5,923.5,506.0
674,26.920,1173,person,0.7525,909,563,961,692,935.0,627.5,935.0,692.0
674,26.920,1110,person,0.7625,453,326,499,427,476.0,376.5,476.0,427.0
674,26.920,1397,person,0.5807,954,297,989,364,971.5,330.5,971.5,364.0
674,26.920,1355,person,0.5525,756,320,791,414,773.5,367.0,773.5,414.0
674,26.920,1430,person,0.6280,1323,311,1358,397,1340.5,354.0,1340.5,397.0
674,26.920,1417,person,0.6146,843,429,895,545,869.0,487.0,869.0,545.0
674,26.920,1453,person,0.7082,1830,422,1874,538,1852.0,480.0,1852.0,538.0
675,26.960,1,person,0.8198,1253,440,1300,552,1276.5,496.0,1276.5,552.0
675,26.960,1023,person,0.7396,1161,540,1209,670,1185.0,605.0,1185.0,670.0
675,26.960,1129,person,0.6966,810,506,859,636,834.5,571.0,834.5,636.0
675,26.960,1221,person,0.6648,306,358,345,460,325.5,409.0,325.5,460.0
675,26.960,1098,person,0.7216,896,399,940,505,918.0,452.0,918.0,505.0
675,26.960,1173,person,0.7128,904,563,957,691,930.5,627.0,930.5,691.0
675,26.960,1110,person,0.7033,448,326,495,428,471.5,377.0,471.5,428.0
675,26.960,1397,person,0.3839,945,298,979,365,962.0,331.5,962.0,365.0
675,26.960,1355,person,0.4621,753,321,788,414,770.5,367.5,770.5,414.0
675,26.960,1430,person,0.6274,1318,309,1354,400,1336.0,354.5,1336.0,400.0
675,26.960,1417,person,0.4685,843,432,888,535,865.5,483.5,865.5,535.0
675,26.960,1453,person,0.7740,1817,418,1863,538,1840.0,478.0,1840.0,538.0
676,27.000,1,person,0.7026,1246,440,1292,551,1269.0,495.5,1269.0,551.0
676,27.000,1023,person,0.7766,1156,538,1203,667,1179.5,602.5,1179.5,667.0
676,27.000,1129,person,0.7089,805,510,853,637,829.0,573.5,829.0,637.0
676,27.000,1221,person,0.7212,302,358,341,460,321.5,409.0,321.5,460.0
676,27.000,1098,person,0.6969,891,396,934,503,912.5,449.5,912.5,503.0
676,27.000,1173,person,0.7320,899,564,951,692,925.0,628.0,925.0,692.0
676,27.000,1110,person,0.6864,445,327,491,430,468.0,378.5,468.0,430.0
676,27.000,1397,person,0.4194,938,298,971,363,954.5,330.5,954.5,363.0
676,27.000,1355,person,0.4218,751,321,787,414,769.0,367.5,769.0,414.0
676,27.000,1430,person,0.5836,1314,309,1349,398,1331.5,353.5,1331.5,398.0
676,27.000,1417,person,0.6541,840,433,886,538,863.0,485.5,863.0,538.0
676,27.000,1453,person,0.7231,1805,417,1854,537,1829.5,477.0,1829.5,537.0
677,27.040,1,person,0.6754,1239,441,1285,551,1262.0,496.0,1262.0,551.0
677,27.040,1023,person,0.7493,1151,537,1196,664,1173.5,600.5,1173.5,664.0
677,27.040,1129,person,0.7290,798,510,845,636,821.5,573.0,821.5,636.0
677,27.040,1221,person,0.7901,298,358,338,461,318.0,409.5,318.0,461.0
677,27.040,1098,person,0.6818,884,396,928,506,906.0,451.0,906.0,506.0
677,27.040,1173,person,0.7339,893,559,948,692,920.5,625.5,920.5,692.0
677,27.040,1110,person,0.7308,441,328,487,431,464.0,379.5,464.0,431.0
677,27.040,1397,person,0.4043,931,299,964,362,947.5,330.5,947.5,362.0
677,27.040,1355,person,0.3772,751,321,787,413,769.0,367.0,769.0,413.0
677,27.040,1430,person,0.5308,1309,310,1343,397,1326.0,353.5,1326.0,397.0
677,27.040,1417,person,0.6118,839,435,885,543,862.0,489.0,862.0,543.0
677,27.040,1453,person,0.6124,1794,420,1844,538,1819.0,479.0,1819.0,538.0
678,27.080,1,person,0.8184,1232,441,1278,551,1255.0,496.0,1255.0,551.0
678,27.080,1023,person,0.7458,1145,535,1192,667,1168.5,601.0,1168.5,667.0
678,27.080,1129,person,0.7348,793,508,840,637,816.5,572.5,816.5,637.0
678,27.080,1221,person,0.7367,294,358,335,463,314.5,410.5,314.5,463.0
678,27.080,1098,person,0.7283,879,396,923,508,901.0,452.0,901.0,508.0
678,27.080,1173,person,0.7197,887,554,943,689,915.0,621.5,915.0,689.0
678,27.080,1110,person,0.7661,438,329,483,432,460.5,380.5,460.5,432.0
678,27.080,1397,person,0.4413,923,300,957,367,940.0,333.5,940.0,367.0
678,27.080,1355,person,0.4642,752,320,788,412,770.0,366.0,770.0,412.0
678,27.080,1430,person,0.5316,1303,310,1338,398,1320.5,354.0,1320.5,398.0
678,27.080,1417,person,0.6251,837,434,886,550,861.5,492.0,861.5,550.0
678,27.080,1453,person,0.6481,1778,423,1827,540,1802.5,481.5,1802.5,540.0
679,27.120,1,person,0.8695,1225,443,1273,552,1249.0,497.5,1249.0,552.0
679,27.120,1023,person,0.7670,1140,534,1186,668,1163.0,601.0,1163.0,668.0
679,27.120,1129,person,0.6901,785,507,832,636,808.5,571.5,808.5,636.0
679,27.120,1221,person,0.6890,289,358,329,462,309.0,410.0,309.0,462.0
679,27.120,1098,person,0.6833,874,395,917,506,895.5,450.5,895.5,506.0
679,27.120,1173,person,0.7423,882,553,937,690,909.5,621.5,909.5,690.0
679,27.120,1110,person,0.7716,434,330,478,432,456.0,381.0,456.0,432.0
679,27.120,1397,person,0.4593,916,297,954,368,935.0,332.5,935.0,368.0
679,27.120,1355,person,0.5670,753,319,789,413,771.0,366.0,771.0,413.0
679,27.120,1430,person,0.6136,1297,309,1332,398,1314.5,353.5,1314.5,398.0
679,27.120,1417,person,0.6218,836,435,885,555,860.5,495.0,860.5,555.0
679,27.120,1453,person,0.5749,1767,424,1816,538,1791.5,481.0,1791.5,538.0
680,27.160,1,person,0.8134,1219,442,1269,552,1244.0,497.0,1244.0,552.0
680,27.160,1023,person,0.7631,1135,532,1182,667,1158.5,599.5,1158.5,667.0
680,27.160,1129,person,0.7524,778,509,826,637,802.0,573.0,802.0,637.0
680,27.160,1221,person,0.7696,284,358,324,462,304.0,410.0,304.0,462.0
680,27.160,1098,person,0.6887,871,398,912,506,891.5,452.0,891.5,506.0
680,27.160,1173,person,0.7645,875,551,930,690,902.5,620.5,902.5,690.0
680,27.160,1110,person,0.8102,431,329,475,431,453.0,380.0,453.0,431.0
680,27.160,1397,person,0.5184,907,299,944,368,925.5,333.5,925.5,368.0
680,27.160,1355,person,0.6237,754,319,789,413,771.5,366.0,771.5,413.0
680,27.160,1430,person,0.6181,1293,309,1328,398,1310.5,353.5,1310.5,398.0
680,27.160,1417,person,0.6027,836,439,883,557,859.5,498.0,859.5,557.0
680,27.160,1453,person,0.5102,1756,424,1805,538,1780.5,481.0,1780.5,538.0
681,27.200,1,person,0.7874,1214,442,1266,552,1240.0,497.0,1240.0,552.0
681,27.200,1023,person,0.7692,1129,534,1175,665,1152.0,599.5,1152.0,665.0
681,27.200,1129,person,0.6728,775,512,823,636,799.0,574.0,799.0,636.0
681,27.200,1221,person,0.7632,278,357,320,463,299.0,410.0,299.0,463.0
681,27.200,1098,person,0.4279,868,398,909,509,888.5,453.5,888.5,509.0
681,27.200,1173,person,0.7210,870,551,925,691,897.5,621.0,897.5,691.0
681,27.200,1110,person,0.7795,429,329,473,431,451.0,380.0,451.0,431.0
681,27.200,1397,person,0.2984,903,299,941,370,922.0,334.5,922.0,370.0
681,27.200,1355,person,0.6226,755,320,790,414,772.5,367.0,772.5,414.0
681,27.200,1430,person,0.6422,1287,313,1322,401,1304.5,357.0,1304.5,401.0
681,27.200,1417,person,0.5949,836,441,882,558,859.0,499.5,859.0,558.0
681,27.200,1453,person,0.7078,1745,425,1794,539,1769.5,482.0,1769.5,539.0
682,27.240,1,person,0.7865,1210,442,1263,551,1236.5,496.5,1236.5,551.0
682,27.240,1023,person,0.7157,1123,535,1170,665,1146.5,600.0,1146.5,665.0
682,27.240,1129,person,0.7485,771,509,821,636,796.0,572.5,796.0,636.0
682,27.240,1221,person,0.8051,274,357,314,462,294.0,409.5,294.0,462.0
682,27.240,1098,person,0.3792,865,399,905,508,885.0,453.5,885.0,508.0
682,27.240,1173,person,0.7501,866,550,921,690,893.5,620.0,893.5,690.0
682,27.240,1110,person,0.7402,427,329,471,432,449.0,380.5,449.0,432.0
682,27.240,1397,person,0.5218,892,304,927,370,909.5,337.0,909.5,370.0
682,27.240,1355,person,0.6887,756,319,790,414,773.0,366.5,773.0,414.0
682,27.240,1430,person,0.7102,1281,317,1315,402,1298.0,359.5,1298.0,402.0
682,27.240,1417,person,0.5329,837,446,882,561,859.5,503.5,859.5,561.0
682,27.240,1453,person,0.7537,1735,423,1786,541,1760.5,482.0,1760.5,541.0
683,27.280,1,person,0.7398,1204,443,1257,552,1230.5,497.5,1230.5,552.0
683,27.280,1023,person,0.6771,1120,535,1167,666,1143.5,600.5,1143.5,666.0
683,27.280,1129,person,0.6817,768,508,820,635,794.0,571.5,794.0,635.0
683,27.280,1221,person,0.7973,269,358,310,462,289.5,410.0,289.5,462.0
683,27.280,1098,person,0.3458,864,397,898,489,881.0,443.0,881.0,489.0
683,27.280,1173,person,0.7678,863,550,917,689,890.0,619.5,890.0,689.0
683,27.280,1110,person,0.7235,426,328,469,432,447.5,380.0,447.5,432.0
683,27.280,1397,person,0.4536,884,303,919,370,901.5,336.5,901.5,370.0
683,27.280,1355,person,0.7030,757,319,791,414,774.0,366.5,774.0,414.0
683,27.280,1430,person,0.6635,1275,317,1310,402,1292.5,359.5,1292.5,402.0
683,27.280,1417,person,0.6047,836,451,879,564,857.5,507.5,857.5,564.0
683,27.280,1453,person,0.7785,1723,421,1777,541,1750.0,481.0,1750.0,541.0
683,27.280,1473,person,0.3777,840,432,901,563,870.5,497.5,870.5,563.0
684,27.320,1,person,0.6276,1197,441,1250,552,1223.5,496.5,1223.5,552.0
684,27.320,1023,person,0.7488,1116,535,1166,673,1141.0,604.0,1141.0,673.0
684,27.320,1129,person,0.6604,762,506,815,636,788.5,571.0,788.5,636.0
684,27.320,1221,person,0.7632,265,358,306,464,285.5,411.0,285.5,464.0
684,27.320,1098,person,0.4084,860,396,892,479,876.0,437.5,876.0,479.0
684,27.320,1173,person,0.7963,860,552,913,687,886.5,619.5,886.5,687.0
684,27.320,1110,person,0.7360,425,328,468,431,446.5,379.5,446.5,431.0
684,27.320,1397,person,0.4684,875,301,910,370,892.5,335.5,892.5,370.0
684,27.320,1355,person,0.5852,758,319,792,413,775.0,366.0,775.0,413.0
684,27.320,1430,person,0.6876,1270,316,1306,404,1288.0,360.0,1288.0,404.0
684,27.320,1417,person,0.6516,837,453,880,564,858.5,508.5,858.5,564.0
684,27.320,1453,person,0.8385,1711,419,1767,539,1739.0,479.0,1739.0,539.0
685,27.360,1,person,0.6740,1190,439,1242,552,1216.0,495.5,1216.0,552.0
685,27.360,1023,person,0.6958,1113,534,1163,669,1138.0,601.5,1138.0,669.0
685,27.360,1129,person,0.7325,758,508,810,635,784.0,571.5,784.0,635.0
685,27.360,1221,person,0.7531,261,359,301,465,281.0,412.0,281.0,465.0
685,27.360,1098,person,0.4310,857,398,885,472,871.0,435.0,871.0,472.0
685,27.360,1173,person,0.7462,856,551,910,687,883.0,619.0,883.0,687.0
685,27.360,1110,person,0.7402,425,328,468,432,446.5,380.0,446.5,432.0
685,27.360,1397,person,0.4162,869,303,903,370,886.0,336.5,886.0,370.0
685,27.360,1355,person,0.6219,758,321,792,413,775.0,367.0,775.0,413.0
685,27.360,1430,person,0.6420,1266,314,1302,403,1284.0,358.5,1284.0,403.0
685,27.360,1417,person,0.6083,839,455,881,564,860.0,509.5,860.0,564.0
685,27.360,1453,person,0.8183,1700,421,1757,540,1728.5,480.5,1728.5,540.0
686,27.400,1,person,0.7146,1186,438,1236,552,1211.0,495.0,1211.0,552.0
686,27.400,1023,person,0.7534,1110,532,1159,666,1134.5,599.0,1134.5,666.0
686,27.400,1129,person,0.7170,753,506,805,634,779.0,570.0,779.0,634.0
686,27.400,1221,person,0.7302,256,358,298,467,277.0,412.5,277.0,467.0
686,27.400,1098,person,0.2081,850,398,882,480,866.0,439.0,866.0,480.0
686,27.400,1173,person,0.7238,854,553,907,687,880.5,620.0,880.5,687.0
686,27.400,1110,person,0.7425,426,329,468,433,447.0,381.0,447.0,433.0
686,27.400,1397,person,0.4717,864,302,898,370,881.0,336.0,881.0,370.0
686,27.400,1355,person,0.6663,758,321,793,414,775.5,367.5,775.5,414.0
686,27.400,1430,person,0.6292,1262,314,1299,407,1280.5,360.5,1280.5,407.0
686,27.400,1417,person,0.5244,840,449,886,568,863.0,508.5,863.0,568.0
686,27.400,1453,person,0.7152,1691,423,1749,541,1720.0,482.0,1720.0,541.0
687,27.440,1,person,0.7545,1180,439,1228,553,1204.0,496.0,1204.0,553.0
687,27.440,1023,person,0.7381,1105,531,1153,662,1129.0,596.5,1129.0,662.0
687,27.440,1129,person,0.7001,747,504,800,635,773.5,569.5,773.5,635.0
687,27.440,1221,person,0.7551,253,359,295,466,274.0,412.5,274.0,466.0
687,27.440,1173,person,0.7245,850,555,902,685,876.0,620.0,876.0,685.0
687,27.440,1110,person,0.7253,426,331,468,433,447.0,382.0,447.0,433.0
687,27.440,1397,person,0.6199,858,300,895,371,876.5,335.5,876.5,371.0
687,27.440,1355,person,0.6959,758,321,794,416,776.0,368.5,776.0,416.0
687,27.440,1430,person,0.7413,1257,316,1294,407,1275.5,361.5,1275.5,407.0
687,27.440,1417,person,0.6614,834,416,892,569,863.0,492.5,863.0,569.0
687,27.440,1453,person,0.7429,1681,426,1740,544,1710.5,485.0,1710.5,544.0
688,27.480,1,person,0.6627,1175,440,1221,552,1198.0,496.0,1198.0,552.0
688,27.480,1023,person,0.7438,1100,531,1146,661,1123.0,596.0,1123.0,661.0
688,27.480,1129,person,0.7726,742,504,794,635,768.0,569.5,768.0,635.0
688,27.480,1221,person,0.7341,250,359,291,466,270.5,412.5,270.5,466.0
688,27.480,1173,person,0.7609,844,551,898,684,871.0,617.5,871.0,684.0
688,27.480,1110,person,0.7192,425,333,467,434,446.0,383.5,446.0,434.0
688,27.480,1397,person,0.5435,853,300,890,371,871.5,335.5,871.5,371.0
688,27.480,1355,person,0.6172,760,323,796,417,778.0,370.0,778.0,417.0
688,27.480,1430,person,0.6636,1252,318,1288,408,1270.0,363.0,1270.0,408.0
688,27.480,1417,person,0.6107,832,404,892,567,862.0,485.5,862.0,567.0
688,27.480,1453,person,0.7092,1669,426,1727,544,1698.0,485.0,1698.0,544.0
689,27.520,1,person,0.6821,1168,439,1215,555,1191.5,497.0,1191.5,555.0
689,27.520,1023,person,0.7607,1097,529,1142,659,1119.5,594.0,1119.5,659.0
689,27.520,1129,person,0.7450,738,504,789,635,763.5,569.5,763.5,635.0
689,27.520,1221,person,0.7610,246,361,288,468,267.0,414.5,267.0,468.0
689,27.520,1173,person,0.7537,840,555,892,683,866.0,619.0,866.0,683.0
689,27.520,1110,person,0.6839,425,334,467,435,446.0,384.5,446.0,435.0
689,27.520,1397,person,0.4445,846,300,883,370,864.5,335.0,864.5,370.0
689,27.520,1355,person,0.5662,763,324,798,415,780.5,369.5,780.5,415.0
689,27.520,1430,person,0.7156,1247,317,1284,410,1265.5,363.5,1265.5,410.0
689,27.520,1417,person,0.3983,832,399,888,551,860.0,475.0,860.0,551.0
689,27.520,1453,person,0.7257,1655,426,1712,544,1683.5,485.0,1683.5,544.0
689,27.520,1473,person,0.5638,830,428,894,569,862.0,498.5,862.0,569.0
690,27.560,1,person,0.7489,1161,440,1209,555,1185.0,497.5,1185.0,555.0
690,27.560,1023,person,0.7731,1093,527,1139,659,1116.0,593.0,1116.0,659.0
690,27.560,1129,person,0.7515,732,504,783,634,757.5,569.0,757.5,634.0
690,27.560,1221,person,0.7579,243,361,286,470,264.5,415.5,264.5,470.0
690,27.560,1173,person,0.7270,835,555,887,682,861.0,618.5,861.0,682.0
690,27.560,1110,person,0.6959,424,334,465,436,444.5,385.0,444.5,436.0
690,27.560,1397,person,0.4479,836,299,874,371,855.0,335.0,855.0,371.0
690,27.560,1355,person,0.4589,764,324,799,416,781.5,370.0,781.5,416.0
690,27.560,1430,person,0.7587,1244,318,1281,409,1262.5,363.5,1262.5,409.0
690,27.560,1417,person,0.5178,828,397,878,533,853.0,465.0,853.0,533.0
690,27.560,1453,person,0.7558,1646,424,1703,544,1674.5,484.0,1674.5,544.0
690,27.560,1473,person,0.4302,837,445,894,573,865.5,509.0,865.5,573.0
691,27.600,1,person,0.7534,1156,441,1205,556,1180.5,498.5,1180.5,556.0
691,27.600,1023,person,0.8308,1088,526,1133,659,1110.5,592.5,1110.5,659.0
691,27.600,1129,person,0.7507,728,504,779,634,753.5,569.0,753.5,634.0
691,27.600,1221,person,0.7032,241,362,282,469,261.5,415.5,261.5,469.0
691,27.600,1173,person,0.7069,831,554,883,682,857.0,618.0,857.0,682.0
691,27.600,1110,person,0.7159,421,334,463,438,442.0,386.0,442.0,438.0
691,27.600,1397,person,0.3669,828,301,865,371,846.5,336.0,846.5,371.0
691,27.600,1355,person,0.4727,765,324,800,416,782.5,370.0,782.5,416.0
691,27.600,1430,person,0.6812,1243,321,1278,407,1260.5,364.0,1260.5,407.0
691,27.600,1417,person,0.3938,825,395,877,538,851.0,466.5,851.0,538.0
691,27.600,1453,person,0.8057,1636,422,1694,544,1665.0,483.0,1665.0,544.0
691,27.600,1473,person,0.4826,840,455,895,578,867.5,516.5,867.5,578.0
691,27.600,1098,person,0.5350,821,397,868,522,844.5,459.5,844.5,522.0
692,27.640,1,person,0.7784,1151,442,1200,555,1175.5,498.5,1175.5,555.0
692,27.640,1023,person,0.8000,1084,526,1128,658,1106.0,592.0,1106.0,658.0
692,27.640,1129,person,0.7483,724,504,775,635,749.5,569.5,749.5,635.0
692,27.640,1221,person,0.7188,237,362,278,469,257.5,415.5,257.5,469.0
692,27.640,1173,person,0.7416,825,555,876,682,850.5,618.5,850.5,682.0
692,27.640,1110,person,0.7121,419,334,462,438,440.5,386.0,440.5,438.0
692,27.640,1397,person,0.3924,821,304,857,373,839.0,338.5,839.0,373.0
692,27.640,1355,person,0.4795,767,323,801,415,784.0,369.0,784.0,415.0
692,27.640,1430,person,0.6684,1239,322,1274,409,1256.5,365.5,1256.5,409.0
692,27.640,1417,person,0.3470,825,396,884,556,854.5,476.0,854.5,556.0
692,27.640,1453,person,0.8495,1623,420,1684,542,1653.5,481.0,1653.5,542.0
692,27.640,1473,person,0.4975,842,462,894,577,868.0,519.5,868.0,577.0
692,27.640,1098,person,0.3619,817,399,865,529,841.0,464.0,841.0,529.0
693,27.680,1,person,0.7856,1149,441,1199,556,1174.0,498.5,1174.0,556.0
693,27.680,1023,person,0.7924,1078,528,1122,659,1100.0,593.5,1100.0,659.0
693,27.680,1129,person,0.7477,722,505,772,634,747.0,569.5,747.0,634.0
693,27.680,1221,person,0.7669,233,361,274,470,253.5,415.5,253.5,470.0
693,27.680,1173,person,0.7536,820,555,869,679,844.5,617.0,844.5,679.0
693,27.680,1110,person,0.6966,418,335,461,438,439.5,386.5,439.5,438.0
693,27.680,1397,person,0.5352,815,305,850,373,832.5,339.0,832.5,373.0
693,27.680,1355,person,0.5473,769,323,803,415,786.0,369.0,786.0,415.0
693,27.680,1430,person,0.6947,1235,322,1269,408,1252.0,365.0,1252.0,408.0
693,27.680,1453,person,0.8245,1612,420,1675,541,1643.5,480.5,1643.5,541.0
693,27.680,1473,person,0.5310,846,464,898,577,872.0,520.5,872.0,577.0
693,27.680,1098,person,0.4437,816,398,858,512,837.0,455.0,837.0,512.0
694,27.720,1,person,0.7256,1145,441,1196,555,1170.5,498.0,1170.5,555.0
694,27.720,1023,person,0.7232,1076,529,1119,656,1097.5,592.5,1097.5,656.0
694,27.720,1129,person,0.7972,719,504,770,635,744.5,569.5,744.5,635.0
694,27.720,1221,person,0.7564,228,361,269,470,248.5,415.5,248.5,470.0
694,27.720,1173,person,0.7442,815,552,865,678,840.0,615.0,840.0,678.0
694,27.720,1110,person,0.6864,418,334,460,438,439.0,386.0,439.0,438.0
694,27.720,1397,person,0.3921,808,305,843,375,825.5,340.0,825.5,375.0
694,27.720,1355,person,0.4183,773,328,806,417,789.5,372.5,789.5,417.0
694,27.720,1430,person,0.6351,1231,322,1266,410,1248.5,366.0,1248.5,410.0
694,27.720,1453,person,0.7579,1604,422,1667,541,1635.5,481.5,1635.5,541.0
694,27.720,1473,person,0.5542,847,466,900,576,873.5,521.0,873.5,576.0
694,27.720,1098,person,0.4905,812,399,853,510,832.5,454.5,832.5,510.0
695,27.760,1,person,0.7621,1140,442,1191,555,1165.5,498.5,1165.5,555.0
695,27.760,1023,person,0.6940,1070,528,1115,658,1092.5,593.0,1092.5,658.0
695,27.760,1129,person,0.8105,716,504,767,634,741.5,569.0,741.5,634.0
695,27.760,1221,person,0.7830,225,360,265,470,245.0,415.0,245.0,470.0
695,27.760,1173,person,0.7636,811,550,861,679,836.0,614.5,836.0,679.0
695,27.760,1110,person,0.6874,419,334,460,438,439.5,386.0,439.5,438.0
695,27.760,1430,person,0.6377,1227,320,1263,411,1245.0,365.5,1245.0,411.0
695,27.760,1453,person,0.8379,1597,425,1660,543,1628.5,484.0,1628.5,543.0
695,27.760,1473,person,0.6093,844,465,898,577,871.0,521.0,871.0,577.0
695,27.760,1098,person,0.6865,808,399,850,512,829.0,455.5,829.0,512.0
696,27.800,1,person,0.7216,1135,442,1185,555,1160.0,498.5,1160.0,555.0
696,27.800,1023,person,0.7602,1067,528,1111,659,1089.0,593.5,1089.0,659.0
696,27.800,1129,person,0.7712,712,503,762,632,737.0,567.5,737.0,632.0
696,27.800,1221,person,0.7840,222,361,261,470,241.5,415.5,241.5,470.0
696,27.800,1173,person,0.7661,808,551,857,676,832.5,613.5,832.5,676.0
696,27.800,1110,person,0.7030,419,335,460,438,439.5,386.5,439.5,438.0
696,27.800,1430,person,0.6978,1222,320,1259,413,1240.5,366.5,1240.5,413.0
696,27.800,1453,person,0.7163,1589,427,1650,542,1619.5,484.5,1619.5,542.0
696,27.800,1473,person,0.6908,839,462,893,577,866.0,519.5,866.0,577.0
696,27.800,1098,person,0.6685,804,398,846,512,825.0,455.0,825.0,512.0
696,27.800,1483,person,0.4344,775,303,837,409,806.0,356.0,806.0,409.0
696,27.800,1397,person,0.3790,788,302,825,375,806.5,338.5,806.5,375.0
697,27.840,1,person,0.7034,1130,444,1179,555,1154.5,499.5,1154.5,555.0
697,27.840,1023,person,0.7660,1064,527,1109,658,1086.5,592.5,1086.5,658.0
697,27.840,1129,person,0.7489,708,502,760,633,734.0,567.5,734.0,633.0
697,27.840,1221,person,0.7043,219,364,258,471,238.5,417.5,238.5,471.0
697,27.840,1173,person,0.7893,805,551,854,678,829.5,614.5,829.5,678.0
697,27.840,1110,person,0.7284,419,335,459,439,439.0,387.0,439.0,439.0
697,27.840,1430,person,0.6415,1219,321,1256,413,1237.5,367.0,1237.5,413.0
697,27.840,1453,person,0.6946,1578,430,1638,543,1608.0,486.5,1608.0,543.0
697,27.840,1473,person,0.6268,834,461,889,577,861.5,519.0,861.5,577.0
697,27.840,1098,person,0.7296,799,399,842,514,820.5,456.5,820.5,514.0
697,27.840,1483,person,0.4520,770,302,833,409,801.5,355.5,801.5,409.0
697,27.840,1397,person,0.2818,782,300,820,375,801.0,337.5,801.0,375.0
698,27.880,1,person,0.6375,1124,442,1172,558,1148.0,500.0,1148.0,558.0
698,27.880,1023,person,0.7676,1061,527,1105,654,1083.0,590.5,1083.0,654.0
698,27.880,1129,person,0.7669,707,501,758,633,732.5,567.0,732.5,633.0
698,27.880,1221,person,0.6776,216,367,253,470,234.5,418.5,234.5,470.0
698,27.880,1173,person,0.8077,799,550,851,680,825.0,615.0,825.0,680.0
698,27.880,1110,person,0.7399,419,334,459,439,439.0,386.5,439.0,439.0
698,27.880,1430,person,0.5739,1216,322,1252,412,1234.0,367.0,1234.0,412.0
698,27.880,1453,person,0.7901,1564,429,1625,547,1594.5,488.0,1594.5,547.0
698,27.880,1473,person,0.5284,830,459,885,579,857.5,519.0,857.5,579.0
698,27.880,1098,person,0.6285,795,400,838,515,816.5,457.5,816.5,515.0
698,27.880,1483,person,0.4609,770,303,829,405,799.5,354.0,799.5,405.0
698,27.880,1397,person,0.4653,778,304,817,381,797.5,342.5,797.5,381.0
699,27.920,1,person,0.6940,1117,442,1165,561,1141.0,501.5,1141.0,561.0
699,27.920,1023,person,0.7171,1056,527,1100,651,1078.0,589.0,1078.0,651.0
699,27.920,1129,person,0.7030,704,501,757,634,730.5,567.5,730.5,634.0
699,27.920,1221,person,0.7330,211,368,250,473,230.5,420.5,230.5,473.0
699,27.920,1173,person,0.7365,794,551,847,680,820.5,615.5,820.5,680.0
699,27.920,1110,person,0.7426,419,336,459,440,439.0,388.0,439.0,440.0
699,27.920,1430,person,0.6146,1211,324,1246,411,1228.5,367.5,1228.5,411.0
699,27.920,1453,person,0.7963,1555,427,1618,550,1586.5,488.5,1586.5,550.0
699,27.920,1473,person,0.5188,827,461,880,579,853.5,520.0,853.5,579.0
699,27.920,1098,person,0.5931,791,403,833,515,812.0,459.0,812.0,515.0
699,27.920,1397,person,0.3513,770,302,814,390,792.0,346.0,792.0,390.0
700,27.960,1,person,0.7327,1112,443,1159,562,1135.5,502.5,1135.5,562.0
700,27.960,1023,person,0.7639,1052,525,1096,651,1074.0,588.0,1074.0,651.0
700,27.960,1129,person,0.8051,703,499,755,632,729.0,565.5,729.0,632.0
700,27.960,1221,person,0.8230,207,370,247,476,227.0,423.0,227.0,476.0
700,27.960,1173,person,0.7948,790,549,843,677,816.5,613.0,816.5,677.0
700,27.960,1110,person,0.7948,420,338,458,441,439.0,389.5,439.0,441.0
700,27.960,1430,person,0.5551,1207,329,1240,410,1223.5,369.5,1223.5,410.0
700,27.960,1453,person,0.7971,1545,426,1609,550,1577.0,488.0,1577.0,550.0
700,27.960,1473,person,0.6263,824,464,876,581,850.0,522.5,850.0,581.0
700,27.960,1098,person,0.4748,787,406,830,519,808.5,462.5,808.5,519.0
700,27.960,1397,person,0.3839,763,304,803,385,783.0,344.5,783.0,385.0
700,27.960,1483,person,0.2805,766,305,825,407,795.5,356.0,795.5,407.0
701,28.000,1,person,0.7207,1107,443,1153,562,1130.0,502.5,1130.0,562.0
701,28.000,1023,person,0.7711,1048,523,1092,652,1070.0,587.5,1070.0,652.0
701,28.000,1129,person,0.8089,700,498,753,632,726.5,565.0,726.5,632.0
701,28.000,1221,person,0.8106,202,370,244,476,223.0,423.0,223.0,476.0
701,28.000,1173,person,0.8000,786,550,840,676,813.0,613.0,813.0,676.0
701,28.000,1110,person,0.7982,420,339,458,441,439.0,390.0,439.0,441.0
701,28.000,1430,person,0.5784,1201,329,1235,416,1218.0,372.5,1218.0,416.0
701,28.000,1453,person,0.8320,1531,425,1596,547,1563.5,486.0,1563.5,547.0
701,28.000,1473,person,0.6326,822,466,873,587,847.5,526.5,847.5,587.0
701,28.000,1098,person,0.5092,784,407,826,517,805.0,462.0,805.0,517.0
701,28.000,1397,person,0.5309,756,308,790,379,773.0,343.5,773.0,379.0
701,28.000,1355,person,0.4744,790,323,821,405,805.5,364.0,805.5,405.0
702,28.040,1,person,0.6603,1099,443,1145,561,1122.0,502.0,1122.0,561.0
702,28.040,1023,person,0.7828,1041,524,1084,649,1062.5,586.5,1062.5,649.0
702,28.040,1129,person,0.8211,698,497,750,631,724.0,564.0,724.0,631.0
702,28.040,1221,person,0.8068,199,372,241,478,220.0,425.0,220.0,478.0
702,28.040,1173,person,0.7878,782,550,838,677,810.0,613.5,810.0,677.0
702,28.040,1110,person,0.7879,419,340,458,443,438.5,391.5,438.5,443.0
702,28.040,1430,person,0.6527,1196,329,1232,419,1214.0,374.0,1214.0,419.0
702,28.040,1453,person,0.7483,1521,424,1586,545,1553.5,484.5,1553.5,545.0
702,28.040,1473,person,0.6624,818,467,870,588,844.0,527.5,844.0,588.0
702,28.040,1098,person,0.4854,780,404,822,516,801.0,460.0,801.0,516.0
702,28.040,1397,person,0.3257,749,311,781,378,765.0,344.5,765.0,378.0
702,28.040,1491,person,0.6160,1852,754,1903,916,1877.5,835.0,1877.5,916.0
702,28.040,1492,person,0.4367,576,239,610,304,593.0,271.5,593.0,304.0
702,28.040,1355,person,0.2264,790,323,822,409,806.0,366.0,806.0,409.0
703,28.080,1,person,0.5905,1094,443,1142,563,1118.0,503.0,1118.0,563.0
703,28.080,1023,person,0.7199,1035,525,1078,652,1056.5,588.5,1056.5,652.0
703,28.080,1129,person,0.7912,695,496,745,627,720.0,561.5,720.0,627.0
703,28.080,1221,person,0.7660,195,372,238,478,216.5,425.0,216.5,478.0
703,28.080,1173,person,0.7521,776,551,832,678,804.0,614.5,804.0,678.0
703,28.080,1110,person,0.7944,419,342,458,443,438.5,392.5,438.5,443.0
703,28.080,1430,person,0.5785,1190,328,1228,421,1209.0,374.5,1209.0,421.0
703,28.080,1453,person,0.6978,1515,427,1578,542,1546.5,484.5,1546.5,542.0
703,28.080,1473,person,0.6657,814,467,866,590,840.0,528.5,840.0,590.0
703,28.080,1098,person,0.5261,776,403,819,518,797.5,460.5,797.5,518.0
703,28.080,1397,person,0.4180,742,312,774,379,758.0,345.5,758.0,379.0
703,28.080,1491,person,0.6743,1844,752,1897,917,1870.5,834.5,1870.5,917.0
703,28.080,1492,person,0.3203,572,237,607,305,589.5,271.0,589.5,305.0
703,28.080,1355,person,0.2791,791,323,824,410,807.5,366.5,807.5,410.0
704,28.120,1,person,0.6178,1088,444,1136,563,1112.0,503.5,1112.0,563.0
704,28.120,1023,person,0.7052,1029,527,1072,653,1050.5,590.0,1050.5,653.0
704,28.120,1129,person,0.7530,690,496,740,626,715.0,561.0,715.0,626.0
704,28.120,1221,person,0.7811,191,372,234,477,212.5,424.5,212.5,477.0
704,28.120,1173,person,0.7438,770,551,827,679,798.5,615.0,798.5,679.0
704,28.120,1110,person,0.8157,418,342,457,443,437.5,392.5,437.5,443.0
704,28.120,1430,person,0.6592,1184,330,1222,426,1203.0,378.0,1203.0,426.0
704,28.120,1453,person,0.6869,1503,430,1564,542,1533.5,486.0,1533.5,542.0
704,28.120,1473,person,0.6933,810,467,863,590,836.5,528.5,836.5,590.0
704,28.120,1098,person,0.5580,771,405,813,519,792.0,462.0,792.0,519.0
704,28.120,1397,person,0.4101,735,311,767,379,751.0,345.0,751.0,379.0
704,28.120,1491,person,0.4976,1828,755,1880,912,1854.0,833.5,1854.0,912.0
704,28.120,1492,person,0.2405,569,237,604,306,586.5,271.5,586.5,306.0
704,28.120,1355,person,0.3560,794,324,824,406,809.0,365.0,809.0,406.0
705,28.160,1,person,0.6757,1082,444,1132,562,1107.0,503.0,1107.0,562.0
705,28.160,1023,person,0.7154,1023,527,1066,654,1044.5,590.5,1044.5,654.0
705,28.160,1129,person,0.7965,686,496,737,627,711.5,561.5,711.5,627.0
705,28.160,1221,person,0.7889,184,372,228,477,206.0,424.5,206.0,477.0
705,28.160,1173,person,0.6766,763,551,818,676,790.5,613.5,790.5,676.0
705,28.160,1110,person,0.8111,418,342,457,443,437.5,392.5,437.5,443.0
705,28.160,1430,person,0.6615,1178,331,1216,428,1197.0,379.5,1197.0,428.0
705,28.160,1453,person,0.6859,1491,432,1550,544,1520.5,488.0,1520.5,544.0
705,28.160,1473,person,0.6770,807,467,860,591,833.5,529.0,833.5,591.0
705,28.160,1098,person,0.6309,765,404,806,517,785.5,460.5,785.5,517.0
705,28.160,1397,person,0.4759,727,311,760,381,743.5,346.0,743.5,381.0
705,28.160,1491,person,0.6508,1829,761,1883,918,1856.0,839.5,1856.0,918.0
705,28.160,1355,person,0.4688,795,324,825,407,810.0,365.5,810.0,407.0
706,28.200,1,person,0.6741,1077,445,1127,561,1102.0,503.0,1102.0,561.0
706,28.200,1023,person,0.7591,1017,525,1060,652,1038.5,588.5,1038.5,652.0
706,28.200,1129,person,0.7092,683,496,733,627,708.0,561.5,708.0,627.0
706,28.200,1221,person,0.7911,178,372,222,479,200.0,425.5,200.0,479.0
706,28.200,1173,person,0.6636,756,549,810,676,783.0,612.5,783.0,676.0
706,28.200,1110,person,0.8218,418,342,457,444,437.5,393.0,437.5,444.0
706,28.200,1430,person,0.5190,1173,331,1212,430,1192.5,380.5,1192.5,430.0
706,28.200,1453,person,0.7741,1476,432,1535,546,1505.5,489.0,1505.5,546.0
706,28.200,1473,person,0.6373,803,466,856,594,829.5,530.0,829.5,594.0
706,28.200,1098,person,0.6618,760,405,801,519,780.5,462.0,780.5,519.0
706,28.200,1397,person,0.7033,719,310,755,385,737.0,347.5,737.0,385.0
706,28.200,1491,person,0.5883,1819,758,1873,913,1846.0,835.5,1846.0,913.0
706,28.200,1355,person,0.4467,796,325,827,413,811.5,369.0,811.5,413.0
707,28.240,1,person,0.6903,1071,445,1123,563,1097.0,504.0,1097.0,563.0
707,28.240,1023,person,0.8089,1009,527,1055,654,1032.0,590.5,1032.0,654.0
707,28.240,1129,person,0.7237,680,497,730,629,705.0,563.0,705.0,629.0
707,28.240,1221,person,0.7103,171,372,215,478,193.0,425.0,193.0,478.0
707,28.240,1173,person,0.6392,747,547,801,676,774.0,611.5,774.0,676.0
707,28.240,1110,person,0.7933,418,342,457,444,437.5,393.0,437.5,444.0
707,28.240,1430,person,0.6452,1170,333,1207,429,1188.5,381.0,1188.5,429.0
707,28.240,1453,person,0.7734,1466,431,1525,549,1495.5,490.0,1495.5,549.0
707,28.240,1473,person,0.6551,802,465,855,596,828.5,530.5,828.5,596.0
707,28.240,1098,person,0.7191,755,402,795,518,775.0,460.0,775.0,518.0
707,28.240,1397,person,0.5478,712,310,749,385,730.5,347.5,730.5,385.0
707,28.240,1491,person,0.4059,1806,755,1862,917,1834.0,836.0,1834.0,917.0
707,28.240,1355,person,0.4288,797,325,830,416,813.5,370.5,813.5,416.0
708,28.280,1,person,0.6809,1065,446,1115,561,1090.0,503.5,1090.0,561.0
708,28.280,1023,person,0.7901,1005,528,1050,654,1027.5,591.0,1027.5,654.0
708,28.280,1129,person,0.7782,677,496,728,629,702.5,562.5,702.5,629.0
708,28.280,1221,person,0.7312,165,372,208,478,186.5,425.0,186.5,478.0
708,28.280,1173,person,0.6413,742,548,794,677,768.0,612.5,768.0,677.0
708,28.280,1110,person,0.7943,416,341,456,445,436.0,393.0,436.0,445.0
708,28.280,1430,person,0.6800,1166,335,1204,431,1185.0,383.0,1185.0,431.0
708,28.280,1453,person,0.8043,1457,430,1517,550,1487.0,490.0,1487.0,550.0
708,28.280,1473,person,0.6195,800,465,852,597,826.0,531.0,826.0,597.0
708,28.280,1098,person,0.6767,750,404,789,517,769.5,460.5,769.5,517.0
708,28.280,1397,person,0.5639,703,313,740,387,721.5,350.0,721.5,387.0
708,28.280,1491,person,0.5970,1802,754,1857,914,1829.5,834.0,1829.5,914.0
708,28.280,1355,person,0.2919,798,326,831,417,814.5,371.5,814.5,417.0
708,28.280,1496,person,0.7597,1798,753,1901,914,1849.5,833.5,1849.5,914.0
709,28.320,1,person,0.6112,1056,444,1106,561,1081.0,502.5,1081.0,561.0
709,28.320,1023,person,0.7266,1002,527,1050,657,1026.0,592.0,1026.0,657.0
709,28.320,1129,person,0.7900,674,495,725,626,699.5,560.5,699.5,626.0
709,28.320,1221,person,0.7363,158,372,202,482,180.0,427.0,180.0,482.0
709,28.320,1173,person,0.6414,737,550,788,678,762.5,614.0,762.5,678.0
709,28.320,1110,person,0.7556,417,341,456,446,436.5,393.5,436.5,446.0
709,28.320,1430,person,0.6673,1162,338,1199,431,1180.5,384.5,1180.5,431.0
709,28.320,1453,person,0.7807,1446,429,1507,550,1476.5,489.5,1476.5,550.0
709,28.320,1473,person,0.5621,800,466,852,597,826.0,531.5,826.0,597.0
709,28.320,1098,person,0.5441,745,405,783,517,764.0,461.0,764.0,517.0
709,28.320,1397,person,0.5844,693,313,729,387,711.0,350.0,711.0,387.0
709,28.320,1491,person,0.5498,1795,753,1848,908,1821.5,830.5,1821.5,908.0
709,28.320,1355,person,0.3387,799,326,833,417,816.0,371.5,816.0,417.0
709,28.320,1496,person,0.6393,1787,753,1886,909,1836.5,831.0,1836.5,909.0
709,28.320,1497,person,0.4616,1896,378,1917,488,1906.5,433.0,1906.5,488.0
710,28.360,1,person,0.6202,1051,444,1100,561,1075.5,502.5,1075.5,561.0
710,28.360,1023,person,0.7622,998,526,1047,657,1022.5,591.5,1022.5,657.0
710,28.360,1129,person,0.7474,670,496,720,625,695.0,560.5,695.0,625.0
710,28.360,1221,person,0.7475,154,373,197,483,175.5,428.0,175.5,483.0
710,28.360,1173,person,0.6710,732,551,782,678,757.0,614.5,757.0,678.0
710,28.360,1110,person,0.7332,417,342,456,446,436.5,394.0,436.5,446.0
710,28.360,1430,person,0.5388,1158,340,1194,432,1176.0,386.0,1176.0,432.0
710,28.360,1453,person,0.8105,1435,429,1498,549,1466.5,489.0,1466.5,549.0
710,28.360,1473,person,0.5994,803,469,852,597,827.5,533.0,827.5,597.0
710,28.360,1098,person,0.5503,741,407,778,517,759.5,462.0,759.5,517.0
710,28.360,1397,person,0.4981,684,316,719,387,701.5,351.5,701.5,387.0
710,28.360,1491,person,0.7125,1789,754,1841,906,1815.0,830.0,1815.0,906.0
710,28.360,1355,person,0.3053,799,326,834,417,816.5,371.5,816.5,417.0
710,28.360,1497,person,0.5468,1893,381,1914,487,1903.5,434.0,1903.5,487.0
711,28.400,1,person,0.6336,1046,442,1094,561,1070.0,501.5,1070.0,561.0
711,28.400,1023,person,0.7395,994,525,1044,657,1019.0,591.0,1019.0,657.0
711,28.400,1129,person,0.7022,667,498,717,624,692.0,561.0,692.0,624.0
711,28.400,1221,person,0.8102,151,373,194,483,172.5,428.0,172.5,483.0
711,28.400,1173,person,0.7059,728,551,777,677,752.5,614.0,752.5,677.0
711,28.400,1110,person,0.7342,419,343,457,445,438.0,394.0,438.0,445.0
711,28.400,1430,person,0.5944,1154,338,1190,432,1172.0,385.0,1172.0,432.0
711,28.400,1453,person,0.7974,1427,428,1491,548,1459.0,488.0,1459.0,548.0
711,28.400,1473,person,0.6140,804,472,851,596,827.5,534.0,827.5,596.0
711,28.400,1098,person,0.6024,736,406,775,521,755.5,463.5,755.5,521.0
711,28.400,1397,person,0.5684,677,317,711,387,694.0,352.0,694.0,387.0
711,28.400,1491,person,0.6753,1783,751,1835,907,1809.0,829.0,1809.0,907.0
711,28.400,1355,person,0.3473,801,327,836,416,818.5,371.5,818.5,416.0
711,28.400,1497,person,0.5256,1893,382,1913,485,1903.0,433.5,1903.0,485.0
712,28.440,1,person,0.7145,1041,442,1087,562,1064.0,502.0,1064.0,562.0
712,28.440,1023,person,0.6917,991,526,1040,655,1015.5,590.5,1015.5,655.0
712,28.440,1129,person,0.7532,664,498,713,623,688.5,560.5,688.5,623.0
712,28.440,1221,person,0.7541,148,374,190,483,169.0,428.5,169.0,483.0
712,28.440,1173,person,0.7395,723,551,774,678,748.5,614.5,748.5,678.0
712,28.440,1110,person,0.7560,422,344,460,445,441.0,394.5,441.0,445.0
712,28.440,1430,person,0.6049,1150,336,1187,435,1168.5,385.5,1168.5,435.0
712,28.440,1453,person,0.6354,1416,429,1478,547,1447.0,488.0,1447.0,547.0
712,28.440,1473,person,0.5365,804,472,850,596,827.0,534.0,827.0,596.0
712,28.440,1098,person,0.5489,733,406,773,520,753.0,463.0,753.0,520.0
712,28.440,1397,person,0.4332,672,318,705,387,688.5,352.5,688.5,387.0
712,28.440,1491,person,0.6826,1775,747,1828,908,1801.5,827.5,1801.5,908.0
712,28.440,1355,person,0.2861,804,328,840,416,822.0,372.0,822.0,416.0
712,28.440,1497,person,0.4192,1890,382,1911,485,1900.5,433.5,1900.5,485.0
713,28.480,1,person,0.7270,1037,444,1082,561,1059.5,502.5,1059.5,561.0
713,28.480,1023,person,0.5774,985,526,1034,656,1009.5,591.0,1009.5,656.0
713,28.480,1129,person,0.7328,661,498,711,625,686.0,561.5,686.0,625.0
713,28.480,1221,person,0.6811,146,376,188,483,167.0,429.5,167.0,483.0
713,28.480,1173,person,0.7356,721,551,771,677,746.0,614.0,746.0,677.0
713,28.480,1110,person,0.7780,422,345,461,447,441.5,396.0,441.5,447.0
713,28.480,1430,person,0.4989,1148,337,1184,435,1166.0,386.0,1166.0,435.0
713,28.480,1453,person,0.6635,1410,429,1470,545,1440.0,487.0,1440.0,545.0
713,28.480,1473,person,0.5618,804,474,850,595,827.0,534.5,827.0,595.0
713,28.480,1098,person,0.5314,729,406,769,518,749.0,462.0,749.0,518.0
713,28.480,1397,person,0.5572,664,314,700,388,682.0,351.0,682.0,388.0
713,28.480,1491,person,0.6997,1769,745,1822,908,1795.5,826.5,1795.5,908.0
713,28.480,1497,person,0.4862,1885,381,1907,485,1896.0,433.0,1896.0,485.0
714,28.520,1,person,0.5558,1032,444,1076,562,1054.0,503.0,1054.0,562.0
714,28.520,1023,person,0.6180,979,524,1027,653,1003.0,588.5,1003.0,653.0
714,28.520,1129,person,0.7022,658,496,709,625,683.5,560.5,683.5,625.0
714,28.520,1221,person,0.6606,143,377,185,484,164.0,430.5,164.0,484.0
714,28.520,1173,person,0.7581,717,550,768,675,742.5,612.5,742.5,675.0
714,28.520,1110,person,0.7579,423,346,462,447,442.5,396.5,442.5,447.0
714,28.520,1430,person,0.5650,1145,337,1181,434,1163.0,385.5,1163.0,434.0
714,28.520,1453,person,0.5955,1399,430,1457,545,1428.0,487.5,1428.0,545.0
714,28.520,1473,person,0.5814,805,474,850,595,827.5,534.5,827.5,595.0
714,28.520,1098,person,0.5670,725,406,766,518,745.5,462.0,745.5,518.0
714,28.520,1397,person,0.3752,657,315,692,387,674.5,351.0,674.5,387.0
714,28.520,1491,person,0.7523,1760,744,1814,908,1787.0,826.0,1787.0,908.0
714,28.520,1497,person,0.4822,1881,381,1904,487,1892.5,434.0,1892.5,487.0
714,28.520,1355,person,0.3562,806,326,843,418,824.5,372.0,824.5,418.0
715,28.560,1,person,0.6133,1027,443,1072,561,1049.5,502.0,1049.5,561.0
715,28.560,1023,person,0.6857,975,520,1023,651,999.0,585.5,999.0,651.0
715,28.560,1129,person,0.7062,656,495,707,625,681.5,560.0,681.5,625.0
715,28.560,1221,person,0.7279,137,377,179,486,158.0,431.5,158.0,486.0
715,28.560,1173,person,0.7246,715,550,767,675,741.0,612.5,741.0,675.0
715,28.560,1110,person,0.7832,423,345,463,448,443.0,396.5,443.0,448.0
715,28.560,1430,person,0.5147,1142,336,1178,433,1160.0,384.5,1160.0,433.0
715,28.560,1453,person,0.5514,1390,431,1447,546,1418.5,488.5,1418.5,546.0
715,28.560,1473,person,0.5924,807,474,851,595,829.0,534.5,829.0,595.0
715,28.560,1098,person,0.5102,722,406,764,518,743.0,462.0,743.0,518.0
715,28.560,1397,person,0.4703,651,315,687,387,669.0,351.0,669.0,387.0
715,28.560,1491,person,0.8175,1748,743,1804,908,1776.0,825.5,1776.0,908.0
715,28.560,1497,person,0.5810,1877,380,1901,489,1889.0,434.5,1889.0,489.0
715,28.560,1502,person,0.6272,1402,431,1432,540,1417.0,485.5,1417.0,540.0
715,28.560,1503,person,0.3986,1871,378,1918,488,1894.5,433.0,1894.5,488.0
715,28.560,1355,person,0.4061,810,326,846,419,828.0,372.5,828.0,419.0
716,28.600,1,person,0.7187,1023,443,1068,562,1045.5,502.5,1045.5,562.0
716,28.600,1023,person,0.5731,971,522,1017,650,994.0,586.0,994.0,650.0
716,28.600,1129,person,0.7605,653,494,704,623,678.5,558.5,678.5,623.0
716,28.600,1221,person,0.7485,134,378,175,485,154.5,431.5,154.5,485.0
716,28.600,1173,person,0.6758,712,548,764,672,738.0,610.0,738.0,672.0
716,28.600,1110,person,0.7685,421,345,464,449,442.5,397.0,442.5,449.0
716,28.600,1430,person,0.5196,1138,339,1174,437,1156.0,388.0,1156.0,437.0
716,28.600,1453,person,0.7549,1382,430,1438,547,1410.0,488.5,1410.0,547.0
716,28.600,1473,person,0.6120,808,472,855,595,831.5,533.5,831.5,595.0
716,28.600,1098,person,0.4160,719,407,761,518,740.0,462.5,740.0,518.0
716,28.600,1397,person,0.5066,644,315,680,386,662.0,350.5,662.0,386.0
716,28.600,1491,person,0.8246,1739,745,1799,908,1769.0,826.5,1769.0,908.0
716,28.600,1497,person,0.7010,1871,380,1895,489,1883.0,434.5,1883.0,489.0
716,28.600,1503,person,0.2795,1869,378,1916,487,1892.5,432.5,1892.5,487.0
716,28.600,1355,person,0.4526,813,328,848,419,830.5,373.5,830.5,419.0
717,28.640,1,person,0.6948,1017,444,1064,564,1040.5,504.0,1040.5,564.0
717,28.640,1023,person,0.6864,966,522,1010,647,988.0,584.5,988.0,647.0
717,28.640,1129,person,0.7946,649,491,700,622,674.5,556.5,674.5,622.0
717,28.640,1221,person,0.7779,129,378,169,484,149.0,431.0,149.0,484.0
717,28.640,1173,person,0.6814,705,545,758,672,731.5,608.5,731.5,672.0
717,28.640,1110,person,0.7369,420,344,463,446,441.5,395.0,441.5,446.0
717,28.640,1430,person,0.5940,1133,341,1169,440,1151.0,390.5,1151.0,440.0
717,28.640,1453,person,0.7940,1372,429,1430,548,1401.0,488.5,1401.0,548.0
717,28.640,1473,person,0.5487,809,472,857,596,833.0,534.0,833.0,596.0
717,28.640,1098,person,0.4915,715,408,758,518,736.5,463.0,736.5,518.0
717,28.640,1397,person,0.3990,639,316,675,386,657.0,351.0,657.0,386.0
717,28.640,1497,person,0.6981,1866,378,1891,487,1878.5,432.5,1878.5,487.0
717,28.640,1355,person,0.5121,816,328,850,419,833.0,373.5,833.0,419.0
717,28.640,1496,person,0.8134,1714,746,1818,910,1766.0,828.0,1766.0,910.0
718,28.680,1,person,0.6610,1014,445,1061,563,1037.5,504.0,1037.5,563.0
718,28.680,1023,person,0.6838,961,523,1005,648,983.0,585.5,983.0,648.0
718,28.680,1129,person,0.8049,646,489,698,622,672.0,555.5,672.0,622.0
718,28.680,1221,person,0.7276,123,378,164,484,143.5,431.0,143.5,484.0
718,28.680,1173,person,0.6646,700,547,752,672,726.0,609.5,726.0,672.0
718,28.680,1110,person,0.7505,419,344,462,445,440.5,394.5,440.5,445.0
718,28.680,1430,person,0.6145,1128,342,1164,439,1146.0,390.5,1146.0,439.0
718,28.680,1453,person,0.8412,1362,428,1422,549,1392.0,488.5,1392.0,549.0
718,28.680,1473,person,0.6069,808,473,858,597,833.0,535.0,833.0,597.0
718,28.680,1098,person,0.4486,711,407,754,516,732.5,461.5,732.5,516.0
718,28.680,1397,person,0.3796,629,315,665,385,647.0,350.0,647.0,385.0
718,28.680,1497,person,0.6999,1863,377,1889,486,1876.0,431.5,1876.0,486.0
718,28.680,1355,person,0.3843,818,330,851,418,834.5,374.0,834.5,418.0
718,28.680,1506,person,0.3885,805,472,848,595,826.5,533.5,826.5,595.0
718,28.680,1496,person,0.8344,1709,746,1814,910,1761.5,828.0,1761.5,910.0
719,28.720,1,person,0.6518,1011,447,1059,564,1035.0,505.5,1035.0,564.0
719,28.720,1023,person,0.7192,955,522,999,648,977.0,585.0,977.0,648.0
719,28.720,1129,person,0.7761,643,489,695,623,669.0,556.0,669.0,623.0
719,28.720,1221,person,0.7173,117,377,157,486,137.0,431.5,137.0,486.0
719,28.720,1173,person,0.7004,691,545,743,671,717.0,608.0,717.0,671.0
719,28.720,1110,person,0.6615,419,343,462,445,440.5,394.0,440.5,445.0
719,28.720,1430,person,0.5829,1125,341,1161,441,1143.0,391.0,1143.0,441.0
719,28.720,1453,person,0.8086,1352,429,1415,550,1383.5,489.5,1383.5,550.0
719,28.720,1473,person,0.6517,809,472,860,593,834.5,532.5,834.5,593.0
719,28.720,1098,person,0.5241,706,406,751,517,728.5,461.5,728.5,517.0
719,28.720,1397,person,0.4665,620,316,656,387,638.0,351.5,638.0,387.0
719,28.720,1497,person,0.7574,1859,376,1886,487,1872.5,431.5,1872.5,487.0
719,28.720,1355,person,0.4838,820,329,854,418,837.0,373.5,837.0,418.0
719,28.720,1496,person,0.8059,1706,746,1810,910,1758.0,828.0,1758.0,910.0
719,28.720,1508,person,0.4832,426,345,460,444,443.0,394.5,443.0,444.0
720,28.760,1,person,0.6060,1008,448,1055,563,1031.5,505.5,1031.5,563.0
720,28.760,1023,person,0.7014,952,521,998,650,975.0,585.5,975.0,650.0
720,28.760,1129,person,0.7797,640,490,692,623,666.0,556.5,666.0,623.0
720,28.760,1221,person,0.8088,110,376,151,486,130.5,431.0,130.5,486.0
720,28.760,1173,person,0.7214,684,544,737,675,710.5,609.5,710.5,675.0
720,28.760,1110,person,0.6754,418,343,461,445,439.5,394.0,439.5,445.0
720,28.760,1430,person,0.5571,1122,339,1159,442,1140.5,390.5,1140.5,442.0
720,28.760,1453,person,0.5194,1340,429,1402,551,1371.0,490.0,1371.0,551.0
720,28.760,1473,person,0.7482,809,472,862,591,835.5,531.5,835.5,591.0
720,28.760,1098,person,0.4560,701,407,745,518,723.0,462.5,723.0,518.0
720,28.760,1397,person,0.4759,611,318,647,390,629.0,354.0,629.0,390.0
720,28.760,1497,person,0.7296,1855,376,1885,488,1870.0,432.0,1870.0,488.0
720,28.760,1355,person,0.5693,821,328,855,418,838.0,373.0,838.0,418.0
720,28.760,1496,person,0.7860,1704,745,1809,912,1756.5,828.5,1756.5,912.0
720,28.760,1491,person,0.4614,1712,745,1773,910,1742.5,827.5,1742.5,910.0
721,28.800,1,person,0.6232,1002,447,1049,561,1025.5,504.0,1025.5,561.0
721,28.800,1023,person,0.6968,950,521,996,649,973.0,585.0,973.0,649.0
721,28.800,1129,person,0.7133,639,490,690,621,664.5,555.5,664.5,621.0
721,28.800,1221,person,0.7720,102,376,144,487,123.0,431.5,123.0,487.0
721,28.800,1173,person,0.6545,678,543,729,673,703.5,608.0,703.5,673.0
721,28.800,1430,person,0.5571,1119,339,1157,441,1138.0,390.0,1138.0,441.0
721,28.800,1453,person,0.6890,1338,430,1399,551,1368.5,490.5,1368.5,551.0
721,28.800,1473,person,0.7606,809,471,866,590,837.5,530.5,837.5,590.0
721,28.800,1098,person,0.6356,694,407,738,519,716.0,463.0,716.0,519.0
721,28.800,1397,person,0.4651,603,318,638,390,620.5,354.0,620.5,390.0
721,28.800,1497,person,0.6681,1853,376,1885,488,1869.0,432.0,1869.0,488.0
721,28.800,1355,person,0.4863,822,326,859,418,840.5,372.0,840.5,418.0
721,28.800,1491,person,0.6574,1710,746,1770,908,1740.0,827.0,1740.0,908.0
721,28.800,1508,person,0.6592,424,343,459,446,441.5,394.5,441.5,446.0
722,28.840,1,person,0.6676,996,446,1044,563,1020.0,504.5,1020.0,563.0
722,28.840,1023,person,0.7222,945,522,991,650,968.0,586.0,968.0,650.0
722,28.840,1129,person,0.6664,636,491,686,618,661.0,554.5,661.0,618.0
722,28.840,1221,person,0.7221,94,376,135,486,114.5,431.0,114.5,486.0
722,28.840,1173,person,0.6850,672,540,723,673,697.5,606.5,697.5,673.0
722,28.840,1430,person,0.5935,1115,335,1153,439,1134.0,387.0,1134.0,439.0
722,28.840,1453,person,0.6045,1329,429,1389,550,1359.0,489.5,1359.0,550.0
722,28.840,1473,person,0.7934,811,471,871,590,841.0,530.5,841.0,590.0
722,28.840,1098,person,0.6653,687,407,730,518,708.5,462.5,708.5,518.0
722,28.840,1397,person,0.5289,594,315,630,388,612.0,351.5,612.0,388.0
722,28.840,1497,person,0.6326,1851,376,1884,487,1867.5,431.5,1867.5,487.0
722,28.840,1355,person,0.4095,823,326,861,418,842.0,372.0,842.0,418.0
722,28.840,1491,person,0.7245,1711,744,1772,909,1741.5,826.5,1741.5,909.0
722,28.840,1508,person,0.6736,424,342,459,445,441.5,393.5,441.5,445.0
723,28.880,1,person,0.5528,989,446,1036,563,1012.5,504.5,1012.5,563.0
723,28.880,1023,person,0.6510,941,524,987,648,964.0,586.0,964.0,648.0
723,28.880,1129,person,0.6477,631,490,682,619,656.5,554.5,656.5,619.0
723,28.880,1221,person,0.7983,86,376,127,487,106.5,431.5,106.5,487.0
723,28.880,1173,person,0.6716,664,539,715,672,689.5,605.5,689.5,672.0
723,28.880,1430,person,0.6221,1110,335,1149,440,1129.5,387.5,1129.5,440.0
723,28.880,1453,person,0.6821,1319,429,1377,549,1348.0,489.0,1348.0,549.0
723,28.880,1473,person,0.7377,811,470,876,591,843.5,530.5,843.5,591.0
723,28.880,1098,person,0.6205,679,405,722,517,700.5,461.0,700.5,517.0
723,28.880,1397,person,0.4866,585,314,622,390,603.5,352.0,603.5,390.0
723,28.880,1497,person,0.5701,1847,374,1883,486,1865.0,430.0,1865.0,486.0
723,28.880,1355,person,0.3561,821,325,860,417,840.5,371.0,840.5,417.0
723,28.880,1491,person,0.7859,1703,743,1764,908,1733.5,825.5,1733.5,908.0
723,28.880,1508,person,0.6823,422,342,458,448,440.0,395.0,440.0,448.0
723,28.880,1506,person,0.6461,806,470,851,592,828.5,531.0,828.5,592.0
724,28.920,1,person,0.4601,981,445,1027,563,1004.0,504.0,1004.0,563.0
724,28.920,1023,person,0.6256,935,525,980,646,957.5,585.5,957.5,646.0
724,28.920,1129,person,0.7168,628,489,677,615,652.5,552.0,652.5,615.0
724,28.920,1221,person,0.8248,77,377,120,488,98.5,432.5,98.5,488.0
724,28.920,1173,person,0.7782,659,544,709,672,684.0,608.0,684.0,672.0
724,28.920,1430,person,0.5870,1107,338,1145,439,1126.0,388.5,1126.0,439.0
724,28.920,1453,person,0.6842,1311,429,1368,549,1339.5,489.0,1339.5,549.0
724,28.920,1098,person,0.6710,673,406,715,518,694.0,462.0,694.0,518.0
724,28.920,1397,person,0.5010,577,313,614,388,595.5,350.5,595.5,388.0
724,28.920,1497,person,0.5871,1844,373,1881,485,1862.5,429.0,1862.5,485.0
724,28.920,1355,person,0.3370,822,323,861,414,841.5,368.5,841.5,414.0
724,28.920,1491,person,0.6974,1696,743,1755,910,1725.5,826.5,1725.5,910.0
724,28.920,1508,person,0.6893,420,341,456,448,438.0,394.5,438.0,448.0
724,28.920,1506,person,0.8104,801,470,849,594,825.0,532.0,825.0,594.0
725,28.960,1,person,0.6583,974,443,1021,566,997.5,504.5,997.5,566.0
725,28.960,1023,person,0.7161,930,523,975,647,952.5,585.0,952.5,647.0
725,28.960,1129,person,0.6997,625,490,675,616,650.0,553.0,650.0,616.0
725,28.960,1221,person,0.7143,69,377,113,487,91.0,432.0,91.0,487.0
725,28.960,1173,person,0.7922,652,542,704,673,678.0,607.5,678.0,673.0
725,28.960,1430,person,0.6610,1104,340,1142,443,1123.0,391.5,1123.0,443.0
725,28.960,1453,person,0.7333,1305,424,1364,551,1334.5,487.5,1334.5,551.0
725,28.960,1098,person,0.7043,666,406,708,519,687.0,462.5,687.0,519.0
725,28.960,1397,person,0.5680,568,310,607,388,587.5,349.0,587.5,388.0
725,28.960,1497,person,0.6244,1841,373,1878,484,1859.5,428.5,1859.5,484.0
725,28.960,1355,person,0.3385,823,322,864,414,843.5,368.0,843.5,414.0
725,28.960,1491,person,0.7514,1691,743,1750,912,1720.5,827.5,1720.5,912.0
725,28.960,1508,person,0.7267,421,339,456,445,438.5,392.0,438.5,445.0
725,28.960,1506,person,0.8157,801,470,850,594,825.5,532.0,825.5,594.0
726,29.000,1,person,0.6864,972,444,1018,567,995.0,505.5,995.0,567.0
726,29.000,1023,person,0.6582,926,524,972,649,949.0,586.5,949.0,649.0
726,29.000,1129,person,0.6500,623,490,674,617,648.5,553.5,648.5,617.0
726,29.000,1221,person,0.8005,63,376,109,489,86.0,432.5,86.0,489.0
726,29.000,1173,person,0.7803,647,542,701,675,674.0,608.5,674.0,675.0
726,29.000,1430,person,0.6895,1103,341,1141,443,1122.0,392.0,1122.0,443.0
726,29.000,1453,person,0.7924,1296,422,1357,552,1326.5,487.0,1326.5,552.0
726,29.000,1098,person,0.7560,662,406,705,519,683.5,462.5,683.5,519.0
726,29.000,1397,person,0.6140,560,311,600,390,580.0,350.5,580.0,390.0
726,29.000,1497,person,0.6258,1841,373,1879,483,1860.0,428.0,1860.0,483.0
726,29.000,1355,person,0.4074,826,321,867,414,846.5,367.5,846.5,414.0
726,29.000,1491,person,0.7926,1686,745,1747,917,1716.5,831.0,1716.5,917.0
726,29.000,1506,person,0.7689,801,469,852,597,826.5,533.0,826.5,597.0
726,29.000,1110,person,0.7328,420,339,463,443,441.5,391.0,441.5,443.0
727,29.040,1,person,0.6975,969,443,1015,567,992.0,505.0,992.0,567.0
727,29.040,1023,person,0.6901,918,523,965,652,941.5,587.5,941.5,652.0
727,29.040,1129,person,0.4681,618,487,675,635,646.5,561.0,646.5,635.0
727,29.040,1221,person,0.8528,57,377,104,489,80.5,433.0,80.5,489.0
727,29.040,1173,person,0.7868,643,545,699,677,671.0,611.0,671.0,677.0
727,29.040,1430,person,0.7164,1103,342,1140,443,1121.5,392.5,1121.5,443.0
727,29.040,1453,person,0.7697,1290,422,1351,550,1320.5,486.0,1320.5,550.0
727,29.040,1098,person,0.6582,657,406,700,518,678.5,462.0,678.5,518.0
727,29.040,1397,person,0.5196,550,312,589,391,569.5,351.5,569.5,391.0
727,29.040,1497,person,0.4886,1841,373,1880,485,1860.5,429.0,1860.5,485.0
727,29.040,1355,person,0.4170,830,319,870,414,850.0,366.5,850.0,414.0
727,29.040,1506,person,0.7553,801,468,854,597,827.5,532.5,827.5,597.0
727,29.040,1516,person,0.3872,504,227,555,296,529.5,261.5,529.5,296.0
727,29.040,1110,person,0.7662,420,338,464,445,442.0,391.5,442.0,445.0
727,29.040,1496,person,0.8081,1658,749,1764,921,1711.0,835.0,1711.0,921.0
728,29.080,1,person,0.6550,965,444,1011,567,988.0,505.5,988.0,567.0
728,29.080,1023,person,0.6819,914,522,961,651,937.5,586.5,937.5,651.0
728,29.080,1129,person,0.7485,622,483,692,663,657.0,573.0,657.0,663.0
728,29.080,1221,person,0.7682,52,375,101,490,76.5,432.5,76.5,490.0
728,29.080,1173,person,0.5376,641,551,697,677,669.0,614.0,669.0,677.0
728,29.080,1430,person,0.7054,1102,342,1139,443,1120.5,392.5,1120.5,443.0
728,29.080,1453,person,0.6755,1286,422,1347,548,1316.5,485.0,1316.5,548.0
728,29.080,1098,person,0.6955,651,405,696,517,673.5,461.0,673.5,517.0
728,29.080,1397,person,0.6252,542,311,581,391,561.5,351.0,561.5,391.0
728,29.080,1497,person,0.5652,1841,372,1880,487,1860.5,429.5,1860.5,487.0
728,29.080,1355,person,0.5417,834,318,873,414,853.5,366.0,853.5,414.0
728,29.080,1506,person,0.7331,801,468,854,593,827.5,530.5,827.5,593.0
728,29.080,1516,person,0.3217,505,229,553,294,529.0,261.5,529.0,294.0
728,29.080,1110,person,0.7959,419,337,465,444,442.0,390.5,442.0,444.0
728,29.080,1496,person,0.8009,1656,751,1761,923,1708.5,837.0,1708.5,923.0
729,29.120,1,person,0.7078,961,445,1009,570,985.0,507.5,985.0,570.0
729,29.120,1023,person,0.7152,910,523,957,656,933.5,589.5,933.5,656.0
729,29.120,1221,person,0.8053,45,372,96,489,70.5,430.5,70.5,489.0
729,29.120,1173,person,0.7959,635,546,695,677,665.0,611.5,665.0,677.0
729,29.120,1430,person,0.6608,1101,341,1138,444,1119.5,392.5,1119.5,444.0
729,29.120,1453,person,0.6326,1281,421,1341,545,1311.0,483.0,1311.0,545.0
729,29.120,1098,person,0.6792,648,406,695,518,671.5,462.0,671.5,518.0
729,29.120,1397,person,0.4965,533,312,571,391,552.0,351.5,552.0,391.0
729,29.120,1497,person,0.4822,1841,371,1879,487,1860.0,429.0,1860.0,487.0
729,29.120,1355,person,0.5036,837,318,876,416,856.5,367.0,856.5,416.0
729,29.120,1506,person,0.7750,800,467,853,590,826.5,528.5,826.5,590.0
729,29.120,1110,person,0.7738,418,336,464,444,441.0,390.0,441.0,444.0
729,29.120,1496,person,0.8384,1654,751,1760,924,1707.0,837.5,1707.0,924.0
729,29.120,1520,person,0.4232,1284,423,1329,542,1306.5,482.5,1306.5,542.0
730,29.160,1,person,0.6917,958,444,1005,568,981.5,506.0,981.5,568.0
730,29.160,1023,person,0.7050,906,522,954,656,930.0,589.0,930.0,656.0
730,29.160,1221,person,0.7773,35,372,87,489,61.0,430.5,61.0,489.0
730,29.160,1173,person,0.6693,629,546,690,678,659.5,612.0,659.5,678.0
730,29.160,1430,person,0.5927,1100,340,1137,443,1118.5,391.5,1118.5,443.0
730,29.160,1098,person,0.7000,642,406,692,524,667.0,465.0,667.0,524.0
730,29.160,1397,person,0.5597,525,312,562,390,543.5,351.0,543.5,390.0
730,29.160,1497,person,0.5479,1841,372,1879,485,1860.0,428.5,1860.0,485.0
730,29.160,1355,person,0.5548,839,318,878,416,858.5,367.0,858.5,416.0
730,29.160,1506,person,0.7702,798,468,851,588,824.5,528.0,824.5,588.0
730,29.160,1110,person,0.7800,415,335,463,445,439.0,390.0,439.0,445.0
730,29.160,1496,person,0.8350,1652,754,1758,925,1705.0,839.5,1705.0,925.0
730,29.160,1520,person,0.6739,1283,425,1329,544,1306.0,484.5,1306.0,544.0
730,29.160,1521,person,0.3552,412,367,463,444,437.5,405.5,437.5,444.0
730,29.160,1129,person,0.6754,619,484,694,675,656.5,579.5,656.5,675.0
731,29.200,1,person,0.6787,954,444,1004,571,979.0,507.5,979.0,571.0
731,29.200,1023,person,0.7975,902,521,951,659,926.5,590.0,926.5,659.0
731,29.200,1221,person,0.6628,23,373,75,490,49.0,431.5,49.0,490.0
731,29.200,1430,person,0.5800,1097,338,1135,445,1116.0,391.5,1116.0,445.0
731,29.200,1098,person,0.6613,637,407,685,521,661.0,464.0,661.0,521.0
731,29.200,1397,person,0.6505,515,309,554,390,534.5,349.5,534.5,390.0
731,29.200,1497,person,0.6092,1841,373,1878,483,1859.5,428.0,1859.5,483.0
731,29.200,1355,person,0.5181,842,319,880,414,861.0,366.5,861.0,414.0
731,29.200,1506,person,0.8114,796,467,849,588,822.5,527.5,822.5,588.0
731,29.200,1110,person,0.7629,411,335,460,446,435.5,390.5,435.5,446.0
731,29.200,1496,person,0.8040,1650,756,1756,926,1703.0,841.0,1703.0,926.0
731,29.200,1129,person,0.7610,613,485,690,679,651.5,582.0,651.5,679.0
731,29.200,1453,person,0.5637,1268,424,1324,546,1296.0,485.0,1296.0,546.0
732,29.240,1,person,0.7117,951,444,1002,572,976.5,508.0,976.5,572.0
732,29.240,1023,person,0.7894,895,518,947,660,921.0,589.0,921.0,660.0
732,29.240,1221,person,0.7858,13,373,64,492,38.5,432.5,38.5,492.0
732,29.240,1430,person,0.5664,1095,336,1134,445,1114.5,390.5,1114.5,445.0
732,29.240,1098,person,0.6429,632,405,680,517,656.0,461.0,656.0,517.0
732,29.240,1397,person,0.5209,508,310,547,391,527.5,350.5,527.5,391.0
732,29.240,1497,person,0.6310,1838,373,1876,483,1857.0,428.0,1857.0,483.0
732,29.240,1355,person,0.6211,845,319,884,414,864.5,366.5,864.5,414.0
732,29.240,1506,person,0.8145,795,466,849,587,822.0,526.5,822.0,587.0
732,29.240,1110,person,0.7827,410,335,459,446,434.5,390.5,434.5,446.0
732,29.240,1496,person,0.7539,1649,756,1756,928,1702.5,842.0,1702.5,928.0
732,29.240,1129,person,0.7202,609,484,686,679,647.5,581.5,647.5,679.0
732,29.240,1453,person,0.6697,1259,423,1315,545,1287.0,484.0,1287.0,545.0
733,29.280,1,person,0.6460,949,445,999,570,974.0,507.5,974.0,570.0
733,29.280,1023,person,0.7751,890,521,944,662,917.0,591.5,917.0,662.0
733,29.280,1221,person,0.8253,6,372,57,492,31.5,432.0,31.5,492.0
733,29.280,1430,person,0.5633,1093,334,1133,446,1113.0,390.0,1113.0,446.0
733,29.280,1098,person,0.6827,628,405,675,515,651.5,460.0,651.5,515.0
733,29.280,1397,person,0.6323,500,306,540,391,520.0,348.5,520.0,391.0
733,29.280,1497,person,0.5785,1836,373,1876,483,1856.0,428.0,1856.0,483.0
733,29.280,1355,person,0.5226,849,318,890,413,869.5,365.5,869.5,413.0
733,29.280,1506,person,0.8383,795,465,851,587,823.0,526.0,823.0,587.0
733,29.280,1110,person,0.7412,410,334,458,445,434.0,389.5,434.0,445.0
733,29.280,1496,person,0.7352,1649,756,1756,929,1702.5,842.5,1702.5,929.0
733,29.280,1453,person,0.6661,1254,421,1310,546,1282.0,483.5,1282.0,546.0
733,29.280,1173,person,0.6890,610,537,673,677,641.5,607.0,641.5,677.0
734,29.320,1,person,0.6487,944,444,994,569,969.0,506.5,969.0,569.0
734,29.320,1023,person,0.8022,888,523,943,663,915.5,593.0,915.5,663.0
734,29.320,1221,person,0.8296,0,373,49,491,24.5,432.0,24.5,491.0
734,29.320,1430,person,0.6114,1091,334,1131,447,1111.0,390.5,1111.0,447.0
734,29.320,1098,person,0.6566,624,404,671,513,647.5,458.5,647.5,513.0
734,29.320,1397,person,0.6100,494,306,533,389,513.5,347.5,513.5,389.0
734,29.320,1497,person,0.6268,1837,373,1879,484,1858.0,428.5,1858.0,484.0
734,29.320,1355,person,0.4262,851,318,893,413,872.0,365.5,872.0,413.0
734,29.320,1506,person,0.8380,794,466,851,587,822.5,526.5,822.5,587.0
734,29.320,1496,person,0.7324,1647,756,1751,929,1699.0,842.5,1699.0,929.0
734,29.320,1453,person,0.6976,1249,420,1306,545,1277.5,482.5,1277.5,545.0
734,29.320,1173,person,0.7054,603,539,666,680,634.5,609.5,634.5,680.0
734,29.320,1508,person,0.7273,417,334,453,443,435.0,388.5,435.0,443.0
735,29.360,1,person,0.6567,940,445,990,571,965.0,508.0,965.0,571.0
735,29.360,1023,person,0.7607,889,526,943,661,916.0,593.5,916.0,661.0
735,29.360,1221,person,0.7839,0,373,44,494,22.0,433.5,22.0,494.0
735,29.360,1430,person,0.6116,1090,338,1129,448,1109.5,393.0,1109.5,448.0
735,29.360,1098,person,0.5317,619,405,665,512,642.0,458.5,642.0,512.0
735,29.360,1397,person,0.5553,485,307,525,389,505.0,348.0,505.0,389.0
735,29.360,1497,person,0.5965,1839,374,1882,486,1860.5,430.0,1860.5,486.0
735,29.360,1355,person,0.3380,854,316,897,411,875.5,363.5,875.5,411.0
735,29.360,1506,person,0.7332,790,467,849,588,819.5,527.5,819.5,588.0
735,29.360,1496,person,0.7596,1645,756,1745,931,1695.0,843.5,1695.0,931.0
735,29.360,1453,person,0.7648,1243,419,1301,544,1272.0,481.5,1272.0,544.0
735,29.360,1173,person,0.6637,598,540,657,681,627.5,610.5,627.5,681.0
735,29.360,1508,person,0.7074,418,333,454,442,436.0,387.5,436.0,442.0
736,29.400,1,person,0.6951,939,446,990,572,964.5,509.0,964.5,572.0
736,29.400,1023,person,0.8251,888,527,944,662,916.0,594.5,916.0,662.0
736,29.400,1221,person,0.7082,0,373,40,495,20.0,434.0,20.0,495.0
736,29.400,1430,person,0.6793,1088,341,1127,450,1107.5,395.5,1107.5,450.0
736,29.400,1098,person,0.4841,616,407,658,506,637.0,456.5,637.0,506.0
736,29.400,1397,person,0.5565,478,309,516,389,497.0,349.0,497.0,389.0
736,29.400,1497,person,0.5897,1839,374,1884,487,1861.5,430.5,1861.5,487.0
736,29.400,1355,person,0.5837,855,316,900,413,877.5,364.5,877.5,413.0
736,29.400,1506,person,0.7453,787,468,846,587,816.5,527.5,816.5,587.0
736,29.400,1496,person,0.7392,1642,757,1737,935,1689.5,846.0,1689.5,935.0
736,29.400,1453,person,0.7192,1237,419,1296,543,1266.5,481.0,1266.5,543.0
736,29.400,1173,person,0.5261,594,544,652,682,623.0,613.0,623.0,682.0
736,29.400,1508,person,0.7546,418,334,453,444,435.5,389.0,435.5,444.0
736,29.400,1129,person,0.5133,589,487,663,684,626.0,585.5,626.0,684.0
737,29.440,1,person,0.6225,936,446,987,573,961.5,509.5,961.5,573.0
737,29.440,1023,person,0.7411,887,527,943,660,915.0,593.5,915.0,660.0
737,29.440,1221,person,0.7040,0,372,36,494,18.0,433.0,18.0,494.0
737,29.440,1430,person,0.6594,1087,342,1126,453,1106.5,397.5,1106.5,453.0
737,29.440,1098,person,0.5280,614,407,653,501,633.5,454.0,633.5,501.0
737,29.440,1397,person,0.6776,470,309,509,390,489.5,349.5,489.5,390.0
737,29.440,1497,person,0.5821,1838,373,1883,486,1860.5,429.5,1860.5,486.0
737,29.440,1355,person,0.5427,856,318,901,414,878.5,366.0,878.5,414.0
737,29.440,1506,person,0.7112,781,467,840,585,810.5,526.0,810.5,585.0
737,29.440,1496,person,0.6839,1638,759,1731,940,1684.5,849.5,1684.5,940.0
737,29.440,1453,person,0.6808,1232,422,1291,544,1261.5,483.0,1261.5,544.0
737,29.440,1173,person,0.5546,588,548,644,684,616.0,616.0,616.0,684.0
737,29.440,1508,person,0.7840,419,334,454,445,436.5,389.5,436.5,445.0
737,29.440,1129,person,0.5940,583,487,656,685,619.5,586.0,619.5,685.0
738,29.480,1,person,0.6589,934,445,985,572,959.5,508.5,959.5,572.0
738,29.480,1023,person,0.6549,883,526,938,659,910.5,592.5,910.5,659.0
738,29.480,1221,person,0.6474,0,378,32,494,16.0,436.0,16.0,494.0
738,29.480,1430,person,0.6925,1085,341,1124,453,1104.5,397.0,1104.5,453.0
738,29.480,1397,person,0.6417,462,312,500,392,481.0,352.0,481.0,392.0
738,29.480,1497,person,0.5358,1839,373,1883,487,1861.0,430.0,1861.0,487.0
738,29.480,1355,person,0.5507,859,318,904,415,881.5,366.5,881.5,415.0
738,29.480,1506,person,0.7697,775,467,835,588,805.0,527.5,805.0,588.0
738,29.480,1496,person,0.7759,1636,762,1726,943,1681.0,852.5,1681.0,943.0
738,29.480,1453,person,0.4587,1227,426,1284,544,1255.5,485.0,1255.5,544.0
738,29.480,1173,person,0.6645,584,547,640,684,612.0,615.5,612.0,684.0
738,29.480,1508,person,0.8118,418,334,455,447,436.5,390.5,436.5,447.0
738,29.480,1129,person,0.6673,578,485,651,685,614.5,585.0,614.5,685.0
738,29.480,1531,person,0.6360,1229,428,1269,544,1249.0,486.0,1249.0,544.0
738,29.480,1532,person,0.5440,898,443,991,572,944.5,507.5,944.5,572.0
739,29.520,1,person,0.6436,926,445,979,574,952.5,509.5,952.5,574.0
739,29.520,1023,person,0.6529,879,525,935,661,907.0,593.0,907.0,661.0
739,29.520,1430,person,0.6259,1083,342,1123,456,1103.0,399.0,1103.0,456.0
739,29.520,1397,person,0.7519,452,311,491,394,471.5,352.5,471.5,394.0
739,29.520,1497,person,0.5761,1842,371,1886,487,1864.0,429.0,1864.0,487.0
739,29.520,1355,person,0.5999,863,317,906,414,884.5,365.5,884.5,414.0
739,29.520,1506,person,0.7512,769,463,830,587,799.5,525.0,799.5,587.0
739,29.520,1496,person,0.7859,1631,765,1720,945,1675.5,855.0,1675.5,945.0
739,29.520,1453,person,0.6527,1222,429,1278,545,1250.0,487.0,1250.0,545.0
739,29.520,1173,person,0.7269,576,549,634,689,605.0,619.0,605.0,689.0
739,29.520,1508,person,0.7694,418,334,455,448,436.5,391.0,436.5,448.0
739,29.520,1531,person,0.4017,1223,428,1264,543,1243.5,485.5,1243.5,543.0
739,29.520,1532,person,0.7423,894,443,990,577,942.0,510.0,942.0,577.0
739,29.520,1098,person,0.4183,606,407,646,503,626.0,455.0,626.0,503.0
740,29.560,1023,person,0.6172,876,526,933,666,904.5,596.0,904.5,666.0
740,29.560,1430,person,0.6308,1082,344,1122,458,1102.0,401.0,1102.0,458.0
740,29.560,1397,person,0.4928,445,311,483,395,464.0,353.0,464.0,395.0
740,29.560,1497,person,0.5900,1844,371,1887,488,1865.5,429.5,1865.5,488.0
740,29.560,1355,person,0.5809,866,316,908,415,887.0,365.5,887.0,415.0
740,29.560,1506,person,0.7380,766,457,828,585,797.0,521.0,797.0,585.0
740,29.560,1496,person,0.8162,1625,770,1717,952,1671.0,861.0,1671.0,952.0
740,29.560,1173,person,0.7511,569,551,628,690,598.5,620.5,598.5,690.0
740,29.560,1508,person,0.7295,417,335,454,448,435.5,391.5,435.5,448.0
740,29.560,1531,person,0.6776,1219,429,1260,547,1239.5,488.0,1239.5,547.0
740,29.560,1532,person,0.7629,890,446,987,580,938.5,513.0,938.5,580.0
740,29.560,1098,person,0.3250,603,409,643,507,623.0,458.0,623.0,507.0
741,29.600,1023,person,0.6620,871,524,928,669,899.5,596.5,899.5,669.0
741,29.600,1430,person,0.6799,1082,346,1122,459,1102.0,402.5,1102.0,459.0
741,29.600,1497,person,0.5899,1845,373,1887,490,1866.0,431.5,1866.0,490.0
741,29.600,1355,person,0.5469,872,314,914,415,893.0,364.5,893.0,415.0
741,29.600,1506,person,0.7553,762,453,826,586,794.0,519.5,794.0,586.0
741,29.600,1496,person,0.8530,1623,774,1718,957,1670.5,865.5,1670.5,957.0
741,29.600,1173,person,0.7549,564,556,625,691,594.5,623.5,594.5,691.0
741,29.600,1508,person,0.7435,419,333,459,451,439.0,392.0,439.0,451.0
741,29.600,1531,person,0.6604,1213,429,1255,550,1234.0,489.5,1234.0,550.0
741,29.600,1532,person,0.7283,888,447,986,585,937.0,516.0,937.0,585.0
741,29.600,1098,person,0.2409,596,409,641,516,618.5,462.5,618.5,516.0
741,29.600,1,person,0.4745,921,449,974,582,947.5,515.5,947.5,582.0
742,29.640,1023,person,0.7323,866,525,921,670,893.5,597.5,893.5,670.0
742,29.640,1430,person,0.7183,1081,347,1121,463,1101.0,405.0,1101.0,463.0
742,29.640,1497,person,0.6622,1844,373,1887,493,1865.5,433.0,1865.5,493.0
742,29.640,1355,person,0.4679,876,314,918,418,897.0,366.0,897.0,418.0
742,29.640,1506,person,0.7709,758,454,822,586,790.0,520.0,790.0,586.0
742,29.640,1496,person,0.8458,1624,777,1721,960,1672.5,868.5,1672.5,960.0
742,29.640,1173,person,0.8042,562,557,625,693,593.5,625.0,593.5,693.0
742,29.640,1508,person,0.7874,421,324,466,452,443.5,388.0,443.5,452.0
742,29.640,1538,person,0.6429,1875,514,1917,665,1896.0,589.5,1896.0,665.0
742,29.640,1,person,0.6540,910,450,965,583,937.5,516.5,937.5,583.0
742,29.640,1129,person,0.6043,590,490,643,634,616.5,562.0,616.5,634.0
742,29.640,1453,person,0.7473,1202,429,1260,551,1231.0,490.0,1231.0,551.0
743,29.680,1023,person,0.6566,864,527,917,670,890.5,598.5,890.5,670.0
743,29.680,1430,person,0.6813,1081,349,1122,464,1101.5,406.5,1101.5,464.0
743,29.680,1497,person,0.7078,1844,374,1887,495,1865.5,434.5,1865.5,495.0
743,29.680,1355,person,0.5047,880,314,922,418,901.0,366.0,901.0,418.0
743,29.680,1506,person,0.7365,755,454,819,588,787.0,521.0,787.0,588.0
743,29.680,1496,person,0.8283,1624,781,1723,964,1673.5,872.5,1673.5,964.0
743,29.680,1173,person,0.7453,561,558,625,696,593.0,627.0,593.0,696.0
743,29.680,1508,person,0.7982,419,322,465,453,442.0,387.5,442.0,453.0
743,29.680,1538,person,0.6668,1870,516,1912,667,1891.0,591.5,1891.0,667.0
743,29.680,1,person,0.6358,906,451,963,585,934.5,518.0,934.5,585.0
743,29.680,1129,person,0.6559,591,489,644,630,617.5,559.5,617.5,630.0
743,29.680,1453,person,0.7171,1195,429,1255,557,1225.0,493.0,1225.0,557.0
743,29.680,1532,person,0.5395,899,454,988,582,943.5,518.0,943.5,582.0
744,29.720,1023,person,0.7157,863,529,914,670,888.5,599.5,888.5,670.0
744,29.720,1430,person,0.7398,1082,352,1122,465,1102.0,408.5,1102.0,465.0
744,29.720,1497,person,0.7845,1843,375,1888,498,1865.5,436.5,1865.5,498.0
744,29.720,1355,person,0.5862,885,316,927,418,906.0,367.0,906.0,418.0
744,29.720,1506,person,0.7606,751,454,814,589,782.5,521.5,782.5,589.0
744,29.720,1496,person,0.7844,1621,783,1722,968,1671.5,875.5,1671.5,968.0
744,29.720,1173,person,0.7292,557,557,622,696,589.5,626.5,589.5,696.0
744,29.720,1508,person,0.8148,416,321,464,454,440.0,387.5,440.0,454.0
744,29.720,1538,person,0.7690,1864,520,1906,667,1885.0,593.5,1885.0,667.0
744,29.720,1,person,0.6463,903,452,962,585,932.5,518.5,932.5,585.0
744,29.720,1129,person,0.7672,591,488,643,629,617.0,558.5,617.0,629.0
744,29.720,1453,person,0.7760,1188,428,1251,558,1219.5,493.0,1219.5,558.0
744,29.720,1098,person,0.5132,576,420,631,555,603.5,487.5,603.5,555.0
745,29.760,1023,person,0.7338,861,531,911,675,886.0,603.0,886.0,675.0
745,29.760,1430,person,0.6942,1082,357,1121,468,1101.5,412.5,1101.5,468.0
745,29.760,1497,person,0.7988,1841,377,1888,501,1864.5,439.0,1864.5,501.0
745,29.760,1355,person,0.6647,887,316,930,420,908.5,368.0,908.5,420.0
745,29.760,1506,person,0.8248,746,454,809,591,777.5,522.5,777.5,591.0
745,29.760,1496,person,0.7361,1618,785,1718,969,1668.0,877.0,1668.0,969.0
745,29.760,1173,person,0.7574,551,556,617,697,584.0,626.5,584.0,697.0
745,29.760,1508,person,0.7842,412,319,461,455,436.5,387.0,436.5,455.0
745,29.760,1538,person,0.7591,1860,522,1903,669,1881.5,595.5,1881.5,669.0
745,29.760,1,person,0.7320,901,453,960,587,930.5,520.0,930.5,587.0
745,29.760,1129,person,0.6905,590,491,642,629,616.0,560.0,616.0,629.0
745,29.760,1453,person,0.7974,1181,427,1246,561,1213.5,494.0,1213.5,561.0
745,29.760,1098,person,0.5262,569,421,627,567,598.0,494.0,598.0,567.0
746,29.800,1023,person,0.6640,858,535,906,676,882.0,605.5,882.0,676.0
746,29.800,1430,person,0.7285,1081,359,1120,469,1100.5,414.0,1100.5,469.0
746,29.800,1497,person,0.7876,1839,380,1888,502,1863.5,441.0,1863.5,502.0
746,29.800,1355,person,0.7573,887,316,932,424,909.5,370.0,909.5,424.0
746,29.800,1506,person,0.8254,742,455,804,593,773.0,524.0,773.0,593.0
746,29.800,1496,person,0.7751,1616,789,1715,972,1665.5,880.5,1665.5,972.0
746,29.800,1173,person,0.7491,543,556,609,698,576.0,627.0,576.0,698.0
746,29.800,1508,person,0.7589,409,327,457,456,433.0,391.5,433.0,456.0
746,29.800,1538,person,0.7741,1859,524,1904,675,1881.5,599.5,1881.5,675.0
746,29.800,1,person,0.7634,898,458,957,589,927.5,523.5,927.5,589.0
746,29.800,1129,person,0.7013,589,491,642,631,615.5,561.0,615.5,631.0
746,29.800,1453,person,0.7247,1177,431,1242,562,1209.5,496.5,1209.5,562.0
746,29.800,1098,person,0.6892,567,422,619,556,593.0,489.0,593.0,556.0
746,29.800,1544,person,0.4488,1616,790,1684,974,1650.0,882.0,1650.0,974.0
746,29.800,1531,person,0.5378,1180,434,1224,561,1202.0,497.5,1202.0,561.0
747,29.840,1023,person,0.6569,853,536,903,680,878.0,608.0,878.0,680.0
747,29.840,1430,person,0.7266,1079,360,1119,473,1099.0,416.5,1099.0,473.0
747,29.840,1497,person,0.8236,1838,381,1889,506,1863.5,443.5,1863.5,506.0
747,29.840,1355,person,0.6870,886,316,931,425,908.5,370.5,908.5,425.0
747,29.840,1506,person,0.7847,739,455,800,594,769.5,524.5,769.5,594.0
747,29.840,1173,person,0.7502,536,560,601,705,568.5,632.5,568.5,705.0
747,29.840,1538,person,0.7154,1859,525,1906,679,1882.5,602.0,1882.5,679.0
747,29.840,1,person,0.7636,896,464,954,592,925.0,528.0,925.0,592.0
747,29.840,1129,person,0.7691,587,491,639,632,613.0,561.5,613.0,632.0
747,29.840,1453,person,0.6698,1174,437,1237,565,1205.5,501.0,1205.5,565.0
747,29.840,1098,person,0.6269,562,422,613,556,587.5,489.0,587.5,556.0
747,29.840,1544,person,0.8070,1622,792,1690,978,1656.0,885.0,1656.0,978.0
747,29.840,1531,person,0.3586,1175,437,1218,561,1196.5,499.0,1196.5,561.0
748,29.880,1023,person,0.7008,849,537,900,682,874.5,609.5,874.5,682.0
748,29.880,1430,person,0.6922,1078,360,1119,476,1098.5,418.0,1098.5,476.0
748,29.880,1497,person,0.7946,1838,383,1891,508,1864.5,445.5,1864.5,508.0
748,29.880,1355,person,0.6312,886,319,932,427,909.0,373.0,909.0,427.0
748,29.880,1506,person,0.7847,735,456,795,594,765.0,525.0,765.0,594.0
748,29.880,1173,person,0.7272,531,561,595,707,563.0,634.0,563.0,707.0
748,29.880,1538,person,0.7392,1863,528,1910,682,1886.5,605.0,1886.5,682.0
748,29.880,1,person,0.7461,895,466,953,596,924.0,531.0,924.0,596.0
748,29.880,1129,person,0.7360,586,491,639,633,612.5,562.0,612.5,633.0
748,29.880,1098,person,0.6932,558,423,609,557,583.5,490.0,583.5,557.0
748,29.880,1544,person,0.8080,1619,796,1687,984,1653.0,890.0,1653.0,984.0
748,29.880,1531,person,0.6583,1173,440,1217,566,1195.0,503.0,1195.0,566.0
748,29.880,1521,person,0.7884,399,342,469,456,434.0,399.0,434.0,456.0
748,29.880,1397,person,0.4283,379,327,419,414,399.0,370.5,399.0,414.0
749,29.920,1023,person,0.6494,849,537,901,685,875.0,611.0,875.0,685.0
749,29.920,1430,person,0.6678,1077,360,1119,479,1098.0,419.5,1098.0,479.0
749,29.920,1497,person,0.7654,1839,384,1894,511,1866.5,447.5,1866.5,511.0
749,29.920,1355,person,0.6795,888,318,934,428,911.0,373.0,911.0,428.0
749,29.920,1506,person,0.7172,732,456,791,593,761.5,524.5,761.5,593.0
749,29.920,1173,person,0.6125,526,561,590,710,558.0,635.5,558.0,710.0
749,29.920,1538,person,0.7305,1864,530,1912,682,1888.0,606.0,1888.0,682.0
749,29.920,1,person,0.7860,894,468,954,599,924.0,533.5,924.0,599.0
749,29.920,1129,person,0.7317,586,491,640,636,613.0,563.5,613.0,636.0
749,29.920,1098,person,0.6875,554,424,606,561,580.0,492.5,580.0,561.0
749,29.920,1544,person,0.7875,1615,798,1686,992,1650.5,895.0,1650.5,992.0
749,29.920,1531,person,0.6565,1166,441,1210,569,1188.0,505.0,1188.0,569.0
749,29.920,1521,person,0.7701,399,341,468,458,433.5,399.5,433.5,458.0
749,29.920,1397,person,0.5937,370,327,413,420,391.5,373.5,391.5,420.0
750,29.960,1023,person,0.5471,848,538,901,686,874.5,612.0,874.5,686.0
750,29.960,1430,person,0.6985,1077,360,1118,477,1097.5,418.5,1097.5,477.0
750,29.960,1497,person,0.7996,1842,385,1896,511,1869.0,448.0,1869.0,511.0
750,29.960,1355,person,0.6706,889,316,937,429,913.0,372.5,913.0,429.0
750,29.960,1506,person,0.6976,729,456,789,594,759.0,525.0,759.0,594.0
750,29.960,1173,person,0.6991,521,562,583,711,552.0,636.5,552.0,711.0
750,29.960,1538,person,0.6942,1867,529,1915,684,1891.0,606.5,1891.0,684.0
750,29.960,1,person,0.7426,894,469,953,598,923.5,533.5,923.5,598.0
750,29.960,1129,person,0.6905,585,490,640,636,612.5,563.0,612.5,636.0
750,29.960,1098,person,0.7174,550,424,601,562,575.5,493.0,575.5,562.0
750,29.960,1544,person,0.8100,1611,801,1682,996,1646.5,898.5,1646.5,996.0
750,29.960,1531,person,0.7951,1161,442,1206,572,1183.5,507.0,1183.5,572.0
750,29.960,1521,person,0.7781,400,341,466,458,433.0,399.5,433.0,458.0
750,29.960,1397,person,0.5861,361,325,405,421,383.0,373.0,383.0,421.0
