frame_number,timestamp_s,track_id,team_label,bbox_x1,bbox_y1,bbox_x2,bbox_y2,foot_x_px,foot_y_px,pitch_x_m,pitch_y_m
1,0.0000,1,Team B,1437,488,1501,600,1469.0,597.8,79.9480,51.8574
1,0.0000,2,Team A,1406,666,1474,815,1440.0,812.0,73.3419,60.1257
1,0.0000,3,Team B,799,463,852,568,825.5,565.9,72.0292,45.8728
1,0.0000,4,Team B,459,327,496,418,477.5,416.2,71.1276,31.2004
1,0.0000,5,Team B,293,598,370,746,331.5,743.0,62.2934,51.9493
1,0.0000,6,Team B,1648,516,1702,626,1675.0,623.8,81.7008,54.3922
1,0.0000,7,Team B,1043,427,1097,536,1070.0,533.8,76.6494,45.5269
1,0.0000,8,Team B,840,325,899,427,869.5,425.0,77.8373,35.4311
1,0.0000,9,Team B,1169,311,1201,401,1185.0,399.2,84.9452,35.6616
1,0.0000,10,Team B,61,250,90,335,75.5,333.3,65.8816,16.8869
1,0.0000,11,Referee,661,302,699,389,680.0,387.3,76.0680,29.8657
1,0.0000,12,Team B,1382,338,1427,452,1404.5,449.7,85.8532,41.9970
1,0.0000,13,Team B,969,264,1024,364,996.5,362.0,83.6220,29.9150
1,0.0000,14,Team B,1519,401,1563,509,1541.0,506.8,84.9830,47.1452
1,0.0000,15,Team B,1239,373,1303,469,1271.0,467.1,82.6869,42.3010
1,0.0000,16,Staff/GK,1768,259,1802,339,1785.0,337.4,101.6582,34.7543
2,0.0400,1,Team B,1433,484,1498,598,1465.5,595.7,79.9582,51.7849
2,0.0400,2,Team A,1402,661,1474,817,1438.0,813.9,73.2960,60.1644
2,0.0400,3,Team B,795,467,845,566,820.0,564.0,72.0005,45.7835
2,0.0400,4,Team B,447,327,485,419,466.0,417.2,70.9631,31.1991
2,0.0400,5,Team B,291,597,368,746,329.5,743.0,62.2630,51.9512
2,0.0400,6,Team B,1639,514,1693,626,1666.0,623.8,81.6250,54.3620
2,0.0400,7,Team B,1038,429,1089,533,1063.5,530.9,76.6434,45.3869
2,0.0400,8,Team B,835,325,894,429,864.5,426.9,77.7156,35.5136
2,0.0400,9,Team B,1163,314,1195,402,1179.0,400.2,84.8287,35.6857
2,0.0400,10,Team B,52,252,80,334,66.0,332.4,65.7507,16.7365
2,0.0400,11,Referee,652,300,691,389,671.5,387.2,75.9542,29.8116
2,0.0400,12,Team B,1371,345,1412,449,1391.5,446.9,85.8079,41.7958
2,0.0400,13,Team B,959,269,1010,361,984.5,359.2,83.5705,29.6369
2,0.0400,14,Team B,1518,400,1556,492,1537.0,490.2,85.4596,46.4601
2,0.0400,15,Team B,1233,371,1299,470,1266.0,468.0,82.5990,42.3185
3,0.0800,1,Team B,1432,482,1499,599,1465.5,596.7,79.9331,51.7877
3,0.0800,2,Team A,1401,659,1473,815,1437.0,811.9,73.2900,60.1505
3,0.0800,3,Team B,787,467,837,567,812.0,565.0,71.8897,45.7543
3,0.0800,4,Team B,439,329,476,419,457.5,417.2,70.7848,31.1541
3,0.0800,5,Team B,292,596,371,747,331.5,744.0,62.2413,51.9918
3,0.0800,6,Team B,1631,515,1686,626,1658.5,623.8,81.5291,54.3269
3,0.0800,7,Team B,1032,430,1083,534,1057.5,531.9,76.5532,45.3455
3,0.0800,8,Team B,827,325,885,428,856.0,425.9,77.5881,35.4442
3,0.0800,9,Team B,1155,318,1188,404,1171.5,402.3,84.6132,35.7706
3,0.0800,10,Team B,40,249,70,336,55.0,334.3,65.4981,16.7790
3,0.0800,11,Referee,645,300,683,389,664.0,387.2,75.8051,29.7440
3,0.0800,12,Team B,1359,331,1406,449,1382.5,446.6,85.6981,41.6544
3,0.0800,13,Team B,949,268,998,356,973.5,354.2,83.5889,29.0984
3,0.0800,14,Team B,1508,398,1551,503,1529.5,500.9,85.2342,46.5849
3,0.0800,15,Team B,1225,369,1291,470,1258.0,468.0,82.4755,42.2838
4,0.1200,1,Team B,1430,485,1497,601,1463.5,598.7,79.8532,51.8457
4,0.1200,2,Team A,1398,657,1468,809,1433.0,806.0,73.3340,60.0334
4,0.1200,3,Team B,778,467,827,566,802.5,564.0,71.7662,45.6703
4,0.1200,4,Team B,426,330,464,421,445.0,419.2,70.5183,31.1925
4,0.1200,5,Team B,286,598,364,749,325.0,746.0,62.1567,52.0471
4,0.1200,6,Team B,1626,517,1680,627,1653.0,624.8,81.4178,54.3246
4,0.1200,7,Team B,1028,433,1077,534,1052.5,532.0,76.4591,45.3110
4,0.1200,8,Team B,823,326,878,426,850.5,424.0,77.5160,35.2738
4,0.1200,9,Team B,1146,317,1180,404,1163.0,402.3,84.4213,35.7531
4,0.1200,10,Team B,30,250,61,337,45.5,335.3,65.2324,16.8248
4,0.1200,11,Referee,635,299,672,388,653.5,386.2,75.6339,29.5866
4,0.1200,13,Team B,939,267,988,358,963.5,356.2,83.3856,28.9591
4,0.1200,14,Team B,1501,396,1545,502,1523.0,499.9,85.1071,46.5641
4,0.1200,15,Team B,1218,369,1284,470,1251.0,468.0,82.3465,42.2348
5,0.1600,1,Team B,1425,490,1490,601,1457.5,598.8,79.7621,51.8522
5,0.1600,2,Team A,1392,658,1460,806,1426.0,803.0,73.3383,59.9211
5,0.1600,3,Team B,770,469,820,569,795.0,567.0,71.5881,45.7199
5,0.1600,4,Team B,414,331,454,424,434.0,422.1,70.2147,31.3326
5,0.1600,5,Team B,277,598,355,751,316.0,747.9,62.0301,52.0992
5,0.1600,6,Team B,1623,520,1678,627,1650.5,624.9,81.3461,54.3202
5,0.1600,7,Team B,1025,435,1074,535,1049.5,533.0,76.3603,45.3255
5,0.1600,8,Team B,815,326,870,426,842.5,424.0,77.3861,35.1612
5,0.1600,9,Team B,1136,318,1170,402,1153.0,400.3,84.2901,35.5726
5,0.1600,10,Team B,20,253,49,335,34.5,333.4,64.9906,16.5955
5,0.1600,11,Referee,627,301,663,388,645.0,386.3,75.4485,29.4750
5,0.1600,13,Team B,928,271,974,358,951.0,356.3,83.1338,28.8296
5,0.1600,14,Team B,1493,396,1536,503,1514.5,500.9,84.9387,46.5562
5,0.1600,15,Team B,1209,368,1274,469,1241.5,467.0,82.2198,42.1218
5,0.1600,12,Team B,1332,331,1377,443,1354.5,440.8,85.5489,41.1643
6,0.2000,1,Team B,1421,489,1488,602,1454.5,599.7,79.6716,51.8758
6,0.2000,2,Team A,1387,664,1455,809,1421.0,806.1,73.2577,59.9292
6,0.2000,3,Team B,759,468,812,573,785.5,570.9,71.3567,45.8484
6,0.2000,4,Team B,399,334,440,426,419.5,424.2,69.8779,31.4366
6,0.2000,5,Team B,269,599,346,751,307.5,748.0,61.9037,52.1024
6,0.2000,6,Team B,1615,519,1673,628,1644.0,625.8,81.2379,54.3250
6,0.2000,7,Team B,1018,433,1068,535,1043.0,533.0,76.2511,45.3031
6,0.2000,8,Team B,806,325,860,426,833.0,424.0,77.2174,35.0632
6,0.2000,9,Team B,1127,320,1162,405,1144.5,403.3,84.0251,35.6270
6,0.2000,10,Team B,14,253,39,320,26.5,318.7,65.0134,15.0414
6,0.2000,11,Referee,616,299,654,391,635.0,389.2,75.1644,29.5683
6,0.2000,13,Team B,916,269,963,359,939.5,357.2,82.8428,28.7726
6,0.2000,14,Team B,1486,398,1528,499,1507.0,497.0,84.9124,46.3623
6,0.2000,15,Team B,1200,370,1264,471,1232.0,469.0,82.0049,42.1229
6,0.2000,12,Team B,1320,341,1360,442,1340.0,440.0,85.3557,40.8542
7,0.2400,1,Team B,1424,491,1489,603,1456.5,600.8,79.6210,51.9269
7,0.2400,2,Team A,1380,669,1445,808,1412.5,805.2,73.1743,59.9008
7,0.2400,3,Team B,748,465,807,584,777.5,581.6,71.0094,46.2602
7,0.2400,4,Team B,386,334,429,429,407.5,427.1,69.5389,31.5953
7,0.2400,5,Team B,259,601,334,750,296.5,747.0,61.7663,52.0537
7,0.2400,6,Team B,1606,521,1665,629,1635.5,626.8,81.0980,54.3279
7,0.2400,7,Team B,1007,431,1059,539,1033.0,536.8,76.0221,45.4051
7,0.2400,8,Team B,800,325,854,428,827.0,425.9,77.0178,35.1030
7,0.2400,9,Team B,1120,321,1157,405,1138.5,403.3,83.8392,35.6130
7,0.2400,10,Team B,4,261,29,327,16.5,325.7,64.7442,15.0361
7,0.2400,11,Referee,606,301,644,393,625.0,391.2,74.8660,29.6818
7,0.2400,13,Team B,906,274,949,358,927.5,356.3,82.5970,28.6089
7,0.2400,14,Team B,1481,400,1523,499,1502.0,497.0,84.8455,46.2627
7,0.2400,15,Team B,1191,373,1254,471,1222.5,469.0,81.8121,42.0795
7,0.2400,12,Team B,1307,331,1351,441,1329.0,438.8,85.1944,40.6127
7,0.2400,28,Team B,943,278,985,366,964.0,364.2,82.6849,29.7993
8,0.2800,1,Team B,1425,490,1491,606,1458.0,603.7,79.5400,52.0448
8,0.2800,2,Team A,1372,672,1438,810,1405.0,807.2,73.0568,59.9157
8,0.2800,3,Team B,742,471,800,590,771.0,587.6,70.7078,46.6160
8,0.2800,4,Team B,373,335,416,429,394.5,427.1,69.2431,31.5916
8,0.2800,5,Team B,251,602,325,748,288.0,745.1,61.6483,51.9663
8,0.2800,6,Team B,1601,520,1662,630,1631.5,627.8,80.9823,54.3449
8,0.2800,7,Team B,997,432,1050,542,1023.5,539.8,75.7706,45.5224
8,0.2800,8,Team B,792,326,845,430,818.5,427.9,76.7793,35.1861
8,0.2800,9,Team B,1115,320,1154,406,1134.5,404.3,83.6742,35.6377
8,0.2800,10,Team B,0,262,25,344,12.5,342.4,64.2928,16.5535
8,0.2800,11,Referee,596,303,635,395,615.5,393.2,74.5686,29.8057
8,0.2800,13,Team B,896,273,940,359,918.0,357.3,82.3318,28.5518
8,0.2800,14,Team B,1478,402,1516,492,1497.0,490.2,84.9755,45.9186
8,0.2800,15,Team B,1184,376,1244,471,1214.0,469.1,81.6379,42.0230
8,0.2800,12,Team B,1296,345,1333,441,1314.5,439.1,84.9589,40.4552
8,0.2800,28,Team B,932,276,976,367,954.0,365.2,82.5155,29.8020
9,0.3200,1,Team B,1424,487,1490,606,1457.0,603.6,79.4928,52.0895
9,0.3200,2,Team A,1366,671,1431,810,1398.5,807.2,72.9597,59.9122
9,0.3200,3,Team B,734,478,791,596,762.5,593.6,70.4098,46.9398
9,0.3200,4,Team B,363,335,406,429,384.5,427.1,68.9973,31.5371
9,0.3200,5,Team B,241,606,316,754,278.5,751.0,61.4784,52.0625
9,0.3200,6,Team B,1600,522,1661,633,1630.5,630.8,80.8547,54.4339
9,0.3200,7,Team B,990,433,1044,544,1017.0,541.8,75.5583,45.6201
9,0.3200,8,Team B,787,329,839,432,813.0,429.9,76.5570,35.3037
9,0.3200,9,Team B,1112,321,1152,408,1132.0,406.3,83.4993,35.7459
9,0.3200,11,Referee,588,305,627,396,607.5,394.2,74.3143,29.8760
9,0.3200,13,Team B,888,273,932,362,910.0,360.2,82.0064,28.6902
9,0.3200,14,Team B,1475,403,1507,478,1491.0,476.5,85.4004,45.1687
9,0.3200,15,Team B,1173,374,1235,473,1204.0,471.0,81.4023,42.0411
9,0.3200,12,Team B,1284,344,1321,440,1302.5,438.1,84.7629,40.2784
9,0.3200,28,Team B,927,285,967,370,947.0,368.3,82.2369,29.9759
10,0.3600,1,Team B,1422,489,1486,607,1454.0,604.6,79.4188,52.1302
10,0.3600,2,Team A,1360,669,1426,811,1393.0,808.2,72.8642,59.9226
10,0.3600,3,Team B,728,484,782,597,755.0,594.7,70.1972,47.0822
10,0.3600,4,Team B,353,338,395,430,374.0,428.2,68.7470,31.5237
10,0.3600,5,Team B,228,607,308,761,268.0,757.9,61.2763,52.2509
10,0.3600,6,Team B,1600,526,1661,635,1630.5,632.8,80.7515,54.5294
10,0.3600,7,Team B,983,435,1038,546,1010.5,543.8,75.3618,45.7107
10,0.3600,8,Team B,781,331,830,431,805.5,429.0,76.3966,35.2561
10,0.3600,9,Team B,1105,324,1145,409,1125.0,407.3,83.3033,35.8085
10,0.3600,11,Referee,576,311,616,400,596.0,398.2,73.9632,30.1069
10,0.3600,13,Team B,878,278,920,361,899.0,359.3,81.7580,28.6115
10,0.3600,14,Team B,1464,405,1503,497,1483.5,495.2,84.8982,45.6225
10,0.3600,15,Team B,1165,373,1229,475,1197.0,473.0,81.1720,42.1038
10,0.3600,12,Team B,1274,349,1309,440,1291.5,438.2,84.5554,40.1548
10,0.3600,28,Team B,921,286,960,369,940.5,367.3,82.0664,29.9349
11,0.4000,1,Team B,1420,491,1483,609,1451.5,606.6,79.3166,52.2007
11,0.4000,2,Team A,1355,670,1421,811,1388.0,808.2,72.7848,59.9226
11,0.4000,3,Team B,720,488,773,599,746.5,596.8,69.9967,47.1810
11,0.4000,4,Team B,345,337,388,432,366.5,430.1,68.5119,31.5971
11,0.4000,5,Team B,218,609,298,763,258.0,759.9,61.0967,52.3543
11,0.4000,6,Team B,1599,525,1661,636,1630.0,633.8,80.6784,54.5961
11,0.4000,7,Team B,976,438,1032,548,1004.0,545.8,75.1715,45.7990
11,0.4000,8,Team B,774,333,824,434,799.0,432.0,76.1711,35.3711
11,0.4000,9,Team B,1096,327,1137,413,1116.5,411.3,82.9836,36.0165
11,0.4000,11,Referee,565,310,607,403,586.0,401.1,73.6204,30.3340
11,0.4000,13,Team B,872,276,914,360,893.0,358.3,81.6056,28.4641
11,0.4000,14,Team B,1456,406,1497,502,1476.5,500.1,84.4729,45.9728
11,0.4000,15,Team B,1161,372,1223,474,1192.0,472.0,81.0475,42.0571
11,0.4000,12,Team B,1262,349,1297,441,1279.5,439.2,84.3032,40.0927
11,0.4000,28,Team B,909,286,951,372,930.0,370.3,81.7540,30.0584
12,0.4400,1,Team B,1417,493,1479,610,1448.0,607.7,79.2167,52.2498
12,0.4400,2,Team A,1352,671,1418,811,1385.0,808.2,72.7246,59.9244
12,0.4400,3,Team B,711,491,764,599,737.5,596.8,69.8262,47.1917
12,0.4400,4,Team B,338,338,381,434,359.5,432.1,68.2882,31.7098
12,0.4400,5,Team B,209,609,289,762,249.0,758.9,60.9518,52.3521
12,0.4400,6,Team B,1597,530,1657,638,1627.0,635.8,80.5734,54.6723
12,0.4400,7,Team B,972,441,1027,550,999.5,547.8,75.0021,45.8945
12,0.4400,8,Team B,770,337,816,433,793.0,431.1,76.0238,35.3327
12,0.4400,9,Team B,1092,326,1136,418,1114.0,416.2,82.6535,36.3625
12,0.4400,11,Referee,555,311,598,404,576.5,402.1,73.3337,30.4360
12,0.4400,13,Team B,865,278,906,362,885.5,360.3,81.3662,28.5015
12,0.4400,14,Team B,1449,406,1489,497,1469.0,495.2,84.3717,45.8775
12,0.4400,15,Team B,1157,373,1219,477,1188.0,474.9,80.8631,42.1552
12,0.4400,12,Team B,1250,349,1287,442,1268.5,440.1,84.0440,40.0602
12,0.4400,28,Team B,901,291,943,377,922.0,375.3,81.3467,30.4019
13,0.4800,1,Team B,1414,495,1474,612,1444.0,609.7,79.0923,52.3180
13,0.4800,2,Team A,1345,671,1411,811,1378.0,808.2,72.6465,59.9146
13,0.4800,3,Team B,702,495,756,607,729.0,604.8,69.5583,47.4400
13,0.4800,4,Team B,331,342,372,438,351.5,436.1,68.0247,31.9546
13,0.4800,5,Team B,201,611,281,764,241.0,760.9,60.8090,52.3857
13,0.4800,6,Team B,1593,536,1652,642,1622.5,639.9,80.4008,54.8001
13,0.4800,7,Team B,974,441,1028,549,1001.0,546.8,74.9550,45.9028
13,0.4800,8,Team B,766,342,810,434,788.0,432.2,75.8684,35.3507
13,0.4800,9,Team B,1088,327,1133,419,1110.5,417.2,82.4375,36.5352
13,0.4800,11,Referee,547,314,589,405,568.0,403.2,73.0800,30.4960
13,0.4800,13,Team B,857,283,897,365,877.0,363.4,81.0451,28.6820
13,0.4800,14,Team B,1446,408,1482,492,1464.0,490.3,84.4239,45.6127
13,0.4800,15,Team B,1151,373,1213,478,1182.0,475.9,80.6911,42.2100
13,0.4800,12,Team B,1238,350,1274,442,1256.0,440.2,83.7977,39.9833
13,0.4800,28,Team B,900,293,942,379,921.0,377.3,81.0887,30.6640
14,0.5200,1,Team B,1412,500,1471,615,1441.5,612.7,78.9482,52.4303
14,0.5200,2,Team A,1338,671,1405,813,1371.5,810.2,72.5386,59.9392
14,0.5200,3,Team B,694,500,750,612,722.0,609.8,69.3082,47.6865
14,0.5200,4,Team B,321,344,362,441,341.5,439.1,67.7429,32.1794
14,0.5200,5,Team B,195,614,273,765,234.0,762.0,60.6800,52.4128
14,0.5200,6,Team B,1588,546,1645,645,1616.5,643.0,80.2099,54.9185
14,0.5200,7,Team B,970,442,1024,554,997.0,551.8,74.7894,46.0788
14,0.5200,8,Team B,762,344,809,439,785.5,437.1,75.6407,35.6214
14,0.5200,9,Team B,1087,328,1130,415,1108.5,413.3,82.4443,36.3657
14,0.5200,11,Referee,540,317,580,406,560.0,404.2,72.8454,30.5419
14,0.5200,13,Team B,851,285,891,366,871.0,364.4,80.7926,28.7871
14,0.5200,14,Team B,1440,411,1476,497,1458.0,495.3,84.2269,45.6856
14,0.5200,15,Team B,1146,380,1203,480,1174.5,478.0,80.4784,42.2924
14,0.5200,12,Team B,1229,351,1267,444,1248.0,442.1,83.5399,40.0111
14,0.5200,28,Team B,894,294,938,384,916.0,382.2,80.7476,31.0669
15,0.5600,1,Team A,1413,504,1472,618,1442.5,615.7,78.8257,52.5723
15,0.5600,2,Team A,1332,672,1400,818,1366.0,815.1,72.3868,60.0365
15,0.5600,3,Team B,686,503,745,620,715.5,617.7,69.0312,48.0290
15,0.5600,4,Team B,313,348,353,442,333.0,440.1,67.5023,32.2887
15,0.5600,5,Team B,187,613,264,766,225.5,762.9,60.5466,52.4305
15,0.5600,6,Team B,1581,553,1638,652,1609.5,650.0,79.9227,55.1316
15,0.5600,7,Team B,968,444,1021,554,994.5,551.8,74.6877,46.1421
15,0.5600,8,Team B,755,347,802,443,778.5,441.1,75.3626,35.9140
15,0.5600,9,Team B,1083,332,1126,418,1104.5,416.3,82.2909,36.4462
15,0.5600,11,Referee,532,318,572,408,552.0,406.2,72.5974,30.6432
15,0.5600,13,Team B,842,287,883,370,862.5,368.3,80.4388,29.0582
15,0.5600,14,Team B,1435,413,1472,503,1453.5,501.2,83.9190,45.9372
15,0.5600,15,Team B,1139,379,1197,481,1168.0,479.0,80.2912,42.3378
15,0.5600,12,Team B,1219,353,1258,445,1238.5,443.2,83.2934,40.0243
15,0.5600,28,Team B,885,296,929,382,907.0,380.3,80.5532,31.0440
16,0.6000,1,Team A,1413,504,1473,619,1443.0,616.7,78.7515,52.6636
16,0.6000,2,Team A,1326,677,1395,821,1360.5,818.1,72.2425,60.1271
16,0.6000,3,Team B,679,508,739,626,709.0,623.6,68.7723,48.3431
16,0.6000,4,Team B,303,349,345,447,324.0,445.0,67.2115,32.5771
16,0.6000,5,Team B,182,614,256,768,219.0,764.9,60.4192,52.4765
16,0.6000,6,Team B,1578,562,1635,658,1606.5,656.1,79.6505,55.3700
16,0.6000,7,Team B,962,446,1014,556,988.0,553.8,74.5373,46.2183
16,0.6000,8,Team B,745,348,795,447,770.0,445.0,75.0516,36.2039
16,0.6000,9,Team B,1080,339,1120,418,1100.0,416.4,82.1624,36.4588
16,0.6000,11,Referee,523,320,563,411,543.0,409.2,72.3111,30.8254
16,0.6000,13,Team B,833,288,873,372,853.0,370.3,80.1010,29.2474
16,0.6000,14,Team B,1432,414,1465,492,1448.5,490.4,84.0636,45.5669
16,0.6000,15,Team B,1135,381,1192,483,1163.5,481.0,80.1058,42.4252
16,0.6000,12,Team B,1213,358,1251,445,1232.0,443.3,83.1123,39.9995
16,0.6000,28,Team B,883,296,924,379,903.5,377.3,80.5153,30.8102
16,0.6000,39,Staff/GK,1579,280,1611,356,1595.0,354.5,95.9407,34.5569
17,0.6400,1,Team A,1410,503,1472,621,1441.0,618.6,78.6561,52.7537
17,0.6400,2,Team A,1317,681,1386,824,1351.5,821.1,72.0793,60.2043
17,0.6400,3,Team B,673,513,736,633,704.5,630.6,68.5259,48.6825
17,0.6400,4,Team B,295,354,339,452,317.0,450.0,66.9233,32.9479
17,0.6400,5,Team B,177,618,249,773,213.0,769.9,60.2804,52.6101
17,0.6400,6,Team B,1576,568,1635,663,1605.5,661.1,79.4232,55.5969
17,0.6400,7,Team B,955,450,1006,559,980.5,556.8,74.3392,46.3338
17,0.6400,8,Team B,735,351,786,450,760.5,448.0,74.7413,36.4349
17,0.6400,9,Team B,1075,341,1118,427,1096.5,425.3,81.7767,36.9419
17,0.6400,11,Referee,516,321,555,412,535.5,410.2,72.0716,30.9200
17,0.6400,13,Team B,826,287,867,374,846.5,372.3,79.8080,29.4175
17,0.6400,14,Team B,1427,416,1459,494,1443.0,492.4,83.9986,45.4769
17,0.6400,15,Team B,1130,386,1185,487,1157.5,485.0,79.8527,42.6141
17,0.6400,12,Team B,1206,362,1243,443,1224.5,441.4,83.0098,39.8528
17,0.6400,28,Team B,875,298,919,386,897.0,384.2,80.1826,31.1406
18,0.6800,1,Team A,1405,507,1468,625,1436.5,622.6,78.4891,52.8944
18,0.6800,2,Team A,1313,686,1381,827,1347.0,824.2,71.9376,60.2897
18,0.6800,3,Team B,673,520,735,638,704.0,635.6,68.3433,48.9824
18,0.6800,4,Team B,283,358,328,454,305.5,452.1,66.6363,33.1569
18,0.6800,5,Team B,170,620,239,774,204.5,770.9,60.1432,52.6722
18,0.6800,6,Team B,1573,571,1633,667,1603.0,665.1,79.2249,55.7864
18,0.6800,7,Team B,947,454,999,562,973.0,559.8,74.1229,46.4647
18,0.6800,8,Team B,729,352,780,451,754.5,449.0,74.5152,36.5502
18,0.6800,9,Team B,1072,345,1115,432,1093.5,430.3,81.4220,37.3909
18,0.6800,11,Referee,509,324,547,415,528.0,413.2,71.8075,31.1072
18,0.6800,13,Team B,820,286,861,374,840.5,372.2,79.6028,29.4447
18,0.6800,14,Team B,1417,417,1457,513,1437.0,511.1,83.3579,46.1773
18,0.6800,15,Team B,1129,389,1185,489,1157.0,487.0,79.6810,42.7770
18,0.6800,12,Team B,1199,364,1238,447,1218.5,445.3,82.7688,39.9644
18,0.6800,28,Team B,867,298,909,385,888.0,383.3,79.9597,31.1527
19,0.7200,1,Team A,1399,510,1462,627,1430.5,624.7,78.3234,52.9916
19,0.7200,2,Team A,1307,685,1378,831,1342.5,828.1,71.7941,60.3941
19,0.7200,3,Team B,673,527,733,641,703.0,638.7,68.2081,49.2015
19,0.7200,4,Team B,272,358,318,455,295.0,453.1,66.3768,33.2451
19,0.7200,5,Team B,164,623,232,777,198.0,773.9,60.0093,52.7610
19,0.7200,6,Team B,1566,576,1625,669,1595.5,667.1,79.0397,55.8941
19,0.7200,7,Team B,942,458,994,566,968.0,563.8,73.9038,46.6476
19,0.7200,8,Team B,723,353,773,453,748.0,451.0,74.2954,36.6698
19,0.7200,9,Team B,1068,344,1112,436,1090.0,434.2,81.1103,37.7616
19,0.7200,11,Referee,500,325,538,417,519.0,415.2,71.5401,31.2580
19,0.7200,13,Team B,813,290,853,375,833.0,373.3,79.3800,29.4824
19,0.7200,14,Team B,1414,418,1451,508,1432.5,506.2,83.1905,46.2408
19,0.7200,15,Team B,1118,397,1170,492,1144.0,490.1,79.3922,42.9213
19,0.7200,12,Team B,1189,363,1228,446,1208.5,444.3,82.5874,39.9060
19,0.7200,28,Team B,858,298,902,388,880.0,386.2,79.6676,31.3046
20,0.7600,1,Team A,1394,510,1457,629,1425.5,626.6,78.1679,53.0732
20,0.7600,2,Team A,1302,684,1374,832,1338.0,829.0,71.6868,60.4515
20,0.7600,3,Team B,671,529,731,644,701.0,641.7,68.0856,49.3809
20,0.7600,4,Team B,261,360,310,460,285.5,458.0,66.0813,33.5155
20,0.7600,5,Team B,160,629,226,778,193.0,775.0,59.8976,52.8181
20,0.7600,6,Team B,1558,580,1618,672,1588.0,670.2,78.8409,55.9936
20,0.7600,7,Team B,939,463,990,569,964.5,566.9,73.7157,46.8209
20,0.7600,8,Team B,717,354,766,455,741.5,453.0,74.0787,36.7910
20,0.7600,9,Team B,1062,342,1110,440,1086.0,438.0,80.8132,38.0952
20,0.7600,11,Referee,494,330,532,421,513.0,419.2,71.2627,31.5372
20,0.7600,13,Team B,805,291,845,378,825.0,376.3,79.0846,29.6543
20,0.7600,14,Team B,1408,420,1448,515,1428.0,513.1,82.8750,46.5229
20,0.7600,15,Team B,1110,399,1161,494,1135.5,492.1,79.1301,43.0290
20,0.7600,12,Team B,1181,363,1219,443,1200.0,441.4,82.5061,39.6860
20,0.7600,28,Team B,852,301,895,390,873.5,388.2,79.3956,31.4587
21,0.8000,1,Team A,1392,510,1453,629,1422.5,626.6,78.0731,53.0990
21,0.8000,2,Team A,1300,682,1371,831,1335.5,828.0,71.6314,60.4590
21,0.8000,3,Team B,665,531,728,647,696.5,644.7,67.9488,49.5350
21,0.8000,4,Team B,250,363,299,464,274.5,462.0,65.7722,33.7946
21,0.8000,5,Team B,153,632,221,782,187.0,779.0,59.7724,52.9303
21,0.8000,6,Team B,1552,586,1611,677,1581.5,675.2,78.6055,56.1434
21,0.8000,7,Team B,938,465,989,571,963.5,568.9,73.5817,46.9618
21,0.8000,8,Team B,710,354,760,458,735.0,455.9,73.8426,36.9636
21,0.8000,9,Team B,1060,343,1105,437,1082.5,435.1,80.7313,38.0507
21,0.8000,11,Referee,485,335,524,424,504.5,422.2,70.9761,31.7918
21,0.8000,13,Team B,801,294,841,381,821.0,379.3,78.8083,29.9032
21,0.8000,14,Team B,1406,425,1444,517,1425.0,515.2,82.6536,46.7040
21,0.8000,15,Team B,1101,408,1147,495,1124.0,493.3,78.8718,43.0712
21,0.8000,12,Team B,1171,364,1211,449,1191.0,447.3,82.1836,39.8546
21,0.8000,28,Team B,849,305,889,388,869.0,386.3,79.2765,31.3659
22,0.8400,1,Team A,1389,514,1447,629,1418.0,626.7,77.9887,53.0993
22,0.8400,2,Team A,1296,680,1366,828,1331.0,825.0,71.6081,60.4039
22,0.8400,3,Team B,661,534,725,651,693.0,648.7,67.8022,49.7131
22,0.8400,4,Team B,243,367,291,467,267.0,465.0,65.5089,34.0387
22,0.8400,5,Team B,144,635,214,787,179.0,784.0,59.6234,53.0820
22,0.8400,6,Team B,1547,591,1606,680,1576.5,678.2,78.4068,56.2682
22,0.8400,7,Team B,937,466,987,574,962.0,571.8,73.4476,47.1224
22,0.8400,8,Team B,705,354,753,458,729.0,455.9,73.6695,37.0021
22,0.8400,9,Team B,1061,347,1103,436,1082.0,434.2,80.7068,37.9778
22,0.8400,11,Referee,474,337,515,427,494.5,425.2,70.6722,32.0240
22,0.8400,13,Team B,796,295,836,383,816.0,381.2,78.5606,30.1059
22,0.8400,14,Team B,1403,429,1442,520,1422.5,518.2,82.4484,46.8843
22,0.8400,15,Team B,1096,412,1140,497,1118.0,495.3,78.6463,43.1508
22,0.8400,12,Team B,1167,366,1200,435,1183.5,433.6,82.3920,39.1667
22,0.8400,28,Team B,840,312,879,393,859.5,391.4,78.9469,31.6053
22,0.8400,46,Staff/GK,1520,297,1553,371,1536.5,369.5,93.4028,35.5467
23,0.8800,1,Team A,1386,512,1443,630,1414.5,627.6,77.8988,53.1181
23,0.8800,2,Team A,1292,681,1360,825,1326.0,822.1,71.5938,60.3228
23,0.8800,3,Team B,657,537,724,657,690.5,654.6,67.6365,49.9636
23,0.8800,4,Team B,236,369,282,469,259.0,467.0,65.2736,34.2090
23,0.8800,5,Team B,133,641,204,792,168.5,789.0,59.4485,53.2426
23,0.8800,6,Team B,1541,594,1601,684,1571.0,682.2,78.2016,56.4045
23,0.8800,7,Team B,935,467,985,577,960.0,574.8,73.3097,47.2884
23,0.8800,8,Team B,700,357,747,460,723.5,457.9,73.4826,37.0971
23,0.8800,9,Team B,1058,350,1099,437,1078.5,435.3,80.6150,37.9841
23,0.8800,11,Referee,464,337,508,430,486.0,428.1,70.3800,32.2514
23,0.8800,13,Team B,791,300,830,387,810.5,385.3,78.2579,30.4251
23,0.8800,14,Team B,1401,435,1439,521,1420.0,519.3,82.3035,46.9884
23,0.8800,15,Team B,1087,411,1132,501,1109.5,499.2,78.3641,43.3161
23,0.8800,12,Team B,1160,368,1192,434,1176.0,432.7,82.4126,38.8001
23,0.8800,28,Team B,838,314,873,386,855.5,384.6,78.9612,31.2214
23,0.8800,46,Staff/GK,1513,300,1545,374,1529.0,372.5,93.1597,35.6867
24,0.9200,1,Team A,1383,511,1440,630,1411.5,627.6,77.8303,53.1181
24,0.9200,2,Team A,1288,682,1353,822,1320.5,819.2,71.5796,60.2293
24,0.9200,3,Team B,667,538,734,661,700.5,658.5,67.5860,50.2246
24,0.9200,4,Team B,229,370,275,471,252.0,469.0,65.0607,34.3533
24,0.9200,5,Team B,121,643,195,796,158.0,792.9,59.2695,53.3806
24,0.9200,6,Team B,1534,599,1598,694,1566.0,692.1,77.8868,56.6914
24,0.9200,7,Team B,931,468,981,581,956.0,578.7,73.1359,47.4831
24,0.9200,8,Team B,695,361,740,461,717.5,459.0,73.3062,37.1610
24,0.9200,9,Team B,1060,350,1098,429,1079.0,427.4,80.8077,37.5542
24,0.9200,11,Referee,456,341,499,431,477.5,429.2,70.1304,32.3618
24,0.9200,13,Team B,785,302,824,390,804.5,388.2,77.9607,30.7157
24,0.9200,14,Team B,1401,442,1434,516,1417.5,514.5,82.3451,46.8305
24,0.9200,15,Team B,1080,414,1124,501,1102.0,499.3,78.1650,43.3508
24,0.9200,28,Team B,833,314,869,389,851.0,387.5,78.8069,31.2350
24,0.9200,46,Staff/GK,1504,300,1538,377,1521.0,375.5,92.8188,35.8751
25,0.9600,1,Team A,1380,504,1438,631,1409.0,628.5,77.7569,53.1377
25,0.9600,2,Team A,1284,682,1349,821,1316.5,818.2,71.5509,60.1719
25,0.9600,3,Team B,671,543,736,665,703.5,662.6,67.5261,50.4664
25,0.9600,4,Team B,221,373,266,476,243.5,473.9,64.8031,34.6421
25,0.9600,5,Team B,107,644,183,800,145.0,796.9,59.0728,53.5012
25,0.9600,6,Team B,1524,601,1594,704,1559.0,701.9,77.5195,57.0259
25,0.9600,7,Team B,925,471,977,585,951.0,582.7,72.9395,47.6859
25,0.9600,8,Team B,689,364,733,463,711.0,461.0,73.1086,37.2610
25,0.9600,9,Team B,1061,351,1094,418,1077.5,416.7,81.1912,36.7591
25,0.9600,11,Referee,446,342,490,433,468.0,431.2,69.8696,32.4763
25,0.9600,13,Team B,777,300,820,397,798.5,395.1,77.5569,31.2461
25,0.9600,15,Team B,1072,415,1115,502,1093.5,500.3,77.9662,43.3704
25,0.9600,28,Team B,830,315,864,388,847.0,386.5,78.7108,31.1494
25,0.9600,46,Staff/GK,1495,299,1530,378,1512.5,376.4,92.5270,35.9560
25,0.9600,48,Team B,1114,379,1182,500,1148.0,497.6,78.8235,43.5876
26,1.0000,1,Team A,1379,512,1434,632,1406.5,629.6,77.6754,53.1738
26,1.0000,2,Team A,1279,684,1344,824,1311.5,821.2,71.4602,60.2019
26,1.0000,3,Team B,672,549,734,670,703.0,667.6,67.4238,50.7168
26,1.0000,4,Team B,212,378,255,477,233.5,475.0,64.5640,34.7699
26,1.0000,5,Team B,98,646,175,805,136.5,801.8,58.8950,53.6519
26,1.0000,6,Team B,1514,605,1586,712,1550.0,709.9,77.1561,57.3239
26,1.0000,7,Team B,921,475,973,587,947.0,584.8,72.7777,47.8264
26,1.0000,8,Team B,684,368,729,467,706.5,465.0,72.8819,37.4882
26,1.0000,9,Team B,1060,353,1091,414,1075.5,412.8,81.4327,36.1997
26,1.0000,11,Referee,439,344,482,435,460.5,433.2,69.6264,32.6033
26,1.0000,13,Team B,770,306,812,399,791.0,397.1,77.2326,31.5494
26,1.0000,15,Team B,1062,411,1108,505,1085.0,503.1,77.7228,43.4655
26,1.0000,28,Team B,824,317,860,391,842.0,389.5,78.5066,31.2817
26,1.0000,46,Staff/GK,1488,304,1521,379,1504.5,377.5,92.2555,36.0041
26,1.0000,48,Team B,1112,378,1180,500,1146.0,497.6,78.7926,43.5769
27,1.0400,1,Team A,1377,513,1433,635,1405.0,632.6,77.5622,53.2730
27,1.0400,2,Team A,1275,688,1339,826,1307.0,823.2,71.3599,60.2504
27,1.0400,3,Team B,671,552,732,674,701.5,671.6,67.3097,50.9353
27,1.0400,4,Team B,205,380,248,481,226.5,479.0,64.3269,35.0022
27,1.0400,5,Team B,91,647,167,807,129.0,803.8,58.7463,53.7472
27,1.0400,6,Team B,1503,611,1574,716,1538.5,713.9,76.8476,57.5069
27,1.0400,7,Team B,914,478,968,592,941.0,589.7,72.5626,48.0365
27,1.0400,8,Team B,680,373,725,472,702.5,470.0,72.6299,37.8180
27,1.0400,11,Referee,432,347,474,438,453.0,436.2,69.3726,32.7946
27,1.0400,13,Team B,762,310,803,401,782.5,399.2,76.9308,31.7536
27,1.0400,15,Team B,1053,402,1102,506,1077.5,503.9,77.5213,43.5049
27,1.0400,46,Staff/GK,1479,306,1512,382,1495.5,380.5,91.8942,36.1514
27,1.0400,48,Team B,1106,382,1173,502,1139.5,499.6,78.6535,43.6325
27,1.0400,14,Team B,1387,451,1423,528,1405.0,526.5,81.8902,47.1820
28,1.0800,1,Team A,1374,515,1433,641,1403.5,638.5,77.3782,53.4821
28,1.0800,2,Team A,1272,691,1336,830,1304.0,827.2,71.2419,60.3475
28,1.0800,3,Team B,669,552,730,678,699.5,675.5,67.1884,51.1368
28,1.0800,4,Team B,198,385,242,484,220.0,482.0,64.1084,35.2278
28,1.0800,5,Team B,86,651,158,808,122.0,804.9,58.6169,53.8001
28,1.0800,6,Team B,1495,615,1567,721,1531.0,718.9,76.5750,57.6783
28,1.0800,7,Team B,910,481,964,595,937.0,592.7,72.3780,48.2127
28,1.0800,8,Team B,676,377,722,474,699.0,472.1,72.4351,38.0371
28,1.0800,11,Referee,424,347,466,440,445.0,438.1,69.1292,32.9465
28,1.0800,13,Team B,757,310,799,403,778.0,401.1,76.6868,31.9335
28,1.0800,15,Team B,1043,392,1097,509,1070.0,506.7,77.2908,43.6067
28,1.0800,46,Staff/GK,1469,304,1505,385,1487.0,383.4,91.5090,36.3351
28,1.0800,48,Team B,1103,384,1169,503,1136.0,500.6,78.5262,43.6831
28,1.0800,14,Team B,1385,455,1421,532,1403.0,530.5,81.5739,47.4682
28,1.0800,28,Team B,812,315,850,397,831.0,395.4,78.0901,31.6497
29,1.1200,1,Team A,1372,522,1429,643,1400.5,640.6,77.2303,53.6195
29,1.1200,2,Team A,1268,691,1334,832,1301.0,829.2,71.1417,60.4256
29,1.1200,3,Team B,668,557,728,681,698.0,678.5,67.0787,51.3069
29,1.1200,4,Team B,186,385,234,488,210.0,485.9,63.8526,35.4802
29,1.1200,5,Team B,80,655,151,813,115.5,809.8,58.4806,53.9298
29,1.1200,6,Team B,1488,622,1558,724,1523.0,722.0,76.3471,57.7992
29,1.1200,7,Team B,908,484,963,598,935.5,595.7,72.2275,48.3843
29,1.1200,8,Team B,670,378,718,476,694.0,474.0,72.2496,38.2015
29,1.1200,11,Referee,417,348,457,441,437.0,439.1,68.9079,33.0255
29,1.1200,13,Team B,754,309,798,408,776.0,406.0,76.4162,32.3019
29,1.1200,15,Team B,1038,403,1086,511,1062.0,508.8,77.0579,43.7065
29,1.1200,46,Staff/GK,1462,309,1496,386,1479.0,384.5,91.2027,36.4242
29,1.1200,48,Team B,1101,385,1168,508,1134.5,505.5,78.3264,43.9096
29,1.1200,28,Team B,804,316,845,401,824.5,399.3,77.7177,32.0129
30,1.1600,1,Team A,1367,536,1420,645,1393.5,642.8,77.0626,53.7177
30,1.1600,2,Team A,1266,692,1332,833,1299.0,830.2,71.0670,60.4807
30,1.1600,3,Team B,665,559,727,686,696.0,683.5,66.9485,51.5169
30,1.1600,4,Team B,174,389,223,491,198.5,489.0,63.5792,35.6880
30,1.1600,5,Team B,75,655,144,816,109.5,812.8,58.3546,54.0435
30,1.1600,6,Team B,1479,627,1551,730,1515.0,727.9,76.0887,57.9660
30,1.1600,7,Team B,905,487,961,601,933.0,598.7,72.0826,48.5498
30,1.1600,8,Team B,662,382,710,478,686.0,476.1,72.0368,38.3331
30,1.1600,11,Referee,411,353,450,444,430.5,442.2,68.6757,33.2030
30,1.1600,13,Team B,752,310,796,406,774.0,404.1,76.3201,32.3114
30,1.1600,15,Team B,1033,412,1077,512,1055.0,510.0,76.8579,43.7659
30,1.1600,46,Staff/GK,1454,315,1488,390,1471.0,388.5,90.7990,36.6551
30,1.1600,48,Team B,1097,386,1165,513,1131.0,510.5,78.0807,44.1953
30,1.1600,28,Team B,802,322,840,403,821.0,401.4,77.4523,32.2685
30,1.1600,14,Team B,1380,465,1416,539,1398.0,537.5,81.1979,47.8303
31,1.2000,1,Team A,1360,540,1415,648,1387.5,645.8,76.8804,53.8259
31,1.2000,2,Team A,1266,693,1333,836,1299.5,833.1,70.9948,60.5709
31,1.2000,3,Team B,662,561,726,691,694.0,688.4,66.8110,51.7417
31,1.2000,4,Team B,164,395,214,497,189.0,495.0,63.2863,36.0401
31,1.2000,5,Team B,70,659,139,820,104.5,816.8,58.2350,54.1781
31,1.2000,6,Team B,1467,633,1541,736,1504.0,733.9,75.7983,58.1410
31,1.2000,7,Team B,907,489,962,605,934.5,602.7,71.9584,48.7601
31,1.2000,8,Team B,652,388,703,485,677.5,483.1,71.7127,38.6963
31,1.2000,11,Referee,403,355,443,448,423.0,446.1,68.4138,33.4675
31,1.2000,13,Team B,749,313,793,411,771.0,409.0,76.0972,32.6091
31,1.2000,15,Team B,1028,420,1069,514,1048.5,512.1,76.6539,43.8525
31,1.2000,46,Staff/GK,1446,319,1479,393,1462.5,391.5,90.3981,36.8766
31,1.2000,48,Team B,1096,386,1166,517,1131.0,514.4,77.8758,44.4751
31,1.2000,28,Team B,798,325,836,407,817.0,405.4,77.1717,32.5982
31,1.2000,14,Team B,1382,469,1413,534,1397.5,532.7,81.1586,47.7904
32,1.2400,1,Team A,1356,544,1411,652,1383.5,649.8,76.6902,53.9723
32,1.2400,2,Team A,1264,697,1331,840,1297.5,837.1,70.8953,60.6872
32,1.2400,3,Team B,663,564,730,695,696.5,692.4,66.7160,51.9593
32,1.2400,4,Team B,152,397,204,500,178.0,497.9,63.0067,36.2854
32,1.2400,5,Team B,64,666,133,825,98.5,821.8,58.1073,54.3418
32,1.2400,6,Team B,1450,638,1529,746,1489.5,743.8,75.4094,58.3938
32,1.2400,7,Team B,907,489,961,608,934.0,605.6,71.8429,48.9453
32,1.2400,8,Team B,644,392,695,487,669.5,485.1,71.4471,38.9059
32,1.2400,11,Referee,398,357,439,452,418.5,450.1,68.1738,33.7790
32,1.2400,13,Team B,746,317,785,405,765.5,403.2,76.0829,32.3278
32,1.2400,15,Team B,1021,421,1061,515,1041.0,513.1,76.4649,43.8976
32,1.2400,46,Staff/GK,1434,320,1471,398,1452.5,396.4,89.9037,37.1978
32,1.2400,48,Team B,1095,388,1166,521,1130.5,518.3,77.6828,44.7506
32,1.2400,28,Team B,793,322,832,410,812.5,408.2,76.9118,32.8833
32,1.2400,14,Team B,1378,475,1414,550,1396.0,548.5,80.7155,48.3597
33,1.2800,1,Team A,1351,542,1409,657,1380.0,654.7,76.4856,54.1591
33,1.2800,2,Team A,1262,701,1329,843,1295.5,840.2,70.7970,60.7955
33,1.2800,3,Team B,663,571,731,699,697.0,696.4,66.6224,52.1686
33,1.2800,4,Team B,142,399,194,503,168.0,500.9,62.7434,36.4917
33,1.2800,5,Team B,54,669,126,833,90.0,829.7,57.9484,54.5740
33,1.2800,6,Team B,1436,642,1519,754,1477.5,751.8,75.0351,58.6393
33,1.2800,7,Team B,905,491,958,610,931.5,607.6,71.7299,49.0809
33,1.2800,8,Team B,636,393,688,489,662.0,487.1,71.2116,39.0531
33,1.2800,11,Referee,389,361,431,456,410.0,454.1,67.9012,34.0901
33,1.2800,13,Team B,741,322,778,405,759.5,403.3,75.9880,32.1862
33,1.2800,15,Team B,1014,424,1052,515,1033.0,513.2,76.2983,43.8836
33,1.2800,46,Staff/GK,1426,325,1464,404,1445.0,402.4,89.3628,37.6294
33,1.2800,48,Team B,1093,390,1162,522,1127.5,519.4,77.5409,44.8904
33,1.2800,28,Team B,788,324,828,414,808.0,412.2,76.6323,33.2162
33,1.2800,14,Team B,1374,479,1413,560,1393.5,558.4,80.2629,48.9351
34,1.3200,1,Team A,1349,541,1408,659,1378.5,656.6,76.3465,54.2874
34,1.3200,2,Team A,1258,705,1326,847,1292.0,844.2,70.6783,60.9143
34,1.3200,3,Team B,667,575,734,702,700.5,699.5,66.5636,52.3551
34,1.3200,4,Team B,133,400,184,504,158.5,501.9,62.5131,36.5842
34,1.3200,5,Team B,43,673,116,839,79.5,835.7,57.7733,54.7823
34,1.3200,6,Team B,1423,646,1508,761,1465.5,758.7,74.6852,58.8590
34,1.3200,7,Team B,903,496,953,612,928.0,609.7,71.6087,49.1947
34,1.3200,8,Team B,630,394,683,492,656.5,490.0,70.9904,39.2321
34,1.3200,11,Referee,379,365,421,458,400.0,456.1,67.6336,34.2814
34,1.3200,13,Team B,733,320,772,411,752.5,409.2,75.6981,32.4605
34,1.3200,15,Team B,1007,426,1045,519,1026.0,517.1,76.0630,44.0174
34,1.3200,46,Staff/GK,1418,326,1457,405,1437.5,403.4,89.0097,37.8147
34,1.3200,48,Team B,1088,391,1156,522,1122.0,519.4,77.4192,44.9236
34,1.3200,28,Team B,783,326,822,417,802.5,415.2,76.3619,33.5005
34,1.3200,14,Team B,1369,483,1409,563,1389.0,561.4,79.9593,49.2559
35,1.3600,1,Team A,1347,541,1405,659,1376.0,656.6,76.2619,54.3351
35,1.3600,2,Team A,1252,709,1320,852,1286.0,849.1,70.5245,61.0479
35,1.3600,3,Team B,676,583,739,710,707.5,707.5,66.4911,52.6798
35,1.3600,4,Team B,127,402,177,507,152.0,504.9,62.3053,36.7441
35,1.3600,5,Team B,31,678,106,845,68.5,841.7,57.5895,54.9792
35,1.3600,6,Team B,1411,651,1494,766,1452.5,763.7,74.3699,59.0226
35,1.3600,7,Team B,901,500,950,615,925.5,612.7,71.4776,49.3355
35,1.3600,8,Team B,625,395,677,494,651.0,492.0,70.7939,39.3754
35,1.3600,11,Referee,370,367,413,462,391.5,460.1,67.3539,34.5394
35,1.3600,13,Team B,730,319,770,413,750.0,411.1,75.4857,32.6753
35,1.3600,15,Team A,999,425,1036,518,1017.5,516.1,75.8967,43.9918
35,1.3600,46,Staff/GK,1411,328,1450,404,1430.5,402.5,88.8155,37.7920
35,1.3600,48,Team B,1084,390,1152,524,1118.0,521.3,77.2751,45.0006
35,1.3600,28,Team B,778,329,816,418,797.0,416.2,76.1474,33.6460
35,1.3600,14,Team B,1366,487,1407,568,1386.5,566.4,79.6874,49.5510
35,1.3600,59,Team B,1035,389,1074,467,1054.5,465.4,78.4438,40.3488
36,1.4000,1,Team A,1344,540,1403,663,1373.5,660.5,76.1269,54.4583
36,1.4000,2,Team A,1250,715,1319,855,1284.5,852.2,70.4082,61.1646
36,1.4000,3,Team B,674,585,736,713,705.0,710.4,66.3970,52.8896
36,1.4000,4,Team B,122,405,170,509,146.0,506.9,62.1218,36.8844
36,1.4000,5,Team B,22,680,97,845,59.5,841.7,57.4390,55.0446
36,1.4000,6,Team B,1401,655,1483,769,1442.0,766.7,74.1169,59.1289
36,1.4000,7,Team B,900,504,947,617,923.5,614.7,71.3626,49.4559
36,1.4000,8,Team B,619,395,672,498,645.5,495.9,70.5727,39.5978
36,1.4000,11,Referee,361,370,404,465,382.5,463.1,67.0810,34.7666
36,1.4000,13,Team B,724,321,763,416,743.5,414.1,75.2332,32.9100
36,1.4000,15,Team A,990,426,1028,521,1009.0,519.1,75.6708,44.0717
36,1.4000,46,Staff/GK,1406,334,1442,404,1424.0,402.6,88.6476,37.7500
36,1.4000,48,Team B,1082,390,1149,523,1115.5,520.3,77.2040,44.9800
36,1.4000,28,Team B,775,330,813,421,794.0,419.2,75.9335,33.8653
36,1.4000,14,Team B,1365,490,1404,568,1384.5,566.4,79.5499,49.6647
36,1.4000,59,Team B,1028,391,1069,474,1048.5,472.3,78.1880,40.6590
36,1.4000,60,Team B,733,319,803,419,768.0,417.0,75.4002,33.5715
37,1.4400,1,Team A,1344,547,1400,664,1372.0,661.7,76.0312,54.5383
37,1.4400,2,Team A,1244,719,1315,859,1279.5,856.2,70.2742,61.2817
37,1.4400,3,Team B,675,587,736,717,705.5,714.4,66.3064,53.0894
37,1.4400,4,Team B,115,411,160,513,137.5,511.0,61.9043,37.1059
37,1.4400,5,Team B,14,682,88,844,51.0,840.8,57.3086,55.0369
37,1.4400,6,Team B,1392,662,1474,777,1433.0,774.7,73.8269,59.3218
37,1.4400,7,Team B,896,509,942,621,919.0,618.8,71.2026,49.6239
37,1.4400,8,Team B,614,395,666,499,640.0,496.9,70.3952,39.7095
37,1.4400,11,Referee,350,369,395,466,372.5,464.1,66.8327,34.8632
37,1.4400,13,Team B,721,325,759,418,740.0,416.1,75.0234,33.1086
37,1.4400,15,Team A,983,426,1020,521,1001.5,519.1,75.4955,44.0718
37,1.4400,46,Staff/GK,1399,335,1437,406,1418.0,404.6,88.4216,37.8107
37,1.4400,48,Team B,1080,421,1134,527,1107.0,524.9,76.9783,45.1242
37,1.4400,28,Team B,771,335,806,420,788.5,418.3,75.7919,33.8682
37,1.4400,14,Team B,1367,494,1402,562,1384.5,560.6,79.6231,49.5067
37,1.4400,59,Team B,1025,395,1067,480,1046.0,478.3,77.8943,41.0580
37,1.4400,60,Team B,728,325,795,421,761.5,419.1,75.2569,33.6620
38,1.4800,1,Team A,1342,551,1396,666,1369.0,663.7,75.9228,54.6212
38,1.4800,2,Team A,1241,720,1315,862,1278.0,859.2,70.1676,61.3896
38,1.4800,3,Team B,674,587,736,719,705.0,716.4,66.2312,53.2278
38,1.4800,4,Team B,106,410,152,516,129.0,513.9,61.6853,37.3034
38,1.4800,5,Team B,8,685,81,844,44.5,840.8,57.1953,55.0281
38,1.4800,6,Team B,1382,664,1465,784,1423.5,781.6,73.5370,59.5233
38,1.4800,7,Team B,895,512,940,624,917.5,621.8,71.0661,49.7878
38,1.4800,8,Team B,608,396,659,500,633.5,497.9,70.2251,39.7736
38,1.4800,11,Referee,343,370,386,467,364.5,465.1,66.6147,34.9192
38,1.4800,13,Team B,718,329,754,419,736.0,417.2,74.8500,33.2296
38,1.4800,15,Team A,974,426,1011,519,992.5,517.1,75.3684,43.9497
38,1.4800,46,Staff/GK,1392,343,1430,411,1411.0,409.6,88.0414,38.0832
38,1.4800,48,Team B,1076,433,1125,532,1100.5,530.0,76.6984,45.3654
38,1.4800,28,Team B,766,336,803,425,784.5,423.2,75.5474,34.1424
38,1.4800,14,Team B,1369,499,1403,561,1386.0,559.8,79.6772,49.4193
38,1.4800,59,Team B,1020,396,1062,481,1041.0,479.3,77.6872,41.2411
38,1.4800,61,Team A,1113,398,1138,465,1125.5,463.7,79.6768,40.7379
39,1.5200,1,Team A,1338,554,1392,669,1365.0,666.7,75.7843,54.7278
39,1.5200,2,Team A,1240,719,1318,861,1279.0,858.2,70.1327,61.4289
39,1.5200,3,Team B,672,588,735,722,703.5,719.3,66.1445,53.3649
39,1.5200,4,Team B,98,412,147,520,122.5,517.8,61.4761,37.5498
39,1.5200,5,Team B,0,686,69,846,34.5,842.8,57.0589,55.0519
39,1.5200,6,Team B,1375,667,1460,789,1417.5,786.6,73.3006,59.6978
39,1.5200,7,Team B,893,513,938,626,915.5,623.7,70.9509,49.9148
39,1.5200,8,Team B,603,396,653,503,628.0,500.9,70.0341,39.9157
39,1.5200,11,Referee,336,372,378,468,357.0,466.1,66.4139,34.9625
39,1.5200,13,Team B,714,331,750,422,732.0,420.2,74.6441,33.4369
39,1.5200,15,Team A,966,425,1002,521,984.0,519.1,75.1809,43.9480
39,1.5200,46,Staff/GK,1383,340,1424,413,1403.5,411.5,87.7197,38.2561
39,1.5200,48,Team B,1071,434,1120,533,1095.5,531.0,76.5047,45.4821
39,1.5200,28,Team B,762,338,800,428,781.0,426.2,75.3184,34.4088
39,1.5200,59,Team B,1013,395,1056,482,1034.5,480.3,77.5008,41.3293
39,1.5200,61,Team A,1112,402,1136,465,1124.0,463.7,79.6457,40.7323
40,1.5600,1,Team A,1334,558,1387,670,1360.5,667.8,75.6652,54.7892
40,1.5600,2,Team A,1235,715,1317,862,1276.0,859.1,70.0796,61.4641
40,1.5600,3,Team B,671,589,737,727,704.0,724.2,66.0479,53.5593
40,1.5600,4,Team B,90,416,141,524,115.5,521.8,61.2669,37.8141
40,1.5600,5,Team B,0,688,59,852,29.5,848.7,56.9317,55.1908
40,1.5600,6,Team B,1368,669,1457,796,1412.5,793.5,73.0665,59.9034
40,1.5600,7,Team B,890,516,934,629,912.0,626.7,70.8165,50.0542
40,1.5600,8,Team B,597,400,647,505,622.0,502.9,69.8462,40.0435
40,1.5600,11,Referee,329,372,371,469,350.0,467.1,66.2258,35.0009
40,1.5600,13,Team B,709,334,745,423,727.0,421.2,74.4623,33.5547
40,1.5600,15,Team A,957,429,992,521,974.5,519.2,74.9996,43.9105
40,1.5600,46,Staff/GK,1376,343,1417,415,1396.5,413.6,87.4234,38.3982
40,1.5600,48,Team B,1065,435,1112,532,1088.5,530.1,76.3701,45.4609
40,1.5600,28,Team B,758,341,796,430,777.0,428.2,75.1149,34.6117
40,1.5600,59,Team B,1006,396,1049,485,1027.5,483.2,77.2684,41.4724
40,1.5600,61,Team B,1110,400,1133,464,1121.5,462.7,79.6221,40.6651
41,1.6000,1,Team A,1328,563,1381,673,1354.5,670.8,75.5069,54.8812
41,1.6000,2,Team A,1232,712,1316,863,1274.0,860.0,70.0253,61.5009
41,1.6000,3,Team B,673,592,741,732,707.0,729.2,65.9658,53.7847
41,1.6000,4,Team B,80,418,132,526,106.0,523.8,61.0527,37.9775
41,1.6000,5,Team B,0,689,51,854,25.5,850.7,56.8291,55.2906
41,1.6000,6,Team B,1364,672,1455,802,1409.5,799.4,72.8616,60.1066
41,1.6000,7,Team B,884,515,931,631,907.5,628.7,70.6828,50.1606
41,1.6000,8,Team B,592,401,641,506,616.5,503.9,69.6826,40.1183
41,1.6000,11,Referee,320,372,363,472,341.5,470.0,65.9992,35.1381
41,1.6000,13,Team B,703,337,739,424,721.0,422.3,74.2793,33.6317
41,1.6000,15,Team A,948,427,984,520,966.0,518.1,74.8534,43.8157
41,1.6000,46,Staff/GK,1367,341,1411,419,1389.0,417.4,87.0629,38.6291
41,1.6000,48,Team B,1060,436,1107,534,1083.5,532.0,76.2128,45.5128
41,1.6000,28,Team B,752,345,791,433,771.5,431.2,74.8815,34.8399
41,1.6000,59,Team B,999,396,1044,490,1021.5,488.1,76.9821,41.7326
41,1.6000,61,Team B,1107,399,1130,464,1118.5,462.7,79.5685,40.6206
41,1.6000,14,Team B,1362,511,1393,564,1377.5,562.9,79.5172,49.4679
42,1.6400,1,Team A,1321,566,1376,678,1348.5,675.8,75.2999,55.0368
42,1.6400,2,Team A,1227,711,1312,866,1269.5,862.9,69.9322,61.5676
42,1.6400,3,Team B,672,596,739,733,705.5,730.3,65.8966,53.9056
42,1.6400,4,Team B,68,422,122,528,95.0,525.9,60.8225,38.0961
42,1.6400,6,Team B,1359,677,1449,808,1404.0,805.4,72.6524,60.3014
42,1.6400,7,Team B,880,519,926,633,903.0,630.7,70.5480,50.2569
42,1.6400,8,Team B,588,404,637,508,612.5,505.9,69.5262,40.2267
42,1.6400,11,Referee,312,376,353,475,332.5,473.0,65.7519,35.3160
42,1.6400,13,Team B,696,337,733,426,714.5,424.2,74.0684,33.7456
42,1.6400,15,Team A,939,428,974,520,956.5,518.2,74.6894,43.7383
42,1.6400,46,Staff/GK,1359,345,1401,418,1380.0,416.5,86.8399,38.6206
42,1.6400,48,Team B,1055,436,1103,534,1079.0,532.0,76.0948,45.5153
42,1.6400,28,Team B,744,345,781,431,762.5,429.3,74.7191,34.7687
42,1.6400,59,Team B,993,396,1038,491,1015.5,489.1,76.7699,41.8545
42,1.6400,61,Team B,1104,399,1128,463,1116.0,461.7,79.5345,40.5395
43,1.6800,1,Team A,1315,571,1370,681,1342.5,678.8,75.1081,55.1658
43,1.6800,2,Team A,1226,718,1307,867,1266.5,864.0,69.8534,61.6179
43,1.6800,3,Team B,670,602,736,737,703.0,734.3,65.7952,54.0589
43,1.6800,4,Team B,53,423,109,531,81.0,528.8,60.5501,38.2277
43,1.6800,6,Team B,1355,683,1444,812,1399.5,809.4,72.4752,60.4563
43,1.6800,7,Team B,873,521,922,635,897.5,632.7,70.4055,50.3441
43,1.6800,8,Team B,583,410,633,512,608.0,510.0,69.3348,40.4406
43,1.6800,11,Referee,305,377,346,476,325.5,474.0,65.5462,35.4092
43,1.6800,13,Team B,689,341,727,428,708.0,426.3,73.8452,33.8787
43,1.6800,15,Team A,929,426,965,521,947.0,519.1,74.4989,43.7078
43,1.6800,46,Staff/GK,1353,346,1394,418,1373.5,416.6,86.6651,38.5802
43,1.6800,48,Team B,1050,438,1099,536,1074.5,534.0,75.9488,45.5795
43,1.6800,28,Team B,736,348,775,434,755.5,432.3,74.4871,34.8790
43,1.6800,59,Team B,985,397,1031,494,1008.0,492.1,76.5258,42.0069
43,1.6800,61,Team B,1103,398,1128,465,1115.5,463.7,79.4484,40.5992
44,1.7200,1,Team A,1308,572,1363,682,1335.5,679.8,74.9502,55.2261
44,1.7200,2,Team A,1218,719,1297,860,1257.5,857.2,69.8310,61.4994
44,1.7200,3,Team B,670,606,733,740,701.5,737.3,65.6989,54.2014
44,1.7200,4,Team B,42,423,98,532,70.0,529.8,60.3067,38.2829
44,1.7200,6,Team B,1347,691,1435,816,1391.0,813.5,72.2843,60.5841
44,1.7200,7,Team B,865,524,915,640,890.0,637.7,70.2006,50.5144
44,1.7200,8,Team B,574,413,623,512,598.5,510.0,69.1471,40.4884
44,1.7200,11,Referee,296,381,337,479,316.5,477.0,65.3091,35.5685
44,1.7200,13,Team B,683,340,722,430,702.5,428.2,73.6313,34.0180
44,1.7200,15,Team A,920,426,956,521,938.0,519.1,74.3220,43.6576
44,1.7200,46,Staff/GK,1344,344,1386,419,1365.0,417.5,86.4531,38.5688
44,1.7200,48,Team B,1043,441,1091,538,1067.0,536.1,75.7637,45.6567
44,1.7200,28,Team B,733,348,771,435,752.0,433.3,74.3147,34.9602
44,1.7200,59,Team B,977,398,1024,498,1000.5,496.0,76.2474,42.2159
44,1.7200,66,Team B,1090,405,1140,495,1115.0,493.2,78.0671,42.9818
45,1.7600,1,Team A,1302,575,1357,684,1329.5,681.8,74.7962,55.2896
45,1.7600,2,Team A,1223,722,1303,854,1263.0,851.4,69.9132,61.3709
45,1.7600,3,Team B,673,610,734,742,703.5,739.4,65.6400,54.3254
45,1.7600,4,Team B,30,424,87,534,58.5,531.8,60.0623,38.3530
45,1.7600,6,Team B,1336,697,1423,820,1379.5,817.5,72.0692,60.6914
45,1.7600,7,Team B,856,526,907,641,881.5,638.7,70.0207,50.5891
45,1.7600,8,Team B,563,413,614,513,588.5,511.0,68.9410,40.5109
45,1.7600,11,Referee,285,382,327,480,306.0,478.0,65.0722,35.6382
45,1.7600,13,Team B,679,342,718,431,698.5,429.2,73.4594,34.1120
45,1.7600,15,Team A,909,425,945,520,927.0,518.1,74.1518,43.5476
45,1.7600,46,Staff/GK,1334,345,1377,423,1355.5,421.4,86.1062,38.7312
45,1.7600,48,Team B,1033,440,1083,539,1058.0,537.0,75.5719,45.6899
45,1.7600,28,Team B,725,349,763,436,744.0,434.3,74.1165,35.0091
45,1.7600,59,Team B,969,401,1016,502,992.5,500.0,75.9514,42.4459
45,1.7600,66,Team B,1087,407,1134,492,1110.5,490.3,78.0817,42.8277
46,1.8000,1,Team A,1297,576,1352,685,1324.5,682.8,74.6691,55.3307
46,1.8000,2,Team A,1222,728,1305,857,1263.5,854.4,69.9044,61.3892
46,1.8000,3,Team B,673,612,733,744,703.0,741.4,65.5784,54.4329
46,1.8000,4,Team B,21,424,77,537,49.0,534.7,59.8294,38.4826
46,1.8000,6,Team B,1328,703,1414,824,1371.0,821.6,71.8652,60.7989
46,1.8000,7,Team B,850,528,902,645,876.0,642.7,69.8334,50.7289
46,1.8000,8,Team B,550,417,602,518,576.0,516.0,68.6399,40.6983
46,1.8000,11,Referee,272,384,314,482,293.0,480.0,64.7968,35.7146
46,1.8000,13,Team B,669,348,706,430,687.5,428.4,73.2700,34.0410
46,1.8000,15,Team A,898,424,935,522,916.5,520.0,73.9285,43.5437
46,1.8000,46,Staff/GK,1323,341,1370,425,1346.5,423.3,85.7875,38.8505
46,1.8000,48,Team B,1025,439,1076,539,1050.5,537.0,75.4122,45.6722
46,1.8000,28,Team B,716,349,757,441,736.5,439.2,73.8236,35.2729
46,1.8000,59,Team B,963,408,1010,507,986.5,505.0,75.6462,42.7392
46,1.8000,66,Team B,1079,409,1128,499,1103.5,497.2,77.8329,43.0490
47,1.8400,1,Team A,1290,578,1345,689,1317.5,686.8,74.4875,55.4346
47,1.8400,2,Team A,1221,732,1307,859,1264.0,856.5,69.8709,61.4471
47,1.8400,3,Team B,669,614,731,751,700.0,748.3,65.4498,54.6498
47,1.8400,4,Team B,12,429,66,539,39.0,536.8,59.6040,38.5921
47,1.8400,6,Team B,1317,706,1403,827,1360.0,824.6,71.6631,60.8790
47,1.8400,7,Team B,844,528,898,648,871.0,645.6,69.6624,50.8642
47,1.8400,8,Team B,537,417,594,523,565.5,520.9,68.3240,40.9544
47,1.8400,11,Referee,259,387,302,484,280.5,482.1,64.5117,35.7969
47,1.8400,13,Team B,665,348,703,432,684.0,430.3,73.0921,34.1098
47,1.8400,15,Team A,885,426,922,523,903.5,521.1,73.6791,43.5317
47,1.8400,46,Staff/GK,1315,344,1360,426,1337.5,424.4,85.5106,38.9061
47,1.8400,48,Team B,1019,439,1071,542,1045.0,539.9,75.2219,45.7621
47,1.8400,28,Team B,713,350,751,437,732.0,435.3,73.7291,35.1284
47,1.8400,59,Team B,954,409,1001,508,977.5,506.0,75.3993,42.8621
47,1.8400,66,Team B,1073,409,1123,500,1098.0,498.2,77.6414,43.1566
47,1.8400,68,Team B,1331,535,1378,645,1354.5,642.8,76.1603,53.6800
48,1.8800,1,Team A,1282,575,1340,693,1311.0,690.6,74.2907,55.5623
48,1.8800,2,Team A,1222,741,1308,863,1265.0,860.6,69.8076,61.5601
48,1.8800,3,Team B,666,617,729,754,697.5,751.3,65.3368,54.8127
48,1.8800,4,Team B,4,430,56,542,30.0,539.8,59.3849,38.7395
48,1.8800,6,Team B,1309,716,1393,831,1351.0,828.7,71.4613,60.9755
48,1.8800,7,Team B,839,532,891,651,865.0,648.6,69.4893,50.9961
48,1.8800,8,Team B,528,418,586,524,557.0,521.9,68.0828,41.0675
48,1.8800,11,Referee,247,388,291,488,269.0,486.0,64.2098,35.9877
48,1.8800,13,Team B,659,347,698,435,678.5,433.2,72.8759,34.2812
48,1.8800,15,Team A,875,429,912,525,893.5,523.1,73.4283,43.5727
48,1.8800,46,Staff/GK,1307,345,1352,427,1329.5,425.4,85.2633,38.9391
48,1.8800,48,Team B,1013,439,1067,545,1040.0,542.9,75.0247,45.8965
48,1.8800,28,Team B,709,350,746,438,727.5,436.2,73.6011,35.1031
48,1.8800,59,Team B,943,412,991,511,967.0,509.0,75.1178,42.9999
48,1.8800,66,Team B,1068,408,1118,502,1093.0,500.1,77.4548,43.2644
48,1.8800,68,Team B,1331,538,1374,636,1352.5,634.0,76.3020,53.4182
49,1.9200,1,Team A,1276,578,1334,695,1305.0,692.7,74.1226,55.6525
49,1.9200,2,Team A,1223,745,1306,861,1264.5,858.7,69.7901,61.5808
49,1.9200,3,Team B,663,622,728,759,695.5,756.3,65.2149,55.0049
49,1.9200,4,Team B,0,436,44,544,22.0,541.8,59.1848,38.8648
49,1.9200,6,Team B,1304,722,1386,836,1345.0,833.7,71.2691,61.1042
49,1.9200,7,Team B,835,535,885,654,860.0,651.6,69.3243,51.1294
49,1.9200,8,Team B,521,419,578,526,549.5,523.9,67.8663,41.1723
49,1.9200,11,Referee,234,392,279,490,256.5,488.0,63.9159,36.1162
49,1.9200,13,Team B,653,348,692,437,672.5,435.2,72.6608,34.4347
49,1.9200,15,Team A,865,432,902,529,883.5,527.1,73.1394,43.7191
49,1.9200,46,Staff/GK,1300,348,1343,428,1321.5,426.4,85.0265,38.9653
49,1.9200,48,Team B,1010,441,1061,547,1035.5,544.9,74.8495,46.0128
49,1.9200,28,Team B,697,352,736,442,716.5,440.2,73.3216,35.2661
49,1.9200,59,Team B,934,415,981,512,957.5,510.1,74.8753,43.0604
49,1.9200,66,Team B,1063,407,1115,506,1089.0,504.0,77.2335,43.4638
50,1.9600,1,Team A,1270,580,1327,699,1298.5,696.6,73.9310,55.7767
50,1.9600,2,Team A,1219,746,1301,862,1260.0,859.7,69.7328,61.6064
50,1.9600,3,Team B,661,627,726,763,693.5,760.3,65.0992,55.1839
50,1.9600,4,Team B,0,434,38,547,19.0,544.7,59.0338,39.0395
50,1.9600,6,Team B,1295,728,1379,843,1337.0,840.7,71.0448,61.2770
50,1.9600,7,Team B,831,539,878,655,854.5,652.7,69.1853,51.2014
50,1.9600,8,Team B,512,418,570,527,541.0,524.8,67.6658,41.2232
50,1.9600,11,Referee,224,393,268,490,246.0,488.1,63.6703,36.1224
50,1.9600,13,Team B,645,347,685,438,665.0,436.2,72.4525,34.5136
50,1.9600,15,Team A,854,432,891,531,872.5,529.0,72.8662,43.8163
50,1.9600,46,Staff/GK,1291,350,1334,430,1312.5,428.4,84.7502,39.0367
50,1.9600,48,Team B,1005,443,1056,548,1030.5,545.9,74.6987,46.0807
50,1.9600,28,Team B,691,354,732,448,711.5,446.1,73.0061,35.6424
50,1.9600,59,Team B,925,418,973,516,949.0,514.0,74.5962,43.2247
50,1.9600,66,Team B,1059,409,1111,509,1085.0,507.0,77.0216,43.6578
50,1.9600,69,Team B,1313,550,1383,648,1348.0,646.0,75.9207,53.8221
51,2.0000,1,Team A,1264,583,1321,702,1292.5,699.6,73.7500,55.8908
51,2.0000,2,Team A,1211,738,1299,864,1255.0,861.5,69.6475,61.6475
51,2.0000,3,Team B,659,633,725,768,692.0,765.3,64.9808,55.3829
51,2.0000,6,Team B,1280,731,1356,839,1318.0,836.8,70.8675,61.2292
51,2.0000,7,Team B,824,538,873,658,848.5,655.6,69.0278,51.3043
51,2.0000,8,Team B,506,420,563,529,534.5,526.8,67.4757,41.3081
51,2.0000,11,Referee,212,394,256,492,234.0,490.0,63.4056,36.1764
51,2.0000,13,Team B,638,348,679,441,658.5,439.1,72.2151,34.6846
51,2.0000,15,Team A,843,433,880,531,861.5,529.0,72.6367,43.8109
51,2.0000,46,Staff/GK,1281,352,1326,435,1303.5,433.3,84.3595,39.2854
51,2.0000,48,Team B,1000,443,1050,550,1025.0,547.9,74.5342,46.1646
51,2.0000,28,Team B,685,356,725,448,705.0,446.2,72.7905,35.7621
51,2.0000,59,Team B,913,420,961,517,937.0,515.1,74.3318,43.2843
51,2.0000,66,Team B,1054,413,1104,511,1079.0,509.0,76.8167,43.7990
51,2.0000,69,Team B,1309,554,1380,654,1344.5,652.0,75.7715,53.9870
52,2.0400,1,Team A,1255,585,1313,706,1284.0,703.6,73.5398,56.0171
52,2.0400,2,Team A,1201,743,1285,866,1243.0,863.5,69.5033,61.6802
52,2.0400,3,Team B,663,638,727,774,695.0,771.3,64.8849,55.6259
52,2.0400,6,Team B,1270,734,1355,856,1312.5,853.6,70.5523,61.5217
52,2.0400,7,Team B,817,543,866,666,841.5,663.5,68.7890,51.5683
52,2.0400,8,Team B,499,421,554,530,526.5,527.8,67.2904,41.3551
52,2.0400,11,Referee,201,393,245,495,223.0,493.0,63.1334,36.3028
52,2.0400,13,Team B,635,347,675,441,655.0,439.1,72.0632,34.7326
52,2.0400,15,Team A,831,433,871,542,851.0,539.8,72.2296,44.2217
52,2.0400,46,Staff/GK,1273,355,1319,441,1296.0,439.3,83.9109,39.6622
52,2.0400,48,Team B,996,443,1045,551,1020.5,548.8,74.3933,46.2200
52,2.0400,28,Team B,678,362,716,448,697.0,446.3,72.5968,35.7764
52,2.0400,59,Team B,903,420,950,515,926.5,513.1,74.1499,43.1766
52,2.0400,66,Team B,1049,418,1098,515,1073.5,513.1,76.5746,44.0076
52,2.0400,69,Team B,1299,560,1371,662,1335.0,660.0,75.4806,54.2518
53,2.0800,1,Team A,1247,588,1305,709,1276.0,706.6,73.3375,56.1251
53,2.0800,2,Team A,1189,745,1271,870,1230.0,867.5,69.3087,61.7417
53,2.0800,3,Team B,664,643,724,775,694.0,772.4,64.8150,55.7554
53,2.0800,6,Team B,1258,736,1349,867,1303.5,864.4,70.2339,61.8248
53,2.0800,7,Team B,813,548,862,668,837.5,665.6,68.6205,51.7278
53,2.0800,8,Team B,490,421,546,533,518.0,530.8,67.0746,41.4721
53,2.0800,11,Referee,193,396,236,498,214.5,496.0,62.8836,36.4729
53,2.0800,13,Team B,631,349,670,442,650.5,440.1,71.9125,34.7874
53,2.0800,15,Team A,822,432,860,536,841.0,533.9,72.0653,44.0979
53,2.0800,46,Staff/GK,1265,359,1309,442,1287.0,440.3,83.5860,39.8219
53,2.0800,48,Team B,992,445,1041,553,1016.5,550.8,74.2465,46.3064
53,2.0800,28,Team B,671,367,710,449,690.5,447.4,72.4072,35.8103
53,2.0800,59,Team B,893,422,941,519,917.0,517.1,73.8881,43.2686
53,2.0800,66,Team B,1045,420,1095,518,1070.0,516.0,76.3620,44.2052
53,2.0800,69,Team B,1290,565,1360,667,1325.0,665.0,75.1852,54.4691
54,2.1200,1,Team A,1238,591,1298,714,1268.0,711.5,73.1089,56.2754
54,2.1200,2,Team A,1179,745,1261,875,1220.0,872.4,69.1039,61.8402
54,2.1200,3,Team B,665,647,725,781,695.0,778.3,64.7253,55.9623
54,2.1200,6,Team B,1245,739,1338,875,1291.5,872.3,69.9311,62.0681
54,2.1200,7,Team B,806,551,857,672,831.5,669.6,68.4397,51.8960
54,2.1200,8,Team B,483,424,536,536,509.5,533.8,66.8468,41.6193
54,2.1200,11,Referee,183,398,227,503,205.0,500.9,62.6128,36.7546
54,2.1200,13,Team B,627,353,664,443,645.5,441.2,71.7560,34.8447
54,2.1200,15,Team A,813,436,849,536,831.0,534.0,71.8878,44.0114
54,2.1200,46,Staff/GK,1257,363,1301,446,1279.0,444.3,83.2272,40.0544
54,2.1200,48,Team B,989,453,1036,556,1012.5,553.9,74.0759,46.4481
54,2.1200,28,Team B,664,368,704,450,684.0,448.4,72.2213,35.8475
54,2.1200,59,Team B,881,424,931,523,906.0,521.0,73.5817,43.4330
54,2.1200,66,Team B,1043,423,1091,519,1067.0,517.1,76.2106,44.3163
54,2.1200,69,Team B,1283,568,1355,673,1319.0,670.9,74.9052,54.7063
55,2.1600,1,Team A,1232,594,1294,720,1263.0,717.5,72.8788,56.4762
55,2.1600,2,Team A,1168,748,1250,881,1209.0,878.3,68.8786,61.9693
55,2.1600,3,Team B,664,650,723,786,693.5,783.3,64.6198,56.1675
55,2.1600,6,Team B,1227,738,1323,883,1275.0,880.1,69.6092,62.2725
55,2.1600,7,Team B,798,554,852,679,825.0,676.5,68.2140,52.1520
55,2.1600,8,Team B,476,428,528,541,502.0,538.7,66.5975,41.8694
55,2.1600,11,Referee,174,401,217,506,195.5,503.9,62.3562,36.9801
55,2.1600,13,Team B,623,358,661,450,642.0,448.2,71.4923,35.2490
55,2.1600,15,Team A,804,439,839,536,821.5,534.1,71.7098,43.9411
55,2.1600,46,Staff/GK,1249,365,1296,454,1272.5,452.2,82.7527,40.5210
55,2.1600,48,Team B,986,459,1033,561,1009.5,559.0,73.8689,46.6899
55,2.1600,28,Team B,660,369,700,451,680.0,449.4,72.0640,35.8978
55,2.1600,59,Team B,870,429,921,527,895.5,525.0,73.2632,43.6300
55,2.1600,66,Team B,1038,425,1087,523,1062.5,521.0,76.0041,44.5119
55,2.1600,69,Team B,1277,572,1349,677,1313.0,674.9,74.6665,54.8966
56,2.2000,1,Team A,1227,596,1289,724,1258.0,721.4,72.6793,56.6466
56,2.2000,2,Team A,1158,751,1239,886,1198.5,883.3,68.6597,62.0938
56,2.2000,3,Team B,659,654,718,791,688.5,788.3,64.4841,56.3612
56,2.2000,6,Team B,1223,739,1318,887,1270.5,884.0,69.3993,62.4243
56,2.2000,7,Team B,793,558,846,679,819.5,676.6,68.0650,52.2442
56,2.2000,8,Team B,471,432,523,545,497.0,542.7,66.3782,42.1261
56,2.2000,11,Referee,166,404,209,508,187.5,505.9,62.1312,37.1393
56,2.2000,13,Team B,618,359,656,452,637.0,450.1,71.2734,35.4975
56,2.2000,15,Team A,797,443,830,538,813.5,536.1,71.5103,43.9679
56,2.2000,46,Staff/GK,1242,368,1287,453,1264.5,451.3,82.4926,40.6195
56,2.2000,48,Team B,980,463,1029,565,1004.5,563.0,73.6500,46.9225
56,2.2000,28,Team B,656,371,697,457,676.5,455.3,71.8219,36.2302
56,2.2000,59,Team B,862,432,913,532,887.5,530.0,72.9476,43.8895
56,2.2000,66,Team B,1033,430,1081,527,1057.0,525.1,75.7662,44.7381
56,2.2000,69,Team B,1268,576,1342,687,1305.0,684.8,74.3311,55.2203
57,2.2400,1,Team A,1221,603,1283,729,1252.0,726.5,72.4695,56.8279
57,2.2400,2,Team A,1146,754,1228,891,1187.0,888.3,68.4381,62.2135
57,2.2400,3,Team B,658,657,720,800,689.0,797.1,64.3414,56.6559
57,2.2400,6,Team B,1223,742,1316,890,1269.5,887.0,69.2668,62.5476
57,2.2400,7,Team B,788,561,842,682,815.0,679.6,67.9183,52.3601
57,2.2400,8,Team B,467,438,518,549,492.5,546.8,66.1762,42.3876
57,2.2400,11,Referee,159,407,202,511,180.5,508.9,61.9195,37.3255
57,2.2400,13,Team B,614,361,651,453,632.5,451.2,71.0977,35.6316
57,2.2400,15,Team A,788,445,822,541,805.0,539.1,71.2813,44.0711
57,2.2400,46,Staff/GK,1237,373,1280,453,1258.5,451.4,82.3078,40.6324
57,2.2400,48,Team B,973,468,1024,570,998.5,568.0,73.4001,47.1844
57,2.2400,28,Team B,654,372,691,446,672.5,444.5,71.8871,35.7362
57,2.2400,59,Team B,855,435,907,533,881.0,531.0,72.7240,44.0116
57,2.2400,66,Team B,1028,432,1075,530,1051.5,528.0,75.5398,44.9317
57,2.2400,69,Team B,1260,582,1340,705,1300.0,702.5,73.8585,55.8083
58,2.2800,1,Team A,1217,606,1281,732,1249.0,729.5,72.3086,56.9722
58,2.2800,2,Team A,1137,756,1221,895,1179.0,892.2,68.2483,62.3225
58,2.2800,3,Team B,663,663,725,807,694.0,804.1,64.2445,56.9580
58,2.2800,6,Team B,1226,752,1312,891,1269.0,888.2,69.1879,62.6287
58,2.2800,7,Team B,789,564,841,684,815.0,681.6,67.8203,52.4719
58,2.2800,8,Team B,462,444,513,553,487.5,550.8,65.9775,42.6477
58,2.2800,11,Referee,153,410,197,517,175.0,514.9,61.6995,37.6737
58,2.2800,13,Team B,614,366,647,445,630.5,443.4,71.1429,35.2312
58,2.2800,15,Team A,781,447,816,544,798.5,542.1,71.0603,44.2125
58,2.2800,46,Staff/GK,1232,374,1277,458,1254.5,456.3,82.0277,40.8671
58,2.2800,48,Team B,970,474,1022,576,996.0,574.0,73.1529,47.5072
58,2.2800,28,Team B,657,376,688,436,672.5,434.8,72.1027,34.9695
58,2.2800,59,Team B,850,437,902,537,876.0,535.0,72.4966,44.2090
58,2.2800,66,Team B,1025,432,1072,531,1048.5,529.0,75.3854,45.0382
58,2.2800,69,Team B,1253,588,1338,720,1295.5,717.4,73.3930,56.4133
59,2.3200,1,Team A,1217,604,1283,735,1250.0,732.4,72.1989,57.1119
59,2.3200,2,Team A,1132,755,1219,899,1175.5,896.1,68.1007,62.4383
59,2.3200,3,Team B,668,669,729,811,698.5,808.2,64.1877,57.1935
59,2.3200,6,Team B,1227,760,1308,892,1267.5,889.4,69.1246,62.6894
59,2.3200,7,Team B,792,566,842,686,817.0,683.6,67.7579,52.5881
59,2.3200,8,Team B,463,448,514,554,488.5,551.9,65.8750,42.8033
59,2.3200,11,Referee,149,414,192,518,170.5,515.9,61.5353,37.8480
59,2.3200,13,Team B,617,369,648,444,632.5,442.5,71.1821,35.0252
59,2.3200,15,Team A,778,447,813,547,795.5,545.0,70.8769,44.3811
59,2.3200,46,Staff/GK,1230,373,1277,461,1253.5,459.2,81.8038,41.1008
59,2.3200,48,Team B,969,476,1023,579,996.0,576.9,72.9858,47.7495
59,2.3200,59,Team B,846,438,901,541,873.5,538.9,72.2931,44.4446
59,2.3200,66,Team B,1024,432,1072,535,1048.0,532.9,75.2212,45.2430
59,2.3200,69,Team B,1261,593,1337,714,1299.0,711.6,73.3123,56.5277
60,2.3600,1,Team A,1219,605,1285,737,1252.0,734.4,72.1304,57.2301
60,2.3600,2,Team A,1143,754,1229,902,1186.0,899.0,68.0676,62.5768
60,2.3600,3,Team B,677,674,736,813,706.5,810.2,64.1878,57.3678
60,2.3600,6,Team B,1230,767,1308,897,1269.0,894.4,69.0453,62.8187
60,2.3600,7,Team B,795,566,845,689,820.0,686.5,67.7062,52.7364
60,2.3600,8,Team B,463,451,513,554,488.0,551.9,65.8100,42.8686
60,2.3600,11,Referee,146,416,190,521,168.0,518.9,61.3946,38.0554
60,2.3600,13,Team B,621,372,652,444,636.5,442.6,71.2208,34.9634
60,2.3600,15,Team B,777,447,812,547,794.5,545.0,70.7780,44.4461
60,2.3600,46,Staff/GK,1231,373,1276,460,1253.5,458.3,81.7301,41.1416
60,2.3600,48,Team B,968,473,1023,579,995.5,576.9,72.9015,47.8446
60,2.3600,59,Team B,843,434,900,542,871.5,539.8,72.1606,44.5695
60,2.3600,66,Team B,1026,433,1073,534,1049.5,532.0,75.1761,45.2916
60,2.3600,69,Team B,1266,597,1340,718,1303.0,715.6,73.2376,56.6948
61,2.4000,1,Team A,1224,604,1290,736,1257.0,733.4,72.1438,57.2765
61,2.4000,2,Team A,1138,753,1224,901,1181.0,898.0,68.0222,62.6136
61,2.4000,3,Team B,689,675,746,814,717.5,811.2,64.2402,57.5025
61,2.4000,6,Team B,1234,772,1310,899,1272.0,896.5,69.0006,62.9270
61,2.4000,7,Team B,801,567,849,692,825.0,689.5,67.6742,52.9044
61,2.4000,8,Team B,463,452,514,554,488.5,552.0,65.7698,42.8999
61,2.4000,11,Referee,147,416,190,518,168.5,516.0,61.3497,37.9981
61,2.4000,15,Team B,779,447,813,548,796.0,546.0,70.7195,44.5205
61,2.4000,46,Staff/GK,1234,376,1278,460,1256.0,458.3,81.7119,41.1694
61,2.4000,48,Team B,971,469,1029,579,1000.0,576.8,72.8956,47.8996
61,2.4000,59,Team B,843,433,901,542,872.0,539.8,72.0971,44.6219
61,2.4000,66,Team B,1029,432,1076,533,1052.5,531.0,75.1938,45.2822
61,2.4000,69,Team B,1271,598,1344,721,1307.5,718.5,73.1856,56.8577
61,2.4000,60,Team B,662,381,719,462,690.5,460.4,73.0509,35.6731
61,2.4000,28,Team B,629,373,667,445,648.0,443.6,71.6749,35.0519
62,2.4400,1,Team A,1230,602,1296,735,1263.0,732.3,72.1977,57.2969
62,2.4400,2,Team A,1141,753,1228,901,1184.5,898.0,68.0152,62.6501
62,2.4400,3,Team B,701,676,756,814,728.5,811.2,64.3219,57.5994
62,2.4400,6,Team B,1240,776,1315,900,1277.5,897.5,68.9960,63.0160
62,2.4400,7,Team B,809,571,855,692,832.0,689.6,67.7008,53.0040
62,2.4400,8,Team B,463,450,517,555,490.0,552.9,65.7369,42.9610
62,2.4400,11,Referee,148,413,191,517,169.5,514.9,61.3297,37.9300
62,2.4400,15,Team B,781,446,815,547,798.0,545.0,70.7158,44.5182
62,2.4400,46,Staff/GK,1239,376,1282,459,1260.5,457.3,81.7684,41.1484
62,2.4400,48,Team B,979,464,1036,575,1007.5,572.8,73.0203,47.8028
62,2.4400,59,Team B,843,432,902,543,872.5,540.8,72.0431,44.6862
62,2.4400,66,Team B,1034,430,1081,533,1057.5,530.9,75.2354,45.2978
62,2.4400,69,Team B,1276,598,1350,724,1313.0,721.5,73.1506,57.0213
62,2.4400,60,Team B,663,380,717,459,690.0,457.4,72.2047,36.3115
62,2.4400,28,Team B,631,372,666,439,648.5,437.7,71.6127,34.7401
63,2.4800,1,Team A,1240,602,1305,735,1272.5,732.3,72.2793,57.3430
63,2.4800,2,Team A,1144,752,1236,906,1190.0,902.9,67.9877,62.7779
63,2.4800,3,Team B,714,676,769,815,741.5,812.2,64.4208,57.7085
63,2.4800,6,Team B,1248,777,1323,901,1285.5,898.5,69.0237,63.1029
63,2.4800,7,Team B,820,572,865,689,842.5,686.7,67.8151,53.0016
63,2.4800,8,Team B,463,447,519,556,491.0,553.8,65.7026,43.0311
63,2.4800,11,Referee,153,410,196,517,174.5,514.9,61.3497,37.9230
63,2.4800,15,Team B,785,445,818,543,801.5,541.0,70.7991,44.3676
63,2.4800,46,Staff/GK,1245,379,1287,458,1266.0,456.4,81.8640,41.1154
63,2.4800,48,Team B,985,462,1042,574,1013.5,571.8,73.1292,47.7513
63,2.4800,59,Team B,845,430,904,542,874.5,539.8,72.0435,44.6786
63,2.4800,66,Team B,1039,428,1087,534,1063.0,531.9,75.2703,45.3665
63,2.4800,69,Team B,1278,600,1355,732,1316.5,729.4,73.0324,57.3001
64,2.5200,1,Team A,1248,600,1313,736,1280.5,733.3,72.3469,57.4175
64,2.5200,2,Team A,1152,751,1247,908,1199.5,904.9,68.0062,62.9009
64,2.5200,3,Team B,727,676,782,816,754.5,813.2,64.5267,57.8223
64,2.5200,6,Team B,1255,777,1331,902,1293.0,899.5,69.0615,63.1873
64,2.5200,7,Team B,829,573,876,690,852.5,687.7,67.9126,53.0696
64,2.5200,8,Team B,466,446,523,555,494.5,552.8,65.7156,43.0331
64,2.5200,11,Referee,157,409,199,516,178.0,513.9,61.3800,37.8875
64,2.5200,15,Team B,789,445,822,542,805.5,540.1,70.8710,44.2835
64,2.5200,46,Staff/GK,1253,380,1293,458,1273.0,456.4,81.9629,41.1322
64,2.5200,48,Team B,994,460,1050,570,1022.0,567.8,73.3099,47.6161
64,2.5200,59,Team B,847,430,904,539,875.5,536.8,72.0918,44.5568
64,2.5200,66,Team B,1047,428,1093,532,1070.0,529.9,75.3793,45.3412
64,2.5200,69,Team B,1285,603,1359,733,1322.0,730.4,73.0001,57.4621
64,2.5200,60,Team B,646,372,700,455,673.0,453.3,71.7286,36.2579
65,2.5600,1,Team A,1257,600,1321,735,1289.0,732.3,72.4411,57.4579
65,2.5600,2,Team A,1160,750,1255,909,1207.5,905.8,68.0434,63.0008
65,2.5600,3,Team B,741,676,799,819,770.0,816.1,64.6352,57.9886
65,2.5600,6,Team B,1267,773,1344,900,1305.5,897.5,69.1669,63.2314
65,2.5600,7,Team B,840,573,887,688,863.5,685.7,68.0482,53.0836
65,2.5600,8,Team B,470,442,528,553,499.0,550.8,65.7704,42.9671
65,2.5600,11,Referee,165,408,207,514,186.0,511.9,61.4689,37.8106
65,2.5600,15,Team B,793,446,825,541,809.0,539.1,70.9334,44.2247
65,2.5600,46,Staff/GK,1263,381,1301,454,1282.0,452.5,82.2050,40.9776
65,2.5600,48,Team B,1005,460,1059,567,1032.0,564.9,73.5152,47.4909
65,2.5600,59,Team B,851,431,909,540,880.0,537.8,72.1195,44.5699
65,2.5600,66,Team B,1055,432,1099,530,1077.0,528.0,75.5168,45.2812
65,2.5600,69,Team B,1295,608,1366,734,1330.5,731.5,73.0239,57.5879
65,2.5600,60,Team B,647,370,700,456,673.5,454.3,71.5052,36.2897
66,2.6000,1,Team A,1266,600,1329,734,1297.5,731.3,72.5462,57.4847
66,2.6000,2,Team A,1166,744,1265,913,1215.5,909.6,68.0600,63.1408
66,2.6000,3,Team B,756,678,815,819,785.5,816.2,64.7702,58.1116
66,2.6000,6,Team B,1277,769,1355,901,1316.0,898.4,69.2557,63.3053
66,2.6000,7,Team B,847,574,896,689,871.5,686.7,68.1387,53.1515
66,2.6000,8,Team B,476,442,534,551,505.0,548.8,65.8554,42.8829
66,2.6000,11,Referee,173,406,214,512,193.5,509.9,61.5771,37.7135
66,2.6000,15,Team B,798,442,832,543,815.0,541.0,70.9660,44.3067
66,2.6000,48,Team B,1015,457,1067,563,1041.0,560.9,73.7425,47.3246
66,2.6000,59,Team B,856,430,915,540,885.5,537.8,72.1676,44.5978
66,2.6000,66,Team B,1063,426,1108,530,1085.5,527.9,75.6421,45.2876
66,2.6000,69,Team B,1304,609,1374,734,1339.0,731.5,73.0864,57.6733
66,2.6000,60,Team B,654,365,707,454,680.5,452.2,71.5144,36.2179
67,2.6400,1,Team A,1275,599,1336,733,1305.5,730.3,72.6524,57.5039
67,2.6400,2,Team A,1173,745,1270,914,1221.5,910.6,68.0835,63.2427
67,2.6400,3,Team B,769,680,828,818,798.5,815.2,64.9077,58.1884
67,2.6400,6,Team B,1286,764,1366,900,1326.0,897.3,69.3560,63.3552
67,2.6400,7,Team B,857,576,906,689,881.5,686.7,68.2389,53.2199
67,2.6400,8,Team B,481,439,541,549,511.0,546.8,65.9537,42.7883
67,2.6400,11,Referee,184,404,225,510,204.5,507.9,61.7284,37.6228
67,2.6400,15,Team B,804,436,837,537,820.5,535.0,71.1212,44.1073
67,2.6400,48,Team B,1027,458,1077,561,1052.0,558.9,73.9587,47.2279
67,2.6400,59,Team B,863,430,920,536,891.5,533.9,72.3018,44.4681
67,2.6400,66,Team B,1072,428,1116,529,1094.0,527.0,75.7808,45.2859
67,2.6400,69,Team B,1313,608,1384,735,1348.5,732.5,73.1574,57.7686
67,2.6400,60,Team B,664,364,713,449,688.5,447.3,71.6879,35.9461
67,2.6400,78,Team B,719,379,771,456,745.0,454.5,72.5734,36.8762
68,2.6800,1,Team A,1287,598,1346,731,1316.5,728.3,72.7967,57.5052
68,2.6800,2,Team A,1179,744,1272,913,1225.5,909.6,68.1173,63.2895
68,2.6800,3,Team B,782,680,841,818,811.5,815.2,65.0380,58.2674
68,2.6800,6,Team B,1296,756,1378,898,1337.0,895.2,69.4789,63.3799
68,2.6800,7,Team B,865,574,915,687,890.0,684.7,68.3574,53.2244
68,2.6800,8,Team B,491,440,551,547,521.0,544.9,66.0945,42.7088
68,2.6800,11,Referee,193,402,234,507,213.5,504.9,61.8881,37.4758
68,2.6800,15,Team B,810,431,844,534,827.0,531.9,71.2839,43.9241
68,2.6800,48,Team B,1036,455,1086,558,1061.0,555.9,74.1739,47.1092
68,2.6800,59,Team B,869,428,928,534,898.5,531.9,72.4448,44.3602
68,2.6800,66,Team B,1081,427,1124,526,1102.5,524.0,75.9701,45.1948
68,2.6800,69,Team B,1326,609,1393,730,1359.5,727.6,73.3332,57.7298
68,2.6800,60,Team B,676,363,721,445,698.5,443.4,71.9310,35.6562
68,2.6800,78,Team B,724,377,776,453,750.0,451.5,72.6732,36.7318
69,2.7200,1,Team A,1296,596,1355,732,1325.5,729.3,72.8973,57.5652
69,2.7200,2,Team A,1185,729,1282,912,1233.5,908.3,68.1832,63.3199
69,2.7200,3,Team B,797,680,854,815,825.5,812.3,65.1995,58.2851
69,2.7200,6,Team B,1307,750,1390,898,1348.5,895.0,69.5924,63.4309
69,2.7200,7,Team B,873,570,924,684,898.5,681.7,68.4969,53.1732
69,2.7200,8,Team B,500,440,560,544,530.0,541.9,66.2572,42.5869
69,2.7200,11,Referee,203,400,244,504,223.5,501.9,62.0622,37.3093
69,2.7200,15,Team B,818,427,852,528,835.0,526.0,71.5188,43.6241
69,2.7200,48,Team B,1046,453,1095,554,1070.5,552.0,74.4138,46.9446
69,2.7200,59,Team B,877,424,937,530,907.0,527.9,72.6450,44.1801
69,2.7200,66,Team B,1090,423,1133,522,1111.5,520.0,76.2095,45.0242
69,2.7200,69,Team B,1338,608,1404,729,1371.0,726.6,73.4954,57.7338
69,2.7200,60,Team B,688,361,732,441,710.0,439.4,72.2215,35.3624
69,2.7200,78,Team B,735,372,783,445,759.0,443.5,72.9680,36.2647
70,2.7600,1,Team A,1308,594,1365,729,1336.5,726.3,73.0554,57.5579
70,2.7600,2,Team A,1198,737,1288,911,1243.0,907.5,68.2669,63.3557
70,2.7600,3,Team B,811,679,869,817,840.0,814.2,65.3323,58.3878
70,2.7600,6,Team B,1320,744,1402,894,1361.0,891.0,69.7523,63.4261
70,2.7600,7,Team B,880,565,935,684,907.5,681.6,68.6115,53.1865
70,2.7600,8,Team B,508,438,569,542,538.5,539.9,66.4118,42.4866
70,2.7600,11,Referee,215,396,256,500,235.5,497.9,62.2747,37.0896
70,2.7600,15,Team B,827,423,861,525,844.0,523.0,71.7401,43.4084
70,2.7600,48,Team B,1056,451,1105,554,1080.5,551.9,74.5901,46.9184
70,2.7600,59,Team B,885,418,947,528,916.0,525.8,72.8371,44.0553
70,2.7600,66,Team A,1099,420,1143,520,1121.0,518.0,76.4302,44.9081
70,2.7600,69,Team B,1345,603,1412,728,1378.5,725.5,73.6238,57.7400
70,2.7600,60,Team B,699,360,742,438,720.5,436.4,72.5001,35.1187
70,2.7600,78,Team B,751,371,791,430,771.0,428.8,73.5404,35.2686
70,2.7600,82,Team B,7,461,38,563,22.5,561.0,58.0612,40.5191
71,2.8000,1,Team A,1320,590,1378,728,1349.0,725.2,73.2190,57.5760
71,2.8000,2,Team A,1209,740,1294,909,1251.5,905.6,68.3626,63.3720
71,2.8000,3,Team B,825,680,882,818,853.5,815.2,65.4554,58.5006
71,2.8000,6,Team B,1336,739,1417,888,1376.5,885.0,69.9728,63.3720
71,2.8000,7,Team B,889,561,946,682,917.5,679.6,68.7495,53.1720
71,2.8000,11,Referee,225,395,267,499,246.0,496.9,62.4555,36.9967
71,2.8000,15,Team B,837,421,869,519,853.0,517.0,72.0127,43.0948
71,2.8000,48,Team B,1066,444,1115,549,1090.5,546.9,74.8440,46.7479
71,2.8000,59,Team B,890,417,952,528,921.0,525.8,72.9470,44.0258
71,2.8000,66,Team A,1109,419,1152,518,1130.5,516.0,76.6434,44.8151
71,2.8000,69,Team B,1353,597,1422,726,1387.5,723.4,73.7660,57.7271
71,2.8000,60,Team B,707,355,752,437,729.5,435.4,72.7165,34.9980
71,2.8000,78,Team B,763,368,804,430,783.5,428.8,73.8925,34.9242
71,2.8000,82,Team B,15,460,47,562,31.0,560.0,58.1244,40.5120
72,2.8400,1,Team A,1331,588,1388,728,1359.5,725.2,73.3542,57.6232
72,2.8400,2,Team A,1222,742,1304,909,1263.0,905.7,68.4626,63.4225
72,2.8400,3,Team B,838,677,897,819,867.5,816.2,65.5788,58.6171
72,2.8400,6,Team B,1349,733,1430,884,1389.5,881.0,70.1812,63.3253
72,2.8400,7,Team B,896,559,953,682,924.5,679.5,68.8471,53.1949
72,2.8400,11,Referee,237,392,280,497,258.5,494.9,62.6561,36.9099
72,2.8400,15,Team B,846,421,878,516,862.0,514.1,72.2508,42.8740
72,2.8400,48,Team B,1073,442,1124,551,1098.5,548.8,74.9671,46.7898
72,2.8400,59,Team B,893,410,957,526,925.0,523.7,73.0555,43.9391
72,2.8400,66,Team A,1116,416,1160,517,1138.0,515.0,76.8127,44.7636
72,2.8400,69,Team B,1358,593,1430,726,1394.0,723.3,73.8635,57.7479
72,2.8400,60,Team B,714,352,761,438,737.5,436.3,72.8522,35.0398
72,2.8400,78,Team B,774,367,815,431,794.5,429.7,74.1152,34.8941
72,2.8400,82,Team B,27,458,60,560,43.5,558.0,58.2573,40.4732
72,2.8400,8,Team B,529,443,586,539,557.5,537.1,66.6575,42.4019
73,2.8800,2,Team A,1232,739,1314,910,1273.0,906.6,68.5458,63.4979
73,2.8800,3,Team B,851,678,911,822,881.0,819.1,65.6796,58.7781
73,2.8800,6,Team B,1362,728,1440,880,1401.0,877.0,70.3760,63.2772
73,2.8800,7,Team B,905,559,962,679,933.5,676.6,68.9833,53.1541
73,2.8800,11,Referee,247,393,290,496,268.5,493.9,62.8277,36.8696
73,2.8800,15,Team B,855,422,887,514,871.0,512.2,72.4566,42.7351
73,2.8800,48,Team B,1082,440,1132,548,1107.0,545.8,75.1447,46.7220
73,2.8800,59,Team B,897,407,959,523,928.0,520.7,73.1720,43.7847
73,2.8800,66,Team A,1124,415,1169,515,1146.5,513.0,76.9968,44.6915
73,2.8800,69,Team B,1354,589,1429,727,1391.5,724.2,73.8592,57.7778
73,2.8800,60,Team B,721,350,769,438,745.0,436.2,72.9716,35.0876
73,2.8800,78,Team B,782,367,831,442,806.5,440.5,74.0636,35.5699
73,2.8800,82,Team B,40,457,76,562,58.0,559.9,58.4102,40.6057
73,2.8800,8,Team B,540,445,598,539,569.0,537.1,66.8469,42.4185
74,2.9200,2,Team A,1242,738,1321,908,1281.5,904.6,68.6430,63.5287
74,2.9200,3,Team B,863,679,923,823,893.0,820.1,65.7794,58.9096
74,2.9200,6,Team B,1378,728,1452,876,1415.0,873.0,70.5815,63.2368
74,2.9200,7,Team B,913,558,971,677,942.0,674.6,69.1188,53.1139
74,2.9200,11,Referee,255,390,299,494,277.0,491.9,62.9850,36.7856
74,2.9200,15,Team B,862,422,895,513,878.5,511.2,72.6162,42.6664
74,2.9200,48,Team B,1090,438,1141,547,1115.5,544.8,75.3037,46.6889
74,2.9200,59,Team B,900,405,960,521,930.0,518.7,73.2624,43.6426
74,2.9200,66,Team A,1132,416,1177,516,1154.5,514.0,77.1119,44.7398
74,2.9200,69,Team B,1356,587,1433,728,1394.5,725.2,73.8554,57.8299
74,2.9200,60,Team B,728,348,777,439,752.5,437.2,73.0623,35.1953
74,2.9200,78,Team B,796,367,837,429,816.5,427.8,74.4417,35.1352
74,2.9200,82,Team B,57,458,93,561,75.0,558.9,58.6146,40.6870
74,2.9200,8,Team B,547,445,604,538,575.5,536.1,66.9804,42.4098
74,2.9200,88,Staff/GK,1363,361,1400,439,1381.5,437.4,84.7942,40.2684
75,2.9600,2,Team A,1249,735,1328,908,1288.5,904.5,68.7165,63.5711
75,2.9600,3,Team B,874,680,934,825,904.0,822.1,65.8627,59.0475
75,2.9600,6,Team B,1390,725,1463,872,1426.5,869.1,70.7768,63.1909
75,2.9600,7,Team B,921,557,980,677,950.5,674.6,69.2277,53.1321
75,2.9600,11,Referee,263,388,309,495,286.0,492.9,63.1073,36.8419
75,2.9600,15,Team B,868,422,902,515,885.0,513.1,72.6892,42.7563
75,2.9600,48,Team B,1097,439,1148,547,1122.5,544.8,75.4193,46.7055
75,2.9600,59,Team B,906,404,963,520,934.5,517.7,73.3470,43.5601
75,2.9600,66,Team A,1138,415,1184,517,1161.0,515.0,77.1854,44.8280
75,2.9600,69,Team B,1356,586,1433,727,1394.5,724.2,73.8597,57.8331
75,2.9600,60,Team B,734,346,782,438,758.0,436.2,73.1637,35.2020
75,2.9600,78,Team B,803,366,846,432,824.5,430.7,74.5926,35.1715
75,2.9600,82,Team B,80,459,117,559,98.5,557.0,58.9084,40.7299
75,2.9600,8,Team B,553,442,612,538,582.5,536.1,67.0833,42.4340
75,2.9600,89,Team B,3,717,38,887,20.5,883.6,55.4616,57.2223
76,3.0000,2,Team A,1256,736,1334,908,1295.0,904.6,68.7767,63.6183
76,3.0000,3,Team B,884,679,944,827,914.0,824.0,65.9329,59.1840
76,3.0000,6,Team B,1398,705,1478,872,1438.0,868.7,70.9258,63.2085
76,3.0000,7,Team B,929,559,988,675,958.5,672.7,69.3481,53.1154
76,3.0000,11,Referee,271,386,317,493,294.0,490.9,63.2403,36.7950
76,3.0000,15,Team B,874,423,909,514,891.5,512.2,72.7855,42.7758
76,3.0000,48,Team B,1102,440,1153,547,1127.5,544.9,75.4985,46.7339
76,3.0000,59,Team B,911,405,966,519,938.5,516.7,73.4237,43.5009
76,3.0000,66,Team A,1144,415,1193,522,1168.5,519.9,77.1594,45.1070
76,3.0000,69,Team B,1358,585,1434,727,1396.0,724.2,73.8632,57.8459
76,3.0000,60,Team B,739,348,787,437,763.0,435.2,73.2621,35.1705
76,3.0000,78,Team B,811,367,859,440,835.0,438.5,74.5614,35.6948
76,3.0000,82,Team B,99,457,139,559,119.0,557.0,59.1966,40.8302
76,3.0000,8,Team B,563,442,622,538,592.5,536.1,67.2021,42.4862
76,3.0000,89,Team A,9,714,44,886,26.5,882.6,55.4849,57.2288
77,3.0400,2,Team A,1263,736,1341,909,1302.0,905.5,68.8248,63.6855
77,3.0400,3,Team B,892,674,954,825,923.0,822.0,66.0294,59.2305
77,3.0400,6,Team B,1410,701,1489,871,1449.5,867.6,71.0645,63.2392
77,3.0400,7,Team B,937,558,997,675,967.0,672.7,69.4513,53.1429
77,3.0400,11,Referee,279,382,327,492,303.0,489.8,63.3772,36.7606
77,3.0400,15,Team B,880,421,917,513,898.5,511.2,72.8976,42.7664
77,3.0400,48,Team B,1110,441,1162,546,1136.0,543.9,75.6176,46.7414
77,3.0400,59,Team B,917,405,970,519,943.5,516.7,73.4878,43.4983
77,3.0400,66,Team A,1150,415,1203,527,1176.5,524.8,77.0993,45.4615
77,3.0400,69,Team B,1367,585,1443,726,1405.0,723.2,73.9387,57.8626
77,3.0400,60,Team B,747,349,795,437,771.0,435.2,73.3712,35.1947
77,3.0400,82,Team B,117,458,159,562,138.0,559.9,59.4449,41.0807
77,3.0400,8,Team B,570,445,627,537,598.5,535.2,67.3022,42.4922
77,3.0400,89,Team A,16,712,52,883,34.0,879.6,55.5337,57.1998
78,3.0800,2,Team A,1273,738,1350,909,1311.5,905.6,68.8937,63.7509
78,3.0800,3,Team B,901,672,964,827,932.5,823.9,66.1016,59.3285
78,3.0800,6,Team B,1425,705,1502,872,1463.5,868.7,71.1899,63.3211
78,3.0800,7,Team B,946,558,1007,673,976.5,670.7,69.5829,53.1334
78,3.0800,11,Referee,290,382,339,491,314.5,488.8,63.5409,36.7461
78,3.0800,15,Team B,888,420,926,513,907.0,511.1,73.0111,42.7977
78,3.0800,48,Team B,1119,443,1172,547,1145.5,544.9,75.7198,46.8246
78,3.0800,59,Team B,926,404,978,518,952.0,515.7,73.6019,43.4880
78,3.0800,66,Team A,1157,414,1209,521,1183.0,518.9,77.2633,45.3771
78,3.0800,69,Team B,1374,584,1447,724,1410.5,721.2,74.0327,57.8444
78,3.0800,60,Team B,757,351,803,435,780.0,433.3,73.5410,35.1309
78,3.0800,82,Team B,134,459,178,561,156.0,559.0,59.6987,41.2132
78,3.0800,8,Team B,578,445,633,536,605.5,534.2,67.4057,42.4811
78,3.0800,89,Team A,24,706,62,882,43.0,878.5,55.5966,57.2015
79,3.1200,2,Team A,1281,740,1357,906,1319.0,902.7,68.9895,63.7586
79,3.1200,3,Team B,912,672,975,829,943.5,825.9,66.1739,59.4523
79,3.1200,6,Team B,1442,712,1515,869,1478.5,865.9,71.3641,63.3551
79,3.1200,7,Team B,951,557,1015,673,983.0,670.7,69.6747,53.1570
79,3.1200,11,Referee,300,382,350,490,325.0,487.8,63.7054,36.7352
79,3.1200,15,Team B,896,422,936,515,916.0,513.1,73.0893,42.9397
79,3.1200,48,Team B,1127,446,1180,548,1153.5,546.0,75.8005,46.9328
79,3.1200,59,Team B,934,404,986,519,960.0,516.7,73.6907,43.5615
79,3.1200,66,Team A,1161,412,1217,529,1189.0,526.7,77.1911,45.7015
79,3.1200,69,Team B,1382,585,1453,722,1417.5,719.3,74.1453,57.8178
79,3.1200,60,Team B,764,353,811,436,787.5,434.3,73.6499,35.1990
79,3.1200,82,Team B,152,459,199,559,175.5,557.0,59.9777,41.2599
79,3.1200,8,Team B,583,443,638,534,610.5,532.2,67.5065,42.4088
79,3.1200,89,Team A,35,703,75,878,55.0,874.5,55.6947,57.1605
80,3.1600,2,Team A,1286,740,1363,908,1324.5,904.6,69.0321,63.8233
80,3.1600,3,Team B,924,676,986,832,955.0,828.9,66.2393,59.6101
80,3.1600,6,Team B,1455,714,1529,869,1492.0,865.9,71.5134,63.4181
80,3.1600,7,Team B,957,556,1021,671,989.0,668.7,69.7742,53.1331
80,3.1600,11,Referee,306,382,356,489,331.0,486.9,63.8238,36.7057
80,3.1600,15,Team B,904,422,944,513,924.0,511.2,73.2237,42.9405
80,3.1600,48,Team B,1135,447,1190,549,1162.5,547.0,75.8829,47.0531
80,3.1600,59,Team B,942,406,992,516,967.0,513.8,73.8397,43.4895
80,3.1600,66,Team A,1169,413,1220,523,1194.5,520.8,77.3395,45.6040
80,3.1600,69,Team B,1396,584,1465,721,1430.5,718.3,74.2966,57.8307
80,3.1600,60,Team B,770,353,819,437,794.5,435.3,73.7297,35.3149
80,3.1600,82,Team B,171,460,220,557,195.5,555.1,60.2726,41.2750
80,3.1600,8,Team B,587,438,645,536,616.0,534.0,67.5537,42.4875
80,3.1600,89,Team A,49,700,90,875,69.5,871.5,55.8207,57.1304
81,3.2000,2,Team A,1290,743,1367,908,1328.5,904.7,69.0639,63.8734
81,3.2000,3,Team B,934,677,997,834,965.5,830.9,66.3051,59.7563
81,3.2000,6,Team B,1465,714,1541,873,1503.0,869.8,71.5880,63.5572
81,3.2000,7,Team B,961,553,1027,670,994.0,667.7,69.8557,53.1150
81,3.2000,11,Referee,316,382,368,489,342.0,486.9,63.9636,36.7430
81,3.2000,15,Team B,908,420,950,513,929.0,511.1,73.3117,42.9600
81,3.2000,48,Team B,1141,444,1200,549,1170.5,546.9,75.9794,47.1317
81,3.2000,59,Team B,948,405,999,517,973.5,514.8,73.9279,43.5313
81,3.2000,66,Team A,1177,411,1224,514,1200.5,511.9,77.6569,45.2035
81,3.2000,69,Team B,1403,582,1472,720,1437.5,717.2,74.4178,57.8396
81,3.2000,60,Team B,779,354,828,437,803.5,435.3,73.8429,35.4026
81,3.2000,82,Team B,190,462,241,556,215.5,554.1,60.5662,41.3219
81,3.2000,8,Team B,594,440,652,541,623.0,539.0,67.5483,42.7689
81,3.2000,89,Team A,63,699,106,871,84.5,867.6,55.9653,57.0848
82,3.2400,2,Team A,1293,746,1367,906,1330.0,902.8,69.0964,63.8764
82,3.2400,3,Team B,944,681,1006,834,975.0,830.9,66.3828,59.8543
82,3.2400,6,Team B,1475,715,1553,873,1514.0,869.8,71.6812,63.6550
82,3.2400,7,Team B,964,550,1031,670,997.5,667.6,69.9039,53.1235
82,3.2400,11,Referee,324,386,375,489,349.5,486.9,64.0746,36.7958
82,3.2400,15,Team B,912,420,954,513,933.0,511.1,73.3704,42.9846
82,3.2400,48,Team B,1150,444,1208,548,1179.0,545.9,76.1065,47.1585
82,3.2400,59,Team B,954,406,1003,516,978.5,513.8,74.0170,43.5256
82,3.2400,66,Team A,1183,413,1229,515,1206.0,513.0,77.7998,45.1107
82,3.2400,69,Team B,1412,580,1482,720,1447.0,717.2,74.5303,57.8796
82,3.2400,60,Team B,786,351,837,435,811.5,433.3,74.0066,35.3535
82,3.2400,82,Team B,220,460,272,557,246.0,555.1,60.9420,41.5067
82,3.2400,8,Team B,600,440,657,542,628.5,540.0,67.5660,42.9488
82,3.2400,89,Team A,75,701,120,868,97.5,864.7,56.1011,57.0502
83,3.2800,2,Team A,1298,749,1372,903,1335.0,899.9,69.1623,63.8524
83,3.2800,3,Team B,954,685,1014,834,984.0,831.0,66.4620,59.9316
83,3.2800,6,Team B,1487,713,1567,874,1527.0,870.8,71.7837,63.7586
83,3.2800,7,Team B,966,549,1033,671,999.5,668.6,69.9120,53.1684
83,3.2800,11,Referee,332,388,383,490,357.5,488.0,64.1671,36.9070
83,3.2800,15,Team B,918,417,960,511,939.0,509.1,73.4790,42.9265
83,3.2800,48,Team B,1152,443,1211,547,1181.5,544.9,76.1892,47.1397
83,3.2800,59,Team B,959,407,1005,513,982.0,510.9,74.1330,43.4050
83,3.2800,66,Team A,1189,411,1235,516,1212.0,513.9,77.8799,45.1394
83,3.2800,69,Team B,1419,578,1491,720,1455.0,717.2,74.6280,57.9273
83,3.2800,60,Team B,792,352,845,436,818.5,434.3,74.1077,35.4237
83,3.2800,82,Team B,240,460,293,560,266.5,558.0,61.2370,41.7948
83,3.2800,8,Team B,606,440,663,542,634.5,540.0,67.6123,43.0468
83,3.2800,89,Team A,86,700,133,870,109.5,866.6,56.2096,57.1249
84,3.3200,2,Team A,1303,752,1377,902,1340.0,899.0,69.2207,63.8521
84,3.3200,3,Team B,962,688,1022,838,992.0,835.0,66.4964,60.0805
84,3.3200,6,Team B,1497,709,1578,871,1537.5,867.8,71.9235,63.7850
84,3.3200,7,Team B,970,550,1033,668,1001.5,665.6,69.9594,53.1103
84,3.3200,11,Referee,339,387,392,490,365.5,487.9,64.2657,36.9861
84,3.3200,15,Team B,922,411,966,511,944.0,509.0,73.5586,42.9187
84,3.3200,48,Team B,1154,442,1210,545,1182.0,542.9,76.2565,47.0547
84,3.3200,59,Team B,959,405,1005,511,982.0,508.9,74.2056,43.2648
84,3.3200,66,Team A,1195,412,1240,517,1217.5,514.9,77.9284,45.2171
84,3.3200,69,Team B,1424,578,1496,720,1460.0,717.2,74.6959,57.9693
84,3.3200,60,Team B,796,352,848,436,822.0,434.3,74.1680,35.4657
84,3.3200,82,Team B,261,460,314,561,287.5,559.0,61.5224,42.0390
84,3.3200,8,Team B,608,441,672,557,640.0,554.7,67.4502,43.7455
84,3.3200,89,Team A,95,701,145,871,120.0,867.6,56.3005,57.2182
85,3.3600,2,Team A,1305,753,1382,903,1343.5,900.0,69.2458,63.8915
85,3.3600,3,Team B,970,690,1029,839,999.5,836.0,66.5387,60.1937
85,3.3600,6,Team B,1506,709,1589,872,1547.5,868.7,72.0246,63.8526
85,3.3600,7,Team B,977,553,1040,671,1008.5,668.6,69.9790,53.2075
85,3.3600,11,Referee,344,386,398,490,371.0,487.9,64.3408,37.0415
85,3.3600,15,Team A,927,409,970,510,948.5,508.0,73.6404,42.8872
85,3.3600,48,Team B,1159,440,1215,545,1187.0,542.9,76.3184,47.0398
85,3.3600,59,Team B,965,406,1010,512,987.5,509.9,74.2524,43.2776
85,3.3600,66,Team A,1203,414,1246,514,1224.5,512.0,78.0746,45.1493
85,3.3600,69,Team B,1427,578,1499,719,1463.0,716.2,74.7528,57.9777
85,3.3600,60,Team B,799,354,848,432,823.5,430.4,74.2825,35.2559
85,3.3600,82,Team B,279,461,333,563,306.0,561.0,61.7703,42.2990
85,3.3600,8,Team B,613,445,677,560,645.0,557.7,67.3712,44.1744
85,3.3600,89,Team A,105,702,157,871,131.0,867.6,56.3915,57.2984
85,3.3600,103,Staff/GK,1480,356,1532,439,1506.0,437.3,86.8738,41.1522
86,3.4000,2,Team A,1307,755,1385,902,1346.0,899.1,69.2721,63.9096
86,3.4000,3,Team B,975,693,1036,843,1005.5,840.0,66.5447,60.3505
86,3.4000,6,Team B,1512,708,1596,871,1554.0,867.7,72.1123,63.8906
86,3.4000,7,Team B,983,555,1043,669,1013.0,666.7,70.0374,53.2092
86,3.4000,11,Referee,350,384,406,491,378.0,488.9,64.4094,37.1448
86,3.4000,15,Team A,932,409,974,509,953.0,507.0,73.7223,42.8478
86,3.4000,48,Team B,1163,440,1214,538,1188.5,536.0,76.4962,46.7586
86,3.4000,59,Team B,970,405,1017,515,993.5,512.8,74.2531,43.4412
86,3.4000,66,Team A,1208,414,1252,515,1230.0,513.0,78.1500,45.1878
86,3.4000,69,Team B,1431,578,1504,720,1467.5,717.2,74.7843,58.0273
86,3.4000,60,Team B,801,354,850,432,825.5,430.4,74.3312,35.1787
86,3.4000,82,Team B,299,460,355,563,327.0,560.9,62.0462,42.4878
86,3.4000,8,Team B,616,445,677,556,646.5,553.8,67.3915,44.1887
86,3.4000,89,Team A,111,702,165,870,138.0,866.6,56.4599,57.3403
87,3.4400,2,Team A,1306,755,1386,899,1346.0,896.1,69.3046,63.8764
87,3.4400,3,Team B,980,694,1042,846,1011.0,843.0,66.5428,60.5016
87,3.4400,6,Team B,1518,706,1604,870,1561.0,866.7,72.1985,63.9178
87,3.4400,7,Team B,986,559,1046,672,1016.0,669.7,70.0283,53.3172
87,3.4400,11,Referee,349,383,405,488,377.0,485.9,64.4435,37.0253
87,3.4400,15,Team A,935,411,977,511,956.0,509.0,73.7268,42.9374
87,3.4400,48,Team B,1166,440,1214,538,1190.0,536.0,76.5678,46.6526
87,3.4400,59,Team B,972,405,1016,510,994.0,507.9,74.3465,43.2839
87,3.4400,66,Team A,1212,414,1257,517,1234.5,514.9,78.1630,45.3073
87,3.4400,69,Team B,1434,576,1510,722,1472.0,719.1,74.7900,58.1172
87,3.4400,60,Team B,805,354,853,431,829.0,429.5,74.3944,35.1028
87,3.4400,82,Team B,317,458,376,564,346.5,561.9,62.3096,42.6836
87,3.4400,8,Team B,619,445,678,554,648.5,551.8,67.4285,44.1212
87,3.4400,89,Team A,117,699,173,870,145.0,866.6,56.5158,57.3871
88,3.4800,2,Team A,1301,758,1383,900,1342.0,897.2,69.2704,63.8834
88,3.4800,3,Team B,985,694,1047,847,1016.0,843.9,66.5539,60.6075
88,3.4800,6,Team B,1526,705,1613,869,1569.5,865.7,72.2939,63.9450
88,3.4800,7,Team B,990,562,1052,677,1021.0,674.7,69.9812,53.5319
88,3.4800,11,Referee,350,381,404,482,377.0,480.0,64.5138,36.6592
88,3.4800,15,Team A,940,413,981,511,960.5,509.0,73.7565,42.9938
88,3.4800,48,Team B,1169,442,1219,545,1194.0,542.9,76.4674,46.9105
88,3.4800,59,Team B,972,408,1018,514,995.0,511.9,74.2927,43.4078
88,3.4800,66,Team A,1215,413,1261,518,1238.0,515.9,78.1656,45.4111
88,3.4800,69,Team B,1440,575,1516,722,1478.0,719.1,74.8293,58.1788
88,3.4800,60,Team B,808,353,855,429,831.5,427.5,74.4765,34.9621
88,3.4800,82,Team B,336,461,397,566,366.5,563.9,62.5613,42.9302
88,3.4800,8,Team B,622,444,680,554,651.0,551.8,67.4489,44.1054
88,3.4800,89,Team A,121,695,179,865,150.0,861.6,56.5727,57.3206
89,3.5200,2,Team A,1293,761,1377,900,1335.0,897.2,69.2008,63.8808
89,3.5200,3,Team B,991,693,1053,847,1022.0,843.9,66.5869,60.6773
89,3.5200,6,Team B,1533,704,1622,870,1577.5,866.7,72.3645,64.0070
89,3.5200,7,Team B,994,566,1057,681,1025.5,678.7,69.9288,53.7577
89,3.5200,11,Referee,354,380,401,468,377.5,466.2,64.7133,35.7521
89,3.5200,15,Team A,942,416,983,513,962.5,511.1,73.7298,43.1179
89,3.5200,48,Team B,1171,443,1222,549,1196.5,546.9,76.3507,47.1841
89,3.5200,59,Team B,974,407,1018,512,996.0,509.9,74.3069,43.3706
89,3.5200,66,Team A,1217,413,1264,521,1240.5,518.8,78.1059,45.5905
89,3.5200,69,Team B,1443,574,1520,721,1481.5,718.1,74.8792,58.1962
89,3.5200,60,Team B,810,352,857,429,833.5,427.5,74.5126,34.9112
89,3.5200,82,Team B,347,447,415,567,381.0,564.6,62.7702,43.1186
89,3.5200,8,Team B,623,443,681,553,652.0,550.8,67.4626,44.0625
89,3.5200,89,Team A,125,693,183,863,154.0,859.6,56.6119,57.2721
90,3.5600,2,Team A,1280,761,1364,901,1322.0,898.2,69.0681,63.8750
90,3.5600,3,Team B,995,691,1057,848,1026.0,844.9,66.6055,60.7471
90,3.5600,6,Team B,1539,704,1629,870,1584.0,866.7,72.4277,64.0612
90,3.5600,7,Team B,996,566,1061,679,1028.5,676.7,69.9461,53.8059
90,3.5600,11,Referee,357,380,401,462,379.0,460.4,64.8696,35.0594
90,3.5600,15,Team A,943,419,985,516,964.0,514.1,73.6554,43.3113
90,3.5600,48,Team B,1170,444,1222,551,1196.0,548.9,76.2421,47.3721
90,3.5600,59,Team B,975,409,1019,515,997.0,512.9,74.2429,43.4963
90,3.5600,66,Team A,1219,414,1266,522,1242.5,519.8,78.0636,45.7134
90,3.5600,69,Team B,1446,575,1522,721,1484.0,718.1,74.9085,58.2185
90,3.5600,60,Team B,807,350,855,429,831.0,427.4,74.4792,34.8736
90,3.5600,82,Team B,361,448,426,568,393.5,565.6,62.9399,43.2885
90,3.5600,8,Team B,622,444,680,554,651.0,551.8,67.4255,44.0864
90,3.5600,89,Team A,129,689,188,858,158.5,854.6,56.6595,57.1643
90,3.5600,110,Team B,1519,366,1580,440,1549.5,438.5,87.5090,41.5555
91,3.6000,2,Team A,1272,762,1359,902,1315.5,899.2,68.9520,63.8857
91,3.6000,3,Team B,999,690,1062,850,1030.5,846.8,66.6120,60.8389
91,3.6000,6,Team B,1547,707,1637,870,1592.0,866.7,72.4973,64.1174
91,3.6000,7,Team B,995,563,1062,678,1028.5,675.7,69.9540,53.8001
91,3.6000,11,Referee,361,382,401,459,381.0,457.5,64.9725,34.6229
91,3.6000,15,Team A,942,420,985,515,963.5,513.1,73.6236,43.3427
91,3.6000,48,Team B,1172,447,1225,553,1198.5,550.9,76.1648,47.5390
91,3.6000,59,Team B,974,410,1017,515,995.5,512.9,74.1852,43.5411
91,3.6000,66,Team A,1222,415,1268,521,1245.0,518.9,78.0808,45.7308
91,3.6000,69,Team B,1445,574,1523,722,1484.0,719.0,74.8944,58.2587
91,3.6000,60,Team B,805,349,855,434,830.0,432.3,74.3163,35.1449
91,3.6000,82,Team B,376,455,435,567,405.5,564.8,63.1091,43.3706
91,3.6000,8,Team B,618,447,677,558,647.5,555.8,67.3016,44.2539
91,3.6000,89,Team A,134,685,194,856,164.0,852.6,56.7057,57.1018
91,3.6000,110,Team B,1526,363,1591,441,1558.5,439.4,87.5637,41.6413
92,3.6400,2,Team A,1268,760,1358,902,1313.0,899.2,68.8796,63.8949
92,3.6400,3,Team B,1003,691,1067,853,1035.0,849.8,66.6035,60.9606
92,3.6400,6,Team B,1553,710,1643,871,1598.0,867.8,72.5433,64.1870
92,3.6400,7,Team B,994,562,1062,677,1028.0,674.7,69.9533,53.7720
92,3.6400,11,Referee,359,383,406,474,382.5,472.2,64.8001,35.2951
92,3.6400,15,Team A,942,420,985,516,963.5,514.1,73.5739,43.4002
92,3.6400,48,Team B,1174,448,1227,554,1200.5,551.9,76.1173,47.6545
92,3.6400,59,Team B,978,413,1020,516,999.0,513.9,74.1590,43.6210
92,3.6400,66,Team A,1222,414,1268,522,1245.0,519.8,78.0502,45.7790
92,3.6400,69,Team B,1445,576,1522,721,1483.5,718.1,74.8909,58.2561
92,3.6400,60,Team A,804,349,854,434,829.0,432.3,74.2196,35.2460
92,3.6400,82,Team B,396,462,452,567,424.0,564.9,63.3288,43.4845
92,3.6400,8,Team B,616,449,677,560,646.5,557.8,67.1956,44.4040
92,3.6400,89,Team A,139,682,200,853,169.5,849.6,56.7555,57.0351
92,3.6400,110,Team B,1536,369,1597,442,1566.5,440.5,87.6224,41.7659
93,3.6800,2,Team A,1264,759,1357,902,1310.5,899.1,68.8243,63.9039
93,3.6800,3,Team B,1009,692,1073,857,1041.0,853.7,66.5898,61.1182
93,3.6800,6,Team B,1570,710,1657,869,1613.5,865.8,72.6828,64.2327
93,3.6800,7,Team B,990,563,1057,676,1023.5,673.7,69.9159,53.7225
93,3.6800,11,Referee,360,385,408,480,384.0,478.1,64.6440,35.8984
93,3.6800,15,Team A,943,418,987,517,965.0,515.0,73.5330,43.4724
93,3.6800,48,Team B,1174,449,1228,555,1201.0,552.9,76.0676,47.7435
93,3.6800,59,Team B,977,414,1019,517,998.0,514.9,74.1008,43.6943
93,3.6800,66,Team A,1223,413,1268,521,1245.5,518.8,78.0529,45.7564
93,3.6800,60,Team A,804,350,854,436,829.0,434.3,74.1136,35.4019
93,3.6800,82,Team B,415,471,470,570,442.5,568.0,63.5353,43.7372
93,3.6800,8,Team B,613,451,675,561,644.0,558.8,67.0965,44.4998
93,3.6800,89,Team A,143,679,205,850,174.0,846.6,56.8002,56.9635
93,3.6800,110,Team B,1551,387,1598,442,1574.5,440.9,87.7098,41.8670
93,3.6800,113,Team B,874,381,912,457,893.0,455.5,74.4076,38.0213
93,3.6800,1,Team A,1459,589,1515,722,1487.0,719.3,74.2715,58.0516
94,3.7200,2,Team A,1261,758,1355,900,1308.0,897.2,68.7966,63.8771
94,3.7200,3,Team B,1015,696,1077,858,1046.0,854.8,66.5955,61.2282
94,3.7200,6,Team B,1574,711,1660,869,1617.0,865.8,72.7537,64.2723
94,3.7200,7,Team B,982,563,1049,676,1015.5,673.7,69.8213,53.6815
94,3.7200,11,Referee,360,389,409,487,384.5,485.0,64.4717,36.5191
94,3.7200,15,Team A,952,417,1000,520,976.0,517.9,73.5506,43.6798
94,3.7200,48,Team B,1175,449,1228,556,1201.5,553.9,76.0173,47.8212
94,3.7200,59,Team B,980,414,1021,518,1000.5,515.9,74.0656,43.7785
94,3.7200,66,Team A,1224,414,1269,525,1246.5,522.8,77.9547,45.9217
94,3.7200,60,Team A,804,353,853,440,828.5,438.3,73.9517,35.6946
94,3.7200,82,Team B,428,472,486,572,457.0,570.0,63.7114,43.9807
94,3.7200,8,Team B,612,455,677,563,644.5,560.8,67.0144,44.6283
94,3.7200,89,Team A,149,676,211,845,180.0,841.6,56.8617,56.8479
94,3.7200,110,Team B,1550,367,1615,443,1582.5,441.5,87.8006,41.9701
94,3.7200,113,Team B,873,383,908,452,890.5,450.6,74.4745,37.7379
94,3.7200,1,Team A,1464,593,1517,722,1490.5,719.4,74.6545,58.2430
95,3.7600,2,Team A,1259,760,1353,900,1306.0,897.2,68.7617,63.8740
95,3.7600,3,Team B,1020,701,1083,861,1051.5,857.8,66.5929,61.3608
95,3.7600,6,Team B,1586,712,1670,867,1628.0,863.9,72.8735,64.2939
95,3.7600,7,Team B,979,562,1046,676,1012.5,673.7,69.7451,53.6601
95,3.7600,11,Referee,362,391,412,489,387.0,487.0,64.3804,36.8862
95,3.7600,15,Team A,957,416,1009,521,983.0,518.9,73.5914,43.8352
95,3.7600,48,Team B,1177,449,1229,557,1203.0,554.8,75.9765,47.8981
95,3.7600,59,Team B,981,414,1022,518,1001.5,515.9,74.0450,43.8163
95,3.7600,66,Team A,1228,418,1271,524,1249.5,521.9,77.9527,45.9609
95,3.7600,60,Team A,805,355,853,443,829.0,441.2,73.8032,35.9858
95,3.7600,82,Team B,439,476,496,573,467.5,571.1,63.8480,44.1661
95,3.7600,8,Team B,614,458,681,564,647.5,561.9,66.9767,44.7375
95,3.7600,89,Team A,158,679,220,843,189.0,839.7,56.9379,56.7941
95,3.7600,110,Team B,1555,360,1624,443,1589.5,441.3,87.9080,42.0315
95,3.7600,1,Team A,1465,591,1517,722,1491.0,719.4,74.8025,58.3271
96,3.8000,2,Team A,1243,762,1333,902,1288.0,899.2,68.5990,63.8735
96,3.8000,3,Team B,1024,703,1088,865,1056.0,861.8,66.5714,61.5179
96,3.8000,6,Team B,1602,711,1683,864,1642.5,860.9,73.0508,64.2986
96,3.8000,7,Team B,976,561,1044,677,1010.0,674.7,69.6665,53.6779
96,3.8000,11,Referee,367,393,417,489,392.0,487.1,64.3736,37.0578
96,3.8000,15,Team A,959,416,1012,521,985.5,518.9,73.6160,43.9079
96,3.8000,48,Team B,1180,449,1232,559,1206.0,556.8,75.9328,48.0193
96,3.8000,59,Team B,986,415,1028,519,1007.0,516.9,74.0545,43.8997
96,3.8000,66,Team A,1233,419,1275,525,1254.0,522.9,77.9584,46.0379
96,3.8000,60,Team A,807,357,853,444,830.0,442.3,73.7114,36.1640
96,3.8000,82,Team B,449,476,506,572,477.5,570.1,63.9875,44.2411
96,3.8000,8,Team B,615,459,686,564,650.5,561.9,66.9711,44.7964
96,3.8000,89,Team A,165,679,227,842,196.0,838.7,57.0027,56.7808
96,3.8000,110,Team B,1565,360,1634,443,1599.5,441.3,88.0508,42.0975
96,3.8000,1,Team A,1465,585,1520,722,1492.5,719.3,74.8657,58.3693
96,3.8000,113,Team B,873,382,907,449,890.0,447.7,74.5268,37.4512
97,3.8400,2,Team A,1242,764,1328,901,1285.0,898.3,68.5137,63.8604
97,3.8400,3,Team B,1030,706,1094,866,1062.0,862.8,66.5808,61.6299
97,3.8400,6,Team B,1614,709,1694,863,1654.0,859.9,73.2052,64.3245
97,3.8400,7,Team B,976,559,1046,678,1011.0,675.6,69.6160,53.7226
97,3.8400,11,Referee,373,394,424,489,398.5,487.1,64.4166,37.1565
97,3.8400,15,Team A,958,415,1008,518,983.0,515.9,73.6447,43.7926
97,3.8400,48,Team B,1181,448,1233,559,1207.0,556.8,75.9112,48.0721
97,3.8400,59,Team B,991,414,1033,518,1012.0,515.9,74.1130,43.9084
97,3.8400,66,Team A,1236,418,1280,525,1258.0,522.9,77.9868,46.0839
97,3.8400,60,Team B,810,358,854,444,832.0,442.3,73.6766,36.2436
97,3.8400,82,Team B,459,478,517,576,488.0,574.0,64.0761,44.4795
97,3.8400,8,Team B,618,457,694,569,656.0,566.8,66.9347,45.0460
97,3.8400,89,Team A,172,679,234,839,203.0,835.8,57.0715,56.7373
97,3.8400,110,Team B,1576,355,1647,443,1611.5,441.2,88.2342,42.1692
97,3.8400,1,Team A,1466,586,1522,722,1494.0,719.3,74.8925,58.3983
97,3.8400,117,Team B,1439,563,1474,653,1456.5,651.2,76.4424,55.0643
98,3.8800,2,Team A,1236,763,1324,903,1280.0,900.2,68.4162,63.8897
98,3.8800,3,Team B,1036,707,1102,867,1069.0,863.8,66.6098,61.7256
98,3.8800,6,Team B,1628,707,1707,861,1667.5,857.9,73.3779,64.3459
98,3.8800,7,Team B,979,558,1050,680,1014.5,677.6,69.5834,53.8164
98,3.8800,11,Referee,378,393,430,488,404.0,486.1,64.4826,37.1673
98,3.8800,15,Team A,970,412,1026,522,998.0,519.8,73.7108,43.9834
98,3.8800,48,Team B,1186,448,1236,560,1211.0,557.8,75.9057,48.1487
98,3.8800,66,Team A,1240,418,1285,526,1262.5,523.8,78.0052,46.1626
98,3.8800,60,Team B,813,359,857,445,835.0,443.3,73.6533,36.3450
98,3.8800,82,Team B,470,478,530,580,500.0,578.0,64.1583,44.7854
98,3.8800,8,Team B,625,458,701,571,663.0,568.7,66.9400,45.2572
98,3.8800,89,Team A,180,683,242,839,211.0,835.9,57.1359,56.7558
98,3.8800,110,Team B,1586,351,1658,442,1622.0,440.2,88.4529,42.1859
98,3.8800,1,Team A,1475,586,1532,722,1503.5,719.3,74.9677,58.4472
98,3.8800,117,Team B,1442,561,1484,673,1463.0,670.8,76.1175,55.6659
99,3.9200,2,Team A,1235,764,1324,906,1279.5,903.2,68.3327,63.9665
99,3.9200,3,Team B,1043,706,1110,867,1076.5,863.8,66.6600,61.7957
99,3.9200,6,Team B,1641,706,1717,860,1679.0,856.9,73.5311,64.3787
99,3.9200,7,Team B,983,558,1053,680,1018.0,677.6,69.5850,53.8716
99,3.9200,11,Referee,376,394,426,485,401.0,483.2,64.4938,37.0025
99,3.9200,15,Team A,974,411,1031,524,1002.5,521.7,73.7258,44.1656
99,3.9200,48,Team B,1191,448,1241,559,1216.0,556.8,75.9579,48.1614
99,3.9200,66,Team A,1245,416,1293,528,1269.0,525.8,78.0170,46.3027
99,3.9200,60,Team A,815,359,860,447,837.5,445.2,73.6070,36.5081
99,3.9200,82,Team B,481,478,542,581,511.5,578.9,64.2670,44.9950
99,3.9200,8,Team B,630,460,707,572,668.5,569.8,66.9611,45.4075
99,3.9200,89,Team A,189,684,251,838,220.0,834.9,57.2102,56.7773
99,3.9200,110,Team B,1600,351,1669,442,1634.5,440.2,88.6691,42.2453
99,3.9200,117,Team B,1443,560,1490,684,1466.5,681.5,75.8098,56.2287
99,3.9200,69,Team A,1471,588,1543,723,1507.0,720.3,74.9675,58.4344
99,3.9200,113,Team B,869,378,902,441,885.5,439.7,74.6272,36.8541
100,3.9600,2,Team A,1233,763,1324,908,1278.5,905.1,68.2623,64.0424
100,3.9600,3,Team B,1046,709,1115,868,1080.5,864.8,66.6847,61.8671
100,3.9600,6,Team B,1654,707,1728,860,1691.0,856.9,73.6659,64.4366
100,3.9600,7,Team B,986,558,1056,682,1021.0,679.5,69.5689,53.9684
100,3.9600,11,Referee,382,393,432,485,407.0,483.2,64.5396,36.9623
100,3.9600,15,Team A,977,412,1033,523,1005.0,520.8,73.7599,44.2059
100,3.9600,48,Team B,1197,449,1247,560,1222.0,557.8,76.0006,48.2305
100,3.9600,66,Team A,1253,416,1302,530,1277.5,527.7,78.0451,46.4767
100,3.9600,60,Team A,817,358,862,446,839.5,444.2,73.6136,36.5228
100,3.9600,82,Team B,491,478,552,582,521.5,579.9,64.3723,45.1602
100,3.9600,8,Team B,635,461,710,574,672.5,571.7,66.9612,45.5668
100,3.9600,89,Team A,197,684,261,836,229.0,833.0,57.2932,56.7762
100,3.9600,117,Team B,1443,559,1492,690,1467.5,687.4,75.5797,56.6260
100,3.9600,69,Team A,1477,592,1550,724,1513.5,721.4,75.0213,58.5604
100,3.9600,113,Team B,870,380,902,441,886.0,439.8,74.6521,36.6174
101,4.0000,2,Team A,1231,763,1324,909,1277.5,906.1,68.2070,64.1004
101,4.0000,3,Team B,1053,712,1121,868,1087.0,864.9,66.7258,61.9264
101,4.0000,6,Team B,1664,706,1737,860,1700.5,856.9,73.7772,64.4968
101,4.0000,7,Team B,988,560,1057,682,1022.5,679.6,69.5601,54.0194
101,4.0000,11,Referee,388,394,431,471,409.5,469.5,64.7503,36.2021
101,4.0000,15,Team A,983,414,1037,520,1010.0,517.9,73.8670,44.1118
101,4.0000,48,Team B,1200,450,1252,560,1226.0,557.8,76.0412,48.2757
101,4.0000,66,Team A,1260,418,1308,528,1284.0,525.8,78.1530,46.4907
101,4.0000,60,Team A,819,358,865,450,842.0,448.2,73.5347,36.7632
101,4.0000,82,Team B,501,477,563,582,532.0,579.9,64.4925,45.2688
101,4.0000,8,Team B,637,462,712,576,674.5,573.7,66.9343,45.7217
101,4.0000,89,Team A,204,684,271,836,237.5,833.0,57.3675,56.8112
101,4.0000,117,Team B,1444,558,1491,683,1467.5,680.5,75.6004,56.5985
101,4.0000,69,Team A,1485,592,1558,723,1521.5,720.4,75.1124,58.6182
101,4.0000,113,Team B,873,380,904,442,888.5,440.8,74.6467,36.5889
101,4.0000,110,Team B,1625,353,1691,443,1658.0,441.2,88.9580,42.4210
102,4.0400,2,Team A,1228,763,1323,913,1275.5,910.0,68.1213,64.2020
102,4.0400,3,Team B,1059,711,1128,871,1093.5,867.8,66.7453,62.0381
102,4.0400,6,Team B,1677,708,1747,860,1712.0,857.0,73.8919,64.5646
102,4.0400,7,Team B,989,561,1053,678,1021.0,675.7,69.5843,53.9232
102,4.0400,11,Referee,391,394,433,468,412.0,466.5,64.8802,35.7432
102,4.0400,15,Team A,989,414,1043,518,1016.0,515.9,73.9945,44.0099
102,4.0400,48,Team B,1206,453,1258,561,1232.0,558.8,76.0784,48.3594
102,4.0400,66,Team A,1266,417,1313,526,1289.5,523.8,78.2850,46.4335
102,4.0400,60,Team A,823,359,866,449,844.5,447.2,73.5328,36.8139
102,4.0400,82,Team B,510,476,573,582,541.5,579.9,64.6095,45.3508
102,4.0400,8,Team B,641,462,708,568,674.5,565.9,67.0135,45.4648
102,4.0400,89,Team A,210,681,279,835,244.5,831.9,57.4328,56.8315
102,4.0400,117,Team B,1447,556,1495,686,1471.0,683.4,75.5747,56.6861
102,4.0400,69,Team A,1493,591,1567,721,1530.0,718.4,75.2395,58.6247
102,4.0400,113,Team B,873,382,906,445,889.5,443.7,74.5647,36.7520
102,4.0400,110,Team B,1637,347,1703,441,1670.0,439.1,89.2764,42.4324
103,4.0800,2,Team A,1223,765,1318,914,1270.5,911.0,68.0336,64.2605
103,4.0800,3,Team B,1062,708,1132,872,1097.0,868.7,66.7556,62.1224
103,4.0800,6,Team B,1690,709,1758,858,1724.0,855.0,74.0396,64.5996
103,4.0800,7,Team B,991,563,1054,682,1022.5,679.6,69.5370,54.0150
103,4.0800,11,Referee,390,393,440,478,415.0,476.3,64.8048,36.1211
103,4.0800,15,Team A,994,411,1049,518,1021.5,515.9,74.0856,43.9892
103,4.0800,48,Team B,1211,453,1265,561,1238.0,558.8,76.1365,48.4173
103,4.0800,66,Team A,1272,417,1319,526,1295.5,523.8,78.3836,46.4347
103,4.0800,60,Team A,826,359,869,449,847.5,447.2,73.5454,36.8459
103,4.0800,82,Team B,518,474,582,582,550.0,579.8,64.7163,45.4177
103,4.0800,8,Team B,644,460,712,570,678.0,567.8,67.0327,45.4578
103,4.0800,89,Team A,215,680,286,835,250.5,831.9,57.4828,56.8674
103,4.0800,117,Team B,1452,556,1500,687,1476.0,684.4,75.5773,56.7708
103,4.0800,69,Team A,1499,592,1573,721,1536.0,718.4,75.3276,58.6537
103,4.0800,110,Team B,1650,348,1712,441,1681.0,439.1,89.5156,42.4836
104,4.1200,2,Team B,1213,765,1306,916,1259.5,913.0,67.8967,64.3029
104,4.1200,3,Team B,1069,707,1137,869,1103.0,865.8,66.8174,62.1247
104,4.1200,6,Team B,1702,710,1768,859,1735.0,856.0,74.1522,64.6740
104,4.1200,7,Team B,995,564,1056,681,1025.5,678.7,69.5419,54.0389
104,4.1200,11,Referee,394,390,447,481,420.5,479.2,64.7711,36.4553
104,4.1200,15,Team A,1000,410,1056,518,1028.0,515.8,74.1715,44.0068
104,4.1200,48,Team B,1218,455,1272,560,1245.0,557.9,76.2327,48.4319
104,4.1200,66,Team A,1278,420,1322,525,1300.0,522.9,78.4765,46.4136
104,4.1200,60,Team A,831,359,872,447,851.5,445.2,73.6198,36.7625
104,4.1200,82,Team B,528,474,590,580,559.0,577.9,64.8470,45.4022
104,4.1200,8,Team B,649,457,715,568,682.0,565.8,67.0878,45.3894
104,4.1200,89,Team A,218,673,291,831,254.5,827.8,57.5319,56.8071
104,4.1200,117,Team B,1461,558,1509,689,1485.0,686.4,75.6056,56.8960
104,4.1200,69,Team A,1506,589,1582,721,1544.0,718.4,75.4173,58.6961
104,4.1200,110,Team B,1661,345,1723,441,1692.0,439.1,89.7264,42.5465
105,4.1600,2,Team B,1207,764,1298,915,1252.5,912.0,67.7957,64.2960
105,4.1600,3,Team B,1076,707,1143,870,1109.5,866.7,66.8643,62.1748
105,4.1600,6,Team B,1710,708,1777,859,1743.5,856.0,74.2487,64.7377
105,4.1600,7,Team B,1000,564,1063,682,1031.5,679.6,69.5654,54.1039
105,4.1600,11,Referee,398,386,455,484,426.5,482.0,64.7597,36.7715
105,4.1600,15,Team A,1008,408,1066,521,1037.0,518.7,74.2190,44.1826
105,4.1600,48,Team B,1223,453,1278,559,1250.5,556.9,76.3319,48.4199
105,4.1600,66,Team A,1284,420,1327,523,1305.5,520.9,78.6029,46.3423
105,4.1600,60,Team A,835,359,875,446,855.0,444.3,73.6911,36.6865
105,4.1600,82,Team B,535,472,600,582,567.5,579.8,64.9358,45.5097
105,4.1600,8,Team B,653,455,719,568,686.0,565.7,67.1296,45.3786
105,4.1600,89,Team A,219,668,294,827,256.5,823.8,57.5668,56.7025
105,4.1600,117,Team B,1464,556,1513,688,1488.5,685.4,75.6535,56.9349
105,4.1600,69,Team A,1512,590,1588,719,1550.0,716.4,75.5244,58.6891
105,4.1600,110,Team B,1674,347,1732,441,1703.0,439.1,89.9221,42.6192
106,4.2000,2,Team B,1204,759,1296,912,1250.0,908.9,67.7585,64.2439
106,4.2000,3,Team B,1081,707,1147,869,1114.0,865.8,66.9113,62.1989
106,4.2000,6,Team B,1720,707,1786,859,1753.0,856.0,74.3453,64.8001
106,4.2000,7,Team B,1001,563,1066,685,1033.5,682.6,69.5366,54.2300
106,4.2000,11,Referee,402,385,460,484,431.0,482.0,64.7807,36.9173
106,4.2000,15,Team A,1015,406,1074,521,1044.5,518.7,74.2980,44.2820
106,4.2000,48,Team B,1228,451,1282,556,1255.0,553.9,76.4656,48.3152
106,4.2000,66,Team A,1289,419,1331,522,1310.0,519.9,78.7093,46.2882
106,4.2000,60,Team A,839,355,880,445,859.5,443.2,73.7745,36.6132
106,4.2000,82,Team B,544,473,608,583,576.0,580.8,65.0189,45.6289
106,4.2000,8,Team B,657,452,724,570,690.5,567.6,67.1435,45.4730
106,4.2000,89,Team A,220,661,296,825,258.0,821.7,57.5832,56.6249
106,4.2000,117,Team B,1467,552,1514,681,1490.5,678.4,75.8047,56.7674
106,4.2000,69,Team A,1514,589,1590,716,1552.0,713.5,75.6249,58.6227
106,4.2000,110,Team B,1684,341,1743,439,1713.5,437.0,90.1892,42.5818
107,4.2400,2,Team B,1201,755,1296,913,1248.5,909.8,67.7139,64.2481
107,4.2400,3,Team B,1086,707,1151,869,1118.5,865.8,66.9486,62.2325
107,4.2400,6,Team B,1730,705,1795,858,1762.5,854.9,74.4565,64.8433
107,4.2400,7,Team B,998,563,1061,684,1029.5,681.6,69.4915,54.2439
107,4.2400,11,Referee,408,384,466,482,437.0,480.0,64.8578,36.8947
107,4.2400,15,Team A,1020,405,1079,523,1049.5,520.6,74.3224,44.4298
107,4.2400,48,Team B,1231,447,1285,554,1258.0,551.9,76.5786,48.2043
107,4.2400,66,Team A,1293,418,1336,523,1314.5,520.9,78.7592,46.3262
107,4.2400,60,Team A,846,352,889,442,867.5,440.2,73.9481,36.4437
107,4.2400,82,Team B,552,474,616,584,584.0,581.8,65.0950,45.7506
107,4.2400,8,Team B,662,451,727,571,694.5,568.6,67.1548,45.5686
107,4.2400,89,Team A,224,656,298,819,261.0,815.7,57.6220,56.4665
107,4.2400,117,Team B,1469,549,1517,680,1493.0,677.4,75.8944,56.6845
107,4.2400,110,Team B,1695,337,1753,437,1724.0,435.0,90.4846,42.5018
107,4.2400,1,Team A,1523,587,1579,716,1551.0,713.4,75.3853,58.5282
108,4.2800,2,Team B,1196,753,1291,911,1243.5,907.8,67.6724,64.2124
108,4.2800,3,Team B,1096,710,1161,872,1128.5,868.8,66.9896,62.3453
108,4.2800,6,Team B,1740,704,1805,858,1772.5,854.9,74.5629,64.8989
108,4.2800,7,Team B,1000,563,1063,684,1031.5,681.6,69.4756,54.2621
108,4.2800,11,Referee,409,384,463,476,436.0,474.2,64.9370,36.5583
108,4.2800,15,Team A,1028,405,1085,520,1056.5,517.7,74.4485,44.3849
108,4.2800,48,Team B,1233,444,1286,552,1259.5,549.8,76.6687,48.0852
108,4.2800,66,Team A,1299,418,1343,524,1321.0,521.9,78.8061,46.4099
108,4.2800,60,Team A,845,348,887,437,866.0,435.2,74.0973,36.0727
108,4.2800,82,Team B,561,476,625,583,593.0,580.9,65.2015,45.7987
108,4.2800,8,Team B,666,452,730,571,698.0,568.6,67.1734,45.6238
108,4.2800,89,Team A,227,651,301,815,264.0,811.7,57.6604,56.3228
108,4.2800,117,Team B,1471,545,1518,674,1494.5,671.4,76.0425,56.4906
108,4.2800,110,Team B,1707,337,1763,438,1735.0,436.0,90.6779,42.5671
108,4.2800,1,Team A,1527,585,1583,716,1555.0,713.4,75.5752,58.5790
109,4.3200,2,Team B,1189,750,1286,908,1237.5,904.8,67.6354,64.1394
109,4.3200,3,Team B,1103,716,1167,873,1135.0,869.9,67.0271,62.4418
109,4.3200,6,Team B,1749,704,1813,857,1781.0,853.9,74.6710,64.9372
109,4.3200,7,Team B,999,561,1061,682,1030.0,679.6,69.4702,54.2102
109,4.3200,11,Referee,413,385,465,474,439.0,472.2,65.0054,36.3294
109,4.3200,15,Team A,1033,403,1089,517,1061.0,514.7,74.5917,44.2497
109,4.3200,48,Team B,1237,443,1289,551,1263.0,548.8,76.7466,48.0116
109,4.3200,66,Team A,1305,419,1350,524,1327.5,521.9,78.8756,46.4703
109,4.3200,60,Team A,847,348,889,436,868.0,434.2,74.1823,35.8728
109,4.3200,82,Team B,568,477,632,583,600.0,580.9,65.2899,45.8485
109,4.3200,8,Team B,671,452,733,570,702.0,567.6,67.2138,45.6236
109,4.3200,89,Team A,232,647,305,811,268.5,807.7,57.7097,56.1889
109,4.3200,117,Team B,1472,541,1519,672,1495.5,669.4,76.1376,56.3624
109,4.3200,110,Team B,1719,336,1773,436,1746.0,434.0,90.9487,42.5334
109,4.3200,1,Team A,1530,585,1584,714,1557.0,711.4,75.6917,58.5610
110,4.3600,2,Team B,1185,749,1284,907,1234.5,903.8,67.5998,64.0961
110,4.3600,3,Team B,1109,719,1173,873,1141.0,869.9,67.0704,62.5097
110,4.3600,6,Team B,1758,702,1821,855,1789.5,851.9,74.7951,64.9491
110,4.3600,7,Team B,995,558,1059,683,1027.0,680.5,69.4161,54.2132
110,4.3600,11,Referee,415,384,467,472,441.0,470.2,65.0594,36.1362
110,4.3600,15,Team A,1039,402,1091,513,1065.0,510.8,74.7583,44.0306
110,4.3600,48,Team B,1241,440,1293,552,1267.0,549.8,76.7819,48.0359
110,4.3600,66,Team A,1309,416,1353,520,1331.0,517.9,79.0242,46.3347
110,4.3600,60,Team A,848,348,890,438,869.0,436.2,74.1602,35.9118
110,4.3600,82,Team B,573,475,639,580,606.0,577.9,65.3992,45.7734
110,4.3600,8,Team B,675,453,734,569,704.5,566.7,67.2486,45.5960
110,4.3600,89,Team A,239,646,308,805,273.5,801.8,57.7771,56.0112
110,4.3600,117,Team B,1472,538,1520,670,1496.0,667.4,76.2070,56.2589
110,4.3600,110,Team B,1729,335,1781,434,1755.0,432.0,91.2285,42.4501
110,4.3600,1,Team A,1536,585,1590,712,1563.0,709.5,75.8111,58.5281
111,4.4000,2,Team B,1171,750,1266,908,1218.5,904.8,67.4592,64.0673
111,4.4000,3,Team B,1113,722,1178,875,1145.5,871.9,67.0861,62.6012
111,4.4000,6,Team B,1766,703,1830,854,1798.0,851.0,74.9106,64.9702
111,4.4000,7,Team B,999,555,1060,677,1029.5,674.6,69.4832,54.0482
111,4.4000,11,Referee,417,382,469,473,443.0,471.2,65.0661,36.1211
111,4.4000,15,Team B,1044,403,1096,513,1070.0,510.8,74.8588,43.9643
111,4.4000,48,Team B,1246,440,1297,550,1271.5,547.8,76.8691,47.9845
111,4.4000,66,Team A,1315,414,1361,521,1338.0,518.9,79.1167,46.3496
111,4.4000,60,Team A,847,348,890,440,868.5,438.2,74.0783,36.0389
111,4.4000,82,Team B,578,475,646,580,612.0,577.9,65.4798,45.7694
111,4.4000,8,Team B,679,453,738,569,708.5,566.7,67.2817,45.6031
111,4.4000,89,Team A,244,646,312,803,278.0,799.9,57.8283,55.9138
111,4.4000,117,Team B,1474,537,1520,665,1497.0,662.4,76.3255,56.0809
111,4.4000,110,Team B,1738,331,1790,432,1764.0,430.0,91.5156,42.3430
111,4.4000,1,Team A,1541,586,1596,711,1568.5,708.5,75.9103,58.5137
112,4.4400,2,Team B,1162,751,1253,908,1207.5,904.9,67.3190,64.0395
112,4.4400,3,Team B,1111,724,1174,873,1142.5,870.0,67.0793,62.6027
112,4.4400,6,Team B,1775,704,1839,854,1807.0,851.0,75.0119,65.0149
112,4.4400,7,Team B,1001,552,1060,669,1030.5,666.7,69.6152,53.7472
112,4.4400,11,Referee,420,380,472,471,446.0,469.2,65.1067,36.0162
112,4.4400,15,Team B,1049,402,1099,511,1074.0,508.8,74.9665,43.8622
112,4.4400,48,Team B,1250,440,1300,549,1275.0,546.8,76.9458,47.9384
112,4.4400,66,Team A,1320,414,1366,521,1343.0,518.9,79.1901,46.3753
112,4.4400,60,Team A,851,349,893,440,872.0,438.2,74.0642,36.1048
112,4.4400,82,Team B,581,474,650,579,615.5,576.9,65.5381,45.7435
112,4.4400,8,Team B,682,453,743,571,712.5,568.6,67.2864,45.7052
112,4.4400,89,Team A,249,643,316,799,282.5,795.9,57.8838,55.7962
112,4.4400,117,Team B,1474,537,1519,667,1496.5,664.4,76.3208,56.0708
112,4.4400,110,Team B,1750,333,1798,430,1774.0,428.1,91.8137,42.2369
112,4.4400,69,Team A,1537,587,1610,707,1573.5,704.6,75.9360,58.4706
113,4.4800,2,Team B,1158,750,1245,904,1201.5,900.9,67.2506,63.9509
113,4.4800,3,Team B,1109,725,1171,873,1140.0,870.0,67.0474,62.6084
113,4.4800,6,Team B,1782,703,1846,852,1814.0,849.0,75.1235,65.0253
113,4.4800,7,Team B,1002,548,1060,666,1031.0,663.6,69.7007,53.5394
113,4.4800,11,Referee,423,378,477,471,450.0,469.1,65.1438,35.9901
113,4.4800,15,Team B,1054,403,1103,511,1078.5,508.8,75.0384,43.8405
113,4.4800,48,Team B,1254,440,1302,546,1278.0,543.9,77.0577,47.8117
113,4.4800,66,Team A,1324,413,1369,516,1346.5,513.9,79.3658,46.1825
113,4.4800,60,Team A,854,350,897,439,875.5,437.2,74.1003,36.0882
113,4.4800,82,Team B,581,474,652,579,616.5,576.9,65.5515,45.7403
113,4.4800,8,Team B,685,454,746,570,715.5,567.7,67.3115,45.7206
113,4.4800,89,Team A,253,641,319,797,286.0,793.9,57.9236,55.7180
113,4.4800,117,Team B,1475,536,1520,666,1497.5,663.4,76.3355,56.0454
113,4.4800,110,Team B,1757,327,1807,429,1782.0,427.0,92.0596,42.1659
113,4.4800,130,Team B,1,384,30,493,15.5,490.8,57.0020,34.8806
113,4.4800,69,Team A,1538,586,1612,707,1575.0,704.6,76.0631,58.4203
114,4.5200,2,Team B,1154,746,1240,901,1197.0,897.9,67.2116,63.8586
114,4.5200,3,Team B,1108,724,1166,867,1137.0,864.1,67.0614,62.4944
114,4.5200,6,Team B,1790,703,1854,851,1822.0,848.0,75.2316,65.0438
114,4.5200,7,Team B,1005,546,1061,663,1033.0,660.7,69.7799,53.3744
114,4.5200,11,Referee,425,374,481,469,453.0,467.1,65.1974,35.8779
114,4.5200,15,Team B,1058,400,1107,509,1082.5,506.8,75.1360,43.7537
114,4.5200,48,Team B,1257,440,1303,544,1280.0,541.9,77.1521,47.6885
114,4.5200,66,Team A,1328,413,1372,514,1350.0,512.0,79.5079,46.0316
114,4.5200,60,Team A,854,349,898,441,876.0,439.2,74.0536,36.1963
114,4.5200,82,Team B,581,473,653,578,617.0,575.9,65.5547,45.7032
114,4.5200,8,Team B,687,453,748,566,717.5,563.7,67.3781,45.5729
114,4.5200,89,Team A,256,637,323,796,289.5,792.8,57.9523,55.6797
114,4.5200,117,Team B,1477,536,1521,664,1499.0,661.4,76.3805,55.9869
114,4.5200,110,Team B,1768,326,1816,426,1792.0,424.0,92.3870,42.0162
114,4.5200,130,Team B,4,378,34,491,19.0,488.7,57.0274,34.7824
114,4.5200,69,Team A,1544,586,1619,705,1581.5,702.6,76.1922,58.3750
115,4.5600,2,Team B,1144,740,1233,898,1188.5,894.8,67.1581,63.7528
115,4.5600,3,Team B,1114,728,1179,885,1146.5,881.9,66.9434,62.8418
115,4.5600,6,Team B,1796,703,1861,850,1828.5,847.1,75.3281,65.0612
115,4.5600,7,Team B,1004,543,1059,659,1031.5,656.7,69.8416,53.1818
115,4.5600,11,Referee,425,372,483,467,454.0,465.1,65.2352,35.7239
115,4.5600,15,Team B,1063,396,1112,506,1087.5,503.8,75.2772,43.5971
115,4.5600,48,Team B,1259,438,1304,542,1281.5,539.9,77.2357,47.5624
115,4.5600,66,Team A,1331,409,1375,513,1353.0,510.9,79.6083,45.9352
115,4.5600,60,Team A,852,347,901,448,876.5,446.0,73.8614,36.6374
115,4.5600,82,Team B,580,470,652,575,616.0,572.9,65.5652,45.5641
115,4.5600,8,Team B,688,453,751,564,719.5,561.8,67.4331,45.4418
115,4.5600,89,Team A,260,635,326,790,293.0,786.9,58.0024,55.5302
115,4.5600,117,Team B,1479,534,1522,659,1500.5,656.5,76.4950,55.8251
115,4.5600,110,Team B,1778,327,1823,424,1800.5,422.1,92.6880,41.8829
115,4.5600,130,Team B,7,374,40,492,23.5,489.6,57.0533,34.8154
115,4.5600,69,Team A,1546,586,1622,704,1584.0,701.6,76.2721,58.3448
116,4.6000,2,Team B,1130,729,1225,896,1177.5,892.7,67.0730,63.6513
116,4.6000,6,Team B,1804,704,1867,845,1835.5,842.2,75.4828,65.0041
116,4.6000,7,Team B,1004,541,1055,654,1029.5,651.7,69.9064,52.9438
116,4.6000,11,Referee,418,371,473,465,445.5,463.1,65.1614,35.5118
116,4.6000,15,Team B,1067,395,1116,506,1091.5,503.8,75.3584,43.5496
116,4.6000,48,Team B,1262,436,1306,540,1284.0,537.9,77.3252,47.4386
116,4.6000,66,Team A,1334,407,1377,511,1355.5,508.9,79.7115,45.8161
116,4.6000,60,Team A,850,344,894,435,872.0,433.2,74.0104,36.0372
116,4.6000,82,Team B,579,467,652,573,615.5,570.9,65.5707,45.4259
116,4.6000,8,Team B,689,450,753,561,721.0,558.8,67.4939,45.2707
116,4.6000,89,Team A,263,632,330,787,296.5,783.9,58.0460,55.4116
116,4.6000,117,Team B,1482,529,1525,656,1503.5,653.5,76.6144,55.6831
116,4.6000,110,Team B,1786,327,1831,423,1808.5,421.1,92.9324,41.8064
116,4.6000,130,Team B,14,371,46,485,30.0,482.7,57.1550,34.4693
116,4.6000,69,Team A,1548,583,1625,700,1586.5,697.7,76.3872,58.2393
117,4.6400,2,Team B,1120,721,1221,894,1170.5,890.5,67.0011,63.5630
117,4.6400,6,Team B,1810,703,1873,843,1841.5,840.2,75.6104,64.9700
117,4.6400,7,Team B,1004,538,1056,654,1030.0,651.7,69.9224,52.8534
117,4.6400,11,Referee,416,371,468,462,442.0,460.2,65.1117,35.2419
117,4.6400,15,Team B,1072,394,1121,505,1096.5,502.8,75.4483,43.5035
117,4.6400,48,Team B,1264,432,1310,541,1287.0,538.8,77.3552,47.4390
117,4.6400,66,Team A,1337,404,1379,508,1358.0,505.9,79.8424,45.6418
117,4.6400,60,Team A,844,338,894,441,869.0,438.9,73.8785,36.1245
117,4.6400,82,Team B,581,465,656,573,618.5,570.8,65.5822,45.3835
117,4.6400,8,Team B,688,449,752,559,720.0,556.8,67.5182,45.1164
117,4.6400,89,Team A,267,627,336,783,301.5,779.9,58.1039,55.2821
117,4.6400,117,Team B,1484,525,1528,654,1506.0,651.4,76.7125,55.5771
117,4.6400,110,Team B,1795,323,1839,420,1817.0,418.1,93.2488,41.6409
117,4.6400,130,Team B,19,370,51,482,35.0,479.8,57.2443,34.1859
117,4.6400,69,Team A,1548,584,1624,697,1586.0,694.7,76.4729,58.1217
118,4.6800,2,Team B,1112,717,1215,894,1163.5,890.5,66.9144,63.5195
118,4.6800,6,Team B,1810,704,1870,838,1840.0,835.3,75.7191,64.8668
118,4.6800,7,Team B,1004,535,1056,652,1030.0,649.7,69.9434,52.7564
118,4.6800,11,Referee,419,369,471,461,445.0,459.2,65.1159,35.0882
118,4.6800,15,Team B,1077,393,1125,502,1101.0,499.8,75.5811,43.3622
118,4.6800,48,Team B,1267,430,1314,540,1290.5,537.8,77.4108,47.4105
118,4.6800,66,Team A,1340,402,1382,505,1361.0,502.9,79.9899,45.4471
118,4.6800,60,Team A,846,336,896,440,871.0,437.9,73.8510,36.1062
118,4.6800,82,Team B,582,463,659,573,620.5,570.8,65.5866,45.3756
118,4.6800,8,Team B,686,449,748,554,717.0,551.9,67.5512,44.8345
118,4.6800,89,Team A,267,621,335,779,301.0,775.8,58.1268,55.1302
118,4.6800,117,Team B,1482,519,1527,650,1504.5,647.4,76.8069,55.4095
118,4.6800,110,Team B,1802,318,1846,418,1824.0,416.0,93.5362,41.4853
118,4.6800,130,Team B,27,368,60,482,43.5,479.7,57.3458,34.1095
118,4.6800,69,Team A,1541,579,1617,692,1579.0,689.7,76.5320,57.9196
119,4.7200,2,Team B,1103,710,1208,892,1155.5,888.4,66.8344,63.4516
119,4.7200,6,Team B,1810,705,1868,833,1839.0,830.4,75.8245,64.7359
119,4.7200,7,Team B,1000,532,1052,646,1026.0,643.7,69.9898,52.5131
119,4.7200,11,Referee,419,369,468,457,443.5,455.2,65.1339,34.7903
119,4.7200,15,Team B,1082,392,1129,499,1105.5,496.9,75.7320,43.1814
119,4.7200,48,Team B,1269,427,1317,539,1293.0,536.8,77.4671,47.3656
119,4.7200,66,Team A,1343,400,1385,504,1364.0,501.9,80.0923,45.3334
119,4.7200,60,Team A,847,334,896,438,871.5,435.9,73.8709,35.9799
119,4.7200,82,Team B,582,461,660,573,621.0,570.8,65.5739,45.3759
119,4.7200,8,Team B,682,448,739,545,710.5,543.1,67.6122,44.3101
119,4.7200,89,Team A,265,616,333,774,299.0,770.8,58.1297,54.9376
119,4.7200,117,Team B,1480,514,1528,647,1504.0,644.3,76.8892,55.2505
119,4.7200,110,Team B,1809,312,1854,416,1831.5,413.9,93.8199,41.3340
119,4.7200,130,Team B,35,367,70,478,52.5,475.8,57.4866,33.8930
119,4.7200,69,Team A,1535,575,1612,691,1573.5,688.7,76.5198,57.7967
119,4.7200,132,Team B,4,519,45,652,24.5,649.3,55.4637,46.9255
120,4.7600,2,Team B,1088,705,1193,889,1140.5,885.3,66.7187,63.3363
120,4.7600,6,Team B,1810,707,1867,834,1838.5,831.5,75.8402,64.7127
120,4.7600,7,Team B,994,529,1048,643,1021.0,640.7,69.9940,52.3032
120,4.7600,11,Referee,418,368,468,456,443.0,454.2,65.1257,34.6101
120,4.7600,15,Team B,1086,392,1133,498,1109.5,495.9,75.8397,43.0776
120,4.7600,48,Team B,1271,424,1321,538,1296.0,535.7,77.5288,47.3158
120,4.7600,66,Team A,1344,396,1389,503,1366.5,500.9,80.1727,45.2480
120,4.7600,60,Team A,848,334,900,440,874.0,437.9,73.8403,36.0555
120,4.7600,82,Team B,579,460,658,572,618.5,569.8,65.5379,45.3280
120,4.7600,8,Team B,677,445,738,546,707.5,544.0,67.5734,44.1316
120,4.7600,89,Team A,266,610,333,769,299.5,765.8,58.1437,54.7340
120,4.7600,117,Team B,1475,513,1521,642,1498.0,639.4,76.9563,55.0155
120,4.7600,110,Team B,1814,310,1859,416,1836.5,413.9,93.9826,41.2879
120,4.7600,130,Team B,43,369,77,472,60.0,469.9,57.6425,33.4998
120,4.7600,69,Team A,1531,571,1611,691,1571.0,688.6,76.4855,57.7428
120,4.7600,132,Team B,9,514,51,647,30.0,644.3,55.5113,46.7664
121,4.8000,2,Team B,1081,713,1177,886,1129.0,882.5,66.6093,63.2160
121,4.8000,6,Team B,1810,707,1867,831,1838.5,828.5,75.8854,64.6547
121,4.8000,7,Team B,988,528,1044,642,1016.0,639.7,69.9514,52.1730
121,4.8000,11,Referee,420,362,472,454,446.0,452.2,65.1624,34.4281
121,4.8000,15,Team B,1090,393,1136,496,1113.0,493.9,75.9472,42.9557
121,4.8000,48,Team B,1272,424,1323,537,1297.5,534.7,77.5764,47.2605
121,4.8000,66,Team A,1347,395,1392,502,1369.5,499.9,80.2481,45.1786
121,4.8000,60,Team A,844,333,895,436,869.5,433.9,73.8462,35.8275
121,4.8000,82,Team B,578,459,654,569,616.0,566.8,65.5174,45.1778
121,4.8000,8,Team B,676,443,740,549,708.0,546.9,67.5001,44.1927
121,4.8000,89,Team A,268,606,334,764,301.0,760.8,58.1697,54.5285
121,4.8000,117,Team B,1473,512,1518,641,1495.5,638.4,76.9697,54.8850
121,4.8000,110,Team B,1821,309,1864,412,1842.5,409.9,94.2829,41.0657
121,4.8000,130,Team B,51,369,86,467,68.5,465.0,57.8100,33.0909
121,4.8000,69,Team A,1533,567,1613,688,1573.0,685.6,76.5344,57.6487
121,4.8000,132,Team B,17,511,60,642,38.5,639.4,55.6045,46.5533
122,4.8400,2,Team B,1080,726,1168,882,1124.0,878.9,66.5547,63.0930
122,4.8400,6,Team B,1808,704,1869,832,1838.5,829.4,75.8821,64.6601
122,4.8400,7,Team B,983,526,1042,642,1012.5,639.7,69.8887,52.1121
122,4.8400,11,Referee,422,357,477,453,449.5,451.1,65.2080,34.3066
122,4.8400,15,Team B,1095,391,1141,495,1118.0,492.9,76.0495,42.8772
122,4.8400,48,Team B,1275,423,1326,537,1300.5,534.7,77.6109,47.2496
122,4.8400,66,Team A,1348,393,1395,502,1371.5,499.8,80.2851,45.1558
122,4.8400,60,Team A,840,333,893,435,866.5,433.0,73.8146,35.6613
122,4.8400,82,Team B,578,458,653,569,615.5,566.8,65.4846,45.1182
122,4.8400,8,Team B,674,440,741,549,707.5,546.8,67.4469,44.2148
122,4.8400,89,Team A,272,602,335,756,303.5,752.9,58.2253,54.2405
122,4.8400,117,Team B,1472,510,1516,638,1494.0,635.4,77.0101,54.7363
122,4.8400,110,Staff/GK,1828,310,1870,411,1849.0,409.0,94.5123,40.9452
122,4.8400,130,Team B,54,365,94,465,74.0,463.0,57.9274,32.8314
122,4.8400,69,Team A,1532,564,1613,685,1572.5,682.6,76.5956,57.5300
122,4.8400,132,Team B,29,510,71,636,50.0,633.5,55.7480,46.2912
123,4.8800,2,Team B,1072,708,1167,879,1119.5,875.6,66.5218,62.9768
123,4.8800,6,Team B,1808,699,1872,829,1840.0,826.4,75.9322,64.6153
123,4.8800,7,Team B,980,526,1042,641,1011.0,638.7,69.8493,52.0541
123,4.8800,11,Referee,423,355,479,451,451.0,449.1,65.2483,34.1449
123,4.8800,15,Team B,1100,390,1147,494,1123.5,491.9,76.1547,42.8190
123,4.8800,48,Team B,1276,424,1325,533,1300.5,530.8,77.7010,47.0787
123,4.8800,66,Team A,1348,393,1394,501,1371.0,498.8,80.3056,45.0975
123,4.8800,60,Team A,837,330,893,435,865.0,432.9,73.7638,35.5822
123,4.8800,82,Team B,582,457,653,566,617.5,563.8,65.5086,44.9792
123,4.8800,8,Team B,673,434,743,546,708.0,543.8,67.4558,44.0921
123,4.8800,89,Team A,275,601,335,748,305.0,745.1,58.2854,53.9140
123,4.8800,117,Team B,1471,510,1514,636,1492.5,633.5,77.0408,54.6124
123,4.8800,110,Staff/GK,1834,308,1875,409,1854.5,407.0,94.7488,40.8000
123,4.8800,130,Team B,64,363,106,466,85.0,463.9,58.0620,32.8346
123,4.8800,69,Team A,1531,560,1612,680,1571.5,677.6,76.6952,57.3423
123,4.8800,132,Team B,47,510,90,633,68.5,630.5,55.9606,46.1449
124,4.9200,2,Team B,1064,707,1158,874,1111.0,870.7,66.4857,62.8186
124,4.9200,6,Team B,1809,695,1876,827,1842.5,824.4,75.9955,64.5731
124,4.9200,7,Team B,992,525,1052,638,1022.0,635.7,69.9591,51.9735
124,4.9200,11,Referee,420,354,476,450,448.0,448.1,65.2204,34.0068
124,4.9200,15,Team B,1109,388,1153,489,1131.0,487.0,76.3767,42.5823
124,4.9200,48,Team B,1276,422,1323,529,1299.5,526.9,77.8054,46.8350
124,4.9200,66,Team A,1348,394,1393,499,1370.5,496.9,80.3453,44.9798
124,4.9200,60,Team A,837,326,894,432,865.5,429.9,73.7980,35.3671
124,4.9200,82,Team B,587,458,657,563,622.0,560.9,65.5793,44.8186
124,4.9200,8,Team B,675,433,744,541,709.5,538.8,67.5275,43.8302
124,4.9200,89,Team A,279,598,338,743,308.5,740.1,58.3467,53.6592
124,4.9200,117,Team B,1471,508,1513,629,1492.0,626.6,77.1772,54.3404
124,4.9200,110,Staff/GK,1839,307,1879,407,1859.0,405.0,94.9758,40.6405
124,4.9200,130,Team B,68,358,113,462,90.5,459.9,58.1832,32.6198
124,4.9200,69,Team A,1529,559,1607,674,1568.0,671.7,76.8074,57.0898
124,4.9200,132,Team B,71,510,115,629,93.0,626.6,56.2608,46.0277
125,4.9600,2,Team B,1057,709,1150,868,1103.5,864.8,66.4640,62.6259
125,4.9600,6,Team B,1807,693,1877,827,1842.0,824.3,76.0107,64.5639
125,4.9600,7,Team B,1001,522,1060,636,1030.5,633.7,70.0930,51.9065
125,4.9600,11,Referee,421,353,476,449,448.5,447.1,65.2049,33.8936
125,4.9600,15,Team B,1118,388,1161,487,1139.5,485.0,76.5863,42.4246
125,4.9600,48,Team B,1277,420,1323,528,1300.0,525.8,77.8611,46.6950
125,4.9600,66,Team A,1350,393,1392,494,1371.0,492.0,80.4846,44.7006
125,4.9600,60,Team A,833,324,889,426,861.0,424.0,73.8765,34.8928
125,4.9600,82,Team B,590,457,660,561,625.0,558.9,65.6423,44.6834
125,4.9600,8,Team B,672,431,745,543,708.5,540.8,67.4974,43.8101
125,4.9600,89,Team A,281,594,339,738,310.0,735.1,58.3932,53.4246
125,4.9600,117,Team B,1470,502,1513,628,1491.5,625.5,77.2381,54.1970
125,4.9600,110,Staff/GK,1844,306,1884,405,1864.0,403.0,95.2060,40.4768
125,4.9600,130,Team B,72,351,121,459,96.5,456.8,58.2977,32.3749
125,4.9600,69,Team A,1527,558,1604,671,1565.5,668.7,76.8773,56.8985
125,4.9600,132,Team B,92,513,137,627,114.5,624.7,56.5602,45.9891
125,4.9600,137,Team B,1095,380,1130,488,1112.5,485.8,76.2074,42.1972
126,5.0000,2,Team B,1040,712,1128,867,1084.0,863.9,66.3163,62.4876
126,5.0000,6,Team B,1802,692,1873,827,1837.5,824.3,75.9775,64.5569
126,5.0000,7,Team B,1007,518,1067,634,1037.0,631.7,70.2198,51.8370
126,5.0000,11,Referee,426,351,478,442,452.0,440.2,65.3178,33.4407
126,5.0000,15,Team B,1124,387,1166,484,1145.0,482.1,76.7838,42.2349
126,5.0000,48,Team B,1279,418,1325,527,1302.0,524.8,77.9127,46.6021
126,5.0000,66,Team A,1350,389,1394,491,1372.0,489.0,80.6182,44.4468
126,5.0000,60,Team A,830,322,886,426,858.0,423.9,73.8506,34.6843
126,5.0000,82,Team B,591,454,662,557,626.5,554.9,65.7141,44.4648
126,5.0000,8,Team B,666,428,733,534,699.5,531.9,67.5078,43.3640
126,5.0000,89,Team A,282,594,341,734,311.5,731.2,58.4278,53.2278
126,5.0000,117,Team B,1470,498,1513,622,1491.5,619.5,77.3737,53.9452
126,5.0000,110,Staff/GK,1849,308,1887,402,1868.0,400.1,95.4690,40.2510
126,5.0000,130,Team B,76,347,126,456,101.0,453.8,58.3927,32.1133
126,5.0000,69,Team A,1512,558,1585,668,1548.5,665.8,76.8059,56.6827
126,5.0000,132,Team B,109,515,158,628,133.5,625.7,56.8214,46.0860
126,5.0000,137,Team B,1098,376,1134,487,1116.0,484.8,76.2521,42.1577
127,5.0400,2,Team B,1035,714,1117,863,1076.0,860.0,66.2263,62.3403
127,5.0400,6,Team B,1795,692,1864,823,1829.5,820.4,75.9610,64.4606
127,5.0400,7,Team B,1012,514,1071,628,1041.5,625.7,70.3869,51.6230
127,5.0400,11,Referee,427,350,478,441,452.5,439.2,65.3587,33.2000
127,5.0400,15,Team B,1130,387,1170,482,1150.0,480.1,76.9472,42.0797
127,5.0400,48,Team B,1280,414,1327,526,1303.5,523.8,77.9584,46.5243
127,5.0400,66,Team A,1352,385,1396,489,1374.0,486.9,80.7338,44.2534
127,5.0400,60,Team A,827,320,884,426,855.5,423.9,73.7886,34.5846
127,5.0400,82,Team B,591,450,664,554,627.5,551.9,65.7722,44.2512
127,5.0400,8,Team B,664,425,730,529,697.0,526.9,67.5413,42.9467
127,5.0400,89,Team A,286,593,345,729,315.5,726.3,58.4837,53.0228
127,5.0400,117,Team B,1467,491,1511,618,1489.0,615.5,77.4780,53.7021
127,5.0400,110,Staff/GK,1854,305,1892,400,1873.0,398.1,95.7175,40.0563
127,5.0400,130,Team B,82,341,133,452,107.5,449.8,58.5121,31.7886
127,5.0400,69,Team A,1506,556,1579,669,1542.5,666.7,76.6971,56.6088
127,5.0400,132,Team B,123,516,174,622,148.5,619.9,57.0720,45.9559
127,5.0400,137,Team B,1103,375,1139,486,1121.0,483.8,76.3296,42.1115
127,5.0400,139,Team B,1096,698,1170,836,1133.0,833.2,67.2894,61.5463
128,5.0800,2,Team A,1031,713,1109,861,1070.0,858.0,66.1547,62.2343
128,5.0800,6,Team B,1790,689,1858,818,1824.0,815.4,75.9857,64.3130
128,5.0800,7,Team B,1015,512,1075,626,1045.0,623.7,70.5006,51.4839
128,5.0800,11,Referee,430,347,478,432,454.0,430.3,65.5044,32.5499
128,5.0800,15,Team B,1136,386,1174,478,1155.0,476.2,77.1468,41.8362
128,5.0800,48,Team B,1283,413,1328,521,1305.5,518.8,78.1004,46.2830
128,5.0800,66,Team A,1352,381,1397,489,1374.5,486.8,80.7716,44.1722
128,5.0800,60,Team A,831,322,885,425,858.0,422.9,73.7929,34.4952
128,5.0800,82,Team B,580,450,650,552,615.0,550.0,65.6777,44.0336
128,5.0800,8,Team B,659,420,727,531,693.0,528.8,67.4651,42.8526
128,5.0800,89,Team A,290,589,352,726,321.0,723.3,58.5490,52.8753
128,5.0800,117,Team B,1465,488,1511,616,1488.0,613.4,77.5409,53.5356
128,5.0800,110,Staff/GK,1860,302,1898,398,1879.0,396.1,95.9738,39.8780
128,5.0800,130,Team B,91,337,141,446,116.0,443.8,58.6823,31.3228
128,5.0800,69,Team A,1503,554,1574,666,1538.5,663.8,76.6653,56.4816
128,5.0800,132,Team B,136,514,190,619,163.0,616.9,57.2985,45.8442
128,5.0800,137,Team B,1106,374,1142,485,1124.0,482.8,76.3987,42.0541
128,5.0800,139,Team B,1095,696,1166,827,1130.5,824.4,67.3532,61.3528
129,5.1200,2,Team A,1026,708,1102,856,1064.0,853.0,66.1195,62.0799
129,5.1200,6,Team B,1788,688,1858,817,1823.0,814.4,75.9969,64.2398
129,5.1200,7,Team B,1017,510,1073,622,1045.0,619.8,70.5924,51.2928
129,5.1200,11,Referee,433,344,486,439,459.5,437.1,65.4953,32.7458
129,5.1200,15,Team B,1141,385,1179,474,1160.0,472.2,77.3625,41.5551
129,5.1200,48,Team B,1287,414,1331,518,1309.0,515.9,78.2490,46.0693
129,5.1200,66,Team A,1352,378,1400,489,1376.0,486.8,80.7886,44.1412
129,5.1200,60,Team A,833,321,884,420,858.5,418.0,73.8953,34.1488
129,5.1200,82,Team B,576,450,642,550,609.0,548.0,65.5856,43.8386
129,5.1200,8,Team B,657,418,727,533,692.0,530.7,67.3749,42.9022
129,5.1200,89,Team A,298,587,362,721,330.0,718.3,58.6586,52.7024
129,5.1200,117,Team B,1460,487,1506,615,1483.0,612.4,77.5292,53.4199
129,5.1200,110,Staff/GK,1865,303,1902,397,1883.5,395.1,96.1647,39.7622
129,5.1200,130,Team B,100,334,150,443,125.0,440.8,58.8536,30.9871
129,5.1200,69,Team A,1502,548,1573,661,1537.5,658.7,76.7296,56.2805
129,5.1200,132,Team B,151,514,207,618,179.0,615.9,57.5175,45.8234
129,5.1200,137,Team B,1110,375,1146,482,1128.0,479.9,76.5220,41.8985
129,5.1200,139,Team B,1083,690,1158,829,1120.5,826.2,67.2740,61.2985
130,5.1600,2,Team A,1022,705,1097,852,1059.5,849.1,66.0994,61.9311
130,5.1600,6,Team B,1786,686,1859,819,1822.5,816.3,75.9598,64.2589
130,5.1600,7,Team B,1018,510,1072,619,1045.0,616.8,70.6597,51.1156
130,5.1600,11,Referee,436,341,491,439,463.5,437.0,65.5135,32.8387
130,5.1600,15,Team B,1147,384,1183,474,1165.0,472.2,77.4860,41.4613
130,5.1600,48,Team B,1291,414,1334,517,1312.5,514.9,78.3529,45.9532
130,5.1600,66,Team A,1354,376,1401,487,1377.5,484.8,80.8512,44.0358
130,5.1600,60,Team A,837,320,885,417,861.0,415.1,74.0148,33.8300
130,5.1600,82,Team B,577,450,642,547,609.5,545.1,65.5715,43.6331
130,5.1600,8,Team B,658,415,730,531,694.0,528.7,67.3685,42.8378
130,5.1600,89,Team A,304,584,369,717,336.5,714.3,58.7605,52.5395
130,5.1600,117,Team B,1460,487,1504,609,1482.0,606.6,77.6274,53.1702
130,5.1600,110,Staff/GK,1869,303,1906,396,1887.5,394.1,96.3244,39.6676
130,5.1600,130,Team B,109,332,158,440,133.5,437.8,59.0205,30.7009
130,5.1600,69,Team A,1502,544,1574,658,1538.0,655.7,76.8072,56.1141
130,5.1600,132,Team B,161,512,222,619,191.5,616.9,57.6898,45.9023
130,5.1600,137,Team B,1112,374,1147,478,1129.5,475.9,76.6653,41.6390
130,5.1600,139,Team B,1075,691,1147,826,1111.0,823.3,67.1918,61.1943
130,5.1600,140,Team A,4,516,28,633,16.0,630.7,55.0589,45.8266
131,5.2000,2,Team A,1020,700,1096,845,1058.0,842.1,66.1357,61.7267
131,5.2000,6,Team B,1784,684,1859,820,1821.5,817.3,75.9154,64.2931
131,5.2000,7,Team B,1018,509,1071,616,1044.5,613.9,70.7131,50.9406
131,5.2000,11,Referee,435,339,491,438,463.0,436.0,65.5051,32.8099
131,5.2000,15,Team A,1152,381,1189,470,1170.5,468.2,77.6797,41.2375
131,5.2000,48,Team B,1292,411,1335,515,1313.5,512.9,78.4388,45.8188
131,5.2000,66,Team A,1356,376,1402,484,1379.0,481.8,80.9586,43.8538
131,5.2000,60,Team A,839,319,886,410,862.5,408.2,74.2267,33.2596
131,5.2000,82,Team B,579,448,641,540,610.0,538.2,65.6420,43.2410
131,5.2000,8,Team B,660,410,733,529,696.5,526.6,67.4017,42.7272
131,5.2000,89,Team A,309,577,375,713,342.0,710.3,58.8524,52.3738
131,5.2000,117,Team B,1462,487,1506,605,1484.0,602.6,77.7566,52.9433
131,5.2000,110,Staff/GK,1875,300,1912,394,1893.5,392.1,96.5472,39.5274
131,5.2000,130,Team B,119,331,167,439,143.0,436.8,59.1791,30.5664
131,5.2000,69,Team A,1501,543,1573,656,1537.0,653.7,76.8569,55.9877
131,5.2000,132,Team B,171,507,237,617,204.0,614.8,57.8631,45.9028
131,5.2000,137,Team B,1113,372,1147,475,1130.0,472.9,76.7827,41.3813
131,5.2000,139,Team B,1072,692,1144,828,1108.0,825.3,67.1033,61.1990
131,5.2000,140,Team A,9,513,35,637,22.0,634.5,55.0724,46.0030
131,5.2000,142,Team B,807,322,841,410,824.0,408.2,73.5820,32.5829
132,5.2400,2,Team A,1012,696,1089,843,1050.5,840.1,66.1036,61.5898
132,5.2400,6,Team B,1783,682,1859,820,1821.0,817.2,75.8872,64.3142
132,5.2400,7,Team B,1018,507,1073,615,1045.5,612.8,70.7437,50.8412
132,5.2400,11,Referee,436,339,485,431,460.5,429.2,65.5534,32.3509
132,5.2400,15,Team A,1158,379,1195,467,1176.5,465.2,77.8826,41.0145
132,5.2400,48,Team B,1292,409,1335,515,1313.5,512.9,78.4580,45.7625
132,5.2400,66,Team A,1358,374,1402,480,1380.0,477.9,81.1081,43.5866
132,5.2400,60,Team B,843,316,891,407,867.0,405.2,74.4177,32.8517
132,5.2400,82,Team B,580,443,649,542,614.5,540.0,65.6690,43.1896
132,5.2400,8,Team B,662,406,733,521,697.5,518.7,67.5252,42.3121
132,5.2400,89,Team A,312,573,378,711,345.0,708.2,58.9072,52.2613
132,5.2400,110,Staff/GK,1879,292,1918,392,1898.5,390.0,96.7886,39.3571
132,5.2400,130,Team B,130,332,176,435,153.0,432.9,59.3691,30.3051
132,5.2400,69,Team A,1498,540,1570,652,1534.0,649.8,76.9174,55.8079
132,5.2400,132,Team B,177,503,246,616,211.5,613.7,57.9852,45.8935
132,5.2400,137,Team B,1116,371,1150,472,1133.0,470.0,76.9175,41.1344
132,5.2400,139,Team B,1071,693,1142,830,1106.5,827.3,67.0234,61.2516
132,5.2400,140,Team A,15,511,42,637,28.5,634.5,55.1124,46.1014
132,5.2400,142,Team B,809,321,843,410,826.0,408.2,73.5827,32.5886
132,5.2400,145,Team B,664,406,703,487,683.5,485.4,68.2548,39.1384
133,5.2800,2,Team A,1002,693,1083,840,1042.5,837.1,66.0497,61.4568
133,5.2800,6,Team B,1781,681,1857,821,1819.0,818.2,75.8386,64.3467
133,5.2800,7,Team B,1020,504,1078,615,1049.0,612.8,70.7727,50.8154
133,5.2800,11,Referee,435,337,486,434,460.5,432.1,65.5014,32.3533
133,5.2800,15,Team A,1165,377,1201,466,1183.0,464.2,78.0444,40.8971
133,5.2800,48,Team B,1295,407,1337,512,1316.0,509.9,78.5497,45.6132
133,5.2800,66,Team A,1362,375,1404,478,1383.0,475.9,81.2397,43.3932
133,5.2800,60,Team B,843,312,893,405,868.0,403.1,74.5338,32.5546
133,5.2800,82,Team B,582,440,654,542,618.0,540.0,65.6944,43.1824
133,5.2800,8,Team B,667,405,734,513,700.5,510.8,67.7073,41.7775
133,5.2800,89,Team A,314,567,380,709,347.0,706.2,58.9393,52.1653
133,5.2800,110,Staff/GK,1883,289,1920,391,1901.5,389.0,96.9600,39.2307
133,5.2800,130,Team B,141,333,187,433,164.0,431.0,59.5652,30.1246
133,5.2800,132,Team B,183,502,254,612,218.5,609.8,58.1019,45.7636
133,5.2800,137,Team B,1119,369,1154,469,1136.5,467.0,77.0661,40.8915
133,5.2800,139,Team B,1072,694,1140,823,1106.0,820.4,67.0468,61.1266
133,5.2800,140,Team A,28,511,56,634,42.0,631.5,55.2384,46.0810
133,5.2800,145,Team B,662,407,705,497,683.5,495.2,68.0704,39.6517
133,5.2800,117,Team B,1468,494,1524,642,1496.0,639.0,77.1415,54.1239
134,5.3200,2,Team A,983,693,1061,839,1022.0,836.1,65.8770,61.3347
134,5.3200,6,Team B,1781,681,1855,819,1818.0,816.2,75.8354,64.3254
134,5.3200,7,Team B,1022,501,1083,615,1052.5,612.7,70.8011,50.8192
134,5.3200,11,Referee,440,339,488,431,464.0,429.2,65.5409,32.1846
134,5.3200,15,Team A,1170,376,1207,466,1188.5,464.2,78.1525,40.8708
134,5.3200,48,Team B,1298,405,1341,514,1319.5,511.8,78.5591,45.6549
134,5.3200,66,Team A,1363,374,1404,476,1383.5,474.0,81.3380,43.2157
134,5.3200,60,Team B,841,311,887,398,864.0,396.3,74.6821,31.9482
134,5.3200,82,Team B,583,438,655,540,619.0,538.0,65.7203,43.0940
134,5.3200,8,Team B,665,405,731,512,698.0,509.9,67.7479,41.5066
134,5.3200,89,Team A,318,563,384,706,351.0,703.1,58.9851,52.0521
134,5.3200,130,Team B,152,332,198,429,175.0,427.1,59.7853,29.8427
134,5.3200,137,Team B,1125,364,1162,470,1143.5,467.9,77.1622,40.8693
134,5.3200,139,Team B,1074,692,1140,814,1107.0,811.6,67.1451,60.8855
134,5.3200,140,Team A,42,514,72,631,57.0,628.7,55.4128,46.0200
134,5.3200,117,Team B,1470,513,1523,647,1496.5,644.3,76.7841,54.7706
134,5.3200,142,Team B,806,323,837,406,821.5,404.3,73.5727,32.3067
135,5.3600,2,Team A,980,694,1052,835,1016.0,832.2,65.7890,61.1919
135,5.3600,6,Team B,1783,680,1853,814,1818.0,811.3,75.9049,64.2223
135,5.3600,7,Team B,1023,499,1086,613,1054.5,610.7,70.8467,50.7589
135,5.3600,11,Referee,446,338,492,428,469.0,426.2,65.6363,31.9489
135,5.3600,15,Team A,1176,374,1213,464,1194.5,462.2,78.2970,40.7774
135,5.3600,48,Team B,1302,402,1346,514,1324.0,511.8,78.5953,45.6863
135,5.3600,66,Team A,1365,373,1405,474,1385.0,472.0,81.4343,43.0483
135,5.3600,60,Team B,838,311,887,407,862.5,405.1,74.4744,32.2913
135,5.3600,82,Team B,582,437,656,538,619.0,536.0,65.7360,42.9696
135,5.3600,8,Team B,664,406,730,515,697.0,512.8,67.6856,41.5411
135,5.3600,89,Team A,325,560,389,703,357.0,700.1,59.0530,51.9383
135,5.3600,130,Team B,161,329,209,426,185.0,424.1,59.9950,29.5763
135,5.3600,137,Team B,1128,360,1167,471,1147.5,468.8,77.2033,40.9235
135,5.3600,139,Team B,1074,690,1141,810,1107.5,807.6,67.2179,60.7080
135,5.3600,140,Team A,56,514,88,626,72.0,623.8,55.6174,45.8629
135,5.3600,142,Team B,801,324,831,402,816.0,400.4,73.5709,31.9022
135,5.3600,69,Team A,1483,534,1551,643,1517.0,640.8,76.9336,55.4073
135,5.3600,145,Team B,665,408,706,495,685.5,493.3,68.0052,39.7669
136,5.4000,2,Team A,977,697,1045,835,1011.0,832.2,65.7034,61.1326
136,5.4000,6,Team B,1785,680,1852,811,1818.5,808.4,75.9760,64.1292
136,5.4000,7,Team B,1023,498,1087,612,1055.0,609.7,70.8693,50.7038
136,5.4000,11,Referee,452,337,498,427,475.0,425.2,65.7352,31.8171
136,5.4000,15,Team A,1183,376,1219,464,1201.0,462.2,78.4080,40.7681
136,5.4000,48,Team B,1305,399,1351,513,1328.0,510.7,78.6615,45.6668
136,5.4000,66,Team A,1368,372,1408,473,1388.0,471.0,81.5182,42.9407
136,5.4000,60,Team B,839,312,887,407,863.0,405.1,74.3726,32.4297
136,5.4000,82,Team B,574,434,645,536,609.5,534.0,65.6519,42.7912
136,5.4000,8,Team B,662,406,725,513,693.5,510.9,67.6330,41.4459
136,5.4000,89,Team A,330,557,393,699,361.5,696.2,59.1243,51.7872
136,5.4000,130,Team B,169,326,222,425,195.5,423.0,60.1864,29.4493
136,5.4000,137,Team B,1129,357,1169,469,1149.0,466.8,77.2683,40.8427
136,5.4000,139,Team B,1059,685,1129,814,1094.0,811.4,67.0928,60.6972
136,5.4000,140,Team A,69,515,103,624,86.0,621.8,55.8120,45.7791
136,5.4000,142,Team B,797,322,827,399,812.0,397.5,73.5682,31.5154
136,5.4000,117,Team B,1471,515,1524,643,1497.5,640.4,76.7022,54.9168
137,5.4400,2,Team A,974,695,1042,833,1008.0,830.2,65.6531,61.0656
137,5.4400,6,Team B,1787,679,1852,809,1819.5,806.4,76.0362,64.0616
137,5.4400,7,Team B,1025,495,1090,613,1057.5,610.6,70.8702,50.7279
137,5.4400,11,Referee,456,335,500,421,478.0,419.3,65.8797,31.3892
137,5.4400,15,Team A,1189,376,1225,463,1207.0,461.3,78.5273,40.7356
137,5.4400,48,Team B,1310,397,1356,510,1333.0,507.7,78.7992,45.5413
137,5.4400,66,Team A,1372,370,1413,473,1392.5,470.9,81.5862,42.9123
137,5.4400,60,Team B,841,311,889,406,865.0,404.1,74.3570,32.4252
137,5.4400,82,Team B,573,432,642,535,607.5,532.9,65.5900,42.6667
137,5.4400,8,Team B,661,401,724,508,692.5,505.9,67.6581,41.1569
137,5.4400,89,Team A,337,557,396,694,366.5,691.3,59.2080,51.5916
137,5.4400,130,Team B,177,325,230,422,203.5,420.1,60.3623,29.2362
137,5.4400,137,Team B,1131,357,1171,467,1151.0,464.8,77.3472,40.7126
137,5.4400,139,Team B,1057,685,1125,812,1091.0,809.5,67.0283,60.6483
137,5.4400,140,Team A,81,516,118,622,99.5,619.9,55.9987,45.7226
137,5.4400,142,Team B,793,319,825,399,809.0,397.4,73.5059,31.3398
137,5.4400,69,Team A,1475,527,1544,640,1509.5,637.7,76.9106,55.1298
138,5.4800,2,Team A,973,691,1040,826,1006.5,823.3,65.6758,60.8859
138,5.4800,6,Team B,1786,678,1853,810,1819.5,807.4,76.0372,64.0647
138,5.4800,7,Team B,1024,493,1087,608,1055.5,605.7,70.9156,50.5527
138,5.4800,11,Referee,461,334,507,426,484.0,424.2,65.9033,31.5668
138,5.4800,15,Team A,1195,375,1231,462,1213.0,460.3,78.6506,40.6926
138,5.4800,48,Team B,1314,399,1360,510,1337.0,507.8,78.8791,45.5084
138,5.4800,66,Team A,1375,369,1418,473,1396.5,470.9,81.6417,42.9144
138,5.4800,60,Team B,845,310,892,403,868.5,401.1,74.4438,32.2386
138,5.4800,82,Team B,575,431,644,534,609.5,531.9,65.5772,42.5802
138,5.4800,8,Team B,664,400,726,507,695.0,504.9,67.6884,41.0026
138,5.4800,89,Team B,341,559,400,692,370.5,689.3,59.2682,51.4711
138,5.4800,130,Team B,186,320,240,419,213.0,417.0,60.5520,28.9883
138,5.4800,137,Team B,1137,357,1177,464,1157.0,461.9,77.5022,40.5266
138,5.4800,139,Team B,1057,687,1123,810,1090.0,807.5,67.0022,60.5906
138,5.4800,140,Team A,91,515,132,619,111.5,616.9,56.1748,45.6309
138,5.4800,142,Team B,793,317,825,400,809.0,398.3,73.4327,31.3317
138,5.4800,69,Team A,1474,525,1543,639,1508.5,636.7,76.9008,54.9860
139,5.5200,2,Team A,968,683,1039,823,1003.5,820.2,65.6794,60.7439
139,5.5200,6,Team B,1786,676,1853,809,1819.5,806.3,76.0464,64.0533
139,5.5200,7,Team B,1026,491,1085,602,1055.5,599.8,71.0142,50.2656
139,5.5200,11,Referee,464,331,514,428,489.0,426.1,65.9150,31.7845
139,5.5200,15,Team A,1202,374,1237,459,1219.5,457.3,78.8346,40.5411
139,5.5200,48,Team B,1318,399,1363,509,1340.5,506.8,78.9565,45.4631
139,5.5200,66,Team A,1379,368,1421,469,1400.0,467.0,81.8014,42.7252
139,5.5200,60,Team B,847,305,891,394,869.0,392.2,74.6885,31.5527
139,5.5200,82,Team B,578,428,647,533,612.5,530.9,65.5948,42.5108
139,5.5200,8,Team B,667,397,731,506,699.0,503.8,67.7373,40.9062
139,5.5200,89,Team B,345,554,405,689,375.0,686.3,59.3311,51.3450
139,5.5200,130,Team B,193,316,247,414,220.0,412.0,60.7405,28.5784
139,5.5200,137,Team B,1140,358,1179,462,1159.5,459.9,77.6231,40.3560
139,5.5200,139,Team B,1054,687,1119,808,1086.5,805.6,66.9733,60.5208
139,5.5200,140,Team A,95,516,141,616,118.0,614.0,56.2971,45.5065
139,5.5200,142,Team B,795,318,826,397,810.5,395.4,73.4679,31.1321
139,5.5200,69,Team A,1469,514,1545,636,1507.0,633.6,76.9345,54.8240
140,5.5600,2,Team A,963,679,1037,819,1000.0,816.2,65.6804,60.5938
140,5.5600,6,Team B,1787,675,1856,810,1821.5,807.3,76.0420,64.0846
140,5.5600,7,Team B,1026,488,1085,602,1055.5,599.7,71.0378,50.1519
140,5.5600,11,Referee,466,328,517,426,491.5,424.0,65.9555,31.7517
140,5.5600,15,Team A,1210,376,1244,456,1227.0,454.4,79.0540,40.3525
140,5.5600,48,Team B,1322,399,1367,508,1344.5,505.8,79.0384,45.4148
140,5.5600,66,Team A,1383,369,1424,467,1403.5,465.0,81.9448,42.5612
140,5.5600,60,Team A,851,304,895,391,873.0,389.3,74.8889,31.0879
140,5.5600,82,Team B,583,425,651,529,617.0,526.9,65.6803,42.3144
140,5.5600,8,Team B,671,395,734,502,702.5,499.9,67.8353,40.6826
140,5.5600,89,Team B,350,551,411,686,380.5,683.3,59.4037,51.2205
140,5.5600,130,Team B,200,312,253,410,226.5,408.0,60.9127,28.1654
140,5.5600,137,Team B,1147,362,1184,462,1165.5,460.0,77.7177,40.3160
140,5.5600,139,Team B,1052,685,1120,811,1086.0,808.5,66.9137,60.5699
140,5.5600,140,Team A,103,515,154,613,128.5,611.0,56.4352,45.3808
140,5.5600,142,Team B,797,316,829,398,813.0,396.4,73.4646,31.1268
140,5.5600,69,Team A,1468,511,1543,632,1505.5,629.6,77.0023,54.6265
141,5.6000,2,Team A,960,679,1035,819,997.5,816.2,65.6484,60.5368
141,5.6000,6,Team B,1789,677,1857,811,1823.0,808.3,76.0274,64.1330
141,5.6000,7,Team B,1026,486,1088,605,1057.0,602.6,70.9968,50.2237
141,5.6000,11,Referee,470,328,519,423,494.5,421.1,66.0287,31.5595
141,5.6000,15,Team A,1217,375,1252,456,1234.5,454.4,79.2089,40.3061
141,5.6000,48,Team B,1324,400,1367,505,1345.5,502.9,79.1398,45.2621
141,5.6000,66,Team A,1383,367,1424,465,1403.5,463.0,82.0443,42.3883
141,5.6000,60,Team A,852,305,894,390,873.0,388.3,74.9687,30.8315
141,5.6000,82,Team B,585,423,654,526,619.5,523.9,65.7592,42.1053
141,5.6000,8,Team B,677,392,738,494,707.5,492.0,68.0347,40.2081
141,5.6000,89,Team B,359,548,420,679,389.5,676.4,59.5385,50.9757
141,5.6000,130,Team B,210,308,263,409,236.5,407.0,61.0873,27.9733
141,5.6000,137,Team B,1152,361,1187,455,1169.5,453.1,77.9623,39.9378
141,5.6000,139,Team B,1052,684,1121,810,1086.5,807.5,66.8907,60.5772
141,5.6000,140,Team A,107,512,163,610,135.0,608.0,56.5438,45.2379
141,5.6000,142,Team B,798,313,830,393,814.0,391.4,73.5722,30.7818
141,5.6000,69,Team A,1459,484,1549,631,1504.0,628.1,77.0343,54.4953
142,5.6400,2,Team A,950,680,1022,819,986.0,816.2,65.5364,60.4917
142,5.6400,6,Team B,1786,678,1854,811,1820.0,808.3,75.9911,64.1535
142,5.6400,7,Team B,1030,483,1092,603,1061.0,600.6,71.0342,50.1946
142,5.6400,11,Referee,476,328,523,420,499.5,418.2,66.1396,31.3110
142,5.6400,15,Team A,1224,371,1260,455,1242.0,453.3,79.3669,40.2595
142,5.6400,48,Team B,1327,399,1369,503,1348.0,500.9,79.2413,45.1168
142,5.6400,66,Team A,1386,366,1427,466,1406.5,464.0,82.0720,42.3794
142,5.6400,60,Team A,851,307,895,396,873.0,394.2,74.8209,31.1394
142,5.6400,82,Team B,585,421,655,523,620.0,521.0,65.8151,41.8819
142,5.6400,8,Team B,678,389,739,489,708.5,487.0,68.1851,39.7631
142,5.6400,89,Team B,367,543,429,676,398.0,673.3,59.6670,50.8099
142,5.6400,130,Team B,220,308,271,408,245.5,406.0,61.2501,27.8704
142,5.6400,137,Team B,1157,360,1193,456,1175.0,454.1,78.0776,39.8613
142,5.6400,139,Team B,1046,685,1115,814,1080.5,811.4,66.7817,60.6658
142,5.6400,140,Team A,109,509,172,609,140.5,607.0,56.6205,45.1639
142,5.6400,142,Team B,797,311,830,393,813.5,391.4,73.5838,30.6363
142,5.6400,69,Team A,1449,474,1540,631,1494.5,627.9,76.9523,54.4064
142,5.6400,161,Team B,244,489,318,591,281.0,589.0,59.0589,44.7085
142,5.6400,145,Team B,675,391,717,480,696.0,478.2,68.1845,39.0644
143,5.6800,2,Team A,949,681,1017,816,983.0,813.3,65.4836,60.4061
143,5.6800,6,Team B,1784,678,1850,809,1817.0,806.4,75.9779,64.1198
143,5.6800,7,Team B,1032,480,1092,599,1062.0,596.6,71.1075,50.0397
143,5.6800,11,Referee,484,332,530,422,507.0,420.2,66.2134,31.3812
143,5.6800,15,Team A,1231,370,1267,454,1249.0,452.3,79.5191,40.2138
143,5.6800,48,Team B,1331,396,1376,504,1353.5,501.8,79.3003,45.1235
143,5.6800,66,Team A,1392,368,1432,466,1412.0,464.0,82.1268,42.3987
143,5.6800,60,Team A,853,308,897,398,875.0,396.2,74.7107,31.4058
143,5.6800,82,Team B,585,420,655,521,620.0,519.0,65.8427,41.6984
143,5.6800,89,Team B,380,538,441,670,410.5,667.4,59.8502,50.5873
143,5.6800,130,Team B,232,308,281,405,256.5,403.1,61.4573,27.6725
143,5.6800,137,Team B,1162,355,1200,455,1181.0,453.0,78.2014,39.7948
143,5.6800,139,Team B,1047,687,1116,816,1081.5,813.4,66.7111,60.7611
143,5.6800,140,Team A,111,505,179,606,145.0,604.0,56.6869,45.0326
143,5.6800,142,Team B,798,308,833,393,815.5,391.3,73.5891,30.5810
143,5.6800,69,Team A,1451,476,1538,630,1494.5,626.9,76.9258,54.3428
143,5.6800,161,Team B,251,487,325,589,288.0,587.0,59.1176,44.6547
143,5.6800,145,Team B,682,390,724,479,703.0,477.2,68.3272,38.7591
144,5.7200,2,Team A,945,681,1009,809,977.0,806.4,65.4707,60.2004
144,5.7200,6,Team B,1780,678,1846,806,1813.0,803.4,75.9821,64.0398
144,5.7200,7,Team B,1032,479,1089,595,1060.5,592.7,71.1714,49.8253
144,5.7200,11,Referee,488,332,533,421,510.5,419.2,66.2743,31.3607
144,5.7200,15,Team A,1238,369,1274,454,1256.0,452.3,79.6417,40.2223
144,5.7200,48,Team B,1336,394,1381,502,1358.5,499.8,79.4126,45.0508
144,5.7200,66,Team A,1397,368,1437,464,1417.0,462.1,82.2466,42.3224
144,5.7200,60,Team A,856,309,900,401,878.0,399.2,74.6034,31.7263
144,5.7200,82,Team B,586,420,655,520,620.5,518.0,65.8502,41.5812
144,5.7200,89,Team B,388,534,448,665,418.0,662.4,60.0061,50.3576
144,5.7200,130,Team B,244,310,290,403,267.0,401.1,61.6647,27.5060
144,5.7200,137,Team B,1167,353,1206,455,1186.5,453.0,78.2952,39.7876
144,5.7200,139,Team B,1046,690,1111,814,1078.5,811.5,66.6669,60.7559
144,5.7200,140,Team A,118,504,188,604,153.0,602.0,56.7759,44.9329
144,5.7200,142,Team B,797,307,833,388,815.0,386.4,73.6811,30.2056
144,5.7200,69,Team A,1447,466,1534,626,1490.5,622.8,76.9495,54.1680
144,5.7200,161,Team B,258,482,338,590,298.0,587.8,59.2062,44.7117
144,5.7200,145,Team B,682,389,723,480,702.5,478.2,68.3391,38.6876
145,5.7600,2,Team A,943,680,1008,809,975.5,806.4,65.4401,60.1232
145,5.7600,6,Team B,1783,677,1848,806,1815.5,803.4,75.9951,64.0239
145,5.7600,7,Team B,1034,478,1090,594,1062.0,591.7,71.2108,49.7096
145,5.7600,11,Referee,495,331,534,408,514.5,406.5,66.5370,30.5080
145,5.7600,15,Team A,1244,369,1282,454,1263.0,452.3,79.7520,40.2536
145,5.7600,48,Team B,1342,395,1387,501,1364.5,498.9,79.5303,44.9995
145,5.7600,66,Team A,1401,365,1441,462,1421.0,460.1,82.3834,42.1996
145,5.7600,60,Team A,859,311,901,400,880.0,398.2,74.5840,31.7974
145,5.7600,82,Team B,582,420,649,520,615.5,518.0,65.7784,41.5167
145,5.7600,89,Team B,394,531,453,663,423.5,660.4,60.1115,50.2202
145,5.7600,130,Team B,256,310,300,400,278.0,398.2,61.8923,27.2798
145,5.7600,137,Team B,1172,351,1212,454,1192.0,451.9,78.4033,39.7496
145,5.7600,139,Team B,1044,692,1109,814,1076.5,811.6,66.6203,60.7590
145,5.7600,140,Team A,126,501,199,601,162.5,599.0,56.8944,44.8084
145,5.7600,142,Team B,795,307,830,386,812.5,384.4,73.7085,29.9005
145,5.7600,69,Team A,1448,473,1528,624,1488.0,621.0,76.9602,54.0308
145,5.7600,161,Team B,265,480,346,589,305.5,586.8,59.2979,44.7237
145,5.7600,145,Team B,685,388,725,474,705.0,472.3,68.4494,38.3470
146,5.8000,2,Team A,941,678,1008,810,974.5,807.4,65.3968,60.1221
146,5.8000,6,Team B,1781,675,1850,812,1815.5,809.3,75.8988,64.1545
146,5.8000,7,Team B,1037,475,1091,591,1064.0,588.7,71.2789,49.5577
146,5.8000,11,Referee,499,329,543,415,521.0,413.3,66.5766,30.6625
146,5.8000,15,Team A,1252,370,1288,453,1270.0,451.3,79.8846,40.2409
146,5.8000,48,Team B,1346,395,1393,501,1369.5,498.9,79.6144,44.9982
146,5.8000,66,Team A,1404,359,1446,461,1425.0,459.0,82.4994,42.1064
146,5.8000,60,Team A,862,312,900,395,881.0,393.3,74.6882,31.4923
146,5.8000,82,Team B,581,416,646,517,613.5,515.0,65.7481,41.3364
146,5.8000,89,Team B,400,528,459,659,429.5,656.4,60.2168,50.0521
146,5.8000,130,Team B,266,312,306,394,286.0,392.4,62.1306,26.8004
146,5.8000,137,Team B,1177,352,1216,452,1196.5,450.0,78.5307,39.6434
146,5.8000,139,Team B,1045,691,1110,810,1077.5,807.6,66.6368,60.6794
146,5.8000,140,Team A,135,500,210,598,172.5,596.0,57.0300,44.6767
146,5.8000,142,Team B,796,306,832,386,814.0,384.4,73.7125,29.7819
146,5.8000,69,Team A,1450,475,1526,621,1488.0,618.1,77.0108,53.8799
146,5.8000,161,Team B,263,478,346,589,304.5,586.8,59.3025,44.7284
146,5.8000,8,Team B,679,384,741,486,710.0,484.0,68.2206,39.4331
147,5.8400,2,Team A,934,675,1004,809,969.0,806.3,65.3340,60.0906
147,5.8400,6,Team B,1780,674,1852,815,1816.0,812.2,75.8097,64.2810
147,5.8400,7,Team B,1038,472,1090,586,1064.0,583.7,71.3731,49.3062
147,5.8400,11,Referee,503,326,552,420,527.5,418.1,66.5618,31.0782
147,5.8400,15,Team A,1260,373,1295,452,1277.5,450.4,80.0311,40.2149
147,5.8400,48,Team B,1347,395,1392,499,1369.5,496.9,79.6824,44.9029
147,5.8400,66,Team A,1406,359,1447,460,1426.5,458.0,82.5750,42.0204
147,5.8400,60,Team A,865,312,903,394,884.0,392.4,74.7672,31.3138
147,5.8400,82,Team B,583,412,647,514,615.0,512.0,65.7712,41.1224
147,5.8400,89,Team B,408,525,466,656,437.0,653.4,60.3280,49.9102
147,5.8400,130,Team B,274,312,315,393,294.5,391.4,62.3161,26.5776
147,5.8400,137,Team B,1180,352,1218,451,1199.0,449.0,78.6169,39.5544
147,5.8400,139,Team B,1045,688,1112,808,1078.5,805.6,66.6585,60.6121
147,5.8400,140,Team A,136,495,213,595,174.5,593.0,57.0982,44.5091
147,5.8400,142,Team B,796,305,832,385,814.0,383.4,73.7123,29.6600
147,5.8400,69,Team A,1447,466,1526,620,1486.5,616.9,77.0280,53.7774
147,5.8400,8,Team B,681,384,744,488,712.5,485.9,68.2062,39.4167
148,5.8800,2,Team A,922,676,989,810,955.5,807.3,65.1835,60.0732
148,5.8800,6,Team B,1781,677,1852,818,1816.5,815.2,75.7226,64.4074
148,5.8800,7,Team B,1041,471,1091,585,1066.0,582.7,71.4297,49.1764
148,5.8800,11,Referee,507,326,557,421,532.0,419.1,66.5664,31.3301
148,5.8800,15,Team A,1268,373,1302,452,1285.0,450.4,80.1570,40.2344
148,5.8800,48,Team B,1349,396,1392,497,1370.5,495.0,79.7544,44.7743
148,5.8800,66,Team A,1407,357,1450,460,1428.5,457.9,82.6115,41.9894
148,5.8800,60,Team A,866,310,906,393,886.0,391.3,74.8247,31.1782
148,5.8800,82,Team B,586,409,652,513,619.0,510.9,65.8143,41.0028
148,5.8800,89,Team B,415,526,470,652,442.5,649.5,60.4318,49.7391
148,5.8800,130,Team B,282,312,320,389,301.0,387.5,62.4959,26.2283
148,5.8800,137,Team B,1179,356,1217,449,1198.0,447.1,78.6704,39.4059
148,5.8800,139,Team B,1040,687,1111,810,1075.5,807.5,66.6105,60.6327
148,5.8800,140,Team A,139,493,215,594,177.0,592.0,57.1318,44.4136
148,5.8800,142,Team B,797,304,833,384,815.0,382.4,73.7232,29.5414
148,5.8800,69,Team A,1443,466,1522,617,1482.5,614.0,77.0450,53.6235
148,5.8800,8,Team B,684,382,748,486,716.0,483.9,68.2491,39.3189
148,5.8800,161,Team B,258,479,338,584,298.0,581.9,59.2346,44.5090
149,5.9200,2,Team A,913,674,981,811,947.0,808.3,65.0359,60.0746
149,5.9200,6,Team B,1783,679,1853,821,1818.0,818.2,75.6444,64.5360
149,5.9200,7,Team B,1045,470,1094,582,1069.5,579.8,71.5195,49.0229
149,5.9200,15,Team A,1274,372,1308,450,1291.0,448.4,80.3144,40.1555
149,5.9200,48,Team B,1351,397,1394,497,1372.5,495.0,79.7872,44.7307
149,5.9200,66,Team A,1412,357,1453,459,1432.5,457.0,82.6841,41.9388
149,5.9200,60,Team A,868,310,903,385,885.5,383.5,75.0209,30.5642
149,5.9200,82,Team B,589,406,655,510,622.0,507.9,65.8827,40.8182
149,5.9200,89,Team B,420,527,473,649,446.5,646.6,60.5119,49.5853
149,5.9200,130,Team B,293,309,333,390,313.0,388.4,62.6770,26.2157
149,5.9200,137,Team B,1181,358,1220,449,1200.5,447.2,78.6992,39.3572
149,5.9200,139,Team B,1023,685,1097,818,1060.0,815.3,66.3811,60.7918
149,5.9200,140,Team A,145,492,223,596,184.0,593.9,57.1754,44.4881
149,5.9200,142,Team B,797,303,832,381,814.5,379.4,73.7687,29.2735
149,5.9200,69,Team A,1440,463,1520,617,1480.0,613.9,77.0165,53.5539
149,5.9200,161,Team B,263,480,341,581,302.0,579.0,59.2455,44.3152
149,5.9200,145,Team B,692,380,736,475,714.0,473.1,68.4850,38.2960
150,5.9600,2,Team A,902,676,970,810,936.0,807.3,64.8886,60.0307
150,5.9600,6,Team B,1784,679,1852,821,1818.0,818.2,75.6052,64.5971
150,5.9600,7,Team B,1048,469,1095,575,1071.5,572.9,71.6773,48.6955
150,5.9600,15,Team A,1281,372,1315,450,1298.0,448.4,80.4392,40.1516
150,5.9600,48,Team B,1355,397,1399,499,1377.0,497.0,79.7803,44.8245
150,5.9600,66,Team A,1416,359,1456,459,1436.0,457.0,82.7342,41.9326
150,5.9600,60,Team A,869,310,907,389,888.0,387.4,75.0015,30.6071
150,5.9600,82,Team B,588,405,656,511,622.0,508.9,65.8732,40.7948
150,5.9600,89,Team B,426,526,478,645,452.0,642.6,60.6047,49.4056
150,5.9600,137,Team B,1186,357,1226,449,1206.0,447.2,78.7548,39.3581
150,5.9600,139,Team B,1021,686,1094,818,1057.5,815.4,66.2567,60.8589
150,5.9600,140,Team A,155,491,232,594,193.5,591.9,57.2714,44.4741
150,5.9600,142,Team B,797,302,836,382,816.5,380.4,73.7611,29.2439
150,5.9600,69,Team A,1439,462,1517,617,1478.0,613.9,76.9736,53.5213
150,5.9600,161,Team B,265,476,347,581,306.0,578.9,59.2657,44.2538
150,5.9600,145,Team B,689,379,734,478,711.5,476.0,68.3976,38.4262
150,5.9600,11,Referee,510,325,557,415,533.5,413.2,66.6319,31.0439
151,6.0000,2,Team A,901,678,969,807,935.0,804.4,64.8347,59.9493
151,6.0000,6,Team B,1786,679,1850,818,1818.0,815.2,75.6280,64.5679
151,6.0000,7,Team B,1042,472,1092,577,1067.0,574.9,71.6431,48.6320
151,6.0000,15,Team A,1286,368,1322,452,1304.0,450.3,80.4850,40.2779
151,6.0000,48,Team B,1360,397,1404,499,1382.0,497.0,79.8147,44.8811
151,6.0000,66,Team A,1422,363,1460,459,1441.0,457.1,82.7914,41.9529
151,6.0000,60,Team A,871,311,909,392,890.0,390.4,74.9156,30.8397
151,6.0000,82,Team B,586,405,654,511,620.0,508.9,65.8249,40.7794
151,6.0000,89,Team B,432,526,485,642,458.5,639.7,60.7036,49.2544
151,6.0000,137,Team B,1191,352,1232,447,1211.5,445.1,78.8772,39.2630
151,6.0000,139,Team B,1015,686,1085,814,1050.0,811.4,66.1769,60.7812
151,6.0000,140,Team A,165,490,242,593,203.5,590.9,57.3872,44.4677
151,6.0000,142,Team B,795,300,833,380,814.0,378.4,73.7487,29.0712
151,6.0000,69,Team B,1438,488,1503,618,1470.5,615.4,76.8424,53.5371
151,6.0000,161,Team B,268,473,353,579,310.5,576.9,59.3100,44.1631
151,6.0000,145,Team B,693,380,738,479,715.5,477.0,68.3663,38.5504
151,6.0000,166,Team B,0,370,41,461,20.5,459.2,55.7130,32.0452
151,6.0000,11,Referee,515,322,561,414,538.0,412.2,66.7032,30.8798
152,6.0400,2,Team A,902,678,971,805,936.5,802.5,64.8281,59.8828
152,6.0400,6,Team B,1787,679,1849,814,1818.0,811.3,75.6912,64.4805
152,6.0400,7,Team B,1040,474,1092,578,1066.0,575.9,71.5840,48.6466
152,6.0400,15,Team A,1293,366,1330,454,1311.5,452.2,80.5157,40.4643
152,6.0400,48,Team B,1364,396,1409,499,1386.5,496.9,79.8607,44.9199
152,6.0400,66,Team A,1426,363,1463,458,1444.5,456.1,82.8667,41.9204
152,6.0400,60,Team A,872,311,911,394,891.5,392.3,74.8233,31.0743
152,6.0400,82,Team B,585,407,650,510,617.5,507.9,65.7690,40.7179
152,6.0400,89,Team B,443,529,495,641,469.0,638.8,60.8242,49.2019
152,6.0400,137,Team B,1199,352,1240,448,1219.5,446.1,78.9721,39.3131
152,6.0400,139,Team B,1014,687,1082,808,1048.0,805.6,66.1758,60.6134
152,6.0400,140,Team A,174,488,251,590,212.5,588.0,57.5148,44.3763
152,6.0400,142,Team B,795,300,832,376,813.5,374.5,73.8093,28.7072
152,6.0400,69,Team B,1439,501,1494,616,1466.5,613.7,76.7737,53.4729
152,6.0400,161,Team B,256,469,342,581,299.0,578.8,59.1785,44.1715
152,6.0400,145,Team B,699,380,744,478,721.5,476.0,68.4134,38.5722
152,6.0400,166,Team B,0,371,41,460,20.5,458.2,55.6901,31.9901
152,6.0400,11,Referee,523,326,566,412,544.5,410.3,66.8162,30.7165
153,6.0800,2,Team A,898,673,971,803,934.5,800.4,64.8150,59.8093
153,6.0800,6,Team B,1788,678,1850,814,1819.0,811.3,75.7164,64.4575
153,6.0800,7,Team B,1042,478,1096,579,1069.0,577.0,71.5534,48.7087
153,6.0800,15,Team A,1299,369,1334,453,1316.5,451.3,80.5929,40.5069
153,6.0800,48,Team B,1368,398,1413,498,1390.5,496.0,79.9302,44.9052
153,6.0800,66,Team A,1429,363,1466,457,1447.5,455.1,82.9435,41.8644
153,6.0800,60,Team A,876,312,915,394,895.5,392.4,74.8104,31.1860
153,6.0800,82,Team B,587,408,648,509,617.5,507.0,65.7367,40.6468
153,6.0800,89,Team B,452,527,506,640,479.0,637.7,60.9501,49.1834
153,6.0800,137,Team B,1208,349,1251,448,1229.5,446.0,79.1081,39.3708
153,6.0800,139,Team B,1013,688,1083,810,1048.0,807.6,66.1410,60.6040
153,6.0800,140,Team A,179,486,258,589,218.5,586.9,57.6060,44.3232
153,6.0800,142,Team B,796,300,832,374,814.0,372.5,73.8624,28.4152
153,6.0800,69,Team A,1438,504,1490,613,1464.0,610.8,76.7680,53.3401
153,6.0800,161,Team B,260,470,336,571,298.0,569.0,59.1697,43.7472
153,6.0800,145,Team B,703,380,748,479,725.5,477.0,68.4362,38.6519
153,6.0800,166,Team A,1,370,42,456,21.5,454.3,55.6878,31.7315
153,6.0800,11,Referee,527,325,571,412,549.0,410.3,66.8890,30.6706
153,6.0800,171,Team B,1475,456,1515,564,1495.0,561.8,79.0565,50.3803
154,6.1200,2,Team A,898,673,975,807,936.5,804.3,64.7728,59.8923
154,6.1200,6,Team B,1790,679,1852,815,1821.0,812.3,75.7179,64.4855
154,6.1200,7,Team B,1046,480,1099,577,1072.5,575.1,71.5906,48.6717
154,6.1200,15,Team A,1305,369,1342,456,1323.5,454.3,80.6009,40.7133
154,6.1200,48,Team B,1370,396,1417,497,1393.5,495.0,80.0005,44.8610
154,6.1200,66,Team A,1434,361,1471,457,1452.5,455.1,83.0152,41.8582
154,6.1200,60,Team A,880,312,916,386,898.0,384.5,75.0155,30.6868
154,6.1200,82,Team B,589,409,648,510,618.5,508.0,65.6967,40.6750
154,6.1200,89,Team B,458,523,513,636,485.5,633.7,61.0730,49.0560
154,6.1200,137,Team B,1213,348,1258,450,1235.5,448.0,79.1583,39.5272
154,6.1200,139,Team B,1010,689,1085,818,1047.5,815.4,66.0297,60.7970
154,6.1200,140,Team A,184,483,264,586,224.0,583.9,57.6913,44.1985
154,6.1200,142,Team B,797,303,830,374,813.5,372.6,73.8472,28.2982
154,6.1200,69,Team A,1438,505,1490,611,1464.0,608.9,76.7917,53.2211
154,6.1200,161,Team B,260,470,339,576,299.5,573.9,59.1183,43.8043
154,6.1200,166,Team B,7,367,49,456,28.0,454.2,55.7322,31.6561
154,6.1200,11,Referee,532,328,573,409,552.5,407.4,66.9837,30.4715
154,6.1200,171,Team B,1479,453,1520,563,1499.5,560.8,79.1115,50.3567
154,6.1200,8,Team B,698,376,758,475,728.0,473.0,68.4433,38.7421
154,6.1200,130,Team B,332,303,375,385,353.5,383.4,63.1856,26.0316
155,6.1600,2,Team A,894,675,971,810,932.5,807.3,64.6828,59.9972
155,6.1600,6,Team B,1789,680,1854,819,1821.5,816.2,75.6521,64.5935
155,6.1600,7,Team B,1050,479,1105,577,1077.5,575.0,71.6368,48.6771
155,6.1600,15,Team A,1312,371,1348,456,1330.0,454.3,80.6588,40.8234
155,6.1600,48,Team B,1371,396,1418,496,1394.5,494.0,80.0481,44.7987
155,6.1600,66,Team A,1438,362,1476,457,1457.0,455.1,83.0772,41.8730
155,6.1600,60,Team A,881,309,921,389,901.0,387.4,75.0334,30.7038
155,6.1600,82,Team B,593,410,651,510,622.0,508.0,65.6942,40.7034
155,6.1600,89,Team B,463,518,519,633,491.0,630.7,61.1778,48.9161
155,6.1600,137,Team B,1217,347,1263,449,1240.0,447.0,79.2381,39.5502
155,6.1600,139,Team B,993,690,1069,826,1031.0,823.3,65.7702,61.0234
155,6.1600,140,Team A,174,482,253,587,213.5,584.9,57.5946,44.1578
155,6.1600,142,Team B,800,303,835,375,817.5,373.6,73.8403,28.3421
155,6.1600,69,Team A,1435,504,1489,610,1462.0,607.9,76.7890,53.1337
155,6.1600,161,Team B,267,471,343,574,305.0,571.9,59.1428,43.7669
155,6.1600,166,Team B,12,363,55,454,33.5,452.2,55.7966,31.5256
155,6.1600,11,Referee,535,325,580,413,557.5,411.2,66.9874,30.6784
155,6.1600,8,Team B,701,379,762,480,731.5,478.0,68.4508,38.7987
155,6.1600,130,Team B,337,299,382,385,359.5,383.3,63.4365,25.9817
156,6.2000,2,Team A,883,673,957,809,920.0,806.3,64.5469,59.9882
156,6.2000,6,Team B,1791,680,1855,818,1823.0,815.2,75.6447,64.6293
156,6.2000,7,Team B,1057,478,1114,580,1085.5,578.0,71.6646,48.8287
156,6.2000,15,Team A,1319,374,1354,456,1336.5,454.4,80.7361,40.8960
156,6.2000,48,Team B,1373,397,1417,494,1395.0,492.1,80.1068,44.6800
156,6.2000,66,Team A,1440,362,1478,455,1459.0,453.1,83.1677,41.7783
156,6.2000,60,Team A,882,308,925,390,903.5,388.4,75.0207,30.7878
156,6.2000,82,Team B,596,407,655,507,625.5,505.0,65.7492,40.5783
156,6.2000,89,Team B,469,516,525,633,497.0,630.7,61.2535,48.8851
156,6.2000,137,Team B,1219,348,1263,449,1241.0,447.0,79.2603,39.5624
156,6.2000,139,Team B,987,693,1062,828,1024.5,825.3,65.5844,61.1534
156,6.2000,140,Team A,177,480,255,584,216.0,581.9,57.5756,44.0272
156,6.2000,142,Team B,801,301,837,374,819.0,372.5,73.8551,28.2883
156,6.2000,69,Team A,1432,504,1488,606,1460.0,604.0,76.8359,52.9539
156,6.2000,161,Team B,273,468,350,573,311.5,570.9,59.2005,43.7347
156,6.2000,166,Team B,20,362,63,453,41.5,451.2,55.8913,31.4486
156,6.2000,11,Referee,539,324,585,415,562.0,413.2,66.9822,30.9131
156,6.2000,8,Team B,705,377,765,477,735.0,475.0,68.5200,38.6736
156,6.2000,130,Team B,348,300,393,383,370.5,381.3,63.6765,25.8678
156,6.2000,171,Team B,1479,445,1512,535,1495.5,533.2,79.7378,49.1888
157,6.2400,2,Team A,878,673,950,804,914.0,801.4,64.4773,59.8559
157,6.2400,6,Team B,1790,684,1855,825,1822.5,822.2,75.5214,64.8021
157,6.2400,7,Team B,1065,478,1124,584,1094.5,581.9,71.6775,49.0814
157,6.2400,15,Team A,1325,374,1359,456,1342.0,454.4,80.8113,40.9459
157,6.2400,48,Team B,1376,395,1418,490,1397.0,488.1,80.2412,44.4450
157,6.2400,66,Team A,1445,361,1484,455,1464.5,453.1,83.2503,41.7598
157,6.2400,60,Team A,880,309,921,388,900.5,386.4,75.0009,30.6674
157,6.2400,82,Team B,598,404,658,503,628.0,501.0,65.8311,40.3361
157,6.2400,89,Team B,476,515,532,630,504.0,627.7,61.3529,48.7911
157,6.2400,139,Team B,985,697,1055,827,1020.0,824.4,65.4712,61.1819
157,6.2400,140,Team A,179,479,251,574,215.0,572.1,57.6000,43.5450
157,6.2400,142,Team B,800,299,834,370,817.0,368.6,73.9080,27.9556
157,6.2400,69,Team A,1429,505,1485,604,1457.0,602.0,76.8521,52.8037
157,6.2400,161,Team B,279,468,357,571,318.0,568.9,59.2791,43.6637
157,6.2400,166,Team B,28,364,71,454,49.5,452.2,55.9849,31.5202
157,6.2400,11,Referee,542,324,586,411,564.0,409.3,67.0452,30.7506
157,6.2400,8,Team B,709,373,769,469,739.0,467.1,68.7068,38.2008
157,6.2400,130,Team B,357,301,402,382,379.5,380.4,63.8723,25.7931
157,6.2400,171,Team B,1479,446,1512,532,1495.5,530.3,80.0470,48.5953
158,6.2800,2,Team A,872,673,945,805,908.5,802.4,64.3834,59.8214
158,6.2800,6,Team B,1786,690,1849,825,1817.5,822.3,75.4248,64.8694
158,6.2800,7,Team B,1077,474,1137,589,1107.0,586.7,71.7029,49.4208
158,6.2800,15,Team A,1330,373,1365,456,1347.5,454.3,80.8863,40.9858
158,6.2800,48,Team B,1383,395,1419,474,1401.0,472.4,80.7558,43.5743
158,6.2800,66,Team A,1447,360,1486,456,1466.5,454.1,83.2582,41.8097
158,6.2800,60,Team A,880,310,919,389,899.5,387.4,74.9269,30.6832
158,6.2800,82,Team B,597,403,658,502,627.5,500.0,65.8489,40.1875
158,6.2800,89,Team B,483,514,537,627,510.0,624.7,61.4533,48.6677
158,6.2800,139,Team B,984,697,1055,826,1019.5,823.4,65.4174,61.1792
158,6.2800,140,Team A,183,480,260,580,221.5,578.0,57.6087,43.6419
158,6.2800,142,Team B,800,299,835,372,817.5,370.5,73.8565,27.9715
158,6.2800,69,Team A,1424,506,1481,607,1452.5,605.0,76.7406,52.8374
158,6.2800,161,Team B,280,465,364,571,322.0,568.9,59.3264,43.6522
158,6.2800,166,Team B,36,365,79,455,57.5,453.2,56.0781,31.6495
158,6.2800,11,Referee,545,322,591,413,568.0,411.2,67.0577,30.8347
158,6.2800,8,Team B,716,371,772,457,744.0,455.3,69.0264,37.3582
158,6.2800,130,Team B,365,301,409,382,387.0,380.4,64.0164,25.8000
158,6.2800,171,Team B,1478,444,1514,541,1496.0,539.1,79.9393,48.7365
158,6.2800,137,Team B,1232,350,1273,445,1252.5,443.1,79.4713,39.3912
159,6.3200,2,Team A,866,671,942,806,904.0,803.3,64.2877,59.8280
159,6.3200,6,Team B,1786,693,1847,823,1816.5,820.4,75.4001,64.8622
159,6.3200,7,Team B,1087,471,1146,588,1116.5,585.7,71.8055,49.5531
159,6.3200,15,Team A,1338,373,1371,452,1354.5,450.4,81.0927,40.8130
159,6.3200,48,Team B,1386,397,1425,486,1405.5,484.2,80.6651,43.8418
159,6.3200,66,Team A,1452,362,1489,454,1470.5,452.2,83.3495,41.7394
159,6.3200,60,Team A,882,311,920,388,901.0,386.5,74.9144,30.6261
159,6.3200,82,Team B,597,403,660,502,628.5,500.0,65.8427,40.1340
159,6.3200,89,Team B,489,514,542,624,515.5,621.8,61.5498,48.5307
159,6.3200,139,Team B,982,696,1053,823,1017.5,820.5,65.3953,61.1126
159,6.3200,140,Team A,188,480,265,578,226.5,576.0,57.6496,43.6181
159,6.3200,142,Team B,800,295,834,367,817.0,365.6,73.9291,27.5936
159,6.3200,69,Team A,1423,507,1476,605,1449.5,603.0,76.6930,52.7727
159,6.3200,166,Team B,44,366,87,456,65.5,454.2,56.1710,31.8018
159,6.3200,11,Referee,550,322,594,412,572.0,410.2,67.1010,30.8203
159,6.3200,130,Team B,371,302,414,380,392.5,378.4,64.1442,25.6818
159,6.3200,171,Team B,1477,444,1516,548,1496.5,545.9,79.7171,49.0838
159,6.3200,137,Team B,1238,351,1278,443,1258.0,441.2,79.6547,39.2325
159,6.3200,145,Team B,719,372,761,461,740.0,459.2,68.7756,37.7501
160,6.3600,2,Team A,852,670,927,807,889.5,804.3,64.1152,59.8228
160,6.3600,6,Team B,1787,695,1849,826,1818.0,823.4,75.3474,64.9379
160,6.3600,7,Team B,1101,468,1151,572,1126.0,569.9,72.2014,49.0125
160,6.3600,15,Team A,1344,370,1378,452,1361.0,450.4,81.2333,40.7658
160,6.3600,48,Team B,1390,398,1431,491,1410.5,489.1,80.5323,44.2115
160,6.3600,66,Team A,1457,361,1493,453,1475.0,451.2,83.4514,41.6728
160,6.3600,60,Team A,883,311,922,391,902.5,389.4,74.8252,30.8162
160,6.3600,82,Team B,592,405,652,501,622.0,499.1,65.7592,40.0399
160,6.3600,89,Team B,492,513,546,622,519.0,619.8,61.6177,48.4176
160,6.3600,139,Team B,976,695,1050,822,1013.0,819.5,65.3481,61.0597
160,6.3600,140,Team A,189,476,272,580,230.5,577.9,57.6677,43.7112
160,6.3600,142,Team B,804,296,834,359,819.0,357.7,74.1618,26.8401
160,6.3600,69,Team A,1422,510,1473,604,1447.5,602.1,76.6594,52.7089
160,6.3600,166,Team B,53,366,96,456,74.5,454.2,56.2819,31.9048
160,6.3600,11,Referee,557,325,599,411,578.0,409.3,67.1802,30.7794
160,6.3600,130,Team B,382,301,424,378,403.0,376.5,64.3317,25.5333
160,6.3600,171,Team B,1479,446,1519,552,1499.0,549.9,79.5425,49.3971
160,6.3600,137,Team B,1242,351,1281,442,1261.5,440.2,79.7763,39.1250
160,6.3600,161,Team B,266,463,347,571,306.5,568.8,59.1457,43.5992
160,6.3600,8,Team B,720,372,776,459,748.0,457.3,69.1142,37.1537
161,6.4000,2,Team A,846,672,920,811,883.0,808.2,63.9460,59.9104
161,6.4000,6,Team B,1785,695,1851,833,1818.0,830.2,75.2131,65.1252
161,6.4000,7,Team B,1110,466,1157,566,1133.5,564.0,72.5248,48.5824
161,6.4000,15,Team A,1349,370,1383,453,1366.0,451.3,81.2995,40.8198
161,6.4000,48,Team B,1391,397,1435,495,1413.0,493.0,80.3839,44.5591
161,6.4000,66,Team A,1462,363,1501,457,1481.5,455.1,83.4259,41.8858
161,6.4000,60,Team A,885,311,924,393,904.5,391.4,74.7377,31.0370
161,6.4000,82,Team B,594,404,652,501,623.0,499.1,65.7127,40.0073
161,6.4000,89,Team B,496,513,550,621,523.0,618.8,61.6695,48.3540
161,6.4000,139,Team B,963,695,1041,828,1002.0,825.3,65.1765,61.1574
161,6.4000,140,Team A,179,472,263,581,221.0,578.8,57.5526,43.7593
161,6.4000,142,Team B,805,297,834,357,819.5,355.8,74.2838,26.3852
161,6.4000,69,Team A,1422,512,1470,603,1446.0,601.2,76.6365,52.6465
161,6.4000,166,Team B,64,366,106,453,85.0,451.3,56.4378,31.8106
161,6.4000,11,Referee,562,327,602,410,582.0,408.3,67.2496,30.7173
161,6.4000,130,Team B,390,300,432,375,411.0,373.5,64.5270,25.2837
161,6.4000,171,Team B,1483,452,1520,552,1501.5,550.0,79.4801,49.5374
161,6.4000,137,Team B,1247,350,1285,440,1266.0,438.2,79.9139,38.9841
161,6.4000,161,Team B,267,463,348,572,307.5,569.8,59.0515,43.6303
161,6.4000,8,Team B,719,371,777,464,748.0,462.1,69.0362,37.3530
162,6.4400,2,Team A,839,675,910,812,874.5,809.3,63.7892,59.9570
162,6.4400,6,Team B,1784,697,1852,838,1818.0,835.2,75.0766,65.3152
162,6.4400,7,Team B,1117,462,1164,563,1140.5,561.0,72.7622,48.3126
162,6.4400,15,Team A,1355,371,1389,456,1372.0,454.3,81.2897,41.0272
162,6.4400,48,Team B,1394,397,1432,482,1413.0,480.3,80.6538,44.0641
162,6.4400,60,Team A,888,311,926,391,907.0,389.4,74.7579,30.9972
162,6.4400,82,Team B,597,403,655,501,626.0,499.0,65.7025,40.0073
162,6.4400,89,Team B,501,514,556,620,528.5,617.9,61.7288,48.3160
162,6.4400,139,Team B,957,697,1037,833,997.0,830.3,65.0098,61.3093
162,6.4400,140,Team A,177,472,258,581,217.5,578.8,57.4483,43.7716
162,6.4400,142,Team B,805,299,834,363,819.5,361.7,74.1455,26.6677
162,6.4400,69,Team A,1417,514,1467,604,1442.0,602.2,76.5536,52.6471
162,6.4400,166,Team B,71,365,115,453,93.0,451.2,56.5629,31.8096
162,6.4400,11,Referee,567,326,603,402,585.0,400.5,67.4278,30.1622
162,6.4400,130,Team B,395,300,437,373,416.0,371.5,64.6710,25.0559
162,6.4400,171,Team B,1486,451,1524,553,1505.0,551.0,79.4525,49.6469
162,6.4400,137,Team B,1251,353,1289,444,1270.0,442.2,79.8814,39.1724
162,6.4400,161,Team B,270,462,345,563,307.5,561.0,59.0595,43.2501
162,6.4400,145,Team B,724,369,765,456,744.5,454.3,68.9779,37.1219
163,6.4800,2,Team A,835,678,903,810,869.0,807.4,63.6859,59.9229
163,6.4800,6,Team B,1783,698,1852,843,1817.5,840.1,74.9365,65.5037
163,6.4800,7,Team B,1124,460,1171,563,1147.5,560.9,72.9099,48.2310
163,6.4800,15,Team A,1359,371,1394,456,1376.5,454.3,81.3185,41.1267
163,6.4800,48,Team B,1395,396,1433,480,1414.0,478.3,80.8097,43.7679
163,6.4800,60,Team A,890,308,930,391,910.0,389.3,74.7787,30.9890
163,6.4800,82,Team B,599,400,656,502,627.5,500.0,65.6772,40.0632
163,6.4800,89,Team B,508,515,564,620,536.0,617.9,61.8004,48.3331
163,6.4800,139,Team B,945,699,1023,834,984.0,831.3,64.8227,61.3681
163,6.4800,140,Team A,182,473,258,578,220.0,575.9,57.4255,43.6625
163,6.4800,142,Team B,806,299,834,360,820.0,358.8,74.1445,26.5506
163,6.4800,69,Team A,1411,514,1463,605,1437.0,603.2,76.4380,52.6681
163,6.4800,166,Team B,78,362,124,450,101.0,448.2,56.6974,31.6582
163,6.4800,11,Referee,569,327,607,406,588.0,404.4,67.4362,30.2288
163,6.4800,171,Team B,1487,444,1528,553,1507.5,550.8,79.4552,49.6950
163,6.4800,137,Team B,1256,350,1295,444,1275.5,442.1,79.9142,39.2654
163,6.4800,161,Team B,274,462,350,564,312.0,562.0,59.0752,43.1640
163,6.4800,66,Team A,1465,363,1518,496,1491.5,493.3,82.3666,43.9599
163,6.4800,8,Team B,720,368,782,469,751.0,467.0,68.9036,37.7209
164,6.5200,2,Team A,832,680,898,805,865.0,802.5,63.6412,59.7862
164,6.5200,6,Team B,1779,702,1846,844,1812.5,841.2,74.8196,65.5977
164,6.5200,7,Team B,1128,456,1176,561,1152.0,558.9,73.0344,48.1316
164,6.5200,15,Team A,1365,372,1399,457,1382.0,455.3,81.3453,41.2420
164,6.5200,48,Team B,1397,398,1440,489,1418.5,487.2,80.6601,44.1113
164,6.5200,60,Team A,889,306,929,390,909.0,388.3,74.7730,30.9069
164,6.5200,82,Team B,601,397,658,500,629.5,497.9,65.6931,39.9905
164,6.5200,89,Team B,517,516,574,617,545.5,615.0,61.9237,48.2649
164,6.5200,139,Team B,935,699,1010,832,972.5,829.3,64.6657,61.3239
164,6.5200,140,Team A,187,470,261,574,224.0,571.9,57.4573,43.4621
164,6.5200,142,Team B,808,298,840,369,824.0,367.6,73.9386,27.2043
164,6.5200,69,Team A,1406,517,1460,608,1433.0,606.2,76.2783,52.7742
164,6.5200,166,Team B,83,362,128,450,105.5,448.2,56.7738,31.6208
164,6.5200,11,Referee,570,325,610,407,590.0,405.4,67.4186,30.3299
164,6.5200,171,Team B,1488,443,1530,551,1509.0,548.8,79.5042,49.6385
164,6.5200,137,Team B,1259,349,1299,443,1279.0,441.1,79.9761,39.2576
164,6.5200,161,Team B,275,459,353,562,314.0,559.9,59.0930,43.0499
164,6.5200,66,Team A,1467,362,1532,527,1499.5,523.7,81.1981,46.2276
164,6.5200,8,Team B,722,365,784,467,753.0,465.0,68.8841,37.7630
164,6.5200,130,Team B,405,298,446,371,425.5,369.5,64.8228,24.8558
165,6.5600,2,Team A,824,679,892,800,858.0,797.6,63.5972,59.5968
165,6.5600,6,Team B,1779,705,1841,842,1810.0,839.3,74.7745,65.5987
165,6.5600,7,Team B,1132,453,1180,560,1156.0,557.9,73.1259,48.0648
165,6.5600,15,Team A,1368,374,1401,456,1384.5,454.4,81.3929,41.2446
165,6.5600,48,Team B,1397,394,1441,491,1419.0,489.1,80.5366,44.3422
165,6.5600,60,Team A,885,304,924,387,904.5,385.3,74.7618,30.6391
165,6.5600,82,Team B,602,395,659,498,630.5,495.9,65.7143,39.8628
165,6.5600,89,Team B,524,516,583,615,553.5,613.0,62.0452,48.1942
165,6.5600,139,Team B,928,698,1002,827,965.0,824.4,64.5772,61.1787
165,6.5600,140,Team B,191,467,265,571,228.0,568.9,57.5047,43.2675
165,6.5600,142,Team B,806,296,840,371,823.0,369.5,73.7643,27.6056
165,6.5600,69,Team A,1402,516,1458,609,1430.0,607.1,76.1518,52.8438
165,6.5600,166,Team B,88,362,133,450,110.5,448.2,56.8325,31.6312
165,6.5600,11,Referee,571,324,613,409,592.0,407.3,67.3728,30.5135
165,6.5600,171,Team B,1490,441,1533,549,1511.5,546.8,79.5828,49.5425
165,6.5600,137,Team B,1263,349,1302,440,1282.5,438.2,80.1056,39.0965
165,6.5600,161,Team B,277,458,354,555,315.5,553.1,59.1464,42.6979
165,6.5600,8,Team B,722,363,783,462,752.5,460.0,68.9336,37.4964
165,6.5600,130,Team B,412,299,453,369,432.5,367.6,64.9763,24.6572
166,6.6000,2,Team A,814,677,887,803,850.5,800.5,63.4807,59.5830
166,6.6000,6,Team B,1774,704,1835,838,1804.5,835.3,74.7660,65.5104
166,6.6000,7,Team B,1132,452,1182,558,1157.0,555.9,73.1918,47.9599
166,6.6000,15,Team A,1372,376,1403,454,1387.5,452.4,81.4836,41.1500
166,6.6000,48,Team B,1398,395,1441,490,1419.5,488.1,80.5004,44.3875
166,6.6000,60,Team A,883,303,921,385,902.0,383.4,74.7481,30.3762
166,6.6000,82,Team B,602,395,659,496,630.5,494.0,65.7262,39.7106
166,6.6000,89,Team B,525,516,585,613,555.0,611.1,62.1052,48.0997
166,6.6000,139,Team B,920,698,994,826,957.0,823.4,64.4759,61.0851
166,6.6000,140,Team B,194,465,270,570,232.0,567.9,57.5451,43.1637
166,6.6000,142,Team B,804,295,840,372,822.0,370.5,73.6274,27.8325
166,6.6000,69,Team A,1401,515,1454,606,1427.5,604.2,76.1219,52.7580
166,6.6000,166,Team B,92,360,136,448,114.0,446.2,56.8818,31.5276
166,6.6000,11,Referee,567,321,611,410,589.0,408.2,67.2720,30.6371
166,6.6000,161,Team B,275,456,352,552,313.5,550.1,59.1471,42.4154
166,6.6000,8,Team B,723,361,784,457,753.5,455.1,69.0288,37.1083
166,6.6000,130,Team B,413,298,455,369,434.0,367.6,65.0257,24.5849
166,6.6000,66,Team A,1481,412,1535,542,1508.0,539.4,80.3913,47.8510
167,6.6400,2,Team A,804,677,880,808,842.0,805.4,63.3110,59.6868
167,6.6400,6,Team B,1771,703,1833,838,1802.0,835.3,74.7360,65.4779
167,6.6400,7,Team B,1138,451,1187,555,1162.5,552.9,73.3122,47.8142
167,6.6400,15,Team A,1375,378,1404,451,1389.5,449.5,81.6091,40.9572
167,6.6400,48,Team B,1395,389,1437,485,1416.0,483.1,80.5649,44.1389
167,6.6400,60,Team A,882,305,920,385,901.0,383.4,74.7004,30.2673
167,6.6400,82,Team B,599,397,655,494,627.0,492.1,65.6952,39.5361
167,6.6400,89,Team B,525,514,586,612,555.5,610.0,62.1222,48.0288
167,6.6400,139,Team B,911,702,988,832,949.5,829.4,64.3107,61.1794
167,6.6400,140,Team B,191,465,268,569,229.5,566.9,57.5184,43.0744
167,6.6400,69,Team A,1399,514,1451,603,1425.0,601.2,76.1305,52.6090
167,6.6400,166,Team B,95,360,138,444,116.5,442.3,56.9301,31.2502
167,6.6400,11,Referee,568,324,611,413,589.5,411.2,67.1561,30.8939
167,6.6400,8,Team B,719,360,775,451,747.0,449.2,69.0731,36.5784
167,6.6400,130,Team B,414,295,455,366,434.5,364.6,65.0701,24.3209
167,6.6400,186,Team B,260,456,308,564,284.0,561.8,58.4601,42.9607
167,6.6400,189,Team A,1470,362,1511,453,1490.5,451.2,83.6016,41.7019
167,6.6400,66,Team A,1482,430,1530,542,1506.0,539.8,80.0229,48.5082
167,6.6400,137,Team B,1265,349,1301,436,1283.0,434.3,80.2333,38.7989
168,6.6800,2,Team A,789,680,859,803,824.0,800.5,63.1304,59.5643
168,6.6800,6,Team B,1767,699,1831,836,1799.0,833.3,74.7237,65.4229
168,6.6800,7,Team B,1141,449,1192,553,1166.5,550.9,73.4211,47.6868
168,6.6800,15,Team A,1378,377,1408,452,1393.0,450.5,81.6519,40.9455
168,6.6800,48,Team B,1386,380,1434,486,1410.0,483.9,80.4825,44.0534
168,6.6800,60,Team A,882,306,918,386,900.0,384.4,74.6143,30.2891
168,6.6800,82,Team B,592,398,648,494,620.0,492.1,65.5807,39.4415
168,6.6800,89,Team B,524,513,586,612,555.0,610.0,62.1028,48.0034
168,6.6800,139,Team B,897,702,978,839,937.5,836.3,64.0799,61.3563
168,6.6800,140,Team B,179,466,255,571,217.0,568.9,57.3464,43.0885
168,6.6800,69,Team A,1396,514,1446,602,1421.0,600.2,76.1000,52.5018
168,6.6800,166,Team B,99,358,142,443,120.5,441.3,56.9739,31.0948
168,6.6800,11,Referee,570,325,612,413,591.0,411.2,67.0991,31.0054
168,6.6800,8,Team B,723,359,778,449,750.5,447.2,69.1423,36.2636
168,6.6800,130,Team B,416,292,459,365,437.5,363.5,65.1129,24.1479
168,6.6800,186,Team B,265,456,310,559,287.5,556.9,58.5073,42.7537
168,6.6800,189,Team A,1470,360,1514,457,1492.0,455.1,83.4791,41.9165
168,6.6800,66,Team A,1483,438,1530,543,1506.5,540.9,79.8368,48.8218
168,6.6800,137,Team B,1267,349,1302,436,1284.5,434.3,80.2805,38.6834
168,6.6800,142,Team B,797,291,834,367,815.5,365.5,73.5525,27.5085
169,6.7200,2,Team A,777,679,843,798,810.0,795.6,62.9757,59.3588
169,6.7200,6,Team B,1758,697,1828,842,1793.0,839.1,74.5788,65.5191
169,6.7200,7,Team B,1146,447,1197,552,1171.5,549.9,73.5169,47.6123
169,6.7200,48,Team B,1384,376,1435,487,1409.5,484.8,80.4007,44.0608
169,6.7200,60,Team A,880,306,918,388,899.0,386.4,74.4884,30.4316
169,6.7200,82,Team B,594,400,649,494,621.5,492.1,65.5257,39.4140
169,6.7200,89,Team B,523,513,582,608,552.5,606.1,62.0877,47.8343
169,6.7200,139,Team B,878,705,959,845,918.5,842.2,63.7809,61.5243
169,6.7200,140,Team B,169,466,243,571,206.0,568.9,57.1443,43.0601
169,6.7200,69,Team A,1389,513,1440,602,1414.5,600.2,76.0103,52.4378
169,6.7200,166,Team B,104,355,147,440,125.5,438.3,57.0429,30.8638
169,6.7200,11,Referee,573,325,612,406,592.5,404.4,67.1868,30.5873
169,6.7200,8,Team B,723,358,777,447,750.0,445.2,69.1745,36.0172
169,6.7200,130,Team B,418,292,458,361,438.0,359.6,65.1704,23.7658
169,6.7200,186,Team B,266,453,312,556,289.0,553.9,58.5392,42.5424
169,6.7200,189,Team A,1468,359,1516,464,1492.0,461.9,83.2011,42.3666
169,6.7200,66,Team A,1482,442,1528,544,1505.0,542.0,79.7048,48.9869
169,6.7200,137,Team B,1268,348,1302,434,1285.0,432.3,80.3409,38.5193
169,6.7200,142,Team B,798,289,836,361,817.0,359.6,73.6643,26.9235
170,6.7600,2,Team A,768,677,837,801,802.5,798.5,62.8154,59.3396
170,6.7600,6,Team B,1752,699,1826,847,1789.0,844.0,74.4103,65.6615
170,6.7600,7,Team B,1149,446,1201,551,1175.0,548.9,73.5918,47.5541
170,6.7600,48,Team B,1381,373,1434,486,1407.5,483.7,80.3547,44.0016
170,6.7600,60,Team A,879,305,917,388,898.0,386.3,74.3973,30.4808
170,6.7600,82,Team B,592,396,646,493,619.0,491.1,65.4660,39.3387
170,6.7600,89,Team B,524,510,582,604,553.0,602.1,62.1034,47.6140
170,6.7600,139,Team B,867,706,943,843,905.0,840.3,63.5628,61.5197
170,6.7600,140,Team B,165,466,237,569,201.0,566.9,57.0014,42.9476
170,6.7600,69,Team A,1383,512,1436,604,1409.5,602.2,75.8722,52.4690
170,6.7600,166,Team B,109,353,152,438,130.5,436.3,57.1146,30.6665
170,6.7600,11,Referee,576,323,610,393,593.0,391.6,67.4306,29.5190
170,6.7600,8,Team B,720,357,774,447,747.0,445.2,69.1261,35.9052
170,6.7600,130,Team B,419,292,458,359,438.5,357.7,65.2006,23.4571
170,6.7600,189,Team A,1467,358,1517,470,1492.0,467.8,82.8949,42.8528
170,6.7600,137,Team B,1269,349,1303,434,1286.0,432.3,80.3543,38.4562
171,6.8000,2,Team A,759,676,830,800,794.5,797.5,62.6814,59.2932
171,6.8000,6,Team B,1742,701,1813,848,1777.5,845.1,74.2340,65.7184
171,6.8000,7,Team B,1152,444,1203,545,1177.5,543.0,73.7451,47.2835
171,6.8000,48,Team B,1381,370,1435,484,1408.0,481.7,80.3778,43.8762
171,6.8000,60,Team A,878,301,916,383,897.0,381.4,74.4464,30.1356
171,6.8000,82,Team B,591,395,644,492,617.5,490.1,65.4144,39.2514
171,6.8000,89,Team B,527,507,584,600,555.5,598.1,62.1507,47.3787
171,6.8000,139,Team B,858,704,932,839,895.0,836.3,63.4193,61.4077
171,6.8000,140,Team B,165,465,235,564,200.0,562.0,56.9401,42.6797
171,6.8000,69,Team A,1380,513,1435,608,1407.5,606.1,75.7045,52.6223
171,6.8000,166,Team B,111,351,153,436,132.0,434.3,57.1462,30.4671
171,6.8000,8,Team B,717,354,769,444,743.0,442.2,69.0882,35.6622
171,6.8000,130,Team B,420,290,457,357,438.5,355.7,65.2138,23.1711
171,6.8000,189,Team A,1465,358,1517,477,1491.0,474.6,82.5400,43.3961
171,6.8000,137,Team B,1270,346,1305,434,1287.5,432.2,80.3572,38.4311
171,6.8000,191,Team B,252,448,285,514,268.5,512.7,58.6677,38.9037
171,6.8000,142,Team B,793,288,830,360,811.5,358.6,73.5986,26.5812
172,6.8400,2,Team A,744,672,819,800,781.5,797.4,62.5116,59.2451
172,6.8400,6,Team B,1734,703,1801,846,1767.5,843.1,74.1080,65.6830
172,6.8400,7,Team B,1155,442,1204,540,1179.5,538.0,73.9067,46.9655
172,6.8400,48,Team B,1379,370,1433,483,1406.0,480.7,80.3718,43.7663
172,6.8400,60,Team A,875,299,915,382,895.0,380.3,74.4371,29.9123
172,6.8400,82,Team B,591,391,642,487,616.5,485.1,65.4278,38.9458
172,6.8400,89,Team B,529,505,587,602,558.0,600.1,62.1523,47.3765
172,6.8400,139,Team B,851,698,924,831,887.5,828.3,63.3573,61.1626
172,6.8400,140,Team B,166,460,241,564,203.5,561.9,56.9256,42.5864
172,6.8400,69,Team A,1380,513,1434,608,1407.0,606.1,75.6173,52.6848
172,6.8400,166,Team B,116,352,157,435,136.5,433.3,57.1891,30.3477
172,6.8400,8,Team B,718,351,772,443,745.0,441.2,69.0894,35.5107
172,6.8400,130,Team B,422,288,461,360,441.5,358.6,65.1766,23.3112
172,6.8400,189,Team A,1459,355,1527,516,1493.0,512.8,81.3478,45.4770
172,6.8400,137,Team B,1270,343,1306,432,1288.0,430.2,80.4010,38.2998
172,6.8400,191,Team B,248,445,280,511,264.0,509.7,58.6176,38.7340
172,6.8400,142,Team B,791,287,828,361,809.5,359.5,73.4896,26.5092
172,6.8400,11,Referee,576,321,614,400,595.0,398.4,67.3687,29.5894
173,6.8800,2,Team A,730,671,804,801,767.0,798.4,62.3073,59.2191
173,6.8800,6,Team B,1733,704,1797,842,1765.0,839.2,74.0866,65.5890
173,6.8800,7,Team B,1157,440,1203,533,1180.0,531.1,74.0970,46.5309
173,6.8800,48,Team B,1379,370,1431,481,1405.0,478.8,80.3921,43.6165
173,6.8800,60,Team A,874,299,914,380,894.0,378.4,74.4415,29.6733
173,6.8800,82,Team B,592,391,642,484,617.0,482.1,65.4550,38.6671
173,6.8800,89,Team B,529,502,589,603,559.0,601.0,62.1311,47.4217
173,6.8800,139,Team B,844,695,915,822,879.5,819.5,63.3318,60.8367
173,6.8800,140,Team B,170,456,244,558,207.0,556.0,56.9674,42.2909
173,6.8800,69,Team A,1381,512,1433,605,1407.0,603.1,75.6252,52.6039
173,6.8800,166,Team B,121,350,160,431,140.5,429.4,57.2546,30.0585
173,6.8800,8,Team B,719,350,772,442,745.5,440.2,69.0875,35.3917
173,6.8800,130,Team B,426,287,464,359,445.0,357.6,65.1927,23.3041
173,6.8800,189,Team A,1457,353,1531,531,1494.0,527.4,80.4882,46.9762
173,6.8800,137,Team B,1271,340,1308,430,1289.5,428.2,80.4735,38.1296
173,6.8800,191,Team B,243,441,276,508,259.5,506.7,58.5471,38.4940
173,6.8800,142,Team B,791,284,829,362,810.0,360.4,73.3983,26.5539
173,6.8800,11,Referee,575,320,613,397,594.0,395.5,67.3547,29.4038
174,6.9200,2,Team A,721,673,793,802,757.0,799.4,62.1235,59.2165
174,6.9200,6,Team B,1727,700,1789,837,1758.0,834.3,74.0889,65.4346
174,6.9200,7,Team B,1157,436,1204,531,1180.5,529.1,74.2005,46.2671
174,6.9200,48,Team B,1380,368,1431,478,1405.5,475.8,80.4681,43.4034
174,6.9200,60,Team A,868,298,907,379,887.5,377.4,74.3539,29.4723
174,6.9200,82,Team B,594,389,643,479,618.5,477.2,65.5280,38.2909
174,6.9200,89,Team B,530,501,589,602,559.5,600.0,62.1149,47.4063
174,6.9200,139,Team B,831,691,909,827,870.0,824.3,63.1936,60.8080
174,6.9200,140,Team B,173,455,247,555,210.0,553.0,57.0078,42.0504
174,6.9200,69,Team A,1382,511,1432,601,1407.0,599.2,75.6908,52.4280
174,6.9200,166,Team B,126,348,164,427,145.0,425.4,57.3357,29.7006
174,6.9200,8,Team B,717,349,772,440,744.5,438.2,69.0846,35.2187
174,6.9200,130,Team B,430,283,467,355,448.5,353.6,65.2819,22.9902
174,6.9200,189,Team A,1458,352,1531,533,1494.5,529.4,80.0843,47.6636
174,6.9200,137,Team B,1271,337,1311,428,1291.0,426.2,80.5578,37.9429
174,6.9200,191,Team B,238,438,274,511,256.0,509.5,58.4311,38.5411
174,6.9200,142,Team B,790,281,828,360,809.0,358.4,73.3684,26.4066
174,6.9200,11,Referee,575,320,616,401,595.5,399.4,67.2673,29.6152
175,6.9600,2,Team A,713,674,780,798,746.5,795.5,61.9826,59.0940
175,6.9600,6,Team B,1721,698,1785,841,1753.0,838.1,73.9872,65.4530
175,6.9600,7,Team B,1160,434,1205,528,1182.5,526.1,74.3047,46.0335
175,6.9600,48,Team B,1382,368,1430,474,1406.0,471.9,80.5929,43.1143
175,6.9600,60,Team A,865,298,903,377,884.0,375.4,74.2932,29.2291
175,6.9600,82,Team B,592,384,645,476,618.5,474.2,65.5752,37.9727
175,6.9600,89,Team B,532,500,589,598,560.5,596.0,62.1346,47.2481
175,6.9600,139,Team B,809,692,889,833,849.0,830.2,62.9161,60.8917
175,6.9600,140,Team B,160,451,234,555,197.0,552.9,56.8676,41.9086
175,6.9600,69,Team A,1381,508,1433,599,1407.0,597.2,75.7416,52.2847
175,6.9600,166,Team B,133,347,170,424,151.5,422.5,57.4396,29.3890
175,6.9600,8,Team B,717,344,773,433,745.0,431.2,69.1925,34.7186
175,6.9600,130,Team B,431,279,466,347,448.5,345.6,65.4223,22.2003
175,6.9600,189,Team A,1459,350,1530,531,1494.5,527.4,79.9560,47.8498
175,6.9600,137,Team B,1271,335,1313,428,1292.0,426.1,80.5819,37.8672
175,6.9600,191,Team B,232,436,276,526,254.0,524.2,58.2225,39.3133
175,6.9600,142,Team B,790,278,829,358,809.5,356.4,73.3834,26.1886
175,6.9600,11,Referee,576,319,617,399,596.5,397.4,67.2504,29.5653
176,7.0000,2,Team A,707,672,771,793,739.0,790.6,61.8897,58.9036
176,7.0000,6,Team B,1714,697,1779,840,1746.5,837.1,73.9030,65.4309
176,7.0000,7,Team B,1162,431,1207,525,1184.5,523.1,74.4100,45.8097
176,7.0000,48,Team B,1383,363,1431,471,1407.0,468.8,80.7192,42.8409
176,7.0000,60,Team A,865,298,902,377,883.5,375.4,74.2326,29.1281
176,7.0000,82,Team B,590,376,647,473,618.5,471.1,65.6131,37.6726
176,7.0000,89,Team A,534,498,590,595,562.0,593.1,62.1641,47.0726
176,7.0000,139,Team B,798,693,879,835,838.5,832.2,62.6946,60.9545
176,7.0000,140,Team B,158,449,228,551,193.0,549.0,56.7700,41.6551
176,7.0000,69,Team A,1380,506,1434,601,1407.0,599.1,75.7079,52.3022
176,7.0000,166,Team B,138,345,176,421,157.0,419.5,57.5413,29.0886
176,7.0000,8,Team B,719,342,772,425,745.5,423.3,69.3647,34.0190
176,7.0000,130,Team B,437,277,473,347,455.0,345.6,65.5345,21.9146
176,7.0000,189,Team A,1460,350,1530,529,1495.0,525.4,79.9423,47.8386
176,7.0000,137,Team B,1273,335,1314,425,1293.5,423.2,80.6743,37.6612
176,7.0000,191,Team B,228,433,276,531,252.0,529.0,58.0551,39.8630
176,7.0000,142,Team B,790,276,829,356,809.5,354.4,73.4090,25.9405
177,7.0400,2,Team A,703,673,767,789,735.0,786.7,61.8347,58.7223
177,7.0400,6,Team B,1707,696,1773,841,1740.0,838.1,73.7975,65.4349
177,7.0400,7,Team B,1167,431,1210,522,1188.5,520.2,74.5364,45.5992
177,7.0400,48,Team B,1385,361,1434,472,1409.5,469.8,80.7523,42.7895
177,7.0400,60,Team A,864,297,901,376,882.5,374.4,74.1907,29.0072
177,7.0400,82,Team B,590,379,644,472,617.0,470.1,65.5981,37.4963
177,7.0400,89,Team A,538,495,589,586,563.5,584.2,62.2573,46.6417
177,7.0400,139,Team B,793,695,871,834,832.0,831.2,62.5488,60.9497
177,7.0400,140,Team B,159,447,225,547,192.0,545.0,56.7197,41.3658
177,7.0400,69,Team A,1376,504,1434,605,1405.0,603.0,75.5827,52.4497
177,7.0400,166,Team B,142,342,180,418,161.0,416.5,57.6244,28.7832
177,7.0400,8,Team B,721,339,775,423,748.0,421.3,69.4753,33.6197
177,7.0400,130,Team B,437,273,475,347,456.0,345.5,65.5601,21.8008
177,7.0400,137,Team B,1275,333,1317,423,1296.0,421.2,80.7788,37.4637
177,7.0400,191,Team B,227,430,276,527,251.5,525.1,57.9860,39.8861
177,7.0400,142,Team B,790,276,831,355,810.5,353.4,73.4264,25.7663
178,7.0800,2,Team A,693,671,761,790,727.0,787.6,61.7254,58.6615
178,7.0800,6,Team B,1702,694,1768,839,1735.0,836.1,73.7371,65.3893
178,7.0800,7,Team B,1171,435,1213,520,1192.0,518.3,74.6440,45.4409
178,7.0800,48,Team B,1387,354,1438,471,1412.5,468.7,80.8116,42.7202
178,7.0800,60,Team A,864,295,900,373,882.0,371.4,74.2137,28.7321
178,7.0800,82,Team B,589,379,642,471,615.5,469.2,65.5626,37.3661
178,7.0800,89,Team A,542,492,595,585,568.5,583.1,62.3312,46.4480
178,7.0800,139,Team B,784,695,859,834,821.5,831.2,62.3956,60.9293
178,7.0800,140,Team B,162,444,226,542,194.0,540.0,56.7251,41.0224
178,7.0800,69,Team A,1376,505,1433,607,1404.5,605.0,75.4734,52.5833
178,7.0800,166,Team B,147,340,184,415,165.5,413.5,57.7065,28.4776
178,7.0800,8,Team B,719,337,773,422,746.0,420.3,69.4866,33.3853
178,7.0800,130,Team B,443,269,480,341,461.5,339.6,65.7193,21.2708
178,7.0800,137,Team B,1276,330,1317,420,1296.5,418.2,80.8937,37.1979
178,7.0800,191,Team B,229,426,281,526,255.0,524.0,57.9763,39.8600
178,7.0800,142,Team B,788,275,829,351,808.5,349.5,73.4753,25.3668
178,7.0800,197,Team A,1479,348,1512,429,1495.5,427.4,84.6148,39.4079
178,7.0800,189,Team B,1465,352,1529,522,1497.0,518.6,80.0974,47.5330
179,7.1200,2,Team A,676,670,747,794,711.5,791.5,61.5132,58.7060
179,7.1200,6,Team B,1700,693,1763,835,1731.5,832.2,73.7338,65.2852
179,7.1200,7,Team B,1175,437,1217,522,1196.0,520.3,74.6676,45.4878
179,7.1200,48,Team B,1391,353,1441,467,1416.0,464.7,80.9669,42.4951
179,7.1200,60,Team A,866,291,902,372,884.0,370.4,74.2466,28.5501
179,7.1200,82,Team B,589,377,640,469,614.5,467.2,65.5394,37.1977
179,7.1200,89,Team A,549,489,603,585,576.0,583.1,62.4118,46.3994
179,7.1200,139,Team B,779,693,847,820,813.0,817.5,62.3624,60.5694
179,7.1200,140,Team B,168,444,229,537,198.5,535.1,56.7787,40.6664
179,7.1200,69,Team A,1378,506,1431,603,1404.5,601.1,75.4901,52.4947
179,7.1200,166,Team B,152,338,189,414,170.5,412.5,57.7777,28.3102
179,7.1200,8,Team B,717,334,773,426,745.0,424.2,69.3762,33.5378
179,7.1200,130,Team B,448,265,484,333,466.0,331.6,65.9574,20.3847
179,7.1200,137,Team B,1279,327,1319,417,1299.0,415.2,81.0384,36.9117
179,7.1200,191,Team B,231,424,282,516,256.5,514.2,58.0363,39.3551
179,7.1200,142,Team B,790,275,828,345,809.0,343.6,73.6233,24.7238
179,7.1200,197,Team A,1481,347,1513,424,1497.0,422.5,84.7770,39.1161
179,7.1200,189,Team B,1468,351,1529,518,1498.5,514.7,80.2598,47.2353
180,7.1600,2,Team A,671,671,741,795,706.0,792.5,61.3604,58.7446
180,7.1600,6,Team B,1695,695,1755,833,1725.0,830.2,73.7014,65.1930
180,7.1600,7,Team B,1178,438,1220,521,1199.0,519.3,74.7092,45.4738
180,7.1600,48,Team B,1395,353,1443,462,1419.0,459.8,81.1837,42.1511
180,7.1600,60,Team A,868,290,907,374,887.5,372.3,74.2262,28.6383
180,7.1600,82,Team B,591,373,640,465,615.5,463.2,65.5734,36.9057
180,7.1600,89,Team A,553,488,610,587,581.5,585.0,62.4549,46.4864
180,7.1600,139,Team B,771,690,842,823,806.5,820.3,62.2606,60.4894
180,7.1600,140,Team B,169,440,233,534,201.0,532.1,56.8189,40.3889
180,7.1600,69,Team A,1378,507,1429,603,1403.5,601.1,75.4707,52.4595
180,7.1600,166,Team B,156,334,193,410,174.5,408.5,57.8584,27.9831
180,7.1600,8,Team B,718,333,776,431,747.0,429.0,69.2358,33.9200
180,7.1600,130,Team B,452,263,486,327,469.0,325.7,66.1717,19.5129
180,7.1600,137,Team B,1282,326,1322,415,1302.0,413.2,81.1707,36.6823
180,7.1600,142,Team B,793,274,829,343,811.0,341.6,73.7300,24.3100
180,7.1600,189,Team B,1471,348,1529,512,1500.0,508.7,80.4786,46.8448
181,7.2000,2,Team A,662,671,733,798,697.5,795.5,61.1937,58.8234
181,7.2000,6,Team B,1691,695,1750,832,1720.5,829.3,73.6588,65.1317
181,7.2000,7,Team B,1182,437,1226,521,1204.0,519.3,74.7599,45.4872
181,7.2000,48,Team B,1405,353,1449,454,1427.0,452.0,81.5732,41.6136
181,7.2000,60,Team A,869,288,909,369,889.0,367.4,74.3354,28.3057
181,7.2000,82,Team B,593,371,642,461,617.5,459.2,65.6417,36.5679
181,7.2000,89,Team A,556,486,616,589,586.0,586.9,62.4734,46.6229
181,7.2000,139,Team B,766,687,840,823,803.0,820.3,62.1773,60.4567
181,7.2000,140,Team B,169,436,234,529,201.5,527.1,56.8461,40.0354
181,7.2000,69,Team A,1378,505,1427,599,1402.5,597.1,75.5150,52.2958
181,7.2000,166,Team B,161,332,198,407,179.5,405.5,57.9469,27.6663
181,7.2000,8,Team B,721,328,775,423,748.0,421.1,69.3146,33.5677
181,7.2000,130,Team B,455,262,491,332,473.0,330.6,66.1855,19.6282
181,7.2000,137,Team B,1286,324,1325,413,1305.5,411.2,81.3054,36.4758
181,7.2000,142,Team B,795,272,831,344,813.0,342.6,73.7426,24.2321
181,7.2000,189,Team B,1472,346,1530,513,1501.0,509.7,80.5345,46.7359
181,7.2000,202,Team B,216,418,257,486,236.5,484.6,58.0074,36.2388
182,7.2400,2,Team A,657,666,724,790,690.5,787.5,61.1135,58.6335
182,7.2400,6,Team B,1686,694,1747,831,1716.5,828.3,73.6162,65.0838
182,7.2400,7,Team B,1186,438,1227,514,1206.5,512.5,74.9328,45.1781
182,7.2400,48,Team B,1403,352,1450,457,1426.5,454.9,81.6161,41.5557
182,7.2400,60,Team A,864,287,901,361,882.5,359.5,74.4663,27.5333
182,7.2400,82,Team B,598,373,645,462,621.5,460.2,65.6726,36.5111
182,7.2400,89,Team A,557,485,619,591,588.0,588.9,62.4575,46.7709
182,7.2400,139,Team B,752,686,828,827,790.0,824.2,61.9986,60.5148
182,7.2400,140,Team B,165,432,234,530,199.5,528.0,56.8030,39.9375
182,7.2400,69,Team A,1378,502,1427,597,1402.5,595.1,75.5564,52.1565
182,7.2400,166,Team B,168,330,204,404,186.0,402.5,58.0577,27.3584
182,7.2400,8,Team B,723,325,775,418,749.0,416.1,69.4259,33.1067
182,7.2400,130,Team B,460,264,495,330,477.5,328.7,66.2553,19.5265
182,7.2400,137,Team B,1288,321,1328,412,1308.0,410.2,81.3988,36.3346
182,7.2400,142,Team B,797,271,833,343,815.0,341.6,73.7690,24.1261
182,7.2400,189,Team B,1479,383,1523,512,1501.0,509.4,80.5452,46.6803
182,7.2400,202,Team B,213,418,260,497,236.5,495.4,57.8946,36.8437
183,7.2800,2,Team A,652,660,720,788,686.0,785.4,61.0437,58.4984
183,7.2800,6,Team B,1678,690,1742,830,1710.0,827.2,73.5550,65.0326
183,7.2800,7,Team B,1186,437,1226,509,1206.0,507.6,75.0823,44.8155
183,7.2800,48,Team B,1410,353,1456,456,1433.0,453.9,81.7179,41.5042
183,7.2800,60,Team A,865,286,902,359,883.5,357.5,74.5533,27.0722
183,7.2800,82,Team B,602,374,649,459,625.5,457.3,65.7477,36.3352
183,7.2800,89,Team A,557,483,619,588,588.0,585.9,62.4588,46.7101
183,7.2800,139,Team B,741,685,821,832,781.0,829.1,61.8056,60.6442
183,7.2800,140,Team B,155,431,223,531,189.0,529.0,56.6427,39.9134
183,7.2800,69,Team A,1378,502,1428,598,1403.0,596.1,75.5423,52.1426
183,7.2800,166,Team B,174,332,209,401,191.5,399.6,58.1648,27.0537
183,7.2800,8,Team B,723,325,774,415,748.5,413.2,69.4926,32.7257
183,7.2800,130,Team B,465,263,499,328,482.0,326.7,66.3491,19.3315
183,7.2800,137,Team B,1291,320,1330,410,1310.5,408.2,81.5051,36.1588
183,7.2800,142,Team B,799,269,834,341,816.5,339.6,73.8205,23.9221
183,7.2800,189,Team B,1484,397,1523,512,1503.5,509.7,80.5517,46.6802
183,7.2800,202,Team B,209,416,262,507,235.5,505.2,57.7367,37.6153
184,7.3200,2,Team A,644,657,716,791,680.0,788.3,60.9295,58.5147
184,7.3200,6,Team B,1672,687,1739,831,1705.5,828.1,73.4734,65.0301
184,7.3200,7,Team B,1188,437,1226,504,1207.0,502.7,75.2395,44.4349
184,7.3200,48,Team B,1419,353,1461,447,1440.0,445.1,82.0844,41.0161
184,7.3200,60,Team A,865,287,903,361,884.0,359.5,74.5106,27.0446
184,7.3200,82,Team A,601,371,650,457,625.5,455.3,65.7804,36.1473
184,7.3200,89,Team A,556,482,616,583,586.0,581.0,62.4671,46.4753
184,7.3200,139,Team B,728,691,804,834,766.0,831.1,61.5831,60.7163
184,7.3200,140,Team B,150,430,216,528,183.0,526.0,56.5072,39.7375
184,7.3200,69,Team A,1377,503,1428,602,1402.5,600.0,75.4380,52.2872
184,7.3200,166,Team B,179,332,213,399,196.0,397.7,58.2496,26.8132
184,7.3200,8,Team B,726,323,769,401,747.5,399.4,69.7523,31.6321
184,7.3200,130,Team B,467,261,504,330,485.5,328.6,66.3634,19.4473
184,7.3200,137,Team B,1294,319,1332,407,1313.0,405.2,81.6478,35.9049
184,7.3200,142,Team B,801,266,837,340,819.0,338.5,73.8705,23.7640
184,7.3200,189,Team B,1481,352,1532,506,1506.5,502.9,80.7486,46.3700
184,7.3200,202,Team B,208,409,267,509,237.5,507.0,57.6537,38.0338
184,7.3200,206,Team B,1397,368,1430,456,1413.5,454.2,81.3479,41.3573
185,7.3600,2,Team A,632,658,704,792,668.0,789.3,60.7645,58.5236
185,7.3600,6,Team B,1672,689,1738,830,1705.0,827.2,73.4407,65.0166
185,7.3600,7,Team B,1188,435,1226,502,1207.0,500.7,75.3252,44.1840
185,7.3600,48,Team B,1422,354,1464,448,1443.0,446.1,82.2156,40.8874
185,7.3600,60,Team A,863,286,901,365,882.0,363.4,74.3324,27.3268
185,7.3600,82,Team A,588,334,657,457,622.5,454.5,65.7417,36.0180
185,7.3600,89,Team A,556,481,614,580,585.0,578.0,62.4679,46.2560
185,7.3600,139,Team B,720,693,792,830,756.0,827.3,61.4302,60.6325
185,7.3600,140,Team B,148,429,212,525,180.0,523.1,56.4126,39.5107
185,7.3600,69,Team A,1377,504,1427,603,1402.0,601.0,75.3556,52.3838
185,7.3600,166,Team B,183,328,218,397,200.5,395.6,58.3263,26.5918
185,7.3600,8,Team B,723,323,767,404,745.0,402.4,69.7347,31.3880
185,7.3600,130,Team B,470,257,509,330,489.5,328.5,66.3914,19.5090
185,7.3600,137,Team B,1296,318,1334,405,1315.0,403.3,81.7681,35.6797
185,7.3600,142,Team B,804,264,837,331,820.5,329.7,74.1183,22.9452
185,7.3600,189,Team B,1480,340,1534,504,1507.0,500.7,80.8734,46.1413
185,7.3600,202,Team B,210,406,271,509,240.5,506.9,57.6254,38.2147
185,7.3600,206,Team B,1395,366,1430,457,1412.5,455.2,81.2874,41.4028
186,7.4000,2,Team A,619,657,693,795,656.0,792.2,60.5657,58.5812
186,7.4000,6,Team B,1669,694,1730,827,1699.5,824.3,73.4162,64.9417
186,7.4000,7,Team B,1188,434,1227,502,1207.5,500.6,75.3441,44.0848
186,7.4000,48,Team B,1430,355,1467,439,1448.5,437.3,82.5825,40.3515
186,7.4000,60,Team A,863,285,901,363,882.0,361.4,74.2809,27.2850
186,7.4000,82,Team A,590,339,654,457,622.0,454.6,65.6908,35.9725
186,7.4000,89,Team A,557,479,613,575,585.0,573.1,62.4961,45.9594
186,7.4000,139,Team B,711,691,782,833,746.5,830.2,61.2593,60.6553
186,7.4000,140,Team B,147,428,213,523,180.0,521.1,56.3594,39.3242
186,7.4000,69,Team A,1377,507,1425,604,1401.0,602.1,75.2763,52.4611
186,7.4000,166,Team B,187,327,221,396,204.0,394.6,58.3776,26.4498
186,7.4000,130,Team B,473,254,512,327,492.5,325.5,66.4665,19.2796
186,7.4000,137,Team B,1298,319,1336,404,1317.0,402.3,81.8473,35.5322
186,7.4000,142,Team B,807,265,837,329,822.0,327.7,74.2580,22.4545
186,7.4000,189,Team B,1483,337,1536,502,1509.5,498.7,80.9871,45.9610
186,7.4000,202,Team B,209,401,270,504,239.5,501.9,57.6124,38.0207
186,7.4000,206,Team B,1395,363,1430,458,1412.5,456.1,81.2153,41.4695
187,7.4400,2,Team A,608,660,684,800,646.0,797.2,60.3555,58.7183
187,7.4400,6,Team B,1662,694,1721,824,1691.5,821.4,73.3767,64.8321
187,7.4400,7,Team B,1189,432,1228,500,1208.5,498.6,75.3855,43.9498
187,7.4400,48,Team B,1433,351,1470,435,1451.5,433.3,82.8689,39.9127
187,7.4400,60,Team A,863,281,900,359,881.5,357.4,74.3261,26.9513
187,7.4400,82,Team A,590,343,649,456,619.5,453.7,65.6265,35.8926
187,7.4400,89,Team A,558,476,615,573,586.5,571.1,62.5199,45.7628
187,7.4400,139,Team B,703,690,768,821,735.5,818.4,61.1753,60.3500
187,7.4400,140,Team B,144,425,215,524,179.5,522.0,56.2994,39.3009
187,7.4400,69,Team A,1377,510,1423,601,1400.0,599.2,75.2743,52.3830
187,7.4400,166,Team B,192,326,225,392,208.5,390.7,58.4595,26.1249
187,7.4400,130,Team B,472,252,516,334,494.0,332.4,66.3512,19.8117
187,7.4400,137,Team B,1299,318,1336,402,1317.5,400.3,81.9231,35.3416
187,7.4400,142,Team B,808,266,838,328,823.0,326.8,74.3199,22.1781
187,7.4400,189,Team B,1485,336,1536,498,1510.5,494.8,81.1319,45.6998
187,7.4400,202,Team B,211,402,265,491,238.0,489.2,57.6583,37.2446
187,7.4400,206,Team B,1394,362,1430,457,1412.0,455.1,81.1876,41.4365
187,7.4400,8,Team B,731,324,773,402,752.0,400.4,69.7957,31.1880
188,7.4800,2,Team A,599,663,673,800,636.0,797.3,60.1749,58.7565
188,7.4800,6,Team B,1657,691,1717,823,1687.0,820.4,73.3309,64.7617
188,7.4800,7,Team B,1188,427,1229,498,1208.5,496.6,75.4262,43.7928
188,7.4800,48,Team B,1435,351,1472,438,1453.5,436.3,82.8940,39.9148
188,7.4800,60,Team A,861,277,900,358,880.5,356.4,74.3260,26.7285
188,7.4800,82,Team B,591,343,647,453,619.0,450.8,65.6105,35.6845
188,7.4800,89,Team A,558,473,618,576,588.0,573.9,62.4905,45.8201
188,7.4800,139,Team B,698,688,765,819,731.5,816.4,61.1084,60.1766
188,7.4800,140,Team B,142,424,218,526,180.0,524.0,56.2410,39.3988
188,7.4800,69,Team A,1377,511,1422,600,1399.5,598.2,75.2707,52.3166
188,7.4800,130,Team B,470,252,514,333,492.0,331.4,66.2586,19.9310
188,7.4800,137,Team B,1299,318,1335,402,1317.0,400.3,81.9213,35.2596
188,7.4800,142,Team B,809,266,841,331,825.0,329.7,74.2574,22.3350
188,7.4800,189,Team B,1486,337,1535,497,1510.5,493.8,81.1971,45.5469
188,7.4800,206,Team B,1392,362,1428,454,1410.0,452.2,81.2156,41.2491
188,7.4800,211,Team B,193,325,236,467,214.5,464.2,57.5223,34.1643
188,7.4800,8,Team B,731,321,773,403,752.0,401.4,69.7712,31.1725
189,7.5200,2,Team A,591,665,664,800,627.5,797.3,60.0179,58.7590
189,7.5200,6,Team B,1653,690,1713,823,1683.0,820.3,73.2719,64.7315
189,7.5200,7,Team B,1187,424,1230,499,1208.5,497.5,75.4002,43.7764
189,7.5200,48,Team B,1437,353,1474,441,1455.5,439.2,82.8142,40.0943
189,7.5200,60,Team A,861,276,901,357,881.0,355.4,74.3266,26.5615
189,7.5200,82,Team B,593,343,646,451,619.5,448.8,65.6110,35.4872
189,7.5200,89,Team A,561,471,622,576,591.5,573.9,62.4903,45.8587
189,7.5200,139,Team B,694,687,760,814,727.0,811.5,61.0654,59.9794
189,7.5200,140,Team B,134,422,207,524,170.5,522.0,56.1017,39.3061
189,7.5200,69,Team A,1373,510,1422,605,1397.5,603.1,75.1387,52.4704
189,7.5200,130,Team B,475,251,511,320,493.0,318.6,66.4432,18.8237
189,7.5200,137,Team B,1301,317,1336,400,1318.5,398.3,81.9776,35.0987
189,7.5200,142,Team B,810,265,843,332,826.5,330.7,74.1928,22.4885
189,7.5200,189,Team B,1487,337,1534,494,1510.5,490.9,81.2845,45.3392
189,7.5200,206,Team B,1392,362,1427,453,1409.5,451.2,81.2271,41.1148
189,7.5200,211,Team B,196,325,241,474,218.5,471.0,57.4850,34.5930
189,7.5200,8,Team B,731,319,774,404,752.5,402.3,69.7186,31.2342
190,7.5600,2,Team A,585,664,656,796,620.5,793.4,59.9083,58.6448
190,7.5600,6,Team B,1650,692,1710,820,1680.0,817.4,73.2563,64.6540
190,7.5600,7,Team B,1186,421,1231,501,1208.5,499.4,75.3259,43.8652
190,7.5600,48,Team B,1442,353,1477,439,1459.5,437.3,82.8699,40.0662
190,7.5600,60,Team A,857,276,895,351,876.0,349.5,74.3803,25.9981
190,7.5600,82,Team B,599,347,648,448,623.5,446.0,65.6731,35.2528
190,7.5600,89,Team A,562,471,625,579,593.5,576.8,62.4559,46.0136
190,7.5600,139,Team B,680,685,756,828,718.0,825.1,60.8647,60.2336
190,7.5600,140,Team B,132,421,202,522,167.0,520.0,55.9929,39.1600
190,7.5600,69,Team A,1371,511,1421,610,1396.0,608.0,74.9610,52.7138
190,7.5600,130,Team B,480,252,512,314,496.0,312.8,66.6388,17.8471
190,7.5600,137,Team B,1303,313,1339,400,1321.0,398.3,82.0094,35.0367
190,7.5600,142,Team B,812,263,845,332,828.5,330.6,74.1618,22.5558
190,7.5600,189,Team B,1488,338,1532,488,1510.0,485.0,81.4565,44.9595
190,7.5600,206,Team B,1393,363,1427,450,1410.0,448.3,81.3004,40.8962
190,7.5600,211,Team B,197,324,243,479,220.0,475.9,57.4203,35.0608
190,7.5600,8,Team B,732,317,777,405,754.5,403.2,69.6739,31.3331
191,7.6000,2,Team A,584,661,653,790,618.5,787.4,59.8701,58.4427
191,7.6000,6,Team B,1636,692,1700,820,1668.0,817.4,73.1462,64.5986
191,7.6000,7,Team B,1189,420,1233,501,1211.0,499.4,75.3026,43.9098
191,7.6000,48,Team B,1447,355,1480,435,1463.5,433.4,83.0403,39.8416
191,7.6000,60,Team A,857,275,892,346,874.5,344.6,74.4793,25.3622
191,7.6000,82,Team B,603,350,652,449,627.5,447.0,65.7008,35.2413
191,7.6000,89,Team A,564,471,627,578,595.5,575.9,62.4484,46.0454
191,7.6000,139,Team B,671,688,749,831,710.0,828.1,60.6855,60.3991
191,7.6000,140,Team B,132,419,199,518,165.5,516.0,55.9287,38.8960
191,7.6000,69,Team A,1368,512,1419,612,1393.5,610.0,74.8117,52.8794
191,7.6000,130,Team B,485,253,517,316,501.0,314.7,66.7127,17.6726
191,7.6000,137,Team B,1306,310,1341,393,1323.5,391.3,82.2529,34.5540
191,7.6000,142,Team B,814,260,848,331,831.0,329.6,74.1786,22.5040
191,7.6000,189,Team B,1490,334,1536,491,1513.0,487.9,81.4609,44.9619
191,7.6000,206,Team B,1396,364,1429,450,1412.5,448.3,81.3371,40.8180
191,7.6000,211,Team B,200,377,232,481,216.0,478.9,57.2975,35.4124
191,7.6000,8,Team B,733,314,779,403,756.0,401.2,69.6850,31.2407
191,7.6000,166,Team B,208,319,242,387,225.0,385.6,58.6175,25.7090
192,7.6400,2,Team A,578,659,652,794,615.0,791.3,59.7829,58.4675
192,7.6400,6,Team B,1637,692,1704,824,1670.5,821.4,73.0562,64.6839
192,7.6400,7,Team B,1192,419,1235,498,1213.5,496.4,75.3649,43.7892
192,7.6400,48,Team B,1451,356,1482,431,1466.5,429.5,83.2464,39.5301
192,7.6400,60,Team A,859,275,894,347,876.5,345.6,74.4869,25.1975
192,7.6400,82,Team B,606,346,657,445,631.5,443.0,65.7917,35.0103
192,7.6400,89,Team A,564,471,626,577,595.0,574.9,62.4267,46.0189
192,7.6400,139,Team B,658,689,733,833,695.5,830.1,60.4729,60.4857
192,7.6400,140,Team B,134,419,199,511,166.5,509.2,55.9264,38.4381
192,7.6400,69,Team A,1367,513,1416,610,1391.5,608.1,74.7524,52.8701
192,7.6400,130,Team B,489,250,521,313,505.0,311.7,66.8227,17.3416
192,7.6400,137,Team B,1309,307,1346,393,1327.5,391.3,82.3786,34.3711
192,7.6400,142,Team B,817,258,850,328,833.5,326.6,74.2680,22.2337
192,7.6400,189,Team B,1494,331,1539,490,1516.5,486.8,81.5121,44.9231
192,7.6400,206,Team B,1398,362,1432,449,1415.0,447.3,81.3895,40.7368
192,7.6400,211,Team B,201,397,227,481,214.0,479.3,57.1934,35.5738
192,7.6400,8,Team B,738,310,780,390,759.0,388.4,69.9591,30.3118
192,7.6400,166,Team B,209,315,246,389,227.5,387.5,58.6601,25.7013
193,7.6800,2,Team A,565,659,638,794,601.5,791.3,59.6232,58.4492
193,7.6800,6,Team B,1637,693,1703,824,1670.0,821.4,73.0059,64.7270
193,7.6800,7,Team B,1196,417,1236,494,1216.0,492.5,75.4842,43.5504
193,7.6800,48,Team A,1458,353,1489,430,1473.5,428.5,83.4267,39.3699
193,7.6800,60,Team A,860,276,896,353,878.0,351.5,74.3203,25.6187
193,7.6800,82,Team B,608,343,661,443,634.5,441.0,65.8659,34.8076
193,7.6800,89,Team A,565,471,624,575,594.5,572.9,62.4094,45.9262
193,7.6800,139,Team B,652,690,723,832,687.5,829.2,60.3161,60.4853
193,7.6800,140,Team B,138,417,204,509,171.0,507.2,55.9574,38.1711
193,7.6800,69,Team A,1368,514,1415,608,1391.5,606.1,74.7485,52.7973
193,7.6800,130,Team B,494,249,524,309,509.0,307.8,66.9671,16.8544
193,7.6800,137,Team B,1312,304,1351,392,1331.5,390.2,82.4893,34.2413
193,7.6800,189,Team B,1497,325,1542,487,1519.5,483.8,81.6328,44.7636
193,7.6800,206,Team B,1401,359,1435,447,1418.0,445.2,81.4836,40.5993
193,7.6800,8,Team B,739,305,778,380,758.5,378.5,70.2397,29.2135
193,7.6800,166,Team B,217,314,251,383,234.0,381.6,58.7855,25.2833
193,7.6800,191,Team B,192,392,252,499,222.0,496.9,57.4230,38.1723
194,7.7200,2,Team A,557,661,631,797,594.0,794.3,59.4625,58.5115
194,7.7200,6,Team B,1636,696,1697,822,1666.5,819.5,72.9750,64.7003
194,7.7200,7,Team B,1200,416,1238,490,1219.0,488.5,75.6325,43.2650
194,7.7200,48,Team A,1464,351,1495,428,1479.5,426.5,83.6154,39.2081
194,7.7200,60,Team A,862,277,897,352,879.5,350.5,74.2664,25.7162
194,7.7200,82,Team B,605,344,657,444,631.0,442.0,65.8089,34.7766
194,7.7200,89,Team A,569,471,625,572,597.0,570.0,62.4340,45.7740
194,7.7200,139,Team B,649,690,711,814,680.0,811.5,60.2971,60.0253
194,7.7200,140,Team B,140,415,205,504,172.5,502.2,55.9874,37.8098
194,7.7200,69,Team A,1370,513,1416,605,1393.0,603.2,74.8009,52.6653
194,7.7200,130,Team B,498,244,528,305,513.0,303.8,67.1280,16.2919
194,7.7200,137,Team B,1316,302,1356,390,1336.0,388.2,82.6327,34.0689
194,7.7200,189,Team B,1501,324,1545,483,1523.0,479.8,81.8127,44.5112
194,7.7200,206,Team B,1404,356,1439,447,1421.5,445.2,81.5431,40.5530
194,7.7200,8,Team B,742,306,777,375,759.5,373.6,70.4381,28.4133
194,7.7200,166,Team B,222,312,256,380,239.0,378.6,58.8963,24.9139
194,7.7200,191,Team B,191,388,253,493,222.0,490.9,57.1907,37.3755
195,7.7600,2,Team A,552,662,625,801,588.5,798.2,59.3115,58.6375
195,7.7600,6,Team B,1635,703,1691,820,1663.0,817.7,72.9505,64.6472
195,7.7600,7,Team B,1203,413,1242,489,1222.5,487.5,75.7328,43.1109
195,7.7600,48,Team A,1469,351,1500,427,1484.5,425.5,83.7624,39.1023
195,7.7600,60,Team A,865,276,898,348,881.5,346.6,74.3436,25.4433
195,7.7600,82,Team B,607,344,656,441,631.5,439.1,65.8077,34.5860
195,7.7600,89,Team A,575,472,629,569,602.0,567.1,62.5006,45.6069
195,7.7600,139,Team B,644,686,710,817,677.0,814.4,60.2291,59.9177
195,7.7600,140,Team B,138,413,205,503,171.5,501.2,55.9658,37.6122
195,7.7600,69,Team A,1372,512,1420,606,1396.0,604.1,74.8163,52.6625
195,7.7600,130,Team B,499,243,531,310,515.0,308.7,67.0825,16.5555
195,7.7600,137,Team B,1320,303,1359,388,1339.5,386.3,82.7742,33.8782
195,7.7600,189,Team B,1503,322,1548,481,1525.5,477.8,81.9506,44.3157
195,7.7600,206,Team B,1406,354,1442,447,1424.0,445.1,81.5758,40.5402
195,7.7600,8,Team B,745,307,778,373,761.5,371.7,70.5538,27.9559
195,7.7600,166,Team B,229,310,263,379,246.0,377.6,59.0077,24.7235
195,7.7600,191,Team B,194,385,255,482,224.5,480.1,57.1740,36.4591
195,7.7600,214,Team B,836,255,863,318,849.5,316.7,75.0010,20.7090
196,7.8000,2,Team A,546,665,618,801,582.0,798.3,59.1812,58.6816
196,7.8000,6,Team B,1630,704,1687,823,1658.5,820.6,72.8537,64.6919
196,7.8000,7,Team B,1207,412,1249,492,1228.0,490.4,75.7467,43.2213
196,7.8000,48,Team A,1474,351,1505,425,1489.5,423.5,83.9248,38.9592
196,7.8000,60,Team A,868,270,902,345,885.0,343.5,74.4718,25.0981
196,7.8000,82,Team B,611,345,656,436,633.5,434.2,65.8773,34.2137
196,7.8000,89,Team A,581,472,634,568,607.5,566.1,62.5690,45.5209
196,7.8000,139,Team B,639,686,708,821,673.5,818.3,60.1310,59.9766
196,7.8000,140,Team B,127,411,196,506,161.5,504.1,55.8020,37.6592
196,7.8000,69,Team A,1369,513,1418,610,1393.5,608.1,74.7068,52.8039
196,7.8000,130,Team B,504,241,533,303,518.5,301.8,67.2194,16.0098
196,7.8000,137,Team B,1324,304,1362,388,1343.0,386.3,82.8498,33.8152
196,7.8000,189,Team B,1510,343,1550,480,1530.0,477.3,82.0541,44.2248
196,7.8000,206,Team B,1406,355,1443,446,1424.5,444.2,81.6005,40.4797
196,7.8000,8,Team B,749,307,784,378,766.5,376.6,70.5278,28.1662
196,7.8000,166,Team B,234,309,269,381,251.5,379.6,59.0691,24.8274
196,7.8000,214,Team B,838,254,867,323,852.5,321.6,74.8696,21.1649
196,7.8000,216,Team B,187,384,229,458,208.0,456.5,57.0886,33.4212
197,7.8400,2,Team A,542,665,611,797,576.5,794.4,59.0914,58.5882
197,7.8400,6,Team B,1628,704,1685,823,1656.5,820.6,72.7889,64.7140
197,7.8400,7,Team B,1207,410,1253,496,1230.0,494.3,75.6651,43.4715
197,7.8400,48,Team A,1476,348,1509,427,1492.5,425.4,83.9427,39.0264
197,7.8400,60,Team A,866,264,904,345,885.0,343.4,74.4918,24.9498
197,7.8400,82,Team B,615,347,657,434,636.0,432.3,65.9356,33.9556
197,7.8400,89,Team A,585,470,641,568,613.0,566.0,62.6280,45.5092
197,7.8400,139,Team B,631,687,704,827,667.5,824.2,59.9891,60.1452
197,7.8400,140,Team B,123,411,192,507,157.5,505.1,55.6584,37.7223
197,7.8400,69,Team A,1365,513,1415,615,1390.0,613.0,74.5208,53.0342
197,7.8400,130,Team B,509,241,541,309,525.0,307.6,67.2101,16.4019
197,7.8400,137,Team B,1329,305,1366,387,1347.5,385.4,82.9452,33.7400
197,7.8400,189,Team B,1516,361,1551,480,1533.5,477.6,82.1061,44.2194
197,7.8400,206,Team B,1409,358,1445,445,1427.0,443.3,81.6452,40.4105
197,7.8400,8,Team B,750,305,788,380,769.0,378.5,70.4769,28.4056
197,7.8400,166,Team B,240,311,274,381,257.0,379.6,59.1300,24.9019
197,7.8400,216,Team B,183,384,232,470,207.5,468.3,56.9660,34.1352
198,7.8800,2,Team A,541,666,607,794,574.0,791.4,59.0350,58.4746
198,7.8800,6,Team B,1627,705,1686,823,1656.5,820.6,72.7524,64.7332
198,7.8800,7,Team B,1211,410,1256,496,1233.5,494.3,75.6496,43.5854
198,7.8800,48,Team A,1481,347,1515,430,1498.0,428.3,83.9017,39.2489
198,7.8800,60,Team A,862,259,902,343,882.0,341.3,74.4780,24.7050
198,7.8800,82,Team B,621,346,661,427,641.0,425.4,66.0988,33.4330
198,7.8800,89,Team A,588,468,646,570,617.0,568.0,62.6474,45.6089
198,7.8800,139,Team B,616,690,691,834,653.5,831.1,59.7633,60.3601
198,7.8800,140,Team B,125,409,194,507,159.5,505.0,55.5937,37.7593
198,7.8800,69,Team A,1364,515,1413,616,1388.5,614.0,74.3962,53.1626
198,7.8800,130,Team B,517,243,548,307,532.5,305.7,67.3184,16.4137
198,7.8800,137,Team B,1333,303,1369,385,1351.0,383.4,83.0703,33.5826
198,7.8800,189,Team B,1514,339,1554,478,1534.0,475.2,82.1811,44.0929
198,7.8800,206,Team B,1413,359,1448,445,1430.5,443.3,81.6824,40.3962
198,7.8800,8,Team B,753,302,791,382,772.0,380.4,70.4232,28.6567
198,7.8800,166,Team B,247,312,280,379,263.5,377.7,59.2246,24.8160
198,7.8800,216,Team B,186,385,233,469,209.5,467.3,56.9162,34.3773
198,7.8800,15,Team A,1520,387,1556,480,1538.0,478.1,81.9629,42.9508
199,7.9200,2,Team A,535,662,605,798,570.0,795.3,58.9384,58.5329
199,7.9200,6,Team B,1627,705,1689,826,1658.0,823.6,72.6984,64.8233
199,7.9200,7,Team B,1216,412,1258,493,1237.0,491.4,75.7258,43.4971
199,7.9200,48,Team A,1487,347,1520,429,1503.5,427.4,83.9631,39.2992
199,7.9200,60,Team A,862,255,903,343,882.5,341.2,74.4469,24.6027
199,7.9200,82,Team B,626,349,666,430,646.0,428.4,66.1471,33.4412
199,7.9200,89,Team A,588,467,649,572,618.5,569.9,62.6254,45.7448
199,7.9200,139,Team B,605,691,680,839,642.5,836.0,59.5409,60.5505
199,7.9200,140,Team B,130,409,198,504,164.0,502.1,55.6045,37.6382
199,7.9200,69,Team A,1367,517,1415,613,1391.0,611.1,74.4073,53.1187
199,7.9200,130,Team B,525,242,553,302,539.0,300.8,67.5228,15.9729
199,7.9200,137,Team B,1338,304,1373,384,1355.5,382.4,83.1858,33.4690
199,7.9200,189,Team B,1518,330,1560,476,1539.0,473.1,82.3112,43.9488
199,7.9200,206,Team B,1416,362,1450,445,1433.0,443.3,81.7032,40.4019
199,7.9200,8,Team B,757,299,798,384,777.5,382.3,70.4018,28.9224
199,7.9200,166,Team B,254,311,287,378,270.5,376.7,59.3295,24.7404
199,7.9200,216,Team B,190,386,238,472,214.0,470.3,56.8958,34.6731
200,7.9600,2,Team A,525,662,597,802,561.0,799.2,58.7864,58.6475
200,7.9600,6,Team B,1622,705,1688,831,1655.0,828.5,72.5757,64.9740
200,7.9600,7,Team B,1219,413,1260,494,1239.5,492.4,75.7395,43.5229
200,7.9600,48,Team A,1492,349,1524,428,1508.0,426.4,84.0517,39.2785
200,7.9600,60,Team A,864,252,908,344,886.0,342.2,74.4246,24.6547
200,7.9600,82,Team B,625,350,671,442,648.0,440.2,65.9762,34.2009
200,7.9600,89,Team A,589,466,650,572,619.5,569.9,62.6026,45.8070
200,7.9600,139,Team B,599,694,671,838,635.0,835.1,59.3829,60.5944
200,7.9600,140,Team B,129,408,197,501,163.0,499.1,55.5857,37.4310
200,7.9600,69,Team A,1370,521,1417,612,1393.5,610.2,74.4359,53.0797
200,7.9600,130,Team B,529,239,558,302,543.5,300.7,67.6335,15.8174
200,7.9600,137,Team B,1342,302,1377,383,1359.5,381.4,83.2930,33.3661
200,7.9600,189,Team B,1522,338,1563,476,1542.5,473.2,82.3794,43.9117
200,7.9600,206,Team B,1421,362,1453,441,1437.0,439.4,81.8540,40.1910
200,7.9600,8,Team B,761,298,803,383,782.0,381.3,70.4415,28.9761
200,7.9600,166,Team B,263,310,295,374,279.0,372.7,59.4904,24.4453
200,7.9600,216,Team B,192,384,236,464,214.0,462.4,56.9138,34.3271
201,8.0000,2,Team A,518,661,590,803,554.0,800.2,58.6461,58.7102
201,8.0000,6,Team B,1617,706,1682,830,1649.5,827.5,72.4862,65.0068
201,8.0000,7,Team B,1222,412,1263,494,1242.5,492.4,75.7569,43.5442
201,8.0000,48,Team A,1498,350,1530,428,1514.0,426.4,84.1392,39.2935
201,8.0000,60,Team A,866,250,910,345,888.0,343.1,74.3840,24.7629
201,8.0000,82,Team B,627,349,674,440,650.5,438.2,65.9386,34.3942
201,8.0000,89,Team A,588,467,647,570,617.5,567.9,62.5691,45.7443
201,8.0000,139,Team B,595,696,662,833,628.5,830.3,59.2819,60.4830
201,8.0000,140,Team B,122,406,189,501,155.5,499.1,55.4669,37.3244
201,8.0000,69,Team A,1368,522,1418,617,1393.0,615.1,74.3349,53.2488
201,8.0000,130,Team B,533,237,564,302,548.5,300.7,67.7137,15.7804
201,8.0000,137,Team B,1345,301,1380,383,1362.5,381.4,83.3493,33.3332
201,8.0000,189,Team B,1525,328,1564,457,1544.5,454.4,82.9681,42.8896
201,8.0000,206,Team B,1424,360,1457,441,1440.5,439.4,81.9355,40.1165
201,8.0000,8,Team B,765,295,808,378,786.5,376.3,70.5909,28.6502
201,8.0000,166,Team B,270,309,305,373,287.5,371.7,59.6425,24.2918
201,8.0000,191,Team B,193,377,255,474,224.0,472.1,57.0390,35.6613
201,8.0000,15,Team A,1531,385,1567,477,1549.0,475.2,82.2409,43.6371
202,8.0400,2,Team A,512,662,585,808,548.5,805.1,58.4993,58.8627
202,8.0400,6,Team B,1609,706,1675,828,1642.0,825.6,72.4079,64.9636
202,8.0400,7,Team B,1226,411,1268,496,1247.0,494.3,75.7487,43.6693
202,8.0400,48,Team A,1504,353,1534,426,1519.0,424.5,84.2762,39.2025
202,8.0400,60,Team A,870,247,914,343,892.0,341.1,74.4437,24.6568
202,8.0400,82,Team B,627,347,675,439,651.0,437.2,65.9152,34.4123
202,8.0400,89,Team A,586,467,643,567,614.5,565.0,62.5315,45.5830
202,8.0400,139,Team B,593,695,658,828,625.5,825.3,59.2304,60.3161
202,8.0400,140,Team B,123,406,188,500,155.5,498.1,55.3952,37.2347
202,8.0400,69,Team A,1364,522,1416,622,1390.0,620.0,74.1594,53.4902
202,8.0400,130,Team B,539,235,569,297,554.0,295.8,67.8950,15.3056
202,8.0400,137,Team B,1349,298,1386,382,1367.5,380.3,83.4472,33.2655
202,8.0400,189,Team B,1528,342,1568,470,1548.0,467.4,82.8350,43.1997
202,8.0400,206,Team B,1426,356,1461,442,1443.5,440.3,81.9549,40.1491
202,8.0400,8,Team B,769,293,811,374,790.0,372.4,70.7507,28.2383
202,8.0400,166,Team B,276,309,311,371,293.5,369.8,59.7688,24.1077
202,8.0400,223,Team B,766,294,795,362,780.5,360.6,71.0771,26.3808
202,8.0400,216,Team B,186,375,237,469,211.5,467.1,56.7967,34.4742
203,8.0800,2,Team A,508,665,578,805,543.0,802.2,58.3950,58.8418
203,8.0800,6,Team B,1603,707,1671,826,1637.0,823.6,72.3530,64.8972
203,8.0800,7,Team B,1231,407,1274,495,1252.5,493.2,75.8092,43.6871
203,8.0800,48,Team A,1511,354,1538,420,1524.5,418.7,84.5713,38.8276
203,8.0800,60,Team A,874,247,917,343,895.5,341.1,74.4822,24.6307
203,8.0800,82,Team B,633,346,678,431,655.5,429.3,66.0532,33.9418
203,8.0800,89,Team A,587,464,643,563,615.0,561.0,62.5386,45.3466
203,8.0800,139,Team B,591,693,655,820,623.0,817.5,59.2207,60.0502
203,8.0800,140,Team B,123,405,187,499,155.0,497.1,55.3369,37.1486
203,8.0800,69,Team A,1362,523,1414,623,1388.0,621.0,74.0348,53.6205
203,8.0800,130,Team B,542,231,573,296,557.5,294.7,68.0030,15.0313
203,8.0800,137,Team B,1353,294,1391,379,1372.0,377.3,83.6232,33.0407
203,8.0800,189,Team B,1533,344,1573,471,1553.0,468.5,82.7905,43.3962
203,8.0800,206,Team B,1429,354,1465,440,1447.0,438.3,82.0424,40.0574
203,8.0800,166,Team B,280,307,316,369,298.0,367.8,59.8657,23.9010
203,8.0800,223,Team B,770,294,799,361,784.5,359.7,71.1198,26.3227
203,8.0800,216,Team B,186,373,236,467,211.0,465.1,56.7273,34.4178
204,8.1200,2,Team A,505,667,571,802,538.0,799.3,58.3115,58.7517
204,8.1200,6,Team B,1595,707,1669,831,1632.0,828.5,72.2148,64.9805
204,8.1200,7,Team B,1235,405,1277,492,1256.0,490.3,75.9180,43.5556
204,8.1200,48,Team A,1519,352,1548,419,1533.5,417.7,84.8154,38.6494
204,8.1200,60,Team A,881,247,920,335,900.5,333.2,74.7475,23.9809
204,8.1200,82,Team B,639,344,683,429,661.0,427.3,66.1771,33.6501
204,8.1200,89,Team A,592,461,648,560,620.0,558.0,62.5996,45.1389
204,8.1200,139,Team B,588,688,658,821,623.0,818.3,59.1932,59.9777
204,8.1200,140,Team B,126,403,187,495,156.5,493.2,55.3224,36.9070
204,8.1200,69,Team A,1361,525,1411,620,1386.0,618.1,74.0005,53.5635
204,8.1200,130,Team B,547,230,577,293,562.0,291.7,68.1388,14.6492
204,8.1200,137,Team B,1359,294,1393,373,1376.0,371.4,83.9250,32.5421
204,8.1200,189,Team B,1533,347,1575,473,1554.0,470.5,82.7047,43.5840
204,8.1200,206,Team B,1432,351,1469,439,1450.5,437.2,82.1285,39.9718
204,8.1200,166,Team B,283,306,319,367,301.0,365.8,59.9307,23.6794
204,8.1200,216,Team B,188,372,233,457,210.5,455.3,56.7321,33.8031
204,8.1200,8,Team B,772,293,814,374,793.0,372.4,70.7879,28.0892
205,8.1600,2,Team A,507,666,570,794,538.5,791.4,58.3080,58.5127
205,8.1600,6,Team B,1591,710,1669,835,1630.0,832.5,72.0801,65.1103
205,8.1600,7,Team B,1240,403,1282,492,1261.0,490.2,75.9967,43.5206
205,8.1600,48,Team A,1524,349,1556,420,1540.0,418.6,84.9420,38.6590
205,8.1600,60,Team A,887,247,926,334,906.5,332.3,74.9316,23.6651
205,8.1600,82,Team B,643,342,683,420,663.0,418.4,66.3636,32.9647
205,8.1600,89,Team A,598,458,655,557,626.5,555.0,62.6981,44.9470
205,8.1600,139,Team B,588,689,654,808,621.0,805.6,59.2268,59.6193
205,8.1600,140,Team B,131,401,192,490,161.5,488.2,55.3700,36.5589
205,8.1600,69,Team A,1364,526,1411,618,1387.5,616.2,74.0192,53.4782
205,8.1600,130,Team B,555,231,583,290,569.0,288.8,68.3245,14.2374
205,8.1600,137,Team B,1365,294,1400,374,1382.5,372.4,84.0722,32.4390
205,8.1600,189,Team B,1536,339,1581,470,1558.5,467.4,82.7939,43.5105
205,8.1600,206,Team B,1436,351,1474,436,1455.0,434.3,82.2843,39.7802
205,8.1600,166,Team B,291,306,327,363,309.0,361.9,60.0726,23.3159
205,8.1600,216,Team B,193,370,236,454,214.5,452.3,56.7704,33.3949
205,8.1600,225,Referee,667,299,706,370,686.5,368.6,68.4890,26.7254
205,8.1600,8,Team B,779,292,819,368,799.0,366.5,70.9807,27.6062
206,8.2000,2,Team A,507,667,580,812,543.5,809.1,58.2263,58.9206
206,8.2000,6,Team B,1574,710,1652,839,1613.0,836.4,71.8309,65.2151
206,8.2000,7,Team B,1246,405,1287,492,1266.5,490.3,76.0674,43.5303
206,8.2000,60,Team A,893,246,933,334,913.0,332.2,75.0638,23.5676
206,8.2000,82,Team B,648,341,685,413,666.5,411.6,66.5643,32.2469
206,8.2000,89,Team A,603,458,662,560,632.5,558.0,62.7424,45.0307
206,8.2000,139,Team B,569,688,637,814,603.0,811.5,59.0449,59.5920
206,8.2000,140,Team B,137,400,198,488,167.5,486.2,55.4368,36.3369
206,8.2000,69,Team A,1366,527,1415,621,1390.5,619.1,73.9856,53.5673
206,8.2000,130,Team B,563,230,590,287,576.5,285.9,68.5400,13.8092
206,8.2000,137,Team B,1372,295,1407,375,1389.5,373.4,84.1638,32.4976
206,8.2000,189,Team B,1542,343,1587,468,1564.5,465.5,82.9359,43.4025
206,8.2000,206,Team B,1443,351,1483,438,1463.0,436.3,82.3634,39.8501
206,8.2000,166,Team B,300,305,336,363,318.0,361.8,60.2141,23.2147
206,8.2000,216,Team B,198,370,238,451,218.0,449.4,56.8163,33.0684
206,8.2000,8,Team B,782,289,824,372,803.0,370.3,70.9923,27.7281
207,8.2400,2,Team A,502,666,579,815,540.5,812.0,58.1350,59.1642
207,8.2400,6,Team B,1572,712,1647,836,1609.5,833.5,71.7311,65.1910
207,8.2400,7,Team B,1255,406,1293,488,1274.0,486.4,76.2486,43.3619
207,8.2400,60,Team B,897,246,938,334,917.5,332.2,75.1457,23.5498
207,8.2400,82,Team B,653,339,691,413,672.0,411.5,66.6827,31.9828
207,8.2400,89,Team A,602,456,663,561,632.5,558.9,62.7249,45.1120
207,8.2400,139,Team B,561,693,633,827,597.0,824.3,58.8310,59.9108
207,8.2400,140,Team B,139,399,203,488,171.0,486.2,55.4723,36.2670
207,8.2400,69,Team A,1366,528,1417,624,1391.5,622.1,73.9118,53.7189
207,8.2400,130,Team B,570,229,598,289,584.0,287.8,68.6562,13.8808
207,8.2400,137,Team B,1378,294,1413,374,1395.5,372.4,84.2897,32.4717
207,8.2400,189,Team B,1544,334,1591,461,1567.5,458.5,83.2182,42.9875
207,8.2400,206,Team B,1449,352,1489,438,1469.0,436.3,82.4457,39.9017
207,8.2400,166,Team A,308,303,346,361,327.0,359.8,60.3792,23.0575
207,8.2400,216,Team B,203,368,243,446,223.0,444.4,56.8980,32.6526
207,8.2400,8,Team B,787,287,826,367,806.5,365.4,71.1204,27.4142
207,8.2400,15,Team A,1560,366,1601,467,1580.5,465.0,82.9016,43.4876
208,8.2800,2,Team A,492,668,564,809,528.0,806.2,58.0138,59.0818
208,8.2800,6,Team B,1574,713,1648,836,1611.0,833.5,71.6918,65.1963
208,8.2800,7,Team B,1262,406,1299,485,1280.5,483.4,76.4414,43.1665
208,8.2800,60,Team B,901,244,944,333,922.5,331.2,75.2433,23.4785
208,8.2800,82,Team B,659,339,699,415,679.0,413.5,66.7536,32.0411
208,8.2800,89,Team A,600,453,661,560,630.5,557.9,62.6832,45.0954
208,8.2800,139,Team B,554,693,627,831,590.5,828.2,58.6544,60.1327
208,8.2800,140,Team B,135,397,199,486,167.0,484.2,55.4228,36.1172
208,8.2800,69,Team A,1365,530,1418,629,1391.5,627.0,73.7779,53.9634
208,8.2800,130,Team B,580,232,605,286,592.5,284.9,68.8588,13.6585
208,8.2800,137,Team B,1384,292,1420,375,1402.0,373.3,84.3679,32.5545
208,8.2800,189,Team B,1548,330,1591,439,1569.5,436.8,84.0088,41.6031
208,8.2800,206,Team B,1455,352,1493,435,1474.0,433.3,82.6071,39.7664
208,8.2800,166,Team A,316,301,351,355,333.5,353.9,60.5680,22.5424
208,8.2800,8,Team B,794,285,838,374,816.0,372.2,71.1149,27.8540
208,8.2800,15,Team A,1556,359,1604,469,1580.0,466.8,83.0844,43.5212
208,8.2800,191,Team B,204,363,264,457,234.0,455.1,57.0053,34.4065
209,8.3200,2,Team A,488,670,557,807,522.5,804.3,57.9133,58.9926
209,8.3200,6,Team B,1573,713,1647,834,1610.0,831.6,71.6830,65.1607
209,8.3200,7,Team B,1269,406,1305,484,1287.0,482.4,76.5937,43.0623
209,8.3200,60,Team B,907,251,947,335,927.0,333.3,75.2525,23.6513
209,8.3200,82,Team B,665,334,708,416,686.5,414.4,66.8297,32.1574
209,8.3200,89,Team A,604,453,662,559,633.0,556.9,62.6774,45.0581
209,8.3200,139,Team B,554,694,622,825,588.0,822.4,58.5795,60.0745
209,8.3200,140,Team B,136,397,200,488,168.0,486.2,55.3723,36.1795
209,8.3200,69,Team A,1363,532,1416,633,1389.5,631.0,73.6188,54.2014
209,8.3200,130,Team B,589,230,614,285,601.5,283.9,69.0615,13.5131
209,8.3200,137,Team B,1393,292,1424,367,1408.5,365.5,84.7411,32.0403
209,8.3200,206,Team B,1459,351,1498,437,1478.5,435.3,82.6448,39.8434
209,8.3200,166,Team A,324,301,359,353,341.5,352.0,60.7398,22.2150
209,8.3200,8,Team B,798,285,845,378,821.5,376.1,71.0669,28.3501
209,8.3200,15,Team A,1554,331,1612,461,1583.0,458.4,83.4249,43.0898
209,8.3200,232,Team B,997,1021,1127,1079,1062.0,1077.8,61.5135,70.7747
209,8.3200,191,Team B,209,361,269,452,239.0,450.2,57.0551,33.6246
210,8.3600,2,Team A,487,672,555,807,521.0,804.3,57.8418,58.9648
210,8.3600,6,Team B,1573,712,1651,835,1612.0,832.5,71.6716,65.1846
210,8.3600,7,Team B,1278,406,1313,484,1295.5,482.4,76.7301,43.0538
210,8.3600,60,Team B,913,262,949,338,931.0,336.5,75.1901,24.0078
210,8.3600,82,Team B,667,331,711,417,689.0,415.3,66.8442,32.2786
210,8.3600,89,Team A,610,454,667,559,638.5,556.9,62.7063,45.0686
210,8.3600,139,Team B,550,692,617,819,583.5,816.5,58.5299,59.8952
210,8.3600,140,Team B,137,394,199,486,168.0,484.2,55.3328,36.0966
210,8.3600,69,Team A,1365,536,1416,633,1390.5,631.1,73.5463,54.3074
210,8.3600,130,Team B,597,227,623,282,610.0,280.9,69.3039,13.1878
210,8.3600,137,Team B,1400,288,1434,369,1417.0,367.4,84.9118,32.0074
210,8.3600,206,Team B,1465,350,1505,437,1485.0,435.3,82.7182,39.8974
210,8.3600,166,Team A,331,299,367,356,349.0,354.9,60.8375,22.3647
210,8.3600,8,Team B,806,282,854,375,830.0,373.1,71.1946,28.3619
210,8.3600,15,Team A,1558,320,1622,463,1590.0,460.1,83.5720,43.0383
210,8.3600,232,Team B,1003,1018,1140,1079,1071.5,1077.8,61.5618,70.8119
210,8.3600,216,Team B,214,360,253,437,233.5,435.5,57.0259,31.9704
211,8.4000,2,Team A,488,671,553,801,520.5,798.4,57.8218,58.8026
211,8.4000,6,Team B,1569,707,1652,834,1610.5,831.5,71.6585,65.1752
211,8.4000,7,Team B,1285,405,1321,486,1303.0,484.4,76.8029,43.1813
211,8.4000,60,Team B,918,263,952,337,935.0,335.5,75.2131,24.0879
211,8.4000,82,Team B,674,332,718,418,696.0,416.3,66.8893,32.4255
211,8.4000,89,Team A,617,454,671,554,644.0,552.0,62.8023,44.8723
211,8.4000,139,Team B,549,691,618,816,583.5,813.5,58.5084,59.7565
211,8.4000,140,Team B,142,394,202,483,172.0,481.2,55.3479,35.9171
211,8.4000,69,Team A,1369,537,1419,632,1394.0,630.1,73.5508,54.3314
211,8.4000,130,Team B,607,227,631,277,619.0,276.0,69.6181,12.5870
211,8.4000,137,Team B,1409,287,1444,370,1426.5,368.3,85.0490,32.1032
211,8.4000,206,Team B,1473,350,1512,438,1492.5,436.2,82.7879,40.0054
211,8.4000,166,Team A,338,301,378,364,358.0,362.7,60.8644,23.1134
211,8.4000,8,Team B,814,281,860,366,837.0,364.3,71.5059,27.7227
211,8.4000,15,Team A,1565,315,1633,467,1599.0,464.0,83.6032,43.2589
211,8.4000,232,Team B,1014,1017,1156,1079,1085.0,1077.8,61.6546,70.8738
211,8.4000,216,Team B,223,361,257,426,240.0,424.7,57.2067,31.0192
212,8.4400,2,Team A,491,667,567,819,529.0,816.0,57.7669,59.2451
212,8.4400,6,Team B,1564,707,1649,834,1606.5,831.5,71.6107,65.1706
212,8.4400,7,Team B,1292,403,1330,489,1311.0,487.3,76.8336,43.4144
212,8.4400,60,Team B,926,262,960,336,943.0,334.5,75.3296,24.0722
212,8.4400,82,Team B,682,330,725,415,703.5,413.3,67.0201,32.3186
212,8.4400,89,Team A,626,454,679,549,652.5,547.1,62.9577,44.6011
212,8.4400,139,Team B,550,692,621,816,585.5,813.5,58.4964,59.7181
212,8.4400,140,Team B,150,391,211,481,180.5,479.2,55.4303,35.7679
212,8.4400,69,Team A,1370,538,1423,637,1396.5,635.0,73.4746,54.5300
212,8.4400,130,Team B,618,224,642,275,630.0,274.0,69.9250,12.1895
212,8.4400,137,Team B,1418,286,1454,371,1436.0,369.3,85.1727,32.2501
212,8.4400,206,Team B,1481,348,1521,438,1501.0,436.2,82.9000,40.0787
212,8.4400,232,Team B,1031,1017,1173,1079,1102.0,1077.8,61.7874,70.9539
212,8.4400,216,Team B,228,356,266,429,247.0,427.5,57.3081,30.8631
213,8.4800,2,Team A,486,666,557,811,521.5,808.1,57.7088,59.2027
213,8.4800,6,Team B,1552,705,1637,834,1594.5,831.4,71.4862,65.1446
213,8.4800,7,Team B,1302,405,1336,482,1319.0,480.5,77.0773,43.1818
213,8.4800,60,Team B,934,258,967,330,950.5,328.6,75.6170,23.5891
213,8.4800,82,Team B,692,330,733,414,712.5,412.3,67.1708,32.2498
213,8.4800,89,Team A,633,453,687,548,660.0,546.1,63.0838,44.4775
213,8.4800,139,Team B,536,689,612,826,574.0,823.3,58.3283,59.9381
213,8.4800,140,Team B,156,385,220,478,188.0,476.1,55.5350,35.5660
213,8.4800,69,Team A,1369,541,1424,643,1396.5,641.0,73.3258,54.8244
213,8.4800,137,Team B,1426,286,1461,367,1443.5,365.4,85.4412,32.0505
213,8.4800,206,Team B,1487,349,1528,438,1507.5,436.2,83.0021,40.1335
213,8.4800,232,Team B,1046,1015,1192,1080,1119.0,1078.7,61.9306,71.0566
213,8.4800,216,Team B,233,354,273,431,253.0,429.5,57.3728,30.9586
213,8.4800,8,Team B,831,280,871,357,851.0,355.5,71.9601,26.8367
214,8.5200,2,Team A,482,666,553,813,517.5,810.1,57.6244,59.2384
214,8.5200,6,Team B,1541,705,1622,832,1581.5,829.5,71.3477,65.0623
214,8.5200,7,Team B,1309,405,1345,487,1327.0,485.4,77.1281,43.3769
214,8.5200,60,Team B,942,259,976,332,959.0,330.5,75.7630,23.6064
214,8.5200,82,Team B,701,331,740,410,720.5,408.4,67.3678,31.9940
214,8.5200,89,Team A,637,451,695,549,666.0,547.0,63.1608,44.4983
214,8.5200,139,Team B,537,692,601,806,569.0,803.7,58.3127,59.5046
214,8.5200,140,Team B,161,385,225,476,193.0,474.2,55.6141,35.3967
214,8.5200,69,Team A,1367,542,1424,648,1395.5,645.9,73.1571,55.1160
214,8.5200,137,Team B,1433,284,1470,368,1451.5,366.3,85.5971,32.0716
214,8.5200,206,Team B,1496,349,1535,434,1515.5,432.3,83.2415,39.9534
214,8.5200,232,Team B,1059,1012,1209,1080,1134.0,1078.6,62.0717,71.1475
214,8.5200,216,Team B,239,350,281,433,260.0,431.3,57.4351,31.1551
214,8.5200,249,Team B,1615,363,1659,466,1637.0,463.9,84.2879,43.6469
214,8.5200,8,Team B,839,280,877,354,858.0,352.5,72.2743,26.2793
214,8.5200,166,Team A,367,296,405,356,386.0,354.8,61.2436,22.9071
214,8.5200,15,Team A,1589,310,1639,421,1614.0,418.8,85.1931,40.7953
215,8.5600,2,Team A,478,668,548,813,513.0,810.1,57.5357,59.2524
215,8.5600,6,Team B,1538,707,1617,831,1577.5,828.5,71.2613,65.0063
215,8.5600,7,Team B,1316,408,1352,489,1334.0,487.4,77.1587,43.5871
215,8.5600,60,Team B,947,256,984,333,965.5,331.5,75.8532,23.7226
215,8.5600,82,Team A,709,328,748,406,728.5,404.4,67.5862,31.6550
215,8.5600,89,Team A,640,451,699,550,669.5,548.0,63.1915,44.5698
215,8.5600,139,Team B,531,696,600,824,565.5,821.4,58.1611,59.8044
215,8.5600,140,Team B,161,385,224,476,192.5,474.2,55.6085,35.3345
215,8.5600,69,Team A,1367,543,1423,650,1395.0,647.9,73.0350,55.3048
215,8.5600,137,Team B,1443,285,1477,365,1460.0,363.4,85.8580,31.8978
215,8.5600,206,Team B,1505,349,1544,433,1524.5,431.3,83.4581,39.8572
215,8.5600,232,Team B,1075,1008,1230,1079,1152.5,1077.6,62.2408,71.2255
215,8.5600,216,Team B,245,347,287,429,266.0,427.4,57.5315,31.0014
215,8.5600,249,Team B,1618,370,1660,465,1639.0,463.1,84.3168,43.6073
215,8.5600,8,Team B,847,279,884,355,865.5,353.5,72.4462,26.1682
215,8.5600,166,Team A,376,294,413,354,394.5,352.8,61.5001,22.7029
215,8.5600,15,Team A,1595,311,1643,419,1619.0,416.8,85.9374,39.7073
216,8.6000,2,Team A,478,671,545,812,511.5,809.2,57.4738,59.2403
216,8.6000,6,Team B,1538,707,1616,830,1577.0,827.5,71.2239,64.9697
216,8.6000,7,Team B,1323,412,1360,493,1341.5,491.4,77.1405,43.9063
216,8.6000,60,Team B,953,256,989,330,971.0,328.5,76.0169,23.5414
216,8.6000,82,Team A,718,327,759,408,738.5,406.4,67.7346,31.6967
216,8.6000,89,Team A,642,451,702,548,672.0,546.1,63.2260,44.5207
216,8.6000,139,Team B,531,702,598,828,564.5,825.5,58.0519,60.0384
216,8.6000,140,Team B,162,384,225,476,193.5,474.2,55.5862,35.3195
216,8.6000,69,Team A,1369,544,1425,653,1397.0,650.8,72.9394,55.4945
216,8.6000,137,Team B,1452,286,1486,365,1469.0,363.4,86.0595,31.8658
216,8.6000,206,Team B,1511,350,1549,433,1530.0,431.3,83.5897,39.8400
216,8.6000,232,Team B,1092,1007,1248,1079,1170.0,1077.6,62.4084,71.3130
216,8.6000,216,Team B,255,344,301,430,278.0,428.3,57.6750,31.0552
216,8.6000,8,Team B,856,276,889,345,872.5,343.6,72.8194,25.3530
216,8.6000,166,Team A,385,293,422,352,403.5,350.8,61.7148,22.5026
216,8.6000,15,Team A,1602,312,1651,422,1626.5,419.8,86.2064,39.4825
217,8.6400,2,Team A,480,674,543,811,511.5,808.3,57.4343,59.2217
217,8.6400,6,Team B,1535,708,1615,833,1575.0,830.5,71.1437,65.0296
217,8.6400,7,Team B,1332,412,1369,493,1350.5,491.4,77.2145,44.0688
217,8.6400,60,Team B,962,256,996,327,979.0,325.6,76.2482,23.2503
217,8.6400,82,Team A,728,327,769,408,748.5,406.4,67.8893,31.7574
217,8.6400,89,Team A,639,451,697,550,668.0,548.0,63.1497,44.5839
217,8.6400,139,Team B,531,702,597,828,564.0,825.5,57.9855,60.1420
217,8.6400,140,Team B,168,384,229,475,198.5,473.2,55.6085,35.2821
217,8.6400,69,Team A,1375,547,1428,649,1401.5,647.0,72.9911,55.4564
217,8.6400,137,Team B,1463,286,1496,366,1479.5,364.4,86.2225,31.9683
217,8.6400,206,Team B,1518,349,1556,433,1537.0,431.3,83.7079,39.8580
217,8.6400,232,Team B,1113,1005,1270,1080,1191.5,1078.5,62.5949,71.4290
217,8.6400,216,Team B,263,342,312,432,287.5,430.2,57.7984,31.2476
217,8.6400,166,Team A,395,292,432,352,413.5,350.8,61.9007,22.4709
217,8.6400,15,Team A,1610,314,1660,427,1635.0,424.7,86.2309,39.7257
217,8.6400,260,Team B,1649,376,1685,464,1667.0,462.2,84.8802,43.6823
217,8.6400,214,Team B,866,279,900,357,883.0,355.4,73.6107,24.3590
218,8.6800,2,Team A,481,677,540,805,510.5,802.4,57.4210,59.0644
218,8.6800,6,Team B,1531,708,1614,836,1572.5,833.4,71.0429,65.1261
218,8.6800,7,Team B,1341,410,1378,493,1359.5,491.3,77.3264,44.1664
218,8.6800,60,Team B,968,256,1003,330,985.5,328.5,76.3134,23.4197
218,8.6800,82,Team A,734,327,777,409,755.5,407.4,67.9905,31.8801
218,8.6800,89,Team A,643,455,698,549,670.5,547.1,63.1294,44.5811
218,8.6800,139,Team B,530,698,597,825,563.5,822.5,57.9524,60.1146
218,8.6800,140,Team B,175,383,236,474,205.5,472.2,55.6716,35.2421
218,8.6800,69,Team A,1378,549,1432,651,1405.0,649.0,72.9950,55.5272
218,8.6800,137,Team B,1473,289,1505,364,1489.0,362.5,86.4645,31.9062
218,8.6800,206,Team B,1526,348,1565,435,1545.5,433.3,83.7781,40.0132
218,8.6800,232,Team B,1132,1002,1290,1080,1211.0,1078.4,62.7830,71.5357
218,8.6800,216,Team B,261,341,310,432,285.5,430.2,57.7899,31.3223
218,8.6800,166,Team A,404,291,441,350,422.5,348.8,62.0881,22.3387
218,8.6800,15,Team A,1622,313,1670,424,1646.0,421.8,86.4616,39.6853
218,8.6800,260,Team B,1656,380,1692,465,1674.0,463.3,84.9117,43.7651
218,8.6800,8,Team B,872,277,903,341,887.5,339.7,73.2080,24.7723
219,8.7200,2,Team A,483,679,546,811,514.5,808.4,57.3972,59.1847
219,8.7200,6,Team B,1513,707,1597,838,1555.0,835.4,70.8282,65.1720
219,8.7200,7,Team B,1349,411,1387,496,1368.0,494.3,77.3767,44.3893
219,8.7200,60,Team B,976,257,1011,330,993.5,328.5,76.4193,23.5261
219,8.7200,82,Team A,735,325,778,408,756.5,406.3,68.0291,31.8666
219,8.7200,89,Team A,647,453,702,547,674.5,545.1,63.1594,44.5055
219,8.7200,139,Team B,537,697,601,817,569.0,814.6,58.0058,59.9223
219,8.7200,140,Team B,181,381,243,469,212.0,467.2,55.7698,34.9655
219,8.7200,69,Team A,1376,551,1434,658,1405.0,655.9,72.8663,55.7983
219,8.7200,137,Team B,1482,288,1515,366,1498.5,364.4,86.5933,32.0633
219,8.7200,206,Team B,1534,349,1574,437,1554.0,435.2,83.8279,40.2250
219,8.7200,232,Team B,1154,1000,1311,1079,1232.5,1077.4,62.9913,71.6277
219,8.7200,216,Team B,262,341,310,432,286.0,430.2,57.7588,31.3612
219,8.7200,166,Team A,415,292,451,350,433.0,348.8,62.2699,22.3398
219,8.7200,15,Team A,1631,316,1679,429,1655.0,426.7,86.4764,40.0035
219,8.7200,260,Team B,1669,379,1707,469,1688.0,467.2,84.9532,44.0609
219,8.7200,266,Team B,581,1027,640,1080,610.5,1078.9,56.5399,69.3609
219,8.7200,8,Team B,880,275,911,340,895.5,338.7,73.4675,24.4918
219,8.7200,223,Referee,786,298,815,359,800.5,357.8,70.8321,26.2520
220,8.7600,2,Team A,478,680,543,813,510.5,810.3,57.3265,59.2864
220,8.7600,6,Team B,1505,708,1588,839,1546.5,836.4,70.6510,65.2008
220,8.7600,7,Team B,1357,410,1395,496,1376.0,494.3,77.4671,44.5083
220,8.7600,60,Team B,985,257,1018,330,1001.5,328.5,76.5420,23.6055
220,8.7600,82,Team A,741,327,783,410,762.0,408.3,68.0462,32.0230
220,8.7600,89,Team A,653,452,708,546,680.5,544.1,63.2197,44.4544
220,8.7600,139,Team B,541,697,603,808,572.0,805.8,58.0803,59.6280
220,8.7600,140,Team B,186,380,245,464,215.5,462.3,55.8481,34.5805
220,8.7600,69,Team A,1372,552,1433,667,1402.5,664.7,72.6321,56.2037
220,8.7600,137,Team B,1491,288,1523,366,1507.0,364.4,86.7359,32.1595
220,8.7600,206,Team B,1543,350,1584,440,1563.5,438.2,83.8516,40.5201
220,8.7600,232,Team B,1171,997,1328,1080,1249.5,1078.3,63.1662,71.7349
220,8.7600,216,Team B,268,340,314,431,291.0,429.2,57.7816,31.3376
220,8.7600,166,Team A,425,292,461,349,443.0,347.9,62.4565,22.3082
220,8.7600,15,Team A,1640,330,1683,431,1661.5,429.0,86.4664,40.2884
220,8.7600,260,Team B,1678,381,1717,472,1697.5,470.2,84.9725,44.3729
220,8.7600,266,Team B,593,1024,655,1080,624.0,1078.9,56.6105,69.4069
220,8.7600,8,Team B,889,277,918,339,903.5,337.8,73.6736,24.3378
220,8.7600,223,Referee,791,296,825,370,808.0,368.5,70.5529,27.0961
221,8.8000,2,Team A,470,679,536,811,503.0,808.4,57.2293,59.2641
221,8.8000,6,Team B,1508,708,1589,840,1548.5,837.4,70.5721,65.2514
221,8.8000,7,Team B,1364,412,1403,498,1383.5,496.3,77.5199,44.6861
221,8.8000,60,Team B,993,257,1025,328,1009.0,326.6,76.7218,23.5020
221,8.8000,82,Team A,749,326,790,408,769.5,406.4,68.1519,31.9842
221,8.8000,89,Team A,659,450,716,544,687.5,542.1,63.3142,44.3693
221,8.8000,140,Team B,182,380,239,463,210.5,461.3,55.7952,34.3562
221,8.8000,69,Team A,1371,557,1430,671,1400.5,668.7,72.4393,56.4996
221,8.8000,137,Team B,1500,287,1532,366,1516.0,364.4,86.8921,32.2320
221,8.8000,206,Team B,1551,350,1593,439,1572.0,437.2,83.9757,40.6127
221,8.8000,232,Team B,1189,995,1342,1080,1265.5,1078.3,63.3281,71.8303
221,8.8000,216,Team B,277,340,320,428,298.5,426.2,57.8729,31.1700
221,8.8000,166,Team A,433,290,470,348,451.5,346.8,62.6250,22.2535
221,8.8000,15,Team A,1646,317,1694,430,1670.0,427.7,86.5913,40.3598
221,8.8000,260,Team B,1687,380,1726,471,1706.5,469.2,85.1001,44.4781
221,8.8000,266,Team B,606,1019,674,1080,640.0,1078.8,56.7255,69.4764
221,8.8000,8,Team B,895,278,924,340,909.5,338.8,73.7793,24.3887
221,8.8000,223,Referee,797,298,832,372,814.5,370.5,70.4521,27.6168
222,8.8400,2,Team A,464,681,531,815,497.5,812.3,57.1078,59.3583
222,8.8400,6,Team B,1502,709,1581,842,1541.5,839.3,70.4491,65.3093
222,8.8400,7,Team B,1373,416,1411,502,1392.0,500.3,77.5223,44.9910
222,8.8400,60,Team A,1001,256,1034,326,1017.5,324.6,76.9407,23.3271
222,8.8400,82,Team A,757,327,797,409,777.0,407.4,68.2393,32.0704
222,8.8400,89,Team A,663,447,723,544,693.0,542.1,63.3846,44.3570
222,8.8400,140,Team B,186,381,240,463,213.0,461.4,55.7703,34.2848
222,8.8400,69,Team A,1371,562,1428,673,1399.5,670.8,72.3039,56.6891
222,8.8400,137,Team B,1508,287,1541,367,1524.5,365.4,87.0087,32.3666
222,8.8400,206,Team B,1555,350,1600,440,1577.5,438.2,84.0403,40.7271
222,8.8400,232,Team B,1203,992,1355,1079,1279.0,1077.3,63.4759,71.8992
222,8.8400,216,Team B,285,342,324,421,304.5,419.4,58.0070,30.6761
222,8.8400,166,Team A,440,289,481,351,460.5,349.8,62.7370,22.5214
222,8.8400,260,Team B,1696,377,1736,471,1716.0,469.1,85.2482,44.5523
222,8.8400,266,Team B,619,1015,690,1079,654.5,1077.7,56.8528,69.5354
222,8.8400,8,Team B,904,280,931,338,917.5,336.8,73.9496,24.2847
222,8.8400,223,Referee,804,299,841,375,822.5,373.5,70.4227,28.0857
222,8.8400,139,Team B,525,706,599,833,562.0,830.5,57.8605,60.1593
223,8.8800,2,Team A,461,683,526,816,493.5,813.3,57.0030,59.4239
223,8.8800,6,Team B,1498,708,1574,839,1536.0,836.4,70.3807,65.2583
223,8.8800,7,Team B,1380,417,1419,504,1399.5,502.3,77.5406,45.2406
223,8.8800,60,Team A,1007,256,1041,329,1024.0,327.5,76.9993,23.5428
223,8.8800,82,Team A,766,328,804,408,785.0,406.4,68.3614,32.0750
223,8.8800,89,Team A,660,446,722,547,691.0,545.0,63.3320,44.4883
223,8.8800,140,Team B,189,377,244,464,216.5,462.3,55.7628,34.3315
223,8.8800,69,Team A,1373,564,1428,671,1400.5,668.9,72.2726,56.7102
223,8.8800,137,Team B,1518,290,1549,366,1533.5,364.5,87.1890,32.3878
223,8.8800,206,Team B,1562,352,1606,441,1584.0,439.2,84.0927,40.8564
223,8.8800,232,Team B,1217,989,1368,1079,1292.5,1077.2,63.6115,71.9732
223,8.8800,216,Team B,293,341,328,411,310.5,409.6,58.1868,29.8349
223,8.8800,166,Team A,443,289,482,349,462.5,347.8,62.7986,22.4805
223,8.8800,260,Team B,1705,378,1745,471,1725.0,469.1,85.3962,44.6164
223,8.8800,266,Team B,631,1012,705,1079,668.0,1077.7,56.9749,69.6051
223,8.8800,8,Team B,913,279,942,341,927.5,339.8,74.0487,24.5342
223,8.8800,223,Referee,811,297,850,380,830.5,378.3,70.3822,28.6729
223,8.8800,139,Team B,511,706,584,834,547.5,831.4,57.6361,60.3696
223,8.8800,15,Team A,1664,345,1702,432,1683.0,430.3,86.6765,40.5855
224,8.9200,2,Team A,459,684,523,816,491.0,813.4,56.9215,59.4552
224,8.9200,6,Team B,1495,709,1572,839,1533.5,836.4,70.3213,65.2420
224,8.9200,7,Team B,1390,418,1427,504,1408.5,502.3,77.6284,45.3759
224,8.9200,60,Team A,1012,257,1048,334,1030.0,332.5,76.9287,24.0786
224,8.9200,82,Team A,774,326,813,405,793.5,403.4,68.5414,31.9102
224,8.9200,89,Team A,661,446,725,550,693.0,547.9,63.2727,44.6911
224,8.9200,140,Team B,195,374,250,461,222.5,459.3,55.8155,34.1987
224,8.9200,69,Team A,1371,564,1428,676,1399.5,673.8,72.1576,56.8840
224,8.9200,137,Team B,1526,290,1559,368,1542.5,366.4,87.2849,32.5759
224,8.9200,206,Team B,1569,353,1614,442,1591.5,440.2,84.1536,40.9944
224,8.9200,232,Team B,1231,986,1379,1079,1305.0,1077.1,63.7361,72.0471
224,8.9200,216,Team B,302,340,343,421,322.5,419.4,58.2864,30.2246
224,8.9200,166,Team A,451,288,487,346,469.0,344.8,62.9174,22.2504
224,8.9200,260,Team B,1713,384,1752,473,1732.5,471.2,85.4614,44.7793
224,8.9200,266,Team B,642,1005,722,1079,682.0,1077.5,57.0987,69.6787
224,8.9200,8,Team B,920,281,951,346,935.5,344.7,74.0383,25.0799
224,8.9200,223,Referee,820,299,856,375,838.0,373.5,70.5347,28.5787
224,8.9200,139,Team B,507,706,577,831,542.0,828.5,57.4994,60.3739
224,8.9200,15,Team A,1672,351,1708,433,1690.0,431.4,86.7402,40.7665
225,8.9600,2,Team A,459,685,518,805,488.5,802.6,56.9013,59.1791
225,8.9600,6,Team B,1487,708,1569,840,1528.0,837.4,70.2303,65.2536
225,8.9600,7,Team B,1398,418,1434,502,1416.0,500.3,77.7736,45.3609
225,8.9600,60,Team A,1016,257,1054,337,1035.0,335.4,76.8507,24.5645
225,8.9600,82,Team A,781,325,822,405,801.5,403.4,68.6838,31.8784
225,8.9600,89,Team A,660,448,722,551,691.0,548.9,63.1902,44.8184
225,8.9600,140,Team B,198,375,254,457,226.0,455.4,55.8692,33.9282
225,8.9600,69,Team A,1365,566,1425,680,1395.0,677.7,71.9922,57.0758
225,8.9600,137,Team B,1534,289,1567,369,1550.5,367.4,87.3709,32.7521
225,8.9600,206,Team B,1576,352,1620,442,1598.0,440.2,84.2372,41.0722
225,8.9600,232,Team B,1243,984,1389,1080,1316.0,1078.1,63.8396,72.1336
225,8.9600,216,Team B,308,339,354,426,331.0,424.3,58.3534,30.7486
225,8.9600,166,Team A,460,289,495,345,477.5,343.9,63.0587,22.1207
225,8.9600,260,Team B,1720,383,1760,473,1740.0,471.2,85.5591,44.8708
225,8.9600,266,Team B,655,1003,736,1079,695.5,1077.5,57.2197,69.7546
225,8.9600,8,Team B,927,280,959,347,943.0,345.7,74.0798,25.4113
225,8.9600,223,Referee,828,299,864,376,846.0,374.5,70.6482,28.6510
225,8.9600,139,Team B,504,704,573,829,538.5,826.5,57.4083,60.3254
226,9.0000,2,Team A,457,682,521,810,489.0,807.4,56.8538,59.2139
226,9.0000,6,Team B,1478,710,1567,847,1522.5,844.3,70.0554,65.4156
226,9.0000,7,Team B,1404,417,1440,501,1422.0,499.3,77.9021,45.3280
226,9.0000,60,Team A,1023,256,1060,334,1041.5,332.4,76.9636,24.5381
226,9.0000,82,Team A,787,324,829,404,808.0,402.4,68.8101,31.8262
226,9.0000,89,Team A,663,452,720,550,691.5,548.0,63.1458,44.8346
226,9.0000,140,Team B,199,372,260,458,229.5,456.3,55.8927,33.8975
226,9.0000,69,Team A,1360,566,1423,687,1391.5,684.6,71.7732,57.3713
226,9.0000,137,Team B,1543,291,1574,366,1558.5,364.5,87.6013,32.6402
226,9.0000,206,Team B,1583,355,1626,443,1604.5,441.2,84.2966,41.1876
226,9.0000,232,Team B,1257,982,1399,1080,1328.0,1078.0,63.9483,72.2116
226,9.0000,216,Team B,310,337,349,413,329.5,411.5,58.4410,30.0919
226,9.0000,166,Team A,466,289,504,349,485.0,347.8,63.1232,22.4375
226,9.0000,260,Team B,1727,385,1766,473,1746.5,471.2,85.6559,44.9328
226,9.0000,266,Team B,668,1001,751,1079,709.5,1077.4,57.3430,69.8325
226,9.0000,8,Team B,934,278,967,348,950.5,346.6,74.1424,25.6549
226,9.0000,223,Referee,835,302,870,376,852.5,374.5,70.7452,28.7142
226,9.0000,139,Team B,505,705,572,826,538.5,823.6,57.3673,60.2408
226,9.0000,15,Team A,1682,325,1731,437,1706.5,434.8,86.8165,41.1003
227,9.0400,2,Team A,455,681,527,824,491.0,821.1,56.7658,59.6140
227,9.0400,6,Team B,1473,713,1562,849,1517.5,846.3,69.9101,65.5246
227,9.0400,7,Team B,1412,416,1449,504,1430.5,502.2,77.9599,45.4931
227,9.0400,60,Team A,1031,259,1065,334,1048.0,332.5,77.0649,24.5621
227,9.0400,82,Team A,792,325,837,407,814.5,405.4,68.8561,32.0379
227,9.0400,89,Team A,666,453,720,548,693.0,546.1,63.1386,44.7609
227,9.0400,140,Team B,198,372,254,454,226.0,452.4,55.8525,33.6387
227,9.0400,69,Team A,1360,571,1421,691,1390.5,688.6,71.5999,57.6225
227,9.0400,137,Team B,1551,292,1581,365,1566.0,363.5,87.8084,32.5529
227,9.0400,206,Team B,1589,354,1632,444,1610.5,442.2,84.3426,41.3112
227,9.0400,232,Team B,1270,981,1407,1080,1338.5,1078.0,64.0494,72.2830
227,9.0400,216,Team B,312,338,350,412,331.0,410.5,58.4680,29.7762
227,9.0400,166,Team A,474,287,512,347,493.0,345.8,63.2508,22.4378
227,9.0400,260,Team B,1737,387,1777,475,1757.0,473.2,85.7399,45.1018
227,9.0400,266,Team B,681,999,765,1079,723.0,1077.4,57.4642,69.9100
227,9.0400,8,Team B,941,278,972,345,956.5,343.7,74.2923,25.5394
227,9.0400,223,Referee,844,301,878,375,861.0,373.5,70.8857,28.7027
227,9.0400,139,Team B,507,705,575,826,541.0,823.6,57.3511,60.2253
227,9.0400,292,Team B,0,435,50,499,25.0,497.7,51.6824,36.6816
227,9.0400,15,Team A,1687,322,1739,439,1713.0,436.7,86.8433,41.3683
228,9.0800,2,Team A,446,681,520,828,483.0,825.1,56.6302,59.8681
228,9.0800,6,Team B,1467,714,1555,851,1511.0,848.3,69.7653,65.6074
228,9.0800,7,Team B,1419,419,1457,510,1438.0,508.2,77.9071,45.8812
228,9.0800,60,Team A,1038,262,1070,333,1054.0,331.6,77.1830,24.5207
228,9.0800,82,Team A,794,325,837,405,815.5,403.4,68.8901,31.9954
228,9.0800,89,Team A,673,453,727,546,700.0,544.1,63.2051,44.6689
228,9.0800,140,Team B,199,372,256,459,227.5,457.3,55.7901,33.8504
228,9.0800,69,Team A,1356,575,1416,697,1386.0,694.6,71.3852,57.9060
228,9.0800,137,Team B,1561,291,1589,360,1575.0,358.6,88.1842,32.1859
228,9.0800,206,Team B,1598,353,1640,443,1619.0,441.2,84.4766,41.3344
228,9.0800,232,Team B,1284,982,1415,1080,1349.5,1078.0,64.1505,72.3537
228,9.0800,216,Team B,318,337,353,406,335.5,404.6,58.5539,29.2626
228,9.0800,166,Team A,483,287,522,347,502.5,345.8,63.3953,22.4855
228,9.0800,260,Team B,1747,391,1787,480,1767.0,478.2,85.7199,45.4658
228,9.0800,266,Team B,693,996,779,1079,736.0,1077.3,57.5817,69.9860
228,9.0800,8,Team B,949,277,976,335,962.5,333.8,74.6615,24.7001
228,9.0800,223,Referee,853,299,890,379,871.5,377.4,70.9659,29.0342
228,9.0800,139,Team B,508,705,575,822,541.5,819.7,57.3488,60.1280
228,9.0800,292,Team B,0,428,58,508,29.0,506.4,51.6714,37.1820
229,9.1200,2,Team A,438,684,510,826,474.0,823.2,56.4945,59.9066
229,9.1200,6,Team B,1462,718,1544,851,1503.0,848.3,69.6314,65.6314
229,9.1200,7,Team B,1426,421,1465,511,1445.5,509.2,77.9258,46.1150
229,9.1200,60,Team A,1045,262,1076,330,1060.5,328.6,77.3757,24.2821
229,9.1200,82,Team B,798,325,841,406,819.5,404.4,68.9035,32.0649
229,9.1200,89,Team A,679,453,733,546,706.0,544.1,63.2687,44.6585
229,9.1200,140,Team B,202,372,259,462,230.5,460.2,55.7489,34.1333
229,9.1200,69,Team A,1355,578,1412,695,1383.5,692.7,71.2876,57.9579
229,9.1200,137,Team B,1569,290,1599,364,1584.0,362.5,88.2807,32.3654
229,9.1200,206,Team B,1605,354,1647,444,1626.0,442.2,84.5640,41.4274
229,9.1200,232,Team B,1298,982,1424,1080,1361.0,1078.0,64.2552,72.4250
229,9.1200,216,Team B,323,338,356,404,339.5,402.7,58.6209,28.9436
229,9.1200,166,Team A,489,286,526,341,507.5,339.9,63.5726,22.0335
229,9.1200,260,Team B,1754,389,1795,478,1774.5,476.2,85.8454,45.5349
229,9.1200,266,Team B,705,993,792,1079,748.5,1077.3,57.6946,70.0601
229,9.1200,8,Team B,956,276,984,335,970.0,333.8,74.8810,24.3974
229,9.1200,223,Referee,861,301,898,382,879.5,380.4,71.0074,29.4226
229,9.1200,139,Team B,488,706,566,842,527.0,839.3,57.1197,60.5750
229,9.1200,292,Team B,0,425,59,515,29.5,513.2,51.6234,37.7595
229,9.1200,299,Team B,1131,241,1155,306,1143.0,304.7,80.8906,21.1758
229,9.1200,300,Team A,1707,365,1741,440,1724.0,438.5,86.9168,41.7893
230,9.1600,2,Team A,434,688,503,825,468.5,822.3,56.3813,59.8949
230,9.1600,6,Team B,1456,723,1534,853,1495.0,850.4,69.4787,65.6781
230,9.1600,7,Team B,1433,425,1473,517,1453.0,515.2,77.8583,46.5261
230,9.1600,60,Team A,1052,259,1084,329,1068.0,327.6,77.5571,24.1310
230,9.1600,82,Team B,806,325,847,405,826.5,403.4,68.9842,32.0569
230,9.1600,89,Team A,685,452,740,543,712.5,541.2,63.3698,44.5422
230,9.1600,140,Team B,209,371,263,455,236.0,453.3,55.8062,33.8544
230,9.1600,69,Team A,1355,581,1412,694,1383.5,691.7,71.2454,57.9560
230,9.1600,137,Team B,1577,289,1607,363,1592.0,361.5,88.4442,32.3933
230,9.1600,206,Team B,1612,356,1656,445,1634.0,443.2,84.6447,41.5532
230,9.1600,232,Team B,1309,980,1432,1080,1370.5,1078.0,64.3489,72.4911
230,9.1600,216,Team B,329,336,365,408,347.0,406.6,58.6708,29.1268
230,9.1600,166,Team A,490,286,526,339,508.0,337.9,63.6400,21.6944
230,9.1600,260,Team B,1762,390,1804,479,1783.0,477.2,85.9478,45.6455
230,9.1600,266,Team B,719,992,805,1079,762.0,1077.3,57.8121,70.1365
230,9.1600,8,Team B,963,277,991,338,977.0,336.8,74.9530,24.5588
230,9.1600,223,Referee,868,302,905,383,886.5,381.4,71.0620,29.6828
230,9.1600,139,Team B,483,713,561,850,522.0,847.3,56.9331,60.9563
230,9.1600,292,Team B,0,421,60,514,30.0,512.1,51.5810,37.9451
230,9.1600,300,Team A,1712,362,1748,443,1730.0,441.4,86.8740,41.9772
231,9.2000,2,Team A,429,693,496,825,462.5,822.4,56.2686,59.8883
231,9.2000,6,Team B,1446,724,1524,855,1485.0,852.4,69.3039,65.7265
231,9.2000,7,Team B,1441,428,1479,518,1460.0,516.2,77.8650,46.7673
231,9.2000,60,Team A,1059,260,1090,328,1074.5,326.6,77.7170,24.0172
231,9.2000,82,Team B,813,326,853,405,833.0,403.4,69.0667,32.0843
231,9.2000,89,Team A,688,450,745,541,716.5,539.2,63.4486,44.4197
231,9.2000,140,Team B,216,369,269,452,242.5,450.3,55.8910,33.5907
231,9.2000,69,Team A,1354,585,1412,697,1383.0,694.8,71.1635,58.0569
231,9.2000,137,Team B,1583,289,1615,367,1599.0,365.4,88.4266,32.7203
231,9.2000,206,Team B,1616,355,1660,445,1638.0,443.2,84.7047,41.6160
231,9.2000,232,Team B,1321,978,1441,1080,1381.0,1078.0,64.4447,72.5576
231,9.2000,216,Team B,333,336,368,408,350.5,406.6,58.6990,29.2216
231,9.2000,166,Team A,498,285,534,338,516.0,336.9,63.7555,21.5143
231,9.2000,260,Team B,1769,391,1810,476,1789.5,474.3,86.1399,45.5608
231,9.2000,266,Team B,731,988,819,1079,775.0,1077.2,57.9286,70.2117
231,9.2000,8,Team B,970,276,999,338,984.5,336.8,75.0534,24.6561
231,9.2000,223,Referee,877,302,913,379,895.0,377.5,71.2479,29.5360
231,9.2000,139,Team B,483,715,559,847,521.0,844.4,56.8451,61.0445
231,9.2000,292,Team B,0,421,65,513,32.5,511.2,51.5622,37.9852
232,9.2400,2,Team A,428,694,493,825,460.5,822.4,56.1878,59.8926
232,9.2400,6,Team B,1436,726,1515,860,1475.5,857.3,69.0914,65.8454
232,9.2400,7,Team B,1448,430,1485,518,1466.5,516.2,77.9189,46.8907
232,9.2400,60,Team A,1065,259,1099,331,1082.0,329.6,77.7660,24.2567
232,9.2400,82,Team B,820,328,860,404,840.0,402.5,69.1745,32.0620
232,9.2400,89,Team A,679,448,737,544,708.0,542.1,63.3292,44.4851
232,9.2400,140,Team B,221,368,275,450,248.0,448.4,55.9690,33.3906
232,9.2400,69,Team A,1346,588,1409,704,1377.5,701.7,70.9648,58.3062
232,9.2400,137,Team B,1592,288,1624,364,1608.0,362.5,88.6361,32.6672
232,9.2400,206,Team B,1622,353,1668,446,1645.0,444.1,84.7644,41.7210
232,9.2400,232,Team B,1333,977,1450,1080,1391.5,1077.9,64.5414,72.6245
232,9.2400,216,Team B,339,332,377,410,358.0,408.4,58.7517,29.4279
232,9.2400,166,Team A,504,285,539,339,521.5,337.9,63.8240,21.5576
232,9.2400,260,Team B,1777,395,1817,477,1797.0,475.4,86.2550,45.6094
232,9.2400,266,Team B,744,985,832,1079,788.0,1077.1,58.0449,70.2867
232,9.2400,8,Team B,977,276,1006,337,991.5,335.8,75.1840,24.6448
232,9.2400,223,Referee,884,306,919,383,901.5,381.5,71.2886,29.8011
232,9.2400,139,Team B,482,718,556,849,519.0,846.4,56.7661,61.1380
232,9.2400,292,Team B,0,421,74,513,37.0,511.2,51.5719,38.0266
233,9.2800,2,Team A,429,691,495,821,462.0,818.4,56.1646,59.8033
233,9.2800,6,Team B,1433,730,1508,859,1470.5,856.4,68.9648,65.8699
233,9.2800,7,Team B,1457,431,1495,517,1476.0,515.3,78.0492,46.9298
233,9.2800,60,Team A,1073,259,1107,329,1090.0,327.6,77.9255,24.2202
233,9.2800,82,Team B,828,328,868,404,848.0,402.5,69.2879,32.0884
233,9.2800,89,Team A,675,447,736,548,705.5,546.0,63.1845,44.6928
233,9.2800,140,Team B,221,364,276,448,248.5,446.3,55.9852,33.1930
233,9.2800,69,Team A,1339,590,1407,713,1373.0,710.5,70.7040,58.6753
233,9.2800,137,Team B,1602,289,1632,363,1617.0,361.5,88.8585,32.6091
233,9.2800,206,Team B,1628,354,1673,446,1650.5,444.2,84.8339,41.7837
233,9.2800,232,Team B,1345,977,1459,1080,1402.0,1077.9,64.6386,72.6919
233,9.2800,216,Team B,342,329,378,404,360.0,402.5,58.8175,29.1093
233,9.2800,166,Team A,510,285,548,344,529.0,342.8,63.8419,22.0312
233,9.2800,260,Team B,1786,394,1826,478,1806.0,476.3,86.3609,45.7117
233,9.2800,266,Team B,756,981,846,1079,801.0,1077.0,58.1614,70.3613
233,9.2800,8,Team B,983,275,1012,337,997.5,335.8,75.2859,24.6665
233,9.2800,223,Referee,891,309,925,384,908.0,382.5,71.3351,30.0123
233,9.2800,139,Team B,484,721,550,840,517.0,837.6,56.7399,60.9571
233,9.2800,292,Team B,6,416,84,513,45.0,511.1,51.6311,38.0752
233,9.2800,311,Team B,181,1022,247,1079,214.0,1077.9,52.0070,68.2213
234,9.3200,2,Team A,427,692,495,822,461.0,819.4,56.1230,59.8035
234,9.3200,6,Team B,1434,733,1503,853,1468.5,850.6,68.9511,65.7501
234,9.3200,7,Team B,1465,434,1503,520,1484.0,518.3,78.1009,47.1196
234,9.3200,60,Team A,1078,259,1112,327,1095.0,325.6,78.0849,24.0590
234,9.3200,82,Team B,834,327,875,404,854.5,402.5,69.3842,32.1268
234,9.3200,89,Team A,681,450,739,547,710.0,545.1,63.1575,44.7539
234,9.3200,140,Team B,217,362,272,448,244.5,446.3,55.9102,33.1053
234,9.3200,69,Team A,1340,595,1406,715,1373.0,712.6,70.5548,58.8939
234,9.3200,137,Team B,1611,291,1642,367,1626.5,365.5,88.8981,32.9152
234,9.3200,206,Team B,1637,355,1680,446,1658.5,444.2,84.9393,41.8395
234,9.3200,232,Team B,1355,977,1466,1080,1410.5,1077.9,64.7229,72.7550
234,9.3200,166,Team A,517,283,557,346,537.0,344.7,63.8921,22.4232
234,9.3200,260,Team B,1793,394,1834,480,1813.5,478.3,86.4133,45.8814
234,9.3200,266,Team B,770,979,859,1079,814.5,1077.0,58.2811,70.4375
234,9.3200,8,Team B,989,275,1017,337,1003.0,335.8,75.3686,24.7008
234,9.3200,223,Referee,900,311,932,382,916.0,380.6,71.4680,29.9920
234,9.3200,139,Team B,486,719,553,840,519.5,837.6,56.7296,60.9024
234,9.3200,292,Team B,8,414,86,512,47.0,510.0,51.6475,38.0566
234,9.3200,311,Team B,194,1018,265,1079,229.5,1077.8,52.0884,68.2712
234,9.3200,15,Team A,1747,353,1789,447,1768.0,445.1,87.1161,42.1635
235,9.3600,2,Team A,429,691,506,831,467.5,828.2,56.0995,60.0678
235,9.3600,6,Team B,1429,734,1499,855,1464.0,852.6,68.8753,65.7473
235,9.3600,7,Team B,1473,434,1510,519,1491.5,517.3,78.2081,47.1772
235,9.3600,60,Team A,1086,263,1120,329,1103.0,327.7,78.1673,24.2065
235,9.3600,82,Team B,839,326,882,403,860.5,401.5,69.4860,32.1005
235,9.3600,89,Team A,681,450,739,548,710.0,546.0,63.1087,44.8304
235,9.3600,140,Team B,223,363,275,445,249.0,443.4,55.9180,32.9114
235,9.3600,69,Team A,1342,599,1407,717,1374.5,714.6,70.4644,59.0560
235,9.3600,137,Team B,1620,292,1651,367,1635.5,365.5,89.0134,33.0734
235,9.3600,206,Team B,1643,351,1688,448,1665.5,446.1,84.9875,41.9954
235,9.3600,232,Team B,1368,976,1478,1079,1423.0,1076.9,64.8360,72.8093
235,9.3600,166,Team A,524,280,564,342,544.0,340.8,64.0320,22.2811
235,9.3600,260,Team B,1804,394,1844,480,1824.0,478.3,86.5430,45.9879
235,9.3600,266,Team B,783,977,872,1079,827.5,1077.0,58.3991,70.5133
235,9.3600,8,Team B,997,275,1026,339,1011.5,337.7,75.4342,24.9174
235,9.3600,223,Referee,909,313,939,379,924.0,377.7,71.6576,29.8060
235,9.3600,139,Team B,491,718,556,835,523.5,832.7,56.7599,60.7750
235,9.3600,292,Team B,9,414,85,513,47.0,511.0,51.6200,38.1117
235,9.3600,311,Team B,209,1014,283,1079,246.0,1077.7,52.2087,68.3433
235,9.3600,15,Team A,1755,363,1795,449,1775.0,447.3,87.2199,42.6293
235,9.3600,216,Team B,352,324,386,394,369.0,392.6,58.9806,28.3226
236,9.4000,2,Team A,413,693,495,834,454.0,831.2,55.9522,60.2281
236,9.4000,6,Team B,1418,732,1492,859,1455.0,856.5,68.7185,65.8233
236,9.4000,7,Team B,1479,433,1521,529,1500.0,527.1,78.1002,47.6947
236,9.4000,60,Team A,1093,264,1126,327,1109.5,325.7,78.3180,24.1274
236,9.4000,82,Team A,841,326,883,402,862.0,400.5,69.5305,32.0316
236,9.4000,89,Team A,684,449,740,543,712.0,541.1,63.1372,44.6406
236,9.4000,140,Team B,226,361,279,447,252.5,445.3,55.9163,32.9769
236,9.4000,69,Team A,1340,601,1413,731,1376.5,728.4,70.2443,59.5510
236,9.4000,137,Team B,1631,291,1662,366,1646.5,364.5,89.2291,33.1060
236,9.4000,206,Team B,1652,355,1696,450,1674.0,448.1,85.0271,42.2058
236,9.4000,232,Team B,1380,975,1488,1079,1434.0,1076.9,64.9436,72.8726
236,9.4000,166,Team A,532,280,569,338,550.5,336.8,64.2009,21.9246
236,9.4000,260,Team B,1812,392,1853,481,1832.5,479.2,86.6495,46.1098
236,9.4000,266,Team B,796,975,884,1079,840.0,1076.9,58.5133,70.5878
236,9.4000,8,Team B,1006,273,1034,335,1020.0,333.8,75.6550,24.7095
236,9.4000,223,Referee,916,313,948,381,932.0,379.6,71.7637,29.9113
236,9.4000,139,Team B,487,719,560,846,523.5,843.5,56.7031,61.0159
236,9.4000,292,Team B,15,412,89,511,52.0,509.0,51.6366,38.0534
236,9.4000,311,Team B,224,1010,303,1079,263.5,1077.6,52.3513,68.4265
236,9.4000,15,Team A,1761,370,1799,451,1780.0,449.4,87.2327,42.9513
236,9.4000,216,Team B,359,325,388,385,373.5,383.8,59.1540,27.3848
237,9.4400,2,Team A,400,694,479,831,439.5,828.3,55.7718,60.1880
237,9.4400,6,Team B,1411,732,1488,858,1449.5,855.5,68.6105,65.8272
237,9.4400,7,Team B,1487,436,1530,534,1508.5,532.0,78.0187,48.1639
237,9.4400,60,Team A,1100,263,1133,327,1116.5,325.7,78.4450,24.1254
237,9.4400,82,Team A,844,325,886,403,865.0,401.4,69.5346,32.0857
237,9.4400,89,Team A,687,446,742,541,714.5,539.1,63.1702,44.4826
237,9.4400,140,Team B,231,360,283,449,257.0,447.2,55.9224,33.1503
237,9.4400,69,Team A,1342,608,1415,736,1378.5,733.4,70.0914,59.9127
237,9.4400,137,Team B,1642,292,1670,358,1656.0,356.7,89.7411,32.5722
237,9.4400,206,Team B,1659,355,1704,451,1681.5,449.1,85.0839,42.3732
237,9.4400,232,Team B,1394,975,1499,1079,1446.5,1076.9,65.0588,72.9432
237,9.4400,166,Team A,536,280,571,334,553.5,332.9,64.3324,21.4637
237,9.4400,260,Team B,1818,392,1860,482,1839.0,480.2,86.7209,46.2323
237,9.4400,266,Team B,810,974,896,1079,853.0,1076.9,58.6294,70.6632
237,9.4400,8,Team B,1014,275,1042,333,1028.0,331.8,75.8756,24.4997
237,9.4400,223,Referee,921,314,955,384,938.0,382.6,71.7872,30.1968
237,9.4400,139,Team B,479,720,558,856,518.5,853.3,56.5788,61.3613
237,9.4400,292,Team B,23,410,97,511,60.0,509.0,51.6985,38.0654
237,9.4400,311,Team B,238,1005,323,1079,280.5,1077.5,52.4998,68.5127
237,9.4400,15,Team A,1771,373,1809,452,1790.0,450.4,87.3088,43.1755
237,9.4400,216,Team B,363,325,397,400,380.0,398.5,59.1254,28.1182
238,9.4800,2,Team A,395,699,472,833,433.5,830.3,55.6244,60.2226
238,9.4800,6,Team B,1414,733,1488,853,1451.0,850.6,68.6200,65.7298
238,9.4800,7,Team B,1496,439,1538,535,1517.0,533.1,78.0369,48.4316
238,9.4800,60,Team A,1107,264,1141,330,1124.0,328.7,78.4781,24.4127
238,9.4800,82,Team A,853,326,891,400,872.0,398.5,69.6496,31.9364
238,9.4800,89,Team A,693,447,747,540,720.0,538.1,63.2257,44.3982
238,9.4800,140,Team B,236,360,283,443,259.5,441.3,55.9577,32.8667
238,9.4800,69,Team A,1340,616,1413,740,1376.5,737.5,69.9432,60.1798
238,9.4800,137,Team B,1652,291,1681,360,1666.5,358.6,89.9904,32.5453
238,9.4800,206,Team B,1665,357,1712,452,1688.5,450.1,85.1401,42.5234
238,9.4800,232,Team B,1408,975,1510,1079,1459.0,1076.9,65.1773,73.0168
238,9.4800,166,Team A,542,279,576,333,559.0,331.9,64.4384,21.2234
238,9.4800,260,Team B,1827,393,1871,485,1849.0,483.2,86.7588,46.4696
238,9.4800,266,Team B,822,970,909,1080,865.5,1077.8,58.7388,70.7536
238,9.4800,223,Referee,929,313,964,385,946.5,383.6,71.8553,30.4178
238,9.4800,139,Team B,474,721,558,863,516.0,860.2,56.4609,61.6781
238,9.4800,292,Team B,34,410,101,504,67.5,502.1,51.7918,37.7338
238,9.4800,311,Team B,253,1001,341,1079,297.0,1077.4,52.6477,68.5993
238,9.4800,15,Team A,1778,375,1814,453,1796.0,451.4,87.3597,43.3433
238,9.4800,216,Team B,370,326,404,402,387.0,400.5,59.1475,28.5882
239,9.5200,2,Team A,398,701,471,832,434.5,829.4,55.5568,60.2263
239,9.5200,6,Team B,1418,735,1492,853,1455.0,850.6,68.6423,65.7138
239,9.5200,7,Team B,1504,441,1545,536,1524.5,534.1,78.0841,48.6141
239,9.5200,60,Team A,1115,262,1148,328,1131.5,326.7,78.6264,24.3893
239,9.5200,82,Team A,859,324,899,401,879.0,399.5,69.7348,31.9732
239,9.5200,89,Team A,695,447,752,545,723.5,543.0,63.2035,44.6164
239,9.5200,140,Team B,243,360,291,442,267.0,440.4,56.0335,32.7275
239,9.5200,69,Team A,1337,622,1413,745,1375.0,742.5,69.7900,60.4373
239,9.5200,206,Team B,1670,360,1715,449,1692.5,447.2,85.2811,42.4331
239,9.5200,232,Team B,1421,975,1522,1079,1471.5,1076.9,65.2974,73.0917
239,9.5200,166,Team A,549,279,582,333,565.5,331.9,64.5326,21.1627
239,9.5200,260,Team B,1834,393,1882,488,1858.0,486.1,86.7720,46.7468
239,9.5200,266,Team B,836,970,921,1079,878.5,1076.8,58.8578,70.8190
239,9.5200,223,Referee,935,314,970,386,952.5,384.6,71.9064,30.6056
239,9.5200,139,Team B,472,725,552,863,512.0,860.2,56.3638,61.8088
239,9.5200,292,Team B,45,408,110,501,77.5,499.1,51.9151,37.4821
239,9.5200,311,Team B,268,996,360,1079,314.0,1077.3,52.7988,68.6869
239,9.5200,15,Team A,1785,376,1819,449,1802.0,447.5,87.5660,43.2115
239,9.5200,216,Team B,377,324,411,401,394.0,399.5,59.2191,28.7391
240,9.5600,2,Team A,396,700,470,833,433.0,830.3,55.4941,60.2613
240,9.5600,6,Team B,1417,738,1493,858,1455.0,855.6,68.5839,65.8350
240,9.5600,7,Team B,1512,444,1552,537,1532.0,535.1,78.1426,48.7632
240,9.5600,60,Team A,1123,259,1157,326,1140.0,324.7,78.8373,24.2430
240,9.5600,82,Team B,865,325,903,400,884.0,398.5,69.8184,31.9446
240,9.5600,89,Team A,698,448,755,546,726.5,544.0,63.1882,44.7673
240,9.5600,140,Team B,250,358,298,438,274.0,436.4,56.1393,32.4529
240,9.5600,69,Team A,1336,626,1413,747,1374.5,744.6,69.6824,60.6064
240,9.5600,206,Team B,1679,361,1723,449,1701.0,447.2,85.4220,42.4293
240,9.5600,232,Team B,1433,974,1533,1079,1483.0,1076.9,65.4118,73.1643
240,9.5600,166,Team A,556,281,588,333,572.0,332.0,64.6213,21.1771
240,9.5600,260,Team B,1840,394,1888,487,1864.0,485.1,86.8613,46.8302
240,9.5600,266,Team B,848,967,933,1079,890.5,1076.8,58.9700,70.8879
240,9.5600,223,Referee,941,313,977,389,959.0,387.5,71.9157,30.9194
240,9.5600,139,Team B,471,727,549,863,510.0,860.3,56.2904,61.8693
240,9.5600,292,Team B,54,407,119,500,86.5,498.1,52.0343,37.3675
240,9.5600,311,Team B,283,993,376,1080,329.5,1078.3,52.9396,68.7897
240,9.5600,15,Team A,1792,377,1827,450,1809.5,448.5,87.6889,43.2421
240,9.5600,216,Team B,383,325,414,393,398.5,391.6,59.3457,28.2623
240,9.5600,8,Team B,1034,275,1061,332,1047.5,330.9,76.1621,24.4219
241,9.6000,2,Team A,396,699,466,827,431.0,824.4,55.4561,60.1245
241,9.6000,6,Team B,1413,743,1489,859,1451.0,856.7,68.5044,65.9091
241,9.6000,7,Team B,1521,445,1559,533,1540.0,531.2,78.3240,48.6737
241,9.6000,60,Team A,1129,258,1164,329,1146.5,327.6,78.8892,24.4652
241,9.6000,82,Team B,870,323,909,400,889.5,398.5,69.8902,31.9557
241,9.6000,89,Team A,697,447,755,546,726.0,544.0,63.1493,44.8312
241,9.6000,140,Team B,246,355,295,437,270.5,435.4,56.1108,32.2723
241,9.6000,69,Team A,1330,634,1405,745,1367.5,742.8,69.5847,60.6096
241,9.6000,206,Team B,1688,357,1735,449,1711.5,447.2,85.5919,42.4623
241,9.6000,232,Team B,1445,973,1544,1079,1494.5,1076.9,65.5241,73.2362
241,9.6000,166,Team A,561,278,596,334,578.5,332.9,64.6935,21.2981
241,9.6000,260,Team B,1850,395,1897,486,1873.5,484.2,87.0242,46.8491
241,9.6000,266,Team B,860,965,944,1079,902.0,1076.7,59.0764,70.9573
241,9.6000,223,Referee,948,314,984,388,966.0,386.5,71.9994,31.0071
241,9.6000,139,Team B,473,728,548,861,510.5,858.3,56.2539,61.8587
241,9.6000,292,Team B,61,406,126,499,93.5,497.1,52.1298,37.3007
241,9.6000,311,Team B,297,991,390,1080,343.5,1078.2,53.0690,68.8781
241,9.6000,15,Team A,1797,374,1834,451,1815.5,449.5,87.7620,43.3271
241,9.6000,216,Team B,387,324,416,390,401.5,388.7,59.4272,27.8755
241,9.6000,337,Team B,1247,242,1278,306,1262.5,304.7,83.2057,22.0709
241,9.6000,8,Team B,1040,276,1068,336,1054.0,334.8,76.2228,24.7542
242,9.6400,2,Team A,391,697,464,831,427.5,828.3,55.3780,60.1764
242,9.6400,6,Team B,1412,744,1490,860,1451.0,857.7,68.4489,65.9735
242,9.6400,7,Team B,1526,444,1565,532,1545.5,530.2,78.4604,48.6130
242,9.6400,60,Team A,1136,259,1170,328,1153.0,326.6,78.9983,24.5005
242,9.6400,82,Team B,875,324,915,400,895.0,398.5,69.9560,31.9868
242,9.6400,89,Team A,698,450,755,546,726.5,544.1,63.1107,44.8674
242,9.6400,140,Team B,249,354,298,436,273.5,434.4,56.1069,32.1557
242,9.6400,69,Team A,1322,639,1399,745,1360.5,742.9,69.4667,60.6015
242,9.6400,206,Team B,1692,357,1738,449,1715.0,447.2,85.6811,42.4870
242,9.6400,232,Team B,1455,972,1554,1079,1504.5,1076.9,65.6259,73.3042
242,9.6400,166,Team A,567,276,601,332,584.0,330.9,64.7922,21.2036
242,9.6400,260,Team B,1855,395,1903,487,1879.0,485.2,87.1063,46.9257
242,9.6400,266,Team B,871,964,954,1079,912.5,1076.7,59.1739,71.0250
242,9.6400,223,Referee,953,311,988,386,970.5,384.5,72.1023,30.9177
242,9.6400,139,Team B,473,728,543,854,508.0,851.5,56.2298,61.6869
242,9.6400,292,Team B,61,406,129,501,95.0,499.1,52.1461,37.3975
242,9.6400,311,Team B,309,987,404,1080,356.5,1078.1,53.1877,68.9577
242,9.6400,15,Team A,1803,378,1839,454,1821.0,452.5,87.7380,43.5496
242,9.6400,216,Team B,389,321,424,399,406.5,397.4,59.3995,28.3837
242,9.6400,337,Team B,1253,244,1284,308,1268.5,306.7,83.1859,22.2808
242,9.6400,8,Team B,1046,275,1075,336,1060.5,334.8,76.3043,24.9151
243,9.6800,2,Team A,386,697,461,836,423.5,833.2,55.2766,60.3289
243,9.6800,6,Team B,1417,743,1496,863,1456.5,860.6,68.4259,66.0934
243,9.6800,7,Team B,1533,444,1572,535,1552.5,533.2,78.5054,48.7511
243,9.6800,60,Team A,1140,259,1176,329,1158.0,327.6,79.0472,24.6211
243,9.6800,82,Team B,877,322,919,401,898.0,399.4,69.9684,32.0798
243,9.6800,89,Team A,698,450,754,547,726.0,545.1,63.0514,44.9328
243,9.6800,140,Team A,248,354,301,443,274.5,441.2,56.0374,32.5622
243,9.6800,69,Team A,1315,643,1394,750,1354.5,747.9,69.2883,60.7340
243,9.6800,206,Team B,1694,354,1741,450,1717.5,448.1,85.6956,42.5571
243,9.6800,232,Team B,1468,971,1565,1079,1516.5,1076.8,65.7369,73.3754
243,9.6800,166,Team A,573,275,607,329,590.0,327.9,64.9251,20.9397
243,9.6800,260,Team B,1862,394,1908,484,1885.0,482.2,87.2876,46.8263
243,9.6800,266,Team B,879,959,963,1079,921.0,1076.6,59.2555,71.0861
243,9.6800,223,Referee,958,313,989,379,973.5,377.7,72.2994,30.3997
243,9.6800,139,Team B,471,727,545,862,508.0,859.3,56.1681,61.8283
243,9.6800,292,Team B,63,405,133,503,98.0,501.0,52.1474,37.5632
243,9.6800,311,Team B,321,984,417,1080,369.0,1078.1,53.2990,69.0330
243,9.6800,15,Team A,1809,379,1846,454,1827.5,452.5,87.7891,43.6625
243,9.6800,216,Team B,391,318,427,400,409.0,398.4,59.3739,28.6710
243,9.6800,337,Team B,1260,243,1292,309,1276.0,307.7,83.2202,22.4850
243,9.6800,8,Team B,1051,274,1080,337,1065.5,335.7,76.3445,25.0832
243,9.6800,340,Team A,1836,322,1869,393,1852.5,391.6,92.1497,37.6957
244,9.7200,2,Team A,378,699,453,836,415.5,833.3,55.1530,60.3819
244,9.7200,6,Team B,1422,743,1500,862,1461.0,859.6,68.4501,66.1422
244,9.7200,7,Team B,1537,445,1577,539,1557.0,537.1,78.4629,49.0044
244,9.7200,60,Team A,1142,259,1179,331,1160.5,329.6,79.0039,24.8484
244,9.7200,82,Team B,877,321,921,400,899.0,398.4,69.9705,32.0553
244,9.7200,89,Team A,697,450,751,547,724.0,545.1,62.9783,44.9585
244,9.7200,140,Team A,247,354,298,443,272.5,441.2,55.9504,32.7270
244,9.7200,69,Team A,1313,646,1393,754,1353.0,751.8,69.1386,60.9061
244,9.7200,206,Team B,1699,357,1745,452,1722.0,450.1,85.6711,42.7156
244,9.7200,232,Team B,1478,973,1572,1079,1525.0,1076.9,65.8281,73.4406
244,9.7200,166,Team A,576,275,611,328,593.5,326.9,65.0025,20.7709
244,9.7200,260,Team B,1867,394,1912,485,1889.5,483.2,87.3647,46.8520
244,9.7200,266,Team B,888,957,971,1080,929.5,1077.5,59.3257,71.1624
244,9.7200,223,Referee,960,313,995,388,977.5,386.5,72.2017,30.8524
244,9.7200,139,Team B,465,727,541,870,503.0,867.1,56.0539,62.0802
244,9.7200,292,Team B,67,407,134,500,100.5,498.1,52.1516,37.4891
244,9.7200,311,Team B,331,981,428,1080,379.5,1078.0,53.3947,69.1022
244,9.7200,15,Team A,1810,380,1849,459,1829.5,457.4,87.6489,43.9863
244,9.7200,216,Team B,394,318,426,388,410.0,386.6,59.4558,27.9457
244,9.7200,337,Team B,1266,242,1301,314,1283.5,312.6,83.1332,23.0404
244,9.7200,8,Team B,1054,271,1085,338,1069.5,336.7,76.3543,25.2463
244,9.7200,340,Team A,1839,321,1874,394,1856.5,392.5,92.1414,37.7713
245,9.7600,2,Team A,370,704,445,840,407.5,837.3,55.0062,60.5005
245,9.7600,6,Team B,1426,740,1506,862,1466.0,859.6,68.4873,66.1852
245,9.7600,7,Team B,1540,447,1582,546,1561.0,544.0,78.3142,49.4336
245,9.7600,60,Team A,1146,261,1181,329,1163.5,327.6,79.0514,24.7891
245,9.7600,82,Team B,876,321,915,392,895.5,390.6,70.0423,31.4847
245,9.7600,89,Team A,696,449,749,543,722.5,541.1,62.9473,44.7828
245,9.7600,140,Team A,249,350,301,445,275.0,443.1,55.8984,32.9307
245,9.7600,69,Team A,1314,650,1391,755,1352.5,752.9,69.0453,61.0127
245,9.7600,206,Team B,1702,356,1749,453,1725.5,451.1,85.6519,42.8450
245,9.7600,232,Team B,1487,971,1581,1079,1534.0,1076.8,65.9155,73.5034
245,9.7600,166,Team A,576,274,614,329,595.0,327.9,64.9963,20.8028
245,9.7600,260,Team B,1874,393,1920,487,1897.0,485.1,87.4067,46.9881
245,9.7600,266,Team B,897,957,978,1080,937.5,1077.5,59.3927,71.2275
245,9.7600,223,Referee,963,316,998,389,980.5,387.5,72.1447,31.1227
245,9.7600,139,Team B,457,728,536,877,496.5,874.0,55.9124,62.3466
245,9.7600,292,Team B,68,407,133,499,100.5,497.2,52.1234,37.4157
245,9.7600,311,Team B,342,979,439,1080,390.5,1078.0,53.4874,69.1703
245,9.7600,15,Team A,1811,382,1851,462,1831.0,460.4,87.4918,44.2831
245,9.7600,216,Team B,397,319,426,383,411.5,381.7,59.5191,27.3079
245,9.7600,337,Team B,1272,241,1306,312,1289.0,310.6,83.2161,23.1079
245,9.7600,8,Team B,1057,269,1088,336,1072.5,334.7,76.4187,25.1587
245,9.7600,340,Team A,1841,320,1877,396,1859.0,394.5,92.0689,37.9359
246,9.8000,2,Team A,361,706,439,845,400.0,842.2,54.8515,60.6702
246,9.8000,6,Team B,1433,736,1514,860,1473.5,857.5,68.5712,66.1865
246,9.8000,7,Team B,1544,450,1586,548,1565.0,546.0,78.2334,49.7118
246,9.8000,60,Team A,1147,262,1182,331,1164.5,329.6,78.9843,24.9398
246,9.8000,82,Team B,877,321,915,393,896.0,391.6,70.0221,31.3319
246,9.8000,89,Team A,695,448,747,542,721.0,540.1,62.9011,44.6660
246,9.8000,140,Team A,250,348,301,442,275.5,440.1,55.8669,32.8345
246,9.8000,69,Team A,1313,657,1388,759,1350.5,757.0,68.9251,61.1746
246,9.8000,206,Team B,1701,356,1750,454,1725.5,452.0,85.5894,42.9503
246,9.8000,232,Team B,1496,970,1589,1079,1542.5,1076.8,65.9981,73.5644
246,9.8000,166,Team A,575,273,613,330,594.0,328.9,64.9203,20.9046
246,9.8000,260,Team B,1877,393,1920,490,1898.5,488.1,87.3292,47.1958
246,9.8000,266,Staff/GK,905,955,985,1080,945.0,1077.5,59.4556,71.2863
246,9.8000,223,Referee,964,317,998,389,981.0,387.6,72.0922,31.2374
246,9.8000,139,Team B,450,733,530,885,490.0,882.0,55.7570,62.6430
246,9.8000,292,Team B,66,407,129,498,97.5,496.2,52.0489,37.3324
246,9.8000,311,Team B,350,977,447,1080,398.5,1077.9,53.5599,69.2313
246,9.8000,15,Team A,1813,383,1854,466,1833.5,464.3,87.3103,44.6240
246,9.8000,216,Team B,396,319,426,385,411.0,383.7,59.4789,27.2065
246,9.8000,337,Team B,1276,240,1311,313,1293.5,311.5,83.2443,23.2405
246,9.8000,8,Team B,1060,269,1090,333,1075.0,331.7,76.5242,24.8881
246,9.8000,340,Team A,1845,318,1881,395,1863.0,393.5,92.1121,37.9454
247,9.8400,2,Team A,355,710,433,846,394.0,843.3,54.7191,60.7625
247,9.8400,6,Team B,1438,733,1519,857,1478.5,854.5,68.6646,66.1414
247,9.8400,7,Team B,1549,453,1588,546,1568.5,544.1,78.2617,49.7525
247,9.8400,60,Team A,1149,263,1182,331,1165.5,329.6,78.9318,25.0071
247,9.8400,82,Team B,879,323,916,394,897.5,392.6,69.9779,31.3529
247,9.8400,89,Team A,690,448,743,542,716.5,540.1,62.8056,44.6104
247,9.8400,140,Team A,252,348,299,434,275.5,432.3,55.8680,32.3013
247,9.8400,69,Team A,1309,663,1384,763,1346.5,761.0,68.7776,61.3516
247,9.8400,206,Team B,1701,356,1752,454,1726.5,452.0,85.5533,42.9944
247,9.8400,232,Team B,1506,972,1595,1080,1550.5,1077.8,66.0671,73.6404
247,9.8400,166,Team A,574,274,612,330,593.0,328.9,64.8317,20.9520
247,9.8400,266,Staff/GK,913,955,992,1080,952.5,1077.5,59.5167,71.3433
247,9.8400,223,Referee,966,318,997,385,981.5,383.7,72.1265,31.0081
247,9.8400,139,Team B,446,737,524,889,485.0,886.0,55.6232,62.8585
247,9.8400,292,Team B,67,405,130,498,98.5,496.1,51.9973,37.3110
247,9.8400,311,Team B,359,976,454,1080,406.5,1077.9,53.6243,69.2898
247,9.8400,15,Team A,1817,384,1856,464,1836.5,462.4,87.3172,44.6642
247,9.8400,216,Team B,395,318,429,396,412.0,394.4,59.3309,27.9667
247,9.8400,337,Team B,1282,238,1317,314,1299.5,312.5,83.2749,23.4035
247,9.8400,8,Team B,1064,271,1090,330,1077.0,328.8,76.6379,24.5433
247,9.8400,340,Team A,1849,318,1885,394,1867.0,392.5,92.2001,37.8954
248,9.8800,2,Team A,351,713,427,846,389.0,843.3,54.6069,60.8004
248,9.8800,6,Team B,1443,731,1524,855,1483.5,852.5,68.7513,66.1011
248,9.8800,7,Team B,1553,456,1591,544,1572.0,542.2,78.3338,49.6978
248,9.8800,60,Team A,1150,262,1184,332,1167.0,330.6,78.8639,25.1232
248,9.8800,82,Team B,880,323,917,394,898.5,392.6,69.9371,31.3693
248,9.8800,89,Team A,686,445,740,541,713.0,539.1,62.7120,44.5330
248,9.8800,140,Team B,252,348,299,432,275.5,430.3,55.8446,31.9701
248,9.8800,69,Team A,1304,668,1379,766,1341.5,764.0,68.6232,61.5030
248,9.8800,206,Team B,1705,362,1753,451,1729.0,449.2,85.6362,42.8597
248,9.8800,232,Team B,1514,971,1602,1079,1558.0,1076.8,66.1438,73.6884
248,9.8800,166,Team B,573,274,611,333,592.0,331.8,64.6911,21.2321
248,9.8800,266,Staff/GK,921,956,997,1080,959.0,1077.5,59.5706,71.3975
248,9.8800,223,Referee,966,320,997,388,981.5,386.6,72.0391,31.1341
248,9.8800,139,Team B,439,740,514,890,476.5,887.0,55.4832,62.9611
248,9.8800,292,Team B,68,403,131,499,99.5,497.1,51.9522,37.3685
248,9.8800,311,Team B,367,973,461,1079,414.0,1076.9,53.6847,69.3278
248,9.8800,15,Team A,1820,385,1857,461,1838.5,459.5,87.4192,44.5259
248,9.8800,216,Team B,394,314,429,396,411.5,394.4,59.2276,28.2725
248,9.8800,337,Team B,1287,238,1322,314,1304.5,312.5,83.3249,23.4898
248,9.8800,8,Team B,1065,273,1093,334,1079.0,332.8,76.5606,24.7531
248,9.8800,340,Team A,1853,318,1889,395,1871.0,393.5,92.2263,37.9522
249,9.9200,2,Team A,349,711,423,842,386.0,839.4,54.5313,60.7163
249,9.9200,6,Team B,1447,723,1529,850,1488.0,847.5,68.8654,65.9882
249,9.9200,7,Team B,1555,459,1593,548,1574.0,546.2,78.2750,49.8636
249,9.9200,60,Team A,1152,259,1185,328,1168.5,326.6,78.9413,24.8376
249,9.9200,82,Team B,880,321,916,392,898.0,390.6,69.9164,31.2364
249,9.9200,89,Team A,682,445,737,541,709.5,539.1,62.6080,44.4969
249,9.9200,140,Team B,247,347,296,430,271.5,428.3,55.7623,31.7035
249,9.9200,69,Team A,1301,671,1376,764,1338.5,762.1,68.5417,61.5104
249,9.9200,206,Team B,1694,311,1764,447,1729.0,444.3,85.8027,42.5199
249,9.9200,232,Team B,1521,972,1607,1079,1564.0,1076.9,66.2055,73.7383
249,9.9200,166,Team B,572,273,610,333,591.0,331.8,64.5775,21.3475
249,9.9200,266,Staff/GK,927,955,1003,1080,965.0,1077.5,59.6185,71.4489
249,9.9200,223,Referee,965,321,998,392,981.5,390.6,71.8835,31.4684
249,9.9200,139,Team B,433,741,505,888,469.0,885.1,55.3590,62.9493
249,9.9200,292,Team A,69,402,131,500,100.0,498.0,51.9040,37.4570
249,9.9200,311,Team B,374,971,468,1079,421.0,1076.8,53.7381,69.3745
249,9.9200,15,Team A,1821,383,1859,460,1840.0,458.5,87.4907,44.4179
249,9.9200,216,Team B,392,311,431,402,411.5,400.2,59.0927,28.8197
249,9.9200,337,Team B,1291,239,1325,313,1308.0,311.5,83.3940,23.4530
249,9.9200,8,Team B,1066,271,1095,336,1080.5,334.7,76.4579,25.0076
249,9.9200,340,Team A,1856,316,1892,393,1874.0,391.5,92.3351,37.8485
250,9.9600,2,Team A,339,709,414,840,376.5,837.4,54.4130,60.6173
250,9.9600,6,Team B,1450,719,1532,847,1491.0,844.4,68.9561,65.8900
250,9.9600,7,Team B,1558,460,1595,549,1576.5,547.2,78.2362,49.9856
250,9.9600,60,Team A,1152,258,1186,330,1169.0,328.6,78.8795,24.8930
250,9.9600,82,Team B,879,319,917,394,898.0,392.5,69.8342,31.3236
250,9.9600,89,Team A,680,447,735,544,707.5,542.1,62.4851,44.6252
250,9.9600,140,Team B,244,348,294,428,269.0,426.4,55.6741,31.4703
250,9.9600,69,Team A,1300,674,1376,767,1338.0,765.1,68.4534,61.6059
250,9.9600,206,Team B,1693,296,1769,446,1731.0,443.0,85.9119,42.3155
250,9.9600,232,Team B,1528,971,1614,1079,1571.0,1076.8,66.2682,73.7906
250,9.9600,166,Team B,573,272,609,329,591.0,327.9,64.5512,21.0595
250,9.9600,266,Staff/GK,932,954,1007,1080,969.5,1077.5,59.6544,71.4957
250,9.9600,223,Referee,963,320,998,398,980.5,396.4,71.6488,32.0128
250,9.9600,139,Team B,426,741,494,881,460.0,878.2,55.2469,62.7676
250,9.9600,292,Team A,66,402,128,501,97.0,499.0,51.8158,37.5471
250,9.9600,311,Team B,381,971,473,1079,427.0,1076.8,53.7822,69.4231
250,9.9600,15,Team A,1820,381,1860,463,1840.0,461.4,87.4019,44.5320
250,9.9600,216,Team B,395,310,433,397,414.0,395.3,59.0792,28.7068
250,9.9600,337,Team B,1295,241,1328,313,1311.5,311.6,83.4343,23.4565
250,9.9600,8,Team B,1066,271,1096,337,1081.0,335.7,76.3565,25.1961
250,9.9600,340,Team A,1858,316,1894,392,1876.0,390.5,92.4211,37.7444
250,9.9600,348,Team B,1700,365,1756,448,1728.0,446.3,85.7411,42.4818
251,10.0000,2,Team A,328,710,404,840,366.0,837.4,54.2629,60.5632
251,10.0000,6,Team B,1452,716,1536,846,1494.0,843.4,69.0154,65.8450
251,10.0000,7,Team B,1559,460,1599,555,1579.0,553.1,78.0982,50.3056
251,10.0000,60,Team A,1151,257,1187,331,1169.0,329.5,78.7848,24.9985
251,10.0000,82,Team B,878,319,917,396,897.5,394.5,69.7202,31.4991
251,10.0000,89,Team A,678,446,732,543,705.0,541.1,62.3905,44.6271
251,10.0000,140,Team B,241,348,293,429,267.0,427.4,55.5715,31.4449
251,10.0000,69,Team A,1295,677,1378,779,1336.5,777.0,68.2528,61.9789
251,10.0000,232,Team B,1534,972,1617,1079,1575.5,1076.9,66.3145,73.8387
251,10.0000,166,Team B,571,269,608,328,589.5,326.8,64.4915,20.8564
251,10.0000,266,Staff/GK,938,953,1012,1080,975.0,1077.5,59.6920,71.5430
251,10.0000,223,Referee,962,321,996,398,979.0,396.5,71.4984,32.2297
251,10.0000,139,Team B,420,742,490,886,455.0,883.1,55.1277,62.8154
251,10.0000,292,Team A,64,401,126,501,95.0,499.0,51.7255,37.5863
251,10.0000,311,Team B,386,969,477,1079,431.5,1076.8,53.8131,69.4684
251,10.0000,15,Team A,1819,381,1860,464,1839.5,462.3,87.3060,44.6273
251,10.0000,216,Team B,395,310,434,394,414.5,392.3,59.0695,28.4613
251,10.0000,337,Team B,1297,242,1329,314,1313.0,312.6,83.3965,23.5537
251,10.0000,8,Team B,1066,270,1095,335,1080.5,333.7,76.3225,25.1058
251,10.0000,340,Team A,1860,317,1894,388,1877.0,386.6,92.6042,37.4376
251,10.0000,348,Team B,1692,360,1752,450,1722.0,448.2,85.5796,42.5637
252,10.0400,2,Team A,319,709,397,844,358.0,841.3,54.1078,60.6363
252,10.0400,6,Team B,1455,715,1540,848,1497.5,845.3,69.0326,65.8943
252,10.0400,7,Team B,1560,462,1601,562,1580.5,560.0,77.8894,50.7423
252,10.0400,60,Team A,1149,257,1185,332,1167.0,330.5,78.6463,25.1172
252,10.0400,82,Team B,873,317,914,398,893.5,396.4,69.5481,31.6930
252,10.0400,89,Team A,678,446,731,543,704.5,541.1,62.3184,44.6331
252,10.0400,140,Team B,230,346,284,433,257.0,431.3,55.3485,31.6638
252,10.0400,69,Team A,1296,681,1375,776,1335.5,774.1,68.1807,62.0556
252,10.0400,232,Team B,1537,973,1619,1079,1578.0,1076.9,66.3408,73.8806
252,10.0400,166,Team B,570,269,607,327,588.5,325.8,64.4244,20.6947
252,10.0400,266,Staff/GK,942,954,1014,1080,978.0,1077.5,59.7138,71.5854
252,10.0400,223,Referee,961,323,991,387,976.0,385.7,71.5857,31.5492
252,10.0400,139,Team B,411,747,483,890,447.0,887.1,54.9869,62.9249
252,10.0400,292,Team A,64,402,123,498,93.5,496.1,51.6469,37.4469
252,10.0400,311,Team B,391,967,481,1079,436.0,1076.8,53.8387,69.5123
252,10.0400,15,Team A,1817,385,1858,465,1837.5,463.4,87.1854,44.7136
252,10.0400,216,Team B,391,308,432,393,411.5,391.3,58.9973,28.2879
252,10.0400,337,Team B,1298,241,1331,313,1314.5,311.6,83.4000,23.5091
252,10.0400,8,Team B,1065,273,1093,334,1079.0,332.8,76.2708,24.9887
252,10.0400,340,Team A,1861,320,1894,391,1877.5,389.6,92.5342,37.5153
252,10.0400,348,Team B,1692,358,1752,450,1722.0,448.2,85.4915,42.5923
253,10.0800,2,Team B,313,712,393,849,353.0,846.3,53.9714,60.7955
253,10.0800,6,Team B,1460,715,1546,853,1503.0,850.2,69.0164,66.0573
253,10.0800,7,Team B,1559,464,1600,566,1579.5,564.0,77.6897,51.0868
253,10.0800,60,Team A,1145,258,1183,334,1164.0,332.5,78.4456,25.3214
253,10.0800,82,Team B,866,319,907,398,886.5,396.4,69.3483,31.7511
253,10.0800,89,Team A,677,447,728,542,702.5,540.1,62.2487,44.5897
253,10.0800,140,Team B,226,343,279,430,252.5,428.3,55.1846,31.5497
253,10.0800,69,Team A,1297,681,1375,774,1336.0,772.1,68.1625,62.0427
253,10.0800,232,Team B,1539,972,1622,1079,1580.5,1076.9,66.3596,73.9192
253,10.0800,166,Team B,568,270,605,325,586.5,323.9,64.3545,20.4603
253,10.0800,266,Staff/GK,946,954,1017,1080,981.5,1077.5,59.7327,71.6266
253,10.0800,223,Referee,956,321,991,395,973.5,393.5,71.3873,31.8250
253,10.0800,139,Team B,398,750,477,902,437.5,899.0,54.8015,63.2414
253,10.0800,292,Team A,62,402,119,498,90.5,496.1,51.5488,37.3924
253,10.0800,311,Team B,395,967,484,1079,439.5,1076.8,53.8558,69.5541
253,10.0800,15,Team A,1814,386,1857,470,1835.5,468.3,86.9319,45.0055
253,10.0800,216,Team B,384,310,427,393,405.5,391.3,58.8506,28.2090
253,10.0800,337,Team B,1300,241,1331,312,1315.5,310.6,83.4111,23.4073
253,10.0800,8,Team B,1062,273,1090,338,1076.0,336.7,76.0570,25.2615
253,10.0800,340,Team A,1861,322,1894,392,1877.5,390.6,92.4379,37.6102
253,10.0800,348,Team B,1690,357,1751,450,1720.5,448.1,85.4125,42.5952
254,10.1200,2,Team B,309,714,387,851,348.0,848.3,53.8516,60.9112
254,10.1200,6,Team B,1462,711,1550,853,1506.0,850.2,69.0221,66.1400
254,10.1200,7,Team B,1558,465,1600,571,1579.0,568.9,77.4802,51.4356
254,10.1200,60,Team A,1145,261,1179,332,1162.0,330.6,78.3508,25.2362
254,10.1200,82,Team B,860,319,902,400,881.0,398.4,69.1221,31.8948
254,10.1200,89,Team A,671,447,722,540,696.5,538.1,62.1464,44.4649
254,10.1200,140,Team B,219,341,271,428,245.0,426.3,55.0011,31.3563
254,10.1200,69,Team A,1297,679,1377,773,1337.0,771.1,68.1595,62.0213
254,10.1200,232,Team B,1541,971,1624,1079,1582.5,1076.8,66.3720,73.9553
254,10.1200,166,Team B,564,272,600,327,582.0,325.9,64.1847,20.5358
254,10.1200,266,Staff/GK,949,955,1018,1080,983.5,1077.5,59.7405,71.6643
254,10.1200,223,Referee,951,323,989,400,970.0,398.5,71.1241,32.2701
254,10.1200,139,Team B,387,752,470,912,428.5,908.8,54.6106,63.5909
254,10.1200,292,Team A,58,402,115,499,86.5,497.1,51.4295,37.4227
254,10.1200,311,Team B,399,966,485,1079,442.0,1076.7,53.8629,69.5925
254,10.1200,15,Team A,1811,390,1852,472,1831.5,470.4,86.6931,45.2151
254,10.1200,337,Team B,1300,241,1331,312,1315.5,310.6,83.3738,23.3666
254,10.1200,8,Team B,1058,272,1088,339,1073.0,337.7,75.8599,25.4414
254,10.1200,340,Team A,1860,322,1894,393,1877.0,391.6,92.3257,37.7072
254,10.1200,348,Team B,1685,357,1745,449,1715.0,447.2,85.3150,42.5172
254,10.1200,355,Team B,372,311,401,388,386.5,386.5,58.3464,27.4611
255,10.1600,2,Team B,303,715,380,854,341.5,851.2,53.7244,61.0306
255,10.1600,6,Team B,1465,709,1551,849,1508.0,846.2,69.0720,66.0950
255,10.1600,7,Team B,1558,467,1599,572,1578.5,569.9,77.3491,51.6198
255,10.1600,60,Team A,1141,262,1175,330,1158.0,328.6,78.2687,25.0227
255,10.1600,82,Team A,857,321,896,401,876.5,399.4,68.9163,32.0110
255,10.1600,89,Team A,664,448,715,541,689.5,539.1,61.9901,44.4469
255,10.1600,140,Team B,214,340,264,425,239.0,423.3,54.8327,31.0724
255,10.1600,69,Team A,1298,675,1378,771,1338.0,769.1,68.1742,61.9679
255,10.1600,232,Team B,1542,971,1624,1079,1583.0,1076.8,66.3717,73.9874
255,10.1600,166,Team B,557,273,592,326,574.5,324.9,63.9771,20.4619
255,10.1600,266,Staff/GK,951,955,1020,1080,985.5,1077.5,59.7439,71.7003
255,10.1600,223,Referee,944,325,982,403,963.0,401.4,70.8298,32.6307
255,10.1600,139,Team B,378,757,461,913,419.5,909.9,54.4457,63.7471
255,10.1600,292,Team A,53,399,109,497,81.0,495.0,51.2918,37.3161
255,10.1600,311,Team B,401,968,485,1079,443.0,1076.8,53.8564,69.6272
255,10.1600,15,Team A,1806,393,1846,473,1826.0,471.4,86.4730,45.3325
255,10.1600,337,Team B,1299,240,1331,311,1315.0,309.6,83.3451,23.2580
255,10.1600,8,Team B,1058,272,1084,329,1071.0,327.9,75.9761,24.6804
255,10.1600,340,Team A,1856,320,1893,396,1874.5,394.5,92.1013,37.9251
255,10.1600,348,Team B,1680,358,1739,448,1709.5,446.2,85.2090,42.4080
255,10.1600,355,Team B,369,313,396,384,382.5,382.6,58.2884,27.1697
256,10.2000,2,Team B,294,714,372,859,333.0,856.1,53.5739,61.1957
256,10.2000,6,Team B,1469,706,1555,847,1512.0,844.2,69.1342,66.0503
256,10.2000,7,Team B,1558,471,1597,570,1577.5,568.0,77.3043,51.6135
256,10.2000,60,Team A,1138,264,1171,330,1154.5,328.7,78.1399,24.9286
256,10.2000,82,Team A,851,320,890,402,870.5,400.4,68.7002,32.1063
256,10.2000,89,Team A,659,449,711,542,685.0,540.1,61.8396,44.4802
256,10.2000,140,Team A,207,340,255,423,231.0,421.3,54.6393,30.8108
256,10.2000,69,Team A,1298,672,1380,771,1339.0,769.0,68.1732,61.9571
256,10.2000,232,Team B,1542,972,1624,1079,1583.0,1076.9,66.3627,74.0169
256,10.2000,166,Team A,550,274,584,328,567.0,326.9,63.7098,20.5878
256,10.2000,266,Staff/GK,953,955,1021,1080,987.0,1077.5,59.7424,71.7343
256,10.2000,223,Referee,938,324,976,402,957.0,400.4,70.6154,32.6877
256,10.2000,139,Team B,366,760,447,913,406.5,909.9,54.2647,63.7923
256,10.2000,292,Team A,48,398,103,496,75.5,494.0,51.1440,37.2112
256,10.2000,311,Team B,404,969,485,1080,444.5,1077.8,53.8452,69.6789
256,10.2000,15,Team A,1801,394,1839,471,1820.0,469.5,86.3469,45.2512
256,10.2000,337,Team B,1298,240,1329,310,1313.5,308.6,83.3029,23.1197
256,10.2000,340,Team A,1854,320,1890,396,1872.0,394.5,91.9490,37.9974
256,10.2000,348,Team B,1676,357,1736,447,1706.0,445.2,85.1264,42.2914
256,10.2000,355,Team B,366,311,397,392,381.5,390.4,58.1443,27.6344
257,10.2400,2,Team B,287,714,364,861,325.5,858.1,53.4303,61.3059
257,10.2400,6,Team B,1475,704,1558,842,1516.5,839.2,69.2387,65.9360
257,10.2400,7,Team B,1556,475,1594,569,1575.0,567.1,77.2569,51.5673
257,10.2400,60,Team A,1134,264,1167,332,1150.5,330.6,77.9286,25.0436
257,10.2400,82,Team A,846,321,883,400,864.5,398.4,68.5313,31.9926
257,10.2400,89,Team A,655,450,706,542,680.5,540.2,61.7010,44.4869
257,10.2400,140,Team A,201,340,248,419,224.5,417.4,54.4638,30.4306
257,10.2400,69,Team A,1296,668,1381,771,1338.5,768.9,68.1531,61.9586
257,10.2400,232,Team B,1542,972,1624,1079,1583.0,1076.9,66.3504,74.0451
257,10.2400,266,Staff/GK,954,955,1021,1080,987.5,1077.5,59.7323,71.7654
257,10.2400,223,Referee,931,323,970,405,950.5,403.4,70.3501,32.8903
257,10.2400,139,Team B,351,763,429,913,390.0,910.0,54.0515,63.7844
257,10.2400,292,Team A,41,397,97,495,69.0,493.0,50.9809,37.1037
257,10.2400,311,Team B,405,969,485,1080,445.0,1077.8,53.8282,69.7171
257,10.2400,15,Team A,1795,392,1834,471,1814.5,469.4,86.2050,45.1944
257,10.2400,337,Team B,1296,240,1328,310,1312.0,308.6,83.2196,23.0584
257,10.2400,340,Team A,1849,318,1885,395,1867.0,393.5,91.8303,37.9333
257,10.2400,348,Team B,1672,357,1731,447,1701.5,445.2,85.0088,42.2261
257,10.2400,355,Team B,356,311,390,398,373.0,396.3,57.8876,28.2240
257,10.2400,361,Team B,1703,292,1736,372,1719.5,370.4,89.6934,34.2079
257,10.2400,362,Team B,1044,274,1075,335,1059.5,333.8,75.3582,24.9457
257,10.2400,363,Team B,1878,395,1917,493,1897.5,491.0,86.7364,47.5557
258,10.2800,2,Team B,277,713,355,865,316.0,862.0,53.2694,61.4389
258,10.2800,6,Team B,1476,701,1557,835,1516.5,832.3,69.3465,65.7314
258,10.2800,7,Team B,1553,476,1592,571,1572.5,569.1,77.1485,51.6280
258,10.2800,60,Team A,1130,262,1163,331,1146.5,329.6,77.7714,24.9893
258,10.2800,82,Team A,841,320,877,398,859.0,396.4,68.3880,31.7937
258,10.2800,89,Team A,651,451,701,542,676.0,540.2,61.5670,44.4830
258,10.2800,140,Team A,193,342,239,417,216.0,415.5,54.2593,30.1300
258,10.2800,69,Team A,1295,666,1381,771,1338.0,768.9,68.1248,61.9661
258,10.2800,232,Team B,1541,972,1623,1079,1582.0,1076.9,66.3301,74.0704
258,10.2800,266,Staff/GK,954,955,1021,1080,987.5,1077.5,59.7154,71.7941
258,10.2800,139,Team B,338,765,413,912,375.5,909.1,53.8426,63.7368
258,10.2800,292,Team A,35,397,91,494,63.0,492.1,50.8167,36.9980
258,10.2800,311,Staff/GK,404,969,483,1080,443.5,1077.8,53.7958,69.7454
258,10.2800,15,Team A,1789,394,1828,471,1808.5,469.5,86.0478,45.1501
258,10.2800,337,Team B,1294,241,1326,311,1310.0,309.6,83.0760,23.1164
258,10.2800,340,Team A,1843,318,1882,399,1862.5,397.4,91.5363,38.1462
258,10.2800,348,Team B,1667,359,1724,448,1695.5,446.2,84.8259,42.2350
258,10.2800,355,Team B,348,311,380,393,364.0,391.4,57.6684,28.0850
258,10.2800,361,Team B,1701,292,1732,368,1716.5,366.5,89.7717,33.9054
258,10.2800,362,Team B,1040,275,1072,338,1056.0,336.7,75.1863,25.1834
258,10.2800,363,Team B,1874,396,1913,494,1893.5,492.0,86.6357,47.5905
258,10.2800,364,Team A,541,271,565,326,553.0,324.9,63.0901,20.3205
259,10.3200,2,Team B,266,711,345,868,305.5,864.9,53.0969,61.5525
259,10.3200,6,Team B,1476,699,1554,829,1515.0,826.4,69.4322,65.5091
259,10.3200,7,Team B,1550,478,1590,574,1570.0,572.1,76.9958,51.7734
259,10.3200,60,Team A,1124,261,1159,333,1141.5,331.6,77.5350,25.1145
259,10.3200,82,Team A,836,319,873,398,854.5,396.4,68.2332,31.7015
259,10.3200,89,Team A,641,452,692,542,666.5,540.2,61.3805,44.4586
259,10.3200,140,Team A,185,341,231,417,208.0,415.5,54.0397,29.9923
259,10.3200,69,Team A,1293,665,1380,774,1336.5,771.8,68.0510,62.0565
259,10.3200,232,Team B,1539,972,1622,1079,1580.5,1076.9,66.3032,74.0934
259,10.3200,266,Staff/GK,954,955,1020,1080,987.0,1077.5,59.6926,71.8207
259,10.3200,139,Team B,325,766,400,919,362.5,915.9,53.6262,63.8604
259,10.3200,292,Team A,30,398,85,494,57.5,492.1,50.6557,36.9508
259,10.3200,311,Staff/GK,404,969,481,1080,442.5,1077.8,53.7606,69.7708
259,10.3200,15,Team A,1781,397,1822,474,1801.5,472.5,85.7810,45.2664
259,10.3200,337,Team B,1292,243,1324,312,1308.0,310.6,82.9078,23.2239
259,10.3200,340,Team A,1838,317,1876,396,1857.0,394.4,91.4292,38.0078
259,10.3200,348,Team B,1661,361,1715,448,1688.0,446.3,84.6273,42.2111
259,10.3200,355,Team B,342,310,376,397,359.0,395.3,57.4453,28.3037
259,10.3200,361,Team B,1698,293,1729,369,1713.5,367.5,89.6874,33.8417
259,10.3200,362,Team B,1033,275,1067,341,1050.0,339.7,74.9107,25.5024
259,10.3200,363,Team B,1870,397,1911,499,1890.5,497.0,86.3890,47.8396
259,10.3200,364,Team A,537,272,560,324,548.5,323.0,63.0067,20.1425
260,10.3600,2,Team B,257,714,334,871,295.5,867.9,52.9240,61.6620
260,10.3600,6,Team B,1474,693,1552,825,1513.0,822.4,69.4832,65.3239
260,10.3600,7,Team B,1543,480,1587,583,1565.0,580.9,76.6809,52.1890
260,10.3600,60,Team A,1118,262,1152,333,1135.0,331.6,77.2996,25.1429
260,10.3600,82,Team A,828,317,867,398,847.5,396.4,68.0407,31.6414
260,10.3600,89,Team A,631,451,684,544,657.5,542.1,61.1606,44.5202
260,10.3600,140,Team A,177,340,225,420,201.0,418.4,53.8133,30.1230
260,10.3600,69,Team A,1289,664,1377,776,1333.0,773.8,67.9528,62.1467
260,10.3600,232,Team B,1538,971,1621,1079,1579.5,1076.8,66.2772,74.1163
260,10.3600,266,Staff/GK,952,955,1019,1080,985.5,1077.5,59.6607,71.8441
260,10.3600,139,Team B,315,767,385,913,350.0,910.1,53.4432,63.7555
260,10.3600,292,Team A,22,399,77,494,49.5,492.1,50.4681,36.9189
260,10.3600,311,Staff/GK,405,970,481,1080,443.0,1077.8,53.7338,69.7989
260,10.3600,15,Team A,1771,397,1813,477,1792.0,475.4,85.4421,45.4336
260,10.3600,337,Team B,1287,245,1319,313,1303.0,311.6,82.6824,23.3385
260,10.3600,340,Team A,1832,319,1869,396,1850.5,394.5,91.2640,37.9248
260,10.3600,348,Team B,1651,359,1706,448,1678.5,446.2,84.3984,42.1621
260,10.3600,355,Team B,333,308,369,399,351.0,397.2,57.1984,28.5109
260,10.3600,361,Team B,1693,294,1725,369,1709.0,367.5,89.5542,33.7956
260,10.3600,362,Team B,1027,275,1062,343,1044.5,341.6,74.6276,25.7735
260,10.3600,363,Team B,1866,398,1905,496,1885.5,494.0,86.2958,47.7739
260,10.3600,364,Team A,528,271,552,324,540.0,322.9,62.8033,20.0482
261,10.4000,2,Team B,248,718,323,871,285.5,867.9,52.7577,61.6958
261,10.4000,6,Team B,1475,689,1550,819,1512.5,816.4,69.5554,65.1079
261,10.4000,7,Team B,1536,483,1582,588,1559.0,585.9,76.3717,52.5434
261,10.4000,60,Team A,1112,263,1145,332,1128.5,330.6,77.0920,25.0499
261,10.4000,82,Team A,819,317,860,397,839.5,395.4,67.8356,31.5247
261,10.4000,89,Team A,624,451,678,543,651.0,541.2,60.9814,44.4842
261,10.4000,140,Team A,169,341,218,424,193.5,422.3,53.5749,30.4262
261,10.4000,69,Team B,1284,662,1375,779,1329.5,776.7,67.8345,62.2636
261,10.4000,232,Team B,1537,971,1620,1079,1578.5,1076.8,66.2513,74.1395
261,10.4000,266,Staff/GK,951,955,1016,1080,983.5,1077.5,59.6219,71.8652
261,10.4000,139,Team B,298,771,373,930,335.5,926.8,53.2045,64.0811
261,10.4000,292,Team A,15,398,69,495,42.0,493.1,50.2741,36.9476
261,10.4000,311,Staff/GK,404,969,479,1080,441.5,1077.8,53.6976,69.8228
261,10.4000,15,Team A,1763,399,1806,478,1784.5,476.4,85.1582,45.5262
261,10.4000,337,Team B,1282,247,1313,312,1297.5,310.7,82.4948,23.2780
261,10.4000,340,Team A,1826,321,1862,395,1844.0,393.5,91.1135,37.7982
261,10.4000,348,Team B,1643,359,1697,448,1670.0,446.2,84.1690,42.1094
261,10.4000,355,Team B,323,309,356,391,339.5,389.4,56.9691,28.0000
261,10.4000,361,Team B,1685,292,1718,371,1701.5,369.4,89.2831,33.8836
261,10.4000,362,Team B,1022,275,1056,342,1039.0,340.7,74.4159,25.7838
261,10.4000,363,Team B,1861,398,1901,497,1881.0,495.0,86.1526,47.7797
261,10.4000,364,Team A,519,271,544,325,531.5,323.9,62.5382,20.0766
262,10.4400,2,Team B,238,723,309,870,273.5,867.1,52.5809,61.6697
262,10.4400,6,Team B,1476,689,1548,814,1512.0,811.5,69.6240,64.9048
262,10.4400,7,Team B,1530,486,1577,594,1553.5,591.8,76.0536,52.9129
262,10.4400,60,Team A,1104,263,1137,332,1120.5,330.6,76.8453,24.9840
262,10.4400,82,Team A,808,319,852,400,830.0,398.4,67.5385,31.6572
262,10.4400,89,Team A,616,450,672,545,644.0,543.1,60.7866,44.5480
262,10.4400,140,Team A,158,338,208,424,183.0,422.3,53.3124,30.5195
262,10.4400,69,Team B,1281,662,1371,778,1326.0,775.7,67.7513,62.2828
262,10.4400,232,Team B,1535,972,1618,1079,1576.5,1076.9,66.2185,74.1609
262,10.4400,266,Staff/GK,948,955,1014,1080,981.0,1077.5,59.5769,71.8842
262,10.4400,139,Team B,283,775,359,940,321.0,936.7,52.9628,64.4155
262,10.4400,292,Team A,9,400,62,495,35.5,493.1,50.0901,36.9526
262,10.4400,311,Staff/GK,402,968,477,1080,439.5,1077.8,53.6543,69.8439
262,10.4400,15,Team A,1755,401,1797,482,1776.0,480.4,84.7978,45.7408
262,10.4400,337,Team B,1277,250,1307,311,1292.0,309.8,82.3209,23.1492
262,10.4400,340,Team A,1819,323,1853,394,1836.0,392.6,90.9467,37.6483
262,10.4400,348,Team B,1635,357,1688,445,1661.5,443.2,84.0284,41.8811
262,10.4400,355,Team B,315,309,345,380,330.0,378.6,56.7915,26.9747
262,10.4400,361,Team B,1677,293,1710,369,1693.5,367.5,89.0983,33.7409
262,10.4400,362,Team B,1014,275,1048,342,1031.0,340.7,74.1708,25.7607
262,10.4400,363,Team B,1854,398,1893,495,1873.5,493.1,86.0400,47.6551
262,10.4400,364,Team A,510,271,537,328,523.5,326.9,62.2302,20.3285
263,10.4800,2,Team B,225,727,295,871,260.0,868.1,52.3842,61.6655
263,10.4800,6,Team B,1477,689,1546,810,1511.5,807.6,69.6796,64.7311
263,10.4800,7,Team B,1527,489,1572,592,1549.5,589.9,75.8992,52.9747
263,10.4800,60,Team A,1096,265,1127,331,1111.5,329.7,76.5935,24.8454
263,10.4800,82,Team A,801,320,847,401,824.0,399.4,67.2853,31.7639
263,10.4800,89,Team A,609,450,666,547,637.5,545.1,60.5913,44.6541
263,10.4800,140,Team A,148,338,196,423,172.0,421.3,53.0375,30.4660
263,10.4800,69,Team B,1279,659,1369,778,1324.0,775.6,67.6848,62.2930
263,10.4800,232,Team B,1533,972,1615,1079,1574.0,1076.9,66.1797,74.1799
263,10.4800,266,Staff/GK,946,955,1011,1080,978.5,1077.5,59.5295,71.9023
263,10.4800,139,Team B,267,780,342,945,304.5,941.7,52.7179,64.6363
263,10.4800,292,Team A,1,401,55,502,28.0,500.0,49.8916,37.3236
263,10.4800,311,Staff/GK,399,967,474,1080,436.5,1077.7,53.6017,69.8616
263,10.4800,15,Team A,1746,402,1788,482,1767.0,480.4,84.5166,45.7942
263,10.4800,337,Team B,1270,246,1301,311,1285.5,309.7,82.1071,23.0651
263,10.4800,340,Team A,1810,323,1844,395,1827.0,393.6,90.6840,37.6144
263,10.4800,355,Team B,306,312,334,379,320.0,377.7,56.5535,26.4717
263,10.4800,361,Team B,1671,295,1704,371,1687.5,369.5,88.8264,33.8028
263,10.4800,362,Team B,1007,274,1040,340,1023.5,338.7,73.9682,25.5629
263,10.4800,363,Team B,1849,397,1888,494,1868.5,492.1,85.9415,47.5358
263,10.4800,364,Team A,501,273,528,331,514.5,329.8,61.8922,20.6672
264,10.5200,2,Team B,206,729,280,876,243.0,873.1,52.1459,61.7598
264,10.5200,6,Team B,1477,690,1543,807,1510.0,804.7,69.7096,64.5916
264,10.5200,7,Team B,1521,490,1567,595,1544.0,592.9,75.7015,53.1056
264,10.5200,60,Team A,1088,267,1119,333,1103.5,331.7,76.2741,24.9315
264,10.5200,82,Team A,794,321,840,402,817.0,400.4,67.0366,31.8566
264,10.5200,89,Team B,605,450,662,546,633.5,544.1,60.4485,44.6449
264,10.5200,140,Team A,137,338,184,422,160.5,420.3,52.7510,30.3523
264,10.5200,69,Team B,1274,654,1367,780,1320.5,777.5,67.5908,62.3489
264,10.5200,232,Team B,1531,973,1612,1079,1571.5,1076.9,66.1383,74.1984
264,10.5200,266,Staff/GK,943,955,1007,1080,975.0,1077.5,59.4744,71.9178
264,10.5200,139,Team B,251,785,325,946,288.0,942.8,52.4802,64.7235
264,10.5200,292,Team A,0,403,48,505,24.0,503.0,49.7314,37.6347
264,10.5200,311,Staff/GK,397,967,471,1080,434.0,1077.7,53.5485,69.8795
264,10.5200,15,Team A,1738,402,1779,479,1758.5,477.5,84.3586,45.6282
264,10.5200,337,Team B,1264,247,1295,311,1279.5,309.7,81.8815,23.0101
264,10.5200,340,Team A,1802,323,1835,395,1818.5,393.6,90.4280,37.5633
264,10.5200,355,Team B,296,313,325,384,310.5,382.6,56.2575,26.6177
264,10.5200,361,Team B,1662,294,1694,370,1678.0,368.5,88.5818,33.7131
264,10.5200,362,Team B,1000,275,1032,337,1016.0,335.8,73.8045,25.2160
264,10.5200,363,Team B,1844,397,1883,493,1863.5,491.1,85.8475,47.4193
264,10.5200,364,Team A,491,274,519,334,505.0,332.8,61.5374,21.0348
265,10.5600,2,Team B,190,729,268,882,229.0,878.9,51.9133,61.9241
265,10.5600,6,Team B,1476,690,1540,803,1508.0,800.7,69.7371,64.4374
265,10.5600,7,Team B,1515,491,1561,599,1538.0,596.8,75.4637,53.3014
265,10.5600,60,Team A,1082,265,1114,335,1098.0,333.6,75.9689,25.1101
265,10.5600,82,Team A,785,322,830,403,807.5,401.4,66.7569,31.9347
265,10.5600,89,Team B,602,450,658,545,630.0,543.1,60.3317,44.5911
265,10.5600,140,Team A,129,335,177,421,153.0,419.3,52.5089,30.2245
265,10.5600,69,Team B,1271,648,1365,778,1318.0,775.4,67.5376,62.3158
265,10.5600,232,Team B,1528,972,1609,1079,1568.5,1076.9,66.0927,74.2148
265,10.5600,266,Staff/GK,941,954,1005,1080,973.0,1077.5,59.4262,71.9353
265,10.5600,139,Team B,237,786,310,946,273.5,942.8,52.2619,64.7382
265,10.5600,292,Team A,0,403,43,504,21.5,502.0,49.6068,37.7106
265,10.5600,311,Staff/GK,395,969,468,1079,431.5,1076.8,53.4971,69.8804
265,10.5600,15,Team A,1729,402,1769,476,1749.0,474.5,84.2363,45.3695
265,10.5600,337,Team B,1258,247,1288,311,1273.0,309.7,81.6438,22.9634
265,10.5600,340,Team A,1792,322,1827,397,1809.5,395.5,90.0939,37.6340
265,10.5600,355,Team B,285,314,318,393,301.5,391.4,55.9230,27.3057
265,10.5600,361,Team B,1654,291,1686,367,1670.0,365.5,88.4451,33.4210
265,10.5600,362,Team B,992,277,1023,339,1007.5,337.8,73.5209,25.2160
265,10.5600,363,Team B,1838,395,1879,495,1858.5,493.0,85.6692,47.4518
265,10.5600,364,Team A,483,272,512,334,497.5,332.8,61.2427,21.1628
265,10.5600,348,Team B,1607,358,1659,443,1633.0,441.3,83.5716,41.5659
266,10.6000,2,Team B,177,730,256,885,216.5,881.9,51.7002,62.0464
266,10.6000,6,Team B,1475,689,1539,803,1507.0,800.7,69.7253,64.3826
266,10.6000,7,Team B,1511,491,1557,599,1534.0,596.8,75.3052,53.3712
266,10.6000,82,Team A,773,322,820,404,796.5,402.4,66.4459,32.0002
266,10.6000,89,Team B,599,448,655,544,627.0,542.1,60.2309,44.5192
266,10.6000,140,Team A,123,337,169,421,146.0,419.3,52.2869,30.1657
266,10.6000,69,Team B,1269,646,1362,776,1315.5,773.4,67.4996,62.2491
266,10.6000,232,Team B,1525,970,1608,1079,1566.5,1076.8,66.0524,74.2324
266,10.6000,266,Staff/GK,938,953,1002,1080,970.0,1077.5,59.3742,71.9514
266,10.6000,139,Team B,220,790,295,950,257.5,946.8,52.0338,64.8099
266,10.6000,292,Team A,0,400,36,502,18.0,500.0,49.4860,37.6322
266,10.6000,311,Staff/GK,393,970,464,1079,428.5,1076.8,53.4410,69.8907
266,10.6000,15,Team A,1719,402,1760,479,1739.5,477.5,83.9583,45.3882
266,10.6000,337,Team B,1249,245,1281,312,1265.0,310.7,81.3456,22.9990
266,10.6000,340,Team A,1783,319,1819,396,1801.0,394.5,89.8481,37.5555
266,10.6000,355,Team B,274,313,310,401,292.0,399.2,55.5784,28.1205
266,10.6000,361,Team B,1646,290,1680,369,1663.0,367.4,88.1796,33.4166
266,10.6000,362,Team B,985,277,1017,339,1001.0,337.8,73.2678,25.1961
266,10.6000,363,Team B,1830,395,1872,499,1851.0,496.9,85.3685,47.6353
266,10.6000,364,Team A,474,272,502,332,488.0,330.8,60.9658,21.0223
266,10.6000,8,Team B,1071,265,1101,331,1086.0,329.7,75.7295,24.6350
267,10.6400,2,Team B,166,733,245,889,205.5,885.9,51.5053,62.1809
267,10.6400,6,Team B,1473,688,1539,806,1506.0,803.6,69.6630,64.4450
267,10.6400,7,Team B,1508,491,1553,598,1530.5,595.9,75.2017,53.3529
267,10.6400,82,Team A,763,320,808,404,785.5,402.3,66.1382,31.9908
267,10.6400,89,Team B,593,446,650,544,621.5,542.0,60.1009,44.4791
267,10.6400,140,Team A,115,336,160,419,137.5,417.3,52.0604,29.9934
267,10.6400,69,Team B,1264,642,1355,774,1309.5,771.4,67.4372,62.1576
267,10.6400,232,Staff/GK,1522,970,1605,1079,1563.5,1076.8,66.0070,74.2488
267,10.6400,266,Staff/GK,935,954,999,1080,967.0,1077.5,59.3203,71.9675
267,10.6400,139,Team B,207,793,286,955,246.5,951.8,51.8368,64.9377
267,10.6400,311,Staff/GK,390,971,461,1079,425.5,1076.8,53.3830,69.9049
267,10.6400,15,Team A,1707,404,1750,484,1728.5,482.4,83.5449,45.6175
267,10.6400,337,Team B,1243,246,1276,312,1259.5,310.7,81.0940,22.9950
267,10.6400,340,Team A,1774,318,1811,397,1792.5,395.4,89.5625,37.5518
267,10.6400,355,Team B,265,312,301,402,283.0,400.2,55.2797,28.4956
267,10.6400,361,Team B,1638,290,1671,368,1654.5,366.4,87.9496,33.3059
267,10.6400,362,Team B,977,280,1007,341,992.0,339.8,72.9424,25.3263
267,10.6400,363,Team B,1822,395,1863,496,1842.5,494.0,85.2061,47.5293
267,10.6400,364,Team A,466,272,494,333,480.0,331.8,60.6827,21.0341
267,10.6400,8,Team B,1067,265,1097,333,1082.0,331.6,75.4752,24.7720
268,10.6800,2,Team B,157,735,233,888,195.0,884.9,51.3291,62.1991
268,10.6800,6,Team B,1471,686,1538,806,1504.5,803.6,69.6112,64.4750
268,10.6800,7,Team B,1504,491,1550,602,1527.0,599.8,75.0301,53.4962
268,10.6800,82,Team A,753,319,796,402,774.5,400.3,65.8606,31.8177
268,10.6800,89,Team B,588,443,644,543,616.0,541.0,59.9672,44.4037
268,10.6800,140,Team A,106,330,153,419,129.5,417.2,51.8324,29.9032
268,10.6800,69,Team B,1260,642,1346,769,1303.0,766.5,67.3914,61.9727
268,10.6800,232,Staff/GK,1520,970,1602,1079,1561.0,1076.8,65.9630,74.2658
268,10.6800,266,Staff/GK,932,954,995,1080,963.5,1077.5,59.2625,71.9822
268,10.6800,139,Team B,192,798,274,958,233.0,954.8,51.6381,65.0389
268,10.6800,311,Staff/GK,387,972,457,1079,422.0,1076.9,53.3210,69.9194
268,10.6800,15,Team A,1695,407,1739,487,1717.0,485.4,83.1283,45.8254
268,10.6800,337,Team B,1236,247,1269,312,1252.5,310.7,80.8368,22.9694
268,10.6800,340,Team A,1765,318,1803,396,1784.0,394.4,89.3328,37.4479
268,10.6800,355,Team B,256,310,294,403,275.0,401.1,55.0126,28.6971
268,10.6800,361,Team B,1631,289,1666,369,1648.5,367.4,87.6988,33.3062
268,10.6800,362,Team B,968,280,999,344,983.5,342.7,72.5758,25.5932
268,10.6800,363,Team B,1817,397,1857,493,1837.0,491.1,85.1346,47.3190
268,10.6800,364,Team A,458,272,486,331,472.0,329.8,60.4306,20.8533
268,10.6800,8,Team B,1060,264,1091,335,1075.5,333.6,75.1815,24.9696
269,10.7200,2,Team B,149,739,222,891,185.5,888.0,51.1623,62.2718
269,10.7200,6,Team B,1470,684,1537,805,1503.5,802.6,69.5795,64.4676
269,10.7200,7,Team B,1499,493,1548,613,1523.5,610.6,74.7095,53.9745
269,10.7200,82,Team A,744,320,786,403,765.0,401.3,65.5701,31.7910
269,10.7200,89,Team B,583,440,638,542,610.5,540.0,59.8318,44.3142
269,10.7200,140,Team A,98,326,146,421,122.0,419.1,51.6048,29.9830
269,10.7200,69,Team B,1255,640,1340,768,1297.5,765.4,67.3184,61.8635
269,10.7200,232,Staff/GK,1515,970,1597,1079,1556.0,1076.8,65.9024,74.2773
269,10.7200,266,Staff/GK,930,955,992,1080,961.0,1077.5,59.2095,71.9990
269,10.7200,139,Team B,178,791,267,960,222.5,956.6,51.4622,65.1094
269,10.7200,311,Staff/GK,384,973,454,1079,419.0,1076.9,53.2605,69.9353
269,10.7200,15,Team A,1685,410,1728,490,1706.5,488.4,82.7247,46.0277
269,10.7200,337,Team B,1229,249,1260,311,1244.5,309.8,80.5925,22.8449
269,10.7200,340,Team A,1757,319,1795,397,1776.0,395.4,89.0593,37.4395
269,10.7200,355,Team B,246,309,288,412,267.0,409.9,54.7180,29.3753
269,10.7200,362,Team B,961,282,992,344,976.5,342.8,72.2821,25.6824
269,10.7200,363,Team B,1810,399,1850,494,1830.0,492.1,84.9666,47.2616
269,10.7200,364,Team A,449,272,477,330,463.0,328.8,60.1647,20.6765
269,10.7200,8,Team B,1052,263,1084,335,1068.0,333.6,74.9081,25.0227
270,10.7600,2,Team B,133,738,219,925,176.0,921.3,50.9632,63.0972
270,10.7600,6,Team B,1469,686,1536,804,1502.5,801.6,69.5547,64.4473
270,10.7600,7,Team B,1495,495,1544,615,1519.5,612.6,74.4835,54.2361
270,10.7600,82,Team A,736,319,778,405,757.0,403.3,65.2812,31.8931
270,10.7600,89,Team B,579,438,632,540,605.5,538.0,59.7084,44.1740
270,10.7600,140,Team A,90,325,138,422,114.0,420.1,51.3741,30.0669
270,10.7600,69,Team B,1251,642,1332,767,1291.5,764.5,67.2291,61.7855
270,10.7600,232,Staff/GK,1512,970,1594,1079,1553.0,1076.8,65.8487,74.2912
270,10.7600,266,Staff/GK,927,957,989,1080,958.0,1077.5,59.1551,72.0158
270,10.7600,139,Team B,158,772,258,960,208.0,956.2,51.2702,65.1094
270,10.7600,311,Staff/GK,381,972,451,1079,416.0,1076.9,53.2007,69.9509
270,10.7600,15,Team A,1675,411,1717,489,1696.0,487.4,82.4335,46.0215
270,10.7600,337,Team B,1220,249,1253,314,1236.5,312.7,80.2283,23.0306
270,10.7600,340,Team A,1750,320,1786,394,1768.0,392.5,88.9114,37.2045
270,10.7600,355,Team B,236,308,279,410,257.5,408.0,54.4505,29.4908
270,10.7600,362,Team B,952,282,983,344,967.5,342.8,71.9888,25.6899
270,10.7600,363,Team B,1803,399,1842,492,1822.5,490.1,84.8393,47.1111
270,10.7600,364,Team A,440,273,467,332,453.5,330.8,59.8537,20.7564
270,10.7600,8,Team B,1042,264,1076,336,1059.0,334.6,74.5943,25.0982
270,10.7600,348,Team B,1555,351,1607,437,1581.0,435.3,82.7294,40.8839
270,10.7600,361,Team B,1616,290,1651,369,1633.5,367.4,87.3058,33.2441
271,10.8000,6,Team B,1468,688,1536,805,1502.0,802.7,69.5139,64.4751
271,10.8000,7,Team B,1491,499,1538,614,1514.5,611.7,74.3355,54.2949
271,10.8000,82,Team A,726,321,768,407,747.0,405.3,64.9667,32.0433
271,10.8000,89,Team B,575,439,626,540,600.5,538.0,59.5734,44.1116
271,10.8000,140,Team A,83,323,128,416,105.5,414.1,51.1509,29.6861
271,10.8000,69,Team B,1246,640,1327,767,1286.5,764.5,67.1321,61.7488
271,10.8000,232,Staff/GK,1509,970,1591,1079,1550.0,1076.8,65.7978,74.3061
271,10.8000,266,Staff/GK,923,956,985,1080,954.0,1077.5,59.0936,72.0293
271,10.8000,139,Team B,135,747,247,962,191.0,957.7,51.0517,65.1163
271,10.8000,311,Staff/GK,378,972,447,1079,412.5,1076.9,53.1379,69.9657
271,10.8000,15,Team A,1665,413,1704,487,1684.5,485.5,82.1998,45.8780
271,10.8000,337,Team B,1213,248,1245,313,1229.0,311.7,79.9504,22.9885
271,10.8000,340,Team A,1742,323,1776,392,1759.0,390.6,88.7610,36.9431
271,10.8000,355,Team B,227,309,269,407,248.0,405.0,54.1975,29.3155
271,10.8000,362,Team B,943,283,974,346,958.5,344.7,71.6523,25.8268
271,10.8000,363,Team B,1797,399,1836,492,1816.5,490.1,84.6903,47.0292
271,10.8000,364,Team A,431,274,460,334,445.5,332.8,59.5476,20.9439
271,10.8000,8,Team B,1035,264,1070,337,1052.5,335.5,74.3031,25.1907
271,10.8000,384,Referee,791,339,837,422,814.0,420.3,65.8528,34.2189
271,10.8000,348,Team B,1542,347,1597,437,1569.5,435.2,82.2116,40.5637
272,10.8400,6,Team B,1465,692,1535,811,1500.0,808.6,69.3965,64.6479
272,10.8400,7,Team B,1485,503,1532,617,1508.5,614.7,74.1401,54.4221
272,10.8400,82,Team A,718,322,758,406,738.0,404.3,64.6968,32.0138
272,10.8400,89,Team B,570,441,618,540,594.0,538.0,59.4170,44.0768
272,10.8400,140,Team A,75,325,118,412,96.5,410.3,50.9182,29.2528
272,10.8400,69,Team B,1241,638,1320,768,1280.5,765.4,67.0127,61.7540
272,10.8400,232,Staff/GK,1505,969,1587,1079,1546.0,1076.8,65.7412,74.3188
272,10.8400,266,Staff/GK,920,955,982,1080,951.0,1077.5,59.0360,72.0437
272,10.8400,311,Staff/GK,373,973,442,1079,407.5,1076.9,53.0640,69.9772
272,10.8400,15,Team A,1653,413,1692,486,1672.5,484.5,81.9567,45.7268
272,10.8400,337,Team B,1205,248,1237,313,1221.0,311.7,79.6671,22.9434
272,10.8400,340,Team A,1734,324,1768,394,1751.0,392.6,88.4822,36.9399
272,10.8400,355,Team B,219,311,257,397,238.0,395.3,53.9737,28.5362
272,10.8400,362,Team B,937,285,967,344,952.0,342.8,71.4203,25.7070
272,10.8400,363,Team B,1791,401,1828,490,1809.5,488.2,84.5746,46.8722
272,10.8400,364,Team A,422,275,451,334,436.5,332.8,59.2499,21.0024
272,10.8400,8,Team B,1027,266,1062,336,1044.5,334.6,74.0457,25.1239
272,10.8400,384,Referee,778,339,823,421,800.5,419.4,65.6549,34.1143
272,10.8400,348,Team B,1530,346,1584,436,1557.0,434.2,81.8356,40.3289
272,10.8400,2,Team B,112,736,211,956,161.5,951.6,50.7063,64.1197
273,10.8800,6,Team B,1463,693,1535,812,1499.0,809.6,69.3150,64.7510
273,10.8800,7,Team B,1481,506,1527,618,1504.0,615.8,73.9761,54.5044
273,10.8800,82,Team A,708,323,748,408,728.0,406.3,64.3915,32.1103
273,10.8800,89,Team B,565,440,613,541,589.0,539.0,59.2613,44.1026
273,10.8800,140,Team A,67,325,110,414,88.5,412.2,50.6825,29.2029
273,10.8800,69,Team B,1239,635,1318,767,1278.5,764.4,66.9406,61.7302
273,10.8800,232,Staff/GK,1501,968,1584,1079,1542.5,1076.8,65.6858,74.3316
273,10.8800,266,Staff/GK,915,954,978,1080,946.5,1077.5,58.9698,72.0550
273,10.8800,311,Staff/GK,370,975,437,1079,403.5,1076.9,52.9920,69.9899
273,10.8800,15,Team A,1641,412,1682,488,1661.5,486.5,81.6454,45.7301
273,10.8800,337,Team B,1197,245,1231,313,1214.0,311.6,79.3991,22.8961
273,10.8800,340,Team A,1726,322,1760,394,1743.0,392.6,88.2255,36.9025
273,10.8800,355,Team B,207,313,244,400,225.5,398.3,53.6701,28.4084
273,10.8800,362,Team B,931,285,959,340,945.0,338.9,71.2649,25.3169
273,10.8800,363,Team B,1781,401,1819,492,1800.0,490.2,84.3298,46.8768
273,10.8800,364,Team A,412,276,440,333,426.0,331.9,58.9435,20.9203
273,10.8800,8,Team B,1018,269,1053,336,1035.5,334.7,73.7619,25.0737
273,10.8800,384,Referee,764,342,810,424,787.0,422.4,65.3216,34.2284
273,10.8800,2,Team B,114,780,195,962,154.5,958.4,50.5278,64.6782
274,10.9200,6,Team B,1460,693,1535,814,1497.5,811.6,69.2325,64.8498
274,10.9200,7,Team B,1475,508,1521,618,1498.0,615.8,73.8259,54.5253
274,10.9200,82,Team A,695,323,735,407,715.0,405.3,64.0725,32.0448
274,10.9200,89,Team B,559,439,606,542,582.5,539.9,59.0898,44.1481
274,10.9200,140,Team A,58,325,101,412,79.5,410.3,50.4399,29.0340
274,10.9200,69,Team B,1238,633,1314,767,1276.0,764.3,66.8723,61.7223
274,10.9200,232,Staff/GK,1496,969,1579,1079,1537.5,1076.8,65.6201,74.3417
274,10.9200,266,Staff/GK,912,954,974,1080,943.0,1077.5,58.9067,72.0678
274,10.9200,311,Staff/GK,365,976,433,1079,399.0,1076.9,52.9176,70.0017
274,10.9200,15,Team A,1627,412,1670,492,1648.5,490.4,81.2322,45.8914
274,10.9200,337,Team B,1189,246,1224,313,1206.5,311.7,79.1266,22.8535
274,10.9200,340,Team A,1717,322,1752,395,1734.5,393.5,87.9338,36.9192
274,10.9200,355,Team B,197,314,230,390,213.5,388.5,53.3940,27.6279
274,10.9200,362,Team B,922,288,950,343,936.0,341.9,70.9615,25.3817
274,10.9200,363,Team B,1773,399,1811,493,1792.0,491.1,84.0816,46.8988
274,10.9200,364,Team A,403,275,433,334,418.0,332.8,58.6509,20.9562
274,10.9200,8,Team B,1008,267,1045,337,1026.5,335.6,73.4465,25.1042
274,10.9200,384,Referee,752,343,799,429,775.5,427.3,64.9360,34.5593
274,10.9200,2,Team B,104,798,178,963,141.0,959.7,50.3401,64.9144
274,10.9200,361,Team B,1579,289,1615,370,1597.0,368.4,86.4310,33.1406
274,10.9200,348,Team B,1513,348,1567,435,1540.0,433.3,81.4231,40.1161
275,10.9600,6,Team B,1459,693,1536,813,1497.5,810.6,69.1961,64.8743
275,10.9600,7,Team B,1467,510,1514,622,1490.5,619.8,73.5996,54.6685
275,10.9600,82,Team A,683,323,725,408,704.0,406.3,63.7485,32.0557
275,10.9600,89,Team B,554,440,599,541,576.5,539.0,58.9316,44.1100
275,10.9600,140,Team A,47,326,91,412,69.0,410.3,50.1725,28.9489
275,10.9600,69,Team B,1234,633,1308,766,1271.0,763.3,66.7931,61.6865
275,10.9600,232,Staff/GK,1491,968,1574,1079,1532.5,1076.8,65.5506,74.3501
275,10.9600,266,Staff/GK,908,956,969,1080,938.5,1077.5,58.8380,72.0796
275,10.9600,311,Staff/GK,361,977,427,1080,394.0,1077.9,52.8371,70.0299
275,10.9600,15,Team A,1614,415,1659,495,1636.5,493.4,80.8165,46.0705
275,10.9600,337,Team B,1182,246,1215,311,1198.5,309.7,78.9043,22.6327
275,10.9600,340,Team A,1708,323,1742,395,1725.0,393.6,87.6478,36.8886
275,10.9600,355,Team B,186,313,221,395,203.5,393.4,53.0941,27.6502
275,10.9600,362,Team B,913,290,943,348,928.0,346.8,70.5763,25.7875
275,10.9600,363,Team B,1765,400,1804,495,1784.5,493.1,83.8097,46.9832
275,10.9600,364,Team A,394,274,427,335,410.5,333.8,58.3714,21.0412
275,10.9600,8,Team B,999,269,1036,339,1017.5,337.6,73.0943,25.2551
275,10.9600,384,Referee,739,343,787,432,763.0,430.2,64.5461,34.8442
275,10.9600,2,Team B,83,801,157,966,120.0,962.7,50.0948,65.0410
275,10.9600,361,Team B,1571,288,1605,367,1588.0,365.4,86.0142,32.8435
275,10.9600,348,Team B,1505,349,1555,434,1530.0,432.3,81.1197,39.9361
276,11.0000,6,Team B,1461,693,1540,816,1500.5,813.5,69.1593,64.9798
276,11.0000,7,Team B,1462,512,1508,621,1485.0,618.8,73.4462,54.6779
276,11.0000,82,Team A,673,325,715,409,694.0,407.3,63.4357,32.1037
276,11.0000,89,Team B,549,441,593,542,571.0,540.0,58.7696,44.1353
276,11.0000,140,Team A,37,326,82,414,59.5,412.2,49.9057,29.0343
276,11.0000,69,Team B,1229,634,1301,769,1265.0,766.3,66.6596,61.7509
276,11.0000,232,Staff/GK,1488,969,1571,1079,1529.5,1076.8,65.4929,74.3631
276,11.0000,266,Staff/GK,905,957,965,1080,935.0,1077.5,58.7737,72.0929
276,11.0000,311,Staff/GK,357,977,423,1080,390.0,1077.9,52.7625,70.0487
276,11.0000,15,Team A,1600,416,1647,500,1623.5,498.3,80.3423,46.3510
276,11.0000,337,Team B,1174,247,1207,309,1190.5,307.8,78.7004,22.3418
276,11.0000,340,Team A,1697,322,1734,396,1715.5,394.5,87.3310,36.9034
276,11.0000,355,Team B,175,312,211,395,193.0,393.3,52.7982,27.6376
276,11.0000,362,Team B,904,291,934,350,919.0,348.8,70.2070,26.0835
276,11.0000,363,Team B,1757,400,1797,497,1777.0,495.1,83.5296,47.0914
276,11.0000,364,Team A,385,275,416,334,400.5,332.8,58.0790,20.9733
276,11.0000,8,Team B,989,268,1026,341,1007.5,339.5,72.7153,25.4449
276,11.0000,384,Referee,727,346,775,435,751.0,433.2,64.1621,35.1151
276,11.0000,2,Team B,56,765,145,970,100.5,965.9,49.8376,65.1317
276,11.0000,361,Team B,1562,289,1595,365,1578.5,363.5,85.7364,32.5417
276,11.0000,348,Team B,1494,349,1543,434,1518.5,432.3,80.8129,39.8230
277,11.0400,6,Team B,1465,687,1545,815,1505.0,812.4,69.1811,65.0165
277,11.0400,7,Team B,1457,513,1502,623,1479.5,620.8,73.2733,54.7464
277,11.0400,82,Team B,665,325,708,409,686.5,407.3,63.1729,32.1062
277,11.0400,89,Team B,543,440,587,541,565.0,539.0,58.6151,44.0875
277,11.0400,140,Team A,26,327,74,415,50.0,413.2,49.6408,29.1219
277,11.0400,69,Team B,1225,633,1296,773,1260.5,770.2,66.5085,61.8864
277,11.0400,232,Staff/GK,1484,970,1567,1079,1525.5,1076.8,65.4330,74.3756
277,11.0400,266,Staff/GK,900,957,961,1080,930.5,1077.5,58.7045,72.1042
277,11.0400,311,Staff/GK,353,979,419,1080,386.0,1078.0,52.6902,70.0644
277,11.0400,15,Team A,1589,419,1637,505,1613.0,503.3,79.8784,46.6805
277,11.0400,337,Team B,1166,248,1200,311,1183.0,309.7,78.3931,22.3807
277,11.0400,340,Team A,1688,321,1726,397,1707.0,395.5,87.0168,36.9403
277,11.0400,355,Team B,167,311,204,395,185.5,393.3,52.5423,27.6216
277,11.0400,362,Team B,895,292,926,354,910.5,352.8,69.8145,26.4928
277,11.0400,363,Team B,1748,399,1789,498,1768.5,496.0,83.2615,47.1544
277,11.0400,364,Team A,375,276,407,336,391.0,334.8,57.7630,21.0973
277,11.0400,8,Team B,980,265,1019,342,999.5,340.5,72.3796,25.5735
277,11.0400,384,Referee,716,345,763,432,739.5,430.3,63.8624,35.0045
277,11.0400,2,Team B,38,756,130,974,84.0,969.6,49.5973,65.2269
277,11.0400,361,Team B,1556,288,1589,365,1572.5,363.5,85.4994,32.3955
277,11.0400,348,Team B,1484,350,1531,436,1507.5,434.3,80.4583,39.8599
278,11.0800,6,Team B,1469,685,1549,814,1509.0,811.4,69.2212,65.0262
278,11.0800,7,Team B,1450,514,1498,632,1474.0,629.6,72.9825,55.0995
278,11.0800,82,Team B,659,326,700,404,679.5,402.4,62.9958,31.7582
278,11.0800,89,Team B,537,439,582,545,559.5,542.9,58.4344,44.2497
278,11.0800,140,Team A,17,328,65,418,41.0,416.2,49.3822,29.3453
278,11.0800,69,Team B,1220,633,1290,776,1255.0,773.1,66.3520,62.0197
278,11.0800,232,Staff/GK,1482,972,1563,1079,1522.5,1076.9,65.3788,74.3906
278,11.0800,266,Staff/GK,896,957,957,1080,926.5,1077.5,58.6367,72.1158
278,11.0800,311,Staff/GK,347,980,413,1080,380.0,1078.0,52.6057,70.0741
278,11.0800,15,Team A,1579,421,1628,509,1603.5,507.2,79.4576,46.9807
278,11.0800,337,Team B,1158,248,1191,309,1174.5,307.8,78.1460,22.1907
278,11.0800,340,Team A,1680,322,1718,398,1699.0,396.5,86.7097,36.9908
278,11.0800,355,Team B,155,312,193,395,174.0,393.3,52.2511,27.5940
278,11.0800,362,Team B,886,292,918,358,902.0,356.7,69.4162,26.9425
278,11.0800,363,Team B,1741,401,1782,499,1761.5,497.0,83.0156,47.2079
278,11.0800,364,Team A,364,275,397,337,380.5,335.8,57.4330,21.2075
278,11.0800,8,Team A,973,265,1010,341,991.5,339.5,72.1037,25.5215
278,11.0800,384,Referee,704,347,751,435,727.5,433.2,63.5162,35.1169
278,11.0800,2,Team B,22,754,115,978,68.5,973.5,49.3715,65.3293
278,11.0800,361,Team B,1546,289,1582,369,1564.0,367.4,85.1063,32.5979
278,11.0800,348,Team B,1474,349,1522,438,1498.0,436.2,80.1068,39.9597
279,11.1200,6,Team B,1474,683,1553,816,1513.5,813.3,69.2395,65.1034
279,11.1200,7,Team B,1447,514,1493,629,1470.0,626.7,72.8507,55.1230
279,11.1200,82,Team B,652,325,693,403,672.5,401.4,62.8046,31.5356
279,11.1200,89,Team B,531,439,576,546,553.5,543.9,58.2588,44.3528
279,11.1200,140,Team A,10,329,57,418,33.5,416.2,49.1468,29.4284
279,11.1200,69,Team B,1216,635,1283,778,1249.5,775.1,66.2031,62.1249
279,11.1200,232,Staff/GK,1479,972,1560,1079,1519.5,1076.9,65.3273,74.4059
279,11.1200,266,Staff/GK,894,958,954,1080,924.0,1077.6,58.5794,72.1313
279,11.1200,311,Staff/GK,343,982,408,1080,375.5,1078.0,52.5261,70.0850
279,11.1200,15,Team A,1573,422,1618,505,1595.5,503.3,79.2576,46.8792
279,11.1200,337,Team B,1152,247,1184,309,1168.0,307.8,77.8969,22.0933
279,11.1200,340,Team A,1673,323,1710,397,1691.5,395.5,86.4792,36.9163
279,11.1200,355,Team B,146,313,183,392,164.5,390.4,51.9795,27.3570
279,11.1200,362,Team B,878,292,913,362,895.5,360.6,69.0471,27.4122
279,11.1200,363,Team B,1737,404,1776,498,1756.5,496.1,82.8553,47.1658
279,11.1200,364,Team A,354,274,388,339,371.0,337.7,57.1046,21.3986
279,11.1200,8,Team A,964,267,1000,342,982.0,340.5,71.7850,25.5568
279,11.1200,384,Referee,694,347,740,432,717.0,430.3,63.2422,34.9482
279,11.1200,2,Team B,15,796,96,981,55.5,977.3,49.1697,65.4380
279,11.1200,361,Team B,1538,289,1574,370,1556.0,368.4,84.7604,32.7205
279,11.1200,348,Team B,1463,349,1511,436,1487.0,434.3,79.8390,39.8417
280,11.1600,6,Team B,1477,684,1555,819,1516.0,816.3,69.2202,65.2290
280,11.1600,7,Team B,1443,514,1490,632,1466.5,629.6,72.6937,55.2393
280,11.1600,82,Team B,644,325,685,406,664.5,404.4,62.5476,31.6314
280,11.1600,89,Team B,527,441,570,546,548.5,543.9,58.1025,44.3903
280,11.1600,140,Team A,2,332,47,415,24.5,413.3,48.9030,29.2541
280,11.1600,69,Team B,1214,643,1275,779,1244.5,776.3,66.0704,62.1959
280,11.1600,232,Staff/GK,1475,973,1556,1079,1515.5,1076.9,65.2697,74.4193
280,11.1600,266,Staff/GK,890,960,949,1080,919.5,1077.6,58.5126,72.1442
280,11.1600,311,Staff/GK,339,985,403,1080,371.0,1078.1,52.4484,70.0969
280,11.1600,15,Team A,1566,424,1608,503,1587.0,501.4,79.0925,46.7141
280,11.1600,337,Team B,1144,248,1176,311,1160.0,309.7,77.5649,22.2088
280,11.1600,340,Team A,1666,325,1703,399,1684.5,397.5,86.1867,36.9942
280,11.1600,355,Team B,133,315,168,389,150.5,387.5,51.6564,27.0217
280,11.1600,362,Team B,869,292,904,362,886.5,360.6,68.7279,27.5758
280,11.1600,363,Team B,1732,406,1772,501,1752.0,499.1,82.6318,47.2862
280,11.1600,364,Team A,344,275,380,345,362.0,343.6,56.7561,21.9519
280,11.1600,8,Team A,957,267,993,342,975.0,340.5,71.5088,25.5526
280,11.1600,384,Referee,686,348,731,432,708.5,430.3,62.9864,34.8622
280,11.1600,361,Team B,1529,288,1567,372,1548.0,370.3,84.4021,32.8821
280,11.1600,348,Team B,1457,349,1503,433,1480.0,431.3,79.6828,39.5902
280,11.1600,400,Team B,10,755,74,893,42.0,890.2,48.8695,62.0869
281,11.2000,6,Team B,1480,686,1557,823,1518.5,820.3,69.1748,65.3996
281,11.2000,7,Team B,1438,514,1488,639,1463.0,636.5,72.4661,55.5390
281,11.2000,82,Team B,635,323,676,407,655.5,405.3,62.2757,31.7135
281,11.2000,89,Team B,522,439,565,546,543.5,543.9,57.9543,44.3978
281,11.2000,140,Team A,0,335,37,413,18.5,411.4,48.6915,29.0528
281,11.2000,69,Team B,1211,645,1270,780,1240.5,777.3,65.9542,62.2526
281,11.2000,232,Staff/GK,1471,974,1552,1079,1511.5,1076.9,65.2095,74.4320
281,11.2000,266,Staff/GK,887,962,945,1080,916.0,1077.6,58.4488,72.1583
281,11.2000,311,Staff/GK,334,988,397,1080,365.5,1078.2,52.3648,70.1069
281,11.2000,15,Team A,1555,425,1597,505,1576.0,503.4,78.8193,46.7131
281,11.2000,337,Team B,1134,247,1170,318,1152.0,316.6,77.0653,22.8416
281,11.2000,340,Team A,1659,326,1697,402,1678.0,400.5,85.8461,37.1990
281,11.2000,355,Team B,121,314,155,387,138.0,385.5,51.3284,26.7184
281,11.2000,362,Team B,863,294,897,365,880.0,363.6,68.4108,27.8560
281,11.2000,363,Team B,1727,406,1768,502,1747.5,500.1,82.4365,47.3697
281,11.2000,364,Team A,337,275,370,342,353.5,340.7,56.4726,21.9169
281,11.2000,8,Team A,950,268,985,342,967.5,340.5,71.2415,25.5329
281,11.2000,384,Referee,672,356,716,438,694.0,436.4,62.5940,35.1698
281,11.2000,361,Team B,1523,289,1561,371,1542.0,369.4,84.1642,32.8533
281,11.2000,348,Team B,1449,351,1494,431,1471.5,429.4,79.5235,39.3417
281,11.2000,400,Team B,1,757,64,890,32.5,887.3,48.7772,62.0053
282,11.2400,6,Team B,1483,689,1557,826,1520.0,823.3,69.1216,65.5601
282,11.2400,7,Team B,1434,518,1483,642,1458.5,639.5,72.2613,55.7639
282,11.2400,82,Team B,625,322,669,417,647.0,415.1,61.9072,32.3874
282,11.2400,89,Team B,515,439,558,545,536.5,542.9,57.7936,44.3420
282,11.2400,140,Team A,0,331,32,413,16.0,411.4,48.5358,28.9766
282,11.2400,69,Team B,1207,647,1264,780,1235.5,777.3,65.8453,62.2729
282,11.2400,232,Staff/GK,1467,977,1548,1079,1507.5,1077.0,65.1481,74.4450
282,11.2400,266,Staff/GK,883,965,941,1080,912.0,1077.7,58.3827,72.1721
282,11.2400,311,Staff/GK,329,990,390,1080,359.5,1078.2,52.2755,70.1147
282,11.2400,15,Team A,1544,426,1590,512,1567.0,510.3,78.4176,47.0306
282,11.2400,337,Team B,1127,248,1161,314,1144.0,312.7,76.8009,22.7237
282,11.2400,340,Team A,1653,326,1690,403,1671.5,401.5,85.5524,37.3214
282,11.2400,355,Team B,110,315,144,389,127.0,387.5,51.0092,26.7231
282,11.2400,363,Team B,1723,407,1763,501,1743.0,499.1,82.3029,47.3401
282,11.2400,364,Team A,327,275,361,343,344.0,341.6,56.1727,21.9687
282,11.2400,8,Team A,942,270,976,342,959.0,340.6,70.9624,25.5053
282,11.2400,384,Referee,656,355,701,440,678.5,438.3,62.1835,35.3716
282,11.2400,361,Team B,1517,289,1555,370,1536.0,368.4,83.9746,32.7468
282,11.2400,348,Team B,1441,352,1487,432,1464.0,430.4,79.3003,39.2793
283,11.2800,6,Team B,1486,694,1557,829,1521.5,826.3,69.0650,65.7174
283,11.2800,7,Team B,1432,522,1478,639,1455.0,636.7,72.1661,55.7433
283,11.2800,89,Team B,509,439,551,544,530.0,541.9,57.6330,44.2625
283,11.2800,69,Team B,1204,646,1260,781,1232.0,778.3,65.7435,62.3091
283,11.2800,232,Staff/GK,1464,978,1545,1079,1504.5,1077.0,65.0932,74.4598
283,11.2800,266,Staff/GK,881,968,938,1080,909.5,1077.8,58.3257,72.1892
283,11.2800,311,Staff/GK,324,994,384,1080,354.0,1078.3,52.1872,70.1234
283,11.2800,15,Team A,1533,431,1578,515,1555.5,513.3,78.0238,47.2724
283,11.2800,337,Team B,1122,246,1156,313,1139.0,311.7,76.5968,22.5726
283,11.2800,340,Team A,1646,325,1684,404,1665.0,402.4,85.2784,37.4096
283,11.2800,355,Team B,99,316,134,393,116.5,391.5,50.6979,26.9936
283,11.2800,363,Team B,1720,407,1761,502,1740.5,500.1,82.1684,47.3709
283,11.2800,364,Team A,319,275,351,340,335.0,338.7,55.8995,21.7313
283,11.2800,8,Team A,934,271,968,344,951.0,342.5,70.6462,25.6356
283,11.2800,384,Referee,644,353,689,440,666.5,438.3,61.8315,35.4194
283,11.2800,361,Team B,1512,289,1548,368,1530.0,366.4,83.8355,32.5361
283,11.2800,348,Team B,1433,352,1479,434,1456.0,432.4,79.0207,39.3488
283,11.2800,362,Team B,855,297,880,347,867.5,346.0,68.3324,26.5560
284,11.3200,6,Team B,1488,696,1560,833,1524.0,830.3,69.0057,65.8993
284,11.3200,7,Team B,1424,525,1476,657,1450.0,654.4,71.7906,56.3756
284,11.3200,89,Team B,504,439,545,544,524.5,541.9,57.4768,44.2241
284,11.3200,69,Team B,1199,646,1256,784,1227.5,781.2,65.6171,62.4052
284,11.3200,232,Staff/GK,1459,977,1542,1079,1500.5,1077.0,65.0343,74.4724
284,11.3200,266,Staff/GK,878,970,935,1080,906.5,1077.8,58.2690,72.2061
284,11.3200,311,Staff/GK,319,996,379,1080,349.0,1078.3,52.1026,70.1329
284,11.3200,15,Team A,1522,434,1570,522,1546.0,520.2,77.5754,47.6803
284,11.3200,337,Team B,1115,246,1151,314,1133.0,312.6,76.3456,22.5840
284,11.3200,340,Team A,1640,325,1678,403,1659.0,401.4,85.0817,37.3568
284,11.3200,355,Team B,88,316,123,392,105.5,390.5,50.3922,27.0132
284,11.3200,363,Team B,1716,406,1759,504,1737.5,502.0,82.0026,47.4727
284,11.3200,364,Team A,311,276,343,342,327.0,340.7,55.6186,21.7920
284,11.3200,8,Team A,928,272,961,343,944.5,341.6,70.3977,25.5943
284,11.3200,384,Referee,621,333,679,445,650.0,442.8,61.4009,35.6728
284,11.3200,361,Team B,1506,289,1542,368,1524.0,366.4,83.6523,32.4298
284,11.3200,348,Team B,1425,352,1470,433,1447.5,431.4,78.7864,39.2879
284,11.3200,362,Team B,845,301,875,360,860.0,358.8,67.9202,27.0359
285,11.3600,6,Team B,1492,700,1564,838,1528.0,835.2,68.9473,66.1202
285,11.3600,7,Team B,1419,530,1473,668,1446.0,665.2,71.4224,57.0110
285,11.3600,89,Team B,499,440,539,542,519.0,540.0,57.3342,44.1082
285,11.3600,69,Team B,1194,646,1251,787,1222.5,784.2,65.4769,62.5235
285,11.3600,232,Staff/GK,1456,979,1539,1079,1497.5,1077.0,64.9802,74.4874
285,11.3600,266,Staff/GK,875,972,931,1080,903.0,1077.8,58.2090,72.2219
285,11.3600,311,Staff/GK,315,998,374,1080,344.5,1078.4,52.0227,70.1439
285,11.3600,15,Team A,1514,436,1561,525,1537.5,523.2,77.2050,47.9631
285,11.3600,337,Team B,1110,246,1145,312,1127.5,310.7,76.1635,22.3990
285,11.3600,340,Team A,1633,325,1670,402,1651.5,400.5,84.8939,37.2420
285,11.3600,355,Team B,77,313,115,396,96.0,394.3,50.1022,27.2854
285,11.3600,363,Team B,1714,404,1758,505,1736.0,503.0,81.8690,47.5575
285,11.3600,364,Team A,304,277,335,340,319.5,338.7,55.3662,21.6473
285,11.3600,8,Team A,919,272,954,347,936.5,345.5,70.0566,25.8766
285,11.3600,384,Referee,607,327,669,448,638.0,445.6,61.0143,35.9181
285,11.3600,361,Team B,1500,288,1536,370,1518.0,368.4,83.3892,32.5099
285,11.3600,348,Team B,1414,351,1459,435,1436.5,433.3,78.4634,39.3466
285,11.3600,362,Team B,841,302,869,357,855.0,355.9,67.6897,26.9915
286,11.4000,6,Team B,1494,705,1566,844,1530.0,841.2,68.8620,66.3753
286,11.4000,7,Team B,1416,535,1469,669,1442.5,666.3,71.2045,57.3001
286,11.4000,89,Team B,493,440,532,541,512.5,539.0,57.1797,44.0048
286,11.4000,69,Team B,1190,648,1246,789,1218.0,786.2,65.3446,62.6256
286,11.4000,232,Staff/GK,1454,980,1538,1079,1496.0,1077.0,64.9386,74.5065
286,11.4000,266,Staff/GK,873,974,929,1080,901.0,1077.9,58.1578,72.2405
286,11.4000,311,Staff/GK,310,1000,369,1080,339.5,1078.4,51.9414,70.1543
286,11.4000,15,Team A,1508,441,1553,527,1530.5,525.3,76.9042,48.1559
286,11.4000,337,Team B,1105,248,1138,312,1121.5,310.7,75.9462,22.3134
286,11.4000,340,Team A,1626,326,1663,402,1644.5,400.5,84.6843,37.1715
286,11.4000,355,Team B,67,314,106,397,86.5,395.3,49.8227,27.4532
286,11.4000,363,Team B,1713,404,1756,506,1734.5,504.0,81.7474,47.6376
286,11.4000,364,Team A,295,276,326,342,310.5,340.7,55.0809,21.7391
286,11.4000,8,Team A,911,273,946,347,928.5,345.5,69.7568,25.9715
286,11.4000,384,Referee,597,326,660,449,628.5,446.5,60.6952,36.0541
286,11.4000,361,Team B,1494,287,1530,370,1512.0,368.3,83.1570,32.5190
286,11.4000,348,Team B,1407,351,1451,434,1429.0,432.3,78.2244,39.2857
286,11.4000,362,Team B,834,301,865,364,849.5,362.7,67.3587,27.4951
287,11.4400,6,Team B,1491,708,1566,851,1528.5,848.1,68.7274,66.6566
287,11.4400,7,Team B,1411,537,1464,669,1437.5,666.4,71.0463,57.4096
287,11.4400,89,Team B,488,440,528,542,508.0,540.0,57.0305,44.0082
287,11.4400,69,Team B,1186,648,1242,788,1214.0,785.2,65.2476,62.6385
287,11.4400,232,Staff/GK,1449,982,1533,1079,1491.0,1077.1,64.8774,74.5195
287,11.4400,266,Staff/GK,870,976,926,1080,898.0,1077.9,58.1034,72.2581
287,11.4400,311,Staff/GK,306,1001,365,1079,335.5,1077.4,51.8674,70.1482
287,11.4400,15,Team A,1499,443,1543,526,1521.0,524.3,76.6640,48.1597
287,11.4400,337,Team B,1097,246,1132,314,1114.5,312.6,75.6490,22.4327
287,11.4400,340,Team A,1618,326,1658,404,1638.0,402.4,84.4123,37.2507
287,11.4400,355,Team B,56,314,98,405,77.0,403.2,49.5439,28.0600
287,11.4400,363,Team B,1711,405,1754,507,1732.5,505.0,81.6239,47.7150
287,11.4400,364,Team A,288,275,320,341,304.0,339.7,54.8345,21.6897
287,11.4400,8,Team A,904,272,939,348,921.5,346.5,69.4701,26.0712
287,11.4400,384,Referee,587,329,649,451,618.0,448.6,60.3814,36.2078
287,11.4400,361,Team B,1488,286,1524,370,1506.0,368.3,82.9370,32.5000
287,11.4400,348,Team B,1399,349,1443,433,1421.0,431.3,78.0127,39.1726
287,11.4400,362,Team B,826,301,858,368,842.0,366.7,67.0118,27.9796
288,11.4800,6,Team B,1490,711,1567,855,1528.5,852.1,68.6177,66.8787
288,11.4800,7,Team B,1408,541,1459,668,1433.5,665.5,70.9351,57.4173
288,11.4800,89,Team B,482,442,522,543,502.0,541.0,56.8671,44.0518
288,11.4800,69,Team A,1182,647,1238,789,1210.0,786.2,65.1466,62.6706
288,11.4800,232,Staff/GK,1444,984,1529,1079,1486.5,1077.1,64.8119,74.5311
288,11.4800,266,Staff/GK,867,977,923,1080,895.0,1077.9,58.0476,72.2749
288,11.4800,311,Staff/GK,301,1003,359,1079,330.0,1077.5,51.7850,70.1507
288,11.4800,15,Team A,1493,444,1535,526,1514.0,524.4,76.4576,48.1427
288,11.4800,337,Team B,1093,246,1127,314,1110.0,312.6,75.4106,22.4714
288,11.4800,340,Team A,1614,328,1654,404,1634.0,402.5,84.2115,37.2707
288,11.4800,355,Team B,46,314,88,401,67.0,399.3,49.2672,28.0151
288,11.4800,363,Team B,1710,404,1753,507,1731.5,504.9,81.5378,47.7437
288,11.4800,364,Team A,280,274,312,342,296.0,340.6,54.5720,21.7420
288,11.4800,8,Team A,899,274,935,348,917.0,346.5,69.2431,26.1077
288,11.4800,384,Referee,577,330,638,451,607.5,448.6,60.0886,36.2470
288,11.4800,361,Team B,1482,285,1520,371,1501.0,369.3,82.7060,32.5463
288,11.4800,348,Team B,1391,351,1434,433,1412.5,431.4,77.7788,39.1028
288,11.4800,362,Team B,821,302,853,372,837.0,370.6,66.6958,28.4632
289,11.5200,6,Team B,1494,715,1569,856,1531.5,853.2,68.5741,67.0133
289,11.5200,7,Team B,1407,544,1457,670,1432.0,667.5,70.8269,57.4948
289,11.5200,89,Team B,475,443,516,545,495.5,543.0,56.6874,44.1564
289,11.5200,69,Team A,1178,650,1233,789,1205.5,786.2,65.0479,62.6836
289,11.5200,232,Staff/GK,1442,986,1527,1080,1484.5,1078.1,64.7549,74.5648
289,11.5200,266,Staff/GK,865,978,921,1080,893.0,1078.0,57.9981,72.2936
289,11.5200,311,Staff/GK,296,1005,355,1079,325.5,1077.5,51.7058,70.1589
289,11.5200,15,Team A,1484,445,1526,526,1505.0,524.4,76.2406,48.1110
289,11.5200,337,Team B,1086,245,1120,315,1103.0,313.6,75.1314,22.5547
289,11.5200,340,Team A,1612,328,1651,404,1631.5,402.5,84.0617,37.2699
289,11.5200,355,Team B,35,314,78,401,56.5,399.3,48.9828,27.9828
289,11.5200,363,Team B,1710,403,1752,506,1731.0,503.9,81.4973,47.7052
289,11.5200,364,Team A,272,275,303,340,287.5,338.7,54.3110,21.5929
289,11.5200,8,Team A,894,276,930,347,912.0,345.6,69.0507,26.0385
289,11.5200,384,Referee,569,331,631,453,600.0,450.6,59.8240,36.3695
289,11.5200,361,Team B,1477,286,1516,370,1496.5,368.3,82.5377,32.4785
289,11.5200,348,Team B,1382,350,1428,434,1405.0,432.3,77.5274,39.1111
289,11.5200,362,Team B,816,302,848,372,832.0,370.6,66.4556,28.6494
290,11.5600,6,Team B,1497,714,1574,858,1535.5,855.1,68.5561,67.1372
290,11.5600,7,Team B,1406,545,1458,677,1432.0,674.4,70.6686,57.7739
290,11.5600,89,Team B,469,442,511,548,490.0,545.9,56.5075,44.3334
290,11.5600,69,Team A,1173,650,1229,791,1201.0,788.2,64.9329,62.7426
290,11.5600,232,Staff/GK,1440,987,1526,1080,1483.0,1078.1,64.7120,74.5915
290,11.5600,266,Staff/GK,863,981,919,1080,891.0,1078.0,57.9508,72.3138
290,11.5600,311,Staff/GK,291,1006,350,1079,320.5,1077.5,51.6246,70.1678
290,11.5600,15,Team A,1474,446,1520,532,1497.0,530.3,75.9136,48.3599
290,11.5600,337,Team B,1079,245,1114,319,1096.5,317.5,74.7694,22.9192
290,11.5600,340,Team A,1609,329,1647,403,1628.0,401.5,83.9474,37.1931
290,11.5600,355,Team B,23,315,65,403,44.0,401.2,48.6706,28.0882
290,11.5600,363,Team B,1710,405,1751,506,1730.5,504.0,81.4489,47.6923
290,11.5600,364,Team A,265,275,295,339,280.0,337.7,54.0590,21.4465
290,11.5600,8,Team A,888,275,924,346,906.0,344.6,68.8582,25.9187
290,11.5600,384,Referee,559,330,623,457,591.0,454.5,59.5371,36.6352
290,11.5600,361,Team B,1473,287,1512,371,1492.5,369.3,82.3411,32.5125
290,11.5600,348,Team B,1375,350,1421,434,1398.0,432.3,77.2986,39.0932
290,11.5600,362,Team B,811,305,841,370,826.0,368.7,66.2609,28.5706
291,11.6000,6,Team B,1504,714,1581,860,1542.5,857.1,68.5734,67.2652
291,11.6000,7,Team B,1406,547,1460,687,1433.0,684.2,70.4623,58.2346
291,11.6000,89,Team B,465,443,508,548,486.5,545.9,56.3649,44.4059
291,11.6000,69,Team A,1169,651,1224,789,1196.5,786.2,64.8464,62.7101
291,11.6000,232,Staff/GK,1438,989,1525,1080,1481.5,1078.2,64.6744,74.6157
291,11.6000,266,Staff/GK,861,983,916,1080,888.5,1078.1,57.9012,72.3331
291,11.6000,311,Staff/GK,288,1010,344,1079,316.0,1077.6,51.5457,70.1793
291,11.6000,15,Team A,1466,448,1513,537,1489.5,535.2,75.5708,48.6741
291,11.6000,337,Team B,1072,244,1108,319,1090.0,317.5,74.4749,23.0479
291,11.6000,340,Team A,1604,330,1642,404,1623.0,402.5,83.7652,37.2118
291,11.6000,355,Team B,14,317,55,402,34.5,400.3,48.3849,28.0543
291,11.6000,363,Team B,1709,406,1750,507,1729.5,505.0,81.3670,47.7364
291,11.6000,364,Team A,258,273,289,339,273.5,337.7,53.8200,21.3834
291,11.6000,8,Team A,882,275,917,345,899.5,343.6,68.6572,25.7788
291,11.6000,384,Referee,552,328,616,458,584.0,455.4,59.2914,36.7865
291,11.6000,361,Team B,1471,289,1511,373,1491.0,371.3,82.1404,32.6700
291,11.6000,348,Team B,1363,349,1421,458,1392.0,455.8,76.5584,40.4781
291,11.6000,362,Team B,804,305,836,377,820.0,375.6,65.9509,29.0411
292,11.6400,6,Team B,1512,713,1587,861,1549.5,858.0,68.6154,67.3704
292,11.6400,7,Team B,1401,550,1454,687,1427.5,684.3,70.3046,58.4128
292,11.6400,89,Team B,461,443,505,548,483.0,545.9,56.2373,44.4359
292,11.6400,69,Team A,1166,648,1223,790,1194.5,787.2,64.7674,62.7286
292,11.6400,232,Team B,1437,991,1525,1080,1481.0,1078.2,64.6460,74.6412
292,11.6400,266,Staff/GK,859,984,914,1080,886.5,1078.1,57.8540,72.3529
292,11.6400,311,Staff/GK,285,1012,342,1079,313.5,1077.7,51.4811,70.1955
292,11.6400,15,Team A,1456,448,1506,542,1481.0,540.1,75.2132,49.0069
292,11.6400,337,Team B,1069,242,1105,316,1087.0,314.5,74.3355,22.8337
292,11.6400,340,Team A,1603,328,1641,404,1622.0,402.5,83.6451,37.2137
292,11.6400,355,Team B,5,318,46,403,25.5,401.3,48.1167,28.1022
292,11.6400,363,Team B,1709,406,1750,507,1729.5,505.0,81.3090,47.7565
292,11.6400,364,Team B,250,272,282,343,266.0,341.6,53.5554,21.6773
292,11.6400,8,Team A,875,273,912,345,893.5,343.6,68.4426,25.7091
292,11.6400,384,Referee,542,327,607,462,574.5,459.3,59.0088,37.0599
292,11.6400,361,Team B,1466,289,1507,373,1486.5,371.3,81.9543,32.7186
292,11.6400,348,Team B,1358,348,1411,447,1384.5,445.0,76.3708,40.3733
292,11.6400,362,Team B,798,308,831,381,814.5,379.5,65.6484,29.5135
293,11.6800,6,Team B,1518,714,1592,863,1555.0,860.0,68.6441,67.4873
293,11.6800,7,Team B,1399,548,1449,676,1424.0,673.4,70.3309,58.1094
293,11.6800,89,Team B,456,444,499,545,477.5,543.0,56.1088,44.3022
293,11.6800,69,Team A,1161,645,1219,789,1190.0,786.1,64.6869,62.7052
293,11.6800,232,Team B,1437,993,1525,1079,1481.0,1077.3,64.6315,74.6515
293,11.6800,266,Staff/GK,857,986,912,1080,884.5,1078.1,57.8077,72.3732
293,11.6800,311,Staff/GK,282,1013,339,1079,310.5,1077.7,51.4188,70.2122
293,11.6800,15,Team A,1447,451,1500,552,1473.5,550.0,74.7722,49.5763
293,11.6800,337,Team B,1067,241,1102,313,1084.5,311.6,74.2647,22.4839
293,11.6800,340,Team A,1600,326,1640,407,1620.0,405.4,83.4465,37.4014
293,11.6800,355,Team B,0,317,38,404,19.0,402.3,47.8873,28.1880
293,11.6800,363,Team B,1709,406,1750,508,1729.5,506.0,81.2363,47.8163
293,11.6800,364,Team B,244,275,274,342,259.0,340.7,53.3088,21.7167
293,11.6800,8,Team A,868,272,905,347,886.5,345.5,68.1727,25.8246
293,11.6800,384,Referee,533,326,596,461,564.5,458.3,58.7444,37.0899
293,11.6800,361,Team B,1464,289,1503,370,1483.5,368.4,81.8847,32.5116
293,11.6800,362,Team B,794,311,826,383,810.0,381.6,65.3927,29.8449
294,11.7200,6,Team B,1522,718,1596,870,1559.0,867.0,68.6035,67.7241
294,11.7200,7,Team B,1395,547,1443,672,1419.0,669.5,70.3236,57.8433
294,11.7200,89,Team B,449,441,493,546,471.0,543.9,55.9493,44.2854
294,11.7200,69,Team A,1156,644,1213,787,1184.5,784.1,64.6049,62.6357
294,11.7200,232,Team B,1436,994,1524,1079,1480.0,1077.3,64.6089,74.6699
294,11.7200,266,Staff/GK,855,988,910,1080,882.5,1078.2,57.7617,72.3936
294,11.7200,311,Staff/GK,279,1015,335,1079,307.0,1077.7,51.3540,70.2282
294,11.7200,15,Team A,1442,454,1493,555,1467.5,553.0,74.4458,49.9265
294,11.7200,337,Team B,1064,241,1097,310,1080.5,308.6,74.1965,22.0743
294,11.7200,340,Team A,1597,327,1638,410,1617.5,408.3,83.2089,37.6643
294,11.7200,363,Team B,1709,406,1750,508,1729.5,506.0,81.1819,47.8428
294,11.7200,364,Team B,236,274,266,342,251.0,340.6,53.0516,21.7257
294,11.7200,8,Team A,864,272,900,347,882.0,345.5,67.9520,25.8662
294,11.7200,384,Referee,526,324,589,461,557.5,458.3,58.5162,37.0893
294,11.7200,361,Team B,1461,288,1500,369,1480.5,367.4,81.8025,32.3457
294,11.7200,362,Team B,790,310,823,385,806.5,383.5,65.1715,30.1168
294,11.7200,348,Team B,1348,349,1393,436,1370.5,434.3,76.2836,39.6374
295,11.7600,6,Team B,1527,721,1601,875,1564.0,871.9,68.5646,67.9627
295,11.7600,7,Team B,1392,548,1439,670,1415.5,667.6,70.2906,57.6662
295,11.7600,89,Team B,442,441,485,545,463.5,542.9,55.7759,44.2207
295,11.7600,69,Team A,1152,642,1208,786,1180.0,783.1,64.5224,62.5775
295,11.7600,232,Team B,1436,995,1525,1079,1480.5,1077.3,64.5936,74.6951
295,11.7600,266,Staff/GK,853,991,907,1079,880.0,1077.2,57.7161,72.3958
295,11.7600,311,Staff/GK,276,1018,329,1080,302.5,1078.8,51.2807,70.2606
295,11.7600,15,Team A,1438,459,1487,556,1462.5,554.1,74.2121,50.1049
295,11.7600,337,Team B,1060,243,1092,310,1076.0,308.7,74.0466,21.9073
295,11.7600,340,Team A,1594,327,1636,409,1615.0,407.4,83.0731,37.6971
295,11.7600,363,Team B,1710,405,1750,506,1730.0,504.0,81.1900,47.7577
295,11.7600,364,Team B,230,274,258,339,244.0,337.7,52.8143,21.4847
295,11.7600,8,Team A,859,270,896,347,877.5,345.5,67.7516,25.8752
295,11.7600,384,Referee,516,320,580,462,548.0,459.2,58.2652,37.1244
295,11.7600,361,Team B,1458,285,1497,369,1477.5,367.3,81.6867,32.2663
295,11.7600,362,Team B,786,310,819,385,802.5,383.5,64.9847,30.2231
295,11.7600,348,Team B,1340,347,1384,436,1362.0,434.2,76.1006,39.3154
296,11.8000,6,Team B,1532,724,1606,881,1569.0,877.9,68.5168,68.2244
296,11.8000,7,Team B,1388,550,1433,668,1410.5,665.6,70.2316,57.5206
296,11.8000,89,Team B,435,442,478,546,456.5,543.9,55.5928,44.2343
296,11.8000,69,Team A,1147,638,1203,783,1175.0,780.1,64.4524,62.4651
296,11.8000,232,Team B,1433,997,1524,1079,1478.5,1077.4,64.5634,74.7174
296,11.8000,266,Staff/GK,852,993,906,1079,879.0,1077.3,57.6771,72.4113
296,11.8000,311,Staff/GK,271,1020,324,1079,297.5,1077.8,51.2026,70.2613
296,11.8000,15,Team A,1434,461,1481,557,1457.5,555.1,74.0168,50.2118
296,11.8000,337,Team B,1056,243,1088,309,1072.0,307.7,73.8967,21.7473
296,11.8000,340,Team A,1592,328,1633,410,1612.5,408.4,82.9193,37.7686
296,11.8000,363,Team B,1711,406,1751,507,1731.0,505.0,81.1555,47.7803
296,11.8000,364,Team B,221,274,250,341,235.5,339.7,52.5468,21.5450
296,11.8000,8,Team A,854,270,890,347,872.0,345.5,67.5438,25.8713
296,11.8000,384,Referee,506,319,569,463,537.5,460.1,57.9930,37.1744
296,11.8000,361,Team B,1455,283,1494,371,1474.5,369.2,81.4984,32.3691
296,11.8000,362,Team B,782,309,815,385,798.5,383.5,64.8118,30.2619
296,11.8000,348,Team B,1333,346,1379,437,1356.0,435.2,75.8904,39.2296
297,11.8400,6,Team B,1539,729,1614,886,1576.5,882.9,68.4962,68.4786
297,11.8400,7,Team B,1382,550,1429,672,1405.5,669.6,70.0841,57.5942
297,11.8400,89,Team B,430,442,472,547,451.0,544.9,55.4223,44.2827
297,11.8400,69,Team A,1143,636,1199,781,1171.0,778.1,64.3871,62.3626
297,11.8400,232,Team B,1430,998,1521,1079,1475.5,1077.4,64.5205,74.7360
297,11.8400,266,Staff/GK,849,994,904,1079,876.5,1077.3,57.6306,72.4283
297,11.8400,311,Staff/GK,268,1022,321,1079,294.5,1077.9,51.1348,70.2721
297,11.8400,15,Team A,1427,458,1473,554,1450.0,552.1,73.8792,50.0999
297,11.8400,337,Team B,1051,240,1085,311,1068.0,309.6,73.6764,21.8504
297,11.8400,340,Team A,1590,329,1631,411,1610.5,409.4,82.7657,37.8573
297,11.8400,363,Team B,1711,406,1751,507,1731.0,505.0,81.1161,47.7920
297,11.8400,364,Team B,213,272,243,338,228.0,336.7,52.2969,21.3202
297,11.8400,8,Team A,849,270,886,347,867.5,345.5,67.3475,25.8660
297,11.8400,384,Referee,502,355,550,462,526.0,459.9,57.7089,37.1557
297,11.8400,361,Team B,1453,281,1491,369,1472.0,367.2,81.4049,32.2551
297,11.8400,362,Team B,778,308,810,383,794.0,381.5,64.6640,30.1306
297,11.8400,348,Team B,1326,347,1371,436,1348.5,434.2,75.6917,39.1149
297,11.8400,427,Team B,646,202,671,260,658.5,258.8,64.1714,11.2924
298,11.8800,6,Team B,1546,736,1620,888,1583.0,885.0,68.5075,68.6590
298,11.8800,7,Team B,1378,551,1426,675,1402.0,672.5,69.9299,57.7257
298,11.8800,89,Team B,423,440,465,548,444.0,545.8,55.2410,44.3389
298,11.8800,69,Team A,1139,636,1194,780,1166.5,777.1,64.3101,62.2921
298,11.8800,232,Team B,1423,1000,1516,1079,1469.5,1077.4,64.4512,74.7463
298,11.8800,266,Staff/GK,847,994,902,1079,874.5,1077.3,57.5846,72.4468
298,11.8800,311,Staff/GK,265,1024,317,1079,291.0,1077.9,51.0678,70.2859
298,11.8800,15,Team A,1419,459,1468,560,1443.5,558.0,73.6193,50.3073
298,11.8800,337,Team B,1048,238,1080,309,1064.0,307.6,73.5223,21.7072
298,11.8800,340,Team A,1588,332,1628,410,1608.0,408.4,82.6608,37.8251
298,11.8800,363,Team B,1711,407,1751,506,1731.0,504.0,81.0982,47.7509
298,11.8800,364,Team B,206,271,236,338,221.0,336.7,52.0514,21.2289
298,11.8800,8,Team A,844,272,880,346,862.0,344.5,67.1567,25.7812
298,11.8800,384,Referee,494,369,537,465,515.5,463.1,57.4094,37.3174
298,11.8800,361,Team B,1450,281,1485,365,1467.5,363.3,81.3755,31.9019
298,11.8800,348,Team B,1318,349,1362,435,1340.0,433.3,75.4830,38.9866
298,11.8800,427,Team B,642,202,666,260,654.0,258.8,64.0386,11.2990
298,11.8800,428,Team B,528,321,564,397,546.0,395.5,58.6701,30.3765
299,11.9200,6,Team B,1549,742,1624,891,1586.5,888.0,68.4974,68.8241
299,11.9200,7,Team B,1372,552,1420,676,1396.0,673.5,69.7737,57.8040
299,11.9200,89,Team B,416,441,458,548,437.0,545.9,55.0594,44.3541
299,11.9200,69,Team A,1136,640,1190,783,1163.0,780.1,64.2030,62.3525
299,11.9200,232,Team B,1417,1000,1512,1079,1464.5,1077.4,64.3786,74.7550
299,11.9200,266,Staff/GK,843,994,900,1079,871.5,1077.3,57.5318,72.4635
299,11.9200,311,Staff/GK,262,1025,313,1079,287.5,1077.9,51.0010,70.3005
299,11.9200,15,Team A,1412,462,1460,564,1436.0,562.0,73.3346,50.5507
299,11.9200,337,Team B,1043,236,1076,311,1059.5,309.5,73.2925,21.8177
299,11.9200,340,Team A,1585,333,1623,409,1604.0,407.5,82.5548,37.7364
299,11.9200,363,Team B,1711,406,1751,506,1731.0,504.0,81.0657,47.7362
299,11.9200,364,Team B,198,272,229,340,213.5,338.6,51.7957,21.3555
299,11.9200,8,Team A,839,273,873,345,856.0,343.6,66.9606,25.6616
299,11.9200,384,Referee,485,372,529,466,507.0,464.1,57.1429,37.4295
299,11.9200,361,Team B,1443,281,1479,365,1461.0,363.3,81.2244,31.7405
299,11.9200,348,Team B,1313,349,1356,435,1334.5,433.3,75.2898,38.9215
299,11.9200,428,Team B,520,320,558,401,539.0,399.4,58.5033,30.6399
300,11.9600,6,Team B,1549,745,1628,895,1588.5,892.0,68.4573,69.0001
300,11.9600,7,Team B,1367,554,1414,675,1390.5,672.6,69.6467,57.7946
300,11.9600,89,Team B,410,442,450,547,430.0,544.9,54.8817,44.3060
300,11.9600,69,Team A,1130,642,1185,785,1157.5,782.1,64.0751,62.4305
300,11.9600,232,Team B,1408,1000,1509,1079,1458.5,1077.4,64.2975,74.7607
300,11.9600,266,Staff/GK,840,995,897,1079,868.5,1077.3,57.4763,72.4800
300,11.9600,311,Staff/GK,258,1026,310,1079,284.0,1077.9,50.9344,70.3154
300,11.9600,15,Team A,1405,467,1451,566,1428.0,564.0,73.0683,50.7205
300,11.9600,337,Team B,1038,235,1071,310,1054.5,308.5,73.0937,21.7650
300,11.9600,340,Team A,1580,336,1617,407,1598.5,405.6,82.4534,37.5575
300,11.9600,363,Team B,1710,406,1750,505,1730.0,503.0,81.0380,47.6801
300,11.9600,364,Team B,191,271,221,338,206.0,336.7,51.5460,21.2416
300,11.9600,8,Team A,833,273,867,343,850.0,341.6,66.7780,25.4468
300,11.9600,384,Referee,472,374,513,459,492.5,457.3,56.8650,37.0413
300,11.9600,361,Team B,1437,281,1475,365,1456.0,363.3,81.0472,31.6614
300,11.9600,348,Team B,1306,347,1349,434,1327.5,432.3,75.1043,38.8135
300,11.9600,428,Team B,516,324,551,398,533.5,396.5,58.3435,30.5438
300,11.9600,362,Team B,761,314,797,400,779.0,398.3,64.0526,31.2512
301,12.0000,6,Team B,1547,747,1628,898,1587.5,895.0,68.3909,69.1493
301,12.0000,7,Team B,1363,561,1406,673,1384.5,670.8,69.5373,57.7176
301,12.0000,89,Team B,404,443,443,545,423.5,543.0,54.7145,44.1867
301,12.0000,69,Team A,1122,646,1177,786,1149.5,783.2,63.9248,62.4816
301,12.0000,232,Team B,1401,999,1506,1079,1453.5,1077.4,64.2202,74.7672
301,12.0000,266,Staff/GK,837,995,894,1079,865.5,1077.3,57.4197,72.4959
301,12.0000,311,Staff/GK,253,1026,305,1079,279.0,1077.9,50.8579,70.3268
301,12.0000,15,Team A,1389,470,1441,580,1415.0,577.8,72.5624,51.3570
301,12.0000,337,Team B,1032,234,1065,311,1048.5,309.5,72.8454,21.8204
301,12.0000,340,Team A,1575,335,1614,408,1594.5,406.5,82.2924,37.5377
301,12.0000,363,Team B,1709,406,1748,505,1728.5,503.0,80.9818,47.6555
301,12.0000,364,Team B,183,268,212,334,197.5,332.7,51.2879,20.8610
301,12.0000,8,Team A,827,273,861,343,844.0,341.6,66.5684,25.3536
301,12.0000,384,Referee,461,374,498,452,479.5,450.4,56.5977,36.4486
301,12.0000,361,Team B,1432,280,1471,367,1451.5,365.3,80.8107,31.7635
301,12.0000,348,Team B,1297,346,1340,433,1318.5,431.3,74.8939,38.6829
301,12.0000,428,Team B,506,326,542,404,524.0,402.4,58.0667,30.8994
302,12.0400,6,Team B,1543,746,1628,902,1585.5,898.9,68.2971,69.3059
302,12.0400,7,Team B,1355,559,1400,678,1377.5,675.6,69.3401,57.8455
302,12.0400,89,Team B,397,442,438,547,417.5,544.9,54.5414,44.2280
302,12.0400,69,Team A,1115,647,1170,784,1142.5,781.3,63.7990,62.4385
302,12.0400,232,Team B,1397,998,1507,1079,1452.0,1077.4,64.1689,74.7822
302,12.0400,266,Staff/GK,833,996,891,1079,862.0,1077.3,57.3591,72.5109
302,12.0400,311,Staff/GK,246,1027,299,1079,272.5,1078.0,50.7674,70.3338
302,12.0400,15,Team A,1386,474,1436,580,1411.0,577.9,72.2880,51.6091
302,12.0400,337,Team B,1026,232,1060,310,1043.0,308.4,72.6309,21.7430
302,12.0400,340,Team A,1572,333,1612,408,1592.0,406.5,82.1579,37.5205
302,12.0400,363,Team B,1707,404,1748,506,1727.5,504.0,80.8975,47.6932
302,12.0400,364,Team B,174,267,202,333,188.0,331.7,51.0053,20.6195
302,12.0400,8,Team A,819,273,853,345,836.0,343.6,66.2877,25.4618
302,12.0400,384,Referee,448,378,483,452,465.5,450.5,56.2806,36.1874
302,12.0400,361,Team B,1429,280,1467,365,1448.0,363.3,80.6784,31.6479
302,12.0400,348,Team B,1289,344,1331,431,1310.0,429.3,74.7007,38.4824
302,12.0400,428,Team B,501,329,536,405,518.5,403.5,57.8336,31.1104
302,12.0400,432,Team B,620,196,645,260,632.5,258.7,62.9702,11.3139
302,12.0400,362,Team B,752,318,786,400,769.0,398.4,63.5869,31.6962
303,12.0800,6,Team B,1541,746,1628,904,1584.5,900.8,68.2197,69.4236
303,12.0800,7,Team B,1348,555,1396,680,1372.0,677.5,69.1610,57.9549
303,12.0800,89,Team B,392,442,435,549,413.5,546.9,54.3879,44.3401
303,12.0800,69,Team A,1107,646,1164,785,1135.5,782.2,63.6591,62.4413
303,12.0800,232,Team B,1392,999,1503,1079,1447.5,1077.4,64.1065,74.7943
303,12.0800,266,Staff/GK,829,996,888,1079,858.5,1077.3,57.2970,72.5251
303,12.0800,311,Staff/GK,242,1029,293,1079,267.5,1078.0,50.6812,70.3428
303,12.0800,15,Team A,1379,475,1427,578,1403.0,575.9,72.0932,51.6079
303,12.0800,337,Team B,1022,233,1055,307,1038.5,305.5,72.4886,21.4438
303,12.0800,340,Team A,1568,330,1611,409,1589.5,407.4,82.0064,37.5682
303,12.0800,363,Team B,1705,404,1745,505,1725.0,503.0,80.8295,47.6532
303,12.0800,364,Team B,164,264,195,334,179.5,332.6,50.7234,20.5984
303,12.0800,8,Team A,812,270,847,344,829.5,342.5,66.0478,25.4125
303,12.0800,384,Referee,435,380,471,457,453.0,455.5,55.9363,36.3553
303,12.0800,361,Team B,1426,279,1463,362,1444.5,360.3,80.6160,31.3683
303,12.0800,348,Team B,1279,345,1323,433,1301.0,431.2,74.4235,38.5015
303,12.0800,428,Team B,496,328,530,404,513.0,402.5,57.6326,31.1244
303,12.0800,362,Team B,747,318,779,399,763.0,397.4,63.2886,31.7994
304,12.1200,6,Team B,1544,750,1631,906,1587.5,902.9,68.1810,69.5379
304,12.1200,7,Team B,1344,558,1388,674,1366.0,671.7,69.0795,57.7858
304,12.1200,89,Team B,383,443,427,548,405.0,545.9,54.2046,44.3273
304,12.1200,69,Team A,1101,647,1158,785,1129.5,782.2,63.5300,62.4381
304,12.1200,232,Team B,1386,999,1501,1079,1443.5,1077.4,64.0434,74.8060
304,12.1200,266,Staff/GK,826,996,885,1079,855.5,1077.3,57.2377,72.5401
304,12.1200,311,Staff/GK,239,1030,289,1078,264.0,1077.0,50.6074,70.3370
304,12.1200,15,Team A,1371,475,1418,578,1394.5,575.9,71.8934,51.5877
304,12.1200,337,Team B,1016,233,1048,307,1032.0,305.5,72.2758,21.3138
304,12.1200,340,Team A,1566,332,1607,410,1586.5,408.4,81.8384,37.6467
304,12.1200,363,Team B,1702,404,1743,506,1722.5,504.0,80.7204,47.6820
304,12.1200,364,Team B,155,263,186,333,170.5,331.6,50.4378,20.5034
304,12.1200,8,Team A,805,269,840,344,822.5,342.5,65.8008,25.3818
304,12.1200,384,Referee,421,382,461,465,441.0,463.3,55.5758,36.8656
304,12.1200,361,Team B,1420,278,1458,361,1439.0,359.3,80.4939,31.1648
304,12.1200,348,Team B,1267,343,1313,431,1290.0,429.2,74.1684,38.3531
304,12.1200,428,Team B,489,329,524,406,506.5,404.5,57.4107,31.2603
304,12.1200,362,Team B,741,317,773,399,757.0,397.4,63.0455,31.8324
305,12.1600,6,Team B,1550,752,1637,907,1593.5,903.9,68.1923,69.6355
305,12.1600,7,Team B,1336,558,1383,679,1359.5,676.6,68.8993,57.8801
305,12.1600,89,Team B,375,442,419,544,397.0,542.0,54.0246,44.1222
305,12.1600,69,Team A,1096,647,1156,783,1126.0,780.3,63.4430,62.3822
305,12.1600,232,Team B,1382,999,1500,1079,1441.0,1077.4,63.9904,74.8211
305,12.1600,266,Staff/GK,822,997,881,1079,851.5,1077.4,57.1724,72.5536
305,12.1600,311,Staff/GK,234,1031,284,1079,259.0,1078.0,50.5271,70.3590
305,12.1600,15,Team A,1363,477,1407,574,1385.0,572.1,71.7405,51.3879
305,12.1600,337,Team B,1010,234,1042,308,1026.0,306.5,72.0204,21.3442
305,12.1600,340,Team A,1563,331,1605,409,1584.0,407.4,81.7276,37.6059
305,12.1600,363,Team B,1699,402,1741,505,1720.0,502.9,80.6429,47.6365
305,12.1600,364,Team B,146,265,176,332,161.0,330.7,50.1433,20.3829
305,12.1600,8,Team A,799,267,834,344,816.5,342.5,65.5658,25.3604
305,12.1600,361,Team B,1414,278,1452,362,1433.0,360.3,80.2830,31.1416
305,12.1600,348,Team B,1260,339,1309,430,1284.5,428.2,73.9763,38.2148
305,12.1600,428,Team B,484,330,518,406,501.0,404.5,57.2070,31.3145
305,12.1600,362,Team B,736,317,768,399,752.0,397.4,62.8376,31.8423
306,12.2000,6,Team B,1559,753,1645,907,1602.0,903.9,68.2539,69.7102
306,12.2000,7,Team B,1326,556,1375,684,1350.5,681.4,68.6566,58.0699
306,12.2000,89,Team B,371,441,417,545,394.0,542.9,53.8827,44.0915
306,12.2000,69,Team A,1090,647,1151,783,1120.5,780.3,63.3392,62.3564
306,12.2000,232,Team B,1377,1000,1498,1079,1437.5,1077.4,63.9343,74.8355
306,12.2000,266,Staff/GK,817,998,877,1080,847.0,1078.4,57.0980,72.5831
306,12.2000,311,Staff/GK,230,1033,278,1079,254.0,1078.1,50.4449,70.3740
306,12.2000,15,Team A,1353,476,1398,574,1375.5,572.0,71.5455,51.2846
306,12.2000,337,Team B,1004,233,1034,306,1019.0,304.5,71.7979,21.1656
306,12.2000,340,Team A,1557,332,1599,412,1578.0,410.4,81.4789,37.7669
306,12.2000,363,Team B,1696,400,1738,505,1717.0,502.9,80.5478,47.6097
306,12.2000,364,Team B,137,265,166,331,151.5,329.7,49.8448,20.2493
306,12.2000,8,Team A,792,267,826,344,809.0,342.5,65.3129,25.3415
306,12.2000,361,Team B,1411,278,1447,361,1429.0,359.3,80.1228,31.0480
306,12.2000,348,Team B,1253,341,1300,429,1276.5,427.2,73.7726,38.0800
306,12.2000,428,Team B,479,331,512,406,495.5,404.5,57.0106,31.3364
306,12.2000,362,Team B,730,319,763,402,746.5,400.3,62.6034,32.0468
307,12.2400,6,Team B,1565,749,1651,906,1608.0,902.9,68.3257,69.7447
307,12.2400,7,Team B,1317,560,1365,683,1341.0,680.5,68.4533,58.0961
307,12.2400,89,Team B,367,440,413,542,390.0,540.0,53.7579,43.9378
307,12.2400,69,Team A,1082,647,1143,783,1112.5,780.3,63.2064,62.3360
307,12.2400,232,Team B,1368,997,1495,1079,1431.5,1077.4,63.8597,74.8425
307,12.2400,266,Staff/GK,813,999,872,1080,842.5,1078.4,57.0232,72.6013
307,12.2400,311,Staff/GK,225,1035,271,1078,248.0,1077.1,50.3558,70.3654
307,12.2400,15,Team A,1342,478,1388,577,1365.0,575.0,71.2763,51.3482
307,12.2400,337,Team B,996,233,1026,304,1011.0,302.6,71.5711,20.9012
307,12.2400,340,Team A,1553,334,1594,412,1573.5,410.4,81.2779,37.8215
307,12.2400,363,Team B,1692,398,1735,505,1713.5,502.9,80.4393,47.5889
307,12.2400,364,Team B,128,265,158,332,143.0,330.7,49.5575,20.2788
307,12.2400,8,Team A,783,266,818,344,800.5,342.4,65.0384,25.3193
307,12.2400,361,Team B,1406,275,1442,360,1424.0,358.3,79.9688,30.9181
307,12.2400,348,Team B,1244,342,1291,428,1267.5,426.3,73.5504,37.9420
307,12.2400,428,Team B,473,328,507,406,490.0,404.4,56.8175,31.3402
307,12.2400,362,Team B,725,319,756,400,740.5,398.4,62.4077,31.9879
308,12.2800,6,Team B,1570,745,1656,905,1613.0,901.8,68.3935,69.7605
308,12.2800,7,Team B,1304,559,1356,687,1330.0,684.4,68.1946,58.2191
308,12.2800,89,Team B,360,440,406,540,383.0,538.0,53.6037,43.7744
308,12.2800,69,Team A,1073,647,1133,781,1103.0,778.3,63.0635,62.2568
308,12.2800,232,Team B,1364,996,1494,1079,1429.0,1077.3,63.8021,74.8553
308,12.2800,266,Staff/GK,808,1000,868,1079,838.0,1077.4,56.9517,72.5970
308,12.2800,311,Staff/GK,221,1037,264,1078,242.5,1077.2,50.2667,70.3671
308,12.2800,15,Team A,1330,480,1378,580,1354.0,578.0,70.9733,51.4765
308,12.2800,337,Team B,988,232,1019,305,1003.5,303.5,71.2864,20.8716
308,12.2800,340,Team A,1548,334,1590,412,1569.0,410.4,81.0969,37.8310
308,12.2800,363,Team B,1689,397,1731,501,1710.0,498.9,80.4178,47.3700
308,12.2800,364,Team B,119,267,148,331,133.5,329.7,49.2617,20.2098
308,12.2800,8,Team A,777,266,813,344,795.0,342.4,64.7989,25.3073
308,12.2800,361,Team B,1400,276,1436,361,1418.0,359.3,79.7443,30.9270
308,12.2800,348,Team B,1236,339,1283,428,1259.5,426.2,73.3159,37.8633
308,12.2800,428,Team B,466,326,501,406,483.5,404.4,56.6126,31.3353
308,12.2800,362,Team B,717,320,751,405,734.0,403.3,62.1454,32.2938
309,12.3200,6,Team B,1577,745,1658,898,1617.5,894.9,68.5129,69.6344
309,12.3200,7,Team B,1295,567,1345,684,1320.0,681.7,68.0013,58.1524
309,12.3200,89,Team B,351,434,399,539,375.0,536.9,53.4236,43.6462
309,12.3200,69,Team A,1063,643,1121,781,1092.0,778.2,62.8885,62.2047
309,12.3200,232,Team B,1358,997,1489,1079,1423.5,1077.4,63.7298,74.8641
309,12.3200,266,Staff/GK,803,1000,863,1079,833.0,1077.4,56.8746,72.6001
309,12.3200,311,Staff/GK,217,1038,259,1078,238.0,1077.2,50.1841,70.3748
309,12.3200,15,Team A,1313,483,1368,594,1340.5,591.8,70.4751,52.0819
309,12.3200,337,Team B,979,232,1011,308,995.0,306.5,70.9218,21.1121
309,12.3200,340,Team A,1544,336,1585,413,1564.5,411.5,80.8961,37.8897
309,12.3200,363,Team B,1683,395,1727,504,1705.0,501.8,80.2490,47.4189
309,12.3200,364,Team B,109,269,137,332,123.0,330.7,48.9485,20.2635
309,12.3200,8,Team A,769,270,804,346,786.5,344.5,64.5012,25.4547
309,12.3200,361,Team B,1394,276,1428,359,1411.0,357.3,79.5584,30.7612
309,12.3200,348,Team B,1227,338,1276,431,1251.5,429.1,73.0182,37.9966
309,12.3200,428,Team B,461,325,495,405,478.0,403.4,56.4216,31.2651
309,12.3200,362,Team B,712,323,743,399,727.5,397.5,61.9721,32.0105
310,12.3600,6,Team B,1582,742,1663,897,1622.5,893.9,68.6000,69.5859
310,12.3600,7,Team B,1288,577,1335,683,1311.5,680.9,67.8255,58.0835
310,12.3600,89,Team B,342,427,392,538,367.0,535.8,53.2330,43.5313
310,12.3600,69,Team A,1053,639,1111,780,1082.0,777.2,62.7166,62.1376
310,12.3600,232,Team B,1353,995,1488,1080,1420.5,1078.3,63.6634,74.8934
310,12.3600,266,Staff/GK,797,1000,858,1079,827.5,1077.4,56.7918,72.6051
310,12.3600,311,Staff/GK,211,1038,253,1078,232.0,1077.2,50.0942,70.3811
310,12.3600,15,Team A,1297,486,1356,603,1326.5,600.7,69.9720,52.6593
310,12.3600,337,Team B,971,231,1005,309,988.0,307.4,70.5920,21.2856
310,12.3600,340,Team A,1538,336,1580,415,1559.0,413.4,80.6483,38.0261
310,12.3600,363,Team B,1679,396,1722,503,1700.5,500.9,80.1189,47.3781
310,12.3600,364,Team B,99,268,128,333,113.5,331.7,48.6430,20.3643
310,12.3600,8,Team A,761,271,797,345,779.0,343.5,64.2364,25.4278
310,12.3600,361,Team B,1387,276,1421,358,1404.0,356.4,79.3600,30.6008
310,12.3600,348,Team B,1218,337,1266,431,1242.0,429.1,72.7328,38.0247
310,12.3600,428,Team B,455,325,488,405,471.5,403.4,56.2169,31.2341
310,12.3600,362,Team B,702,326,735,408,718.5,406.4,61.6468,32.4884
311,12.4000,6,Team B,1584,740,1666,899,1625.0,895.8,68.6241,69.6304
311,12.4000,7,Team B,1279,574,1329,685,1304.0,682.8,67.6363,58.1099
311,12.4000,89,Team B,333,431,382,539,357.5,536.8,53.0156,43.5247
311,12.4000,69,Team A,1043,636,1100,778,1071.5,775.2,62.5482,62.0349
311,12.4000,232,Team B,1347,994,1484,1079,1415.5,1077.3,63.5974,74.8920
311,12.4000,266,Staff/GK,791,1000,852,1079,821.5,1077.4,56.7032,72.6096
311,12.4000,311,Staff/GK,204,1041,245,1079,224.5,1078.2,49.9910,70.4033
311,12.4000,15,Team A,1290,489,1346,601,1318.0,598.8,69.6774,52.7941
311,12.4000,337,Team B,965,231,998,306,981.5,304.5,70.3636,21.0819
311,12.4000,340,Team A,1532,335,1574,416,1553.0,414.4,80.4018,38.1266
311,12.4000,363,Team B,1674,394,1717,501,1695.5,498.9,80.0220,47.2460
311,12.4000,364,Team B,89,266,118,332,103.5,330.7,48.3329,20.3178
311,12.4000,8,Team A,755,269,792,347,773.5,345.4,63.9753,25.5691
311,12.4000,361,Team B,1379,276,1413,358,1396.0,356.4,79.1137,30.5151
311,12.4000,348,Team B,1206,335,1257,437,1231.5,435.0,72.3290,38.3733
311,12.4000,428,Team B,449,324,484,407,466.5,405.3,56.0154,31.3553
311,12.4000,362,Team B,694,325,729,410,711.5,408.3,61.3613,32.8019
312,12.4400,6,Team B,1586,740,1667,900,1626.5,896.8,68.6240,69.6878
312,12.4400,7,Team B,1269,567,1323,683,1296.0,680.7,67.4814,58.0340
312,12.4400,89,Team B,324,431,373,539,348.5,536.8,52.7959,43.5110
312,12.4400,69,Team A,1031,636,1085,776,1058.0,773.2,62.3533,61.9115
312,12.4400,232,Team B,1339,994,1476,1079,1407.5,1077.3,63.5039,74.8890
312,12.4400,266,Staff/GK,784,1000,846,1079,815.0,1077.4,56.6088,72.6129
312,12.4400,311,Staff/GK,197,1041,237,1078,217.0,1077.3,49.8831,70.3937
312,12.4400,15,Team A,1278,489,1334,598,1306.0,595.8,69.4409,52.6978
312,12.4400,337,Team B,957,231,989,303,973.0,301.6,70.1423,20.7194
312,12.4400,340,Team A,1525,333,1569,416,1547.0,414.3,80.1820,38.1479
312,12.4400,363,Team B,1668,393,1711,498,1689.5,495.9,79.9472,47.0235
312,12.4400,364,Team B,78,267,107,332,92.5,330.7,48.0079,20.2969
312,12.4400,8,Team A,747,272,784,346,765.5,344.5,63.7169,25.5425
312,12.4400,361,Team B,1370,276,1404,357,1387.0,355.4,78.8591,30.3806
312,12.4400,348,Team B,1200,335,1247,432,1223.5,430.1,72.1125,38.1892
312,12.4400,428,Team B,443,322,478,407,460.5,405.3,55.8135,31.4002
312,12.4400,362,Team B,685,325,721,411,703.0,409.3,61.0821,32.9806
313,12.4800,6,Team B,1584,740,1664,901,1624.0,897.8,68.5810,69.7399
313,12.4800,7,Team B,1259,569,1313,682,1286.0,679.7,67.3069,57.9517
313,12.4800,89,Team B,311,406,372,540,341.5,537.3,52.5958,43.5240
313,12.4800,69,Team A,1017,638,1071,776,1044.0,773.2,62.1285,61.8375
313,12.4800,232,Team B,1331,994,1470,1079,1400.5,1077.3,63.4063,74.8876
313,12.4800,266,Staff/GK,778,1000,840,1079,809.0,1077.4,56.5155,72.6167
313,12.4800,311,Staff/GK,192,1042,232,1079,212.0,1078.3,49.7894,70.4143
313,12.4800,15,Team A,1270,492,1322,595,1296.0,592.9,69.2478,52.5168
313,12.4800,337,Team B,949,231,982,302,965.5,300.6,69.8992,20.4753
313,12.4800,340,Team A,1519,332,1563,418,1541.0,416.3,79.9216,38.2663
313,12.4800,363,Team B,1662,393,1704,497,1683.0,494.9,79.8279,46.8661
313,12.4800,364,Team B,68,267,99,334,83.5,332.7,47.7072,20.4536
313,12.4800,8,Team A,739,271,775,345,757.0,343.5,63.4528,25.4411
313,12.4800,361,Team B,1362,275,1397,358,1379.5,356.3,78.5718,30.3820
313,12.4800,348,Team B,1188,334,1237,433,1212.5,431.0,71.8211,38.1480
313,12.4800,428,Team B,436,324,471,407,453.5,405.3,55.5981,31.4173
313,12.4800,362,Team B,677,327,712,413,694.5,411.3,60.7964,33.1734
314,12.5200,6,Team B,1583,736,1662,901,1622.5,897.7,68.5395,69.7680
314,12.5200,7,Team B,1245,565,1298,678,1271.5,675.7,67.1122,57.7462
314,12.5200,89,Team B,306,427,361,541,333.5,538.7,52.3909,43.5900
314,12.5200,69,Team A,1003,636,1058,775,1030.5,772.2,61.9034,61.7534
314,12.5200,232,Team B,1326,992,1467,1079,1396.5,1077.3,63.3286,74.8932
314,12.5200,266,Staff/GK,772,1000,834,1079,803.0,1077.4,56.4225,72.6209
314,12.5200,311,Staff/GK,184,1043,223,1079,203.5,1078.3,49.6783,70.4208
314,12.5200,15,Team A,1260,493,1310,593,1285.0,591.0,69.0476,52.3380
314,12.5200,337,Team B,942,228,976,303,959.0,301.5,69.6253,20.4565
314,12.5200,340,Team A,1512,334,1555,419,1533.5,417.3,79.6479,38.3588
314,12.5200,363,Team B,1655,392,1697,495,1676.0,492.9,79.7069,46.6804
314,12.5200,364,Team B,58,267,89,334,73.5,332.7,47.4006,20.5161
314,12.5200,8,Team A,727,270,764,345,745.5,343.5,63.1299,25.3798
314,12.5200,361,Team B,1355,276,1390,359,1372.5,357.3,78.2785,30.4426
314,12.5200,348,Team B,1179,335,1225,429,1202.0,427.1,71.5945,37.8607
314,12.5200,428,Team B,430,323,464,407,447.0,405.3,55.3840,31.4212
314,12.5200,362,Team B,667,327,702,414,684.5,412.3,60.4986,33.2993
315,12.5600,6,Team B,1582,733,1659,897,1620.5,893.7,68.5325,69.6951
315,12.5600,7,Team B,1230,569,1282,679,1256.0,676.8,66.8437,57.6668
315,12.5600,89,Team B,303,440,355,542,329.0,540.0,52.2225,43.6792
315,12.5600,69,Team A,993,639,1046,775,1019.5,772.3,61.6928,61.7040
315,12.5600,232,Team B,1317,991,1460,1079,1388.5,1077.2,63.2302,74.8925
315,12.5600,266,Staff/GK,765,1001,827,1079,796.0,1077.4,56.3227,72.6232
315,12.5600,311,Staff/GK,177,1044,215,1079,196.0,1078.3,49.5669,70.4238
315,12.5600,15,Team A,1247,495,1298,595,1272.5,593.0,68.7759,52.3219
315,12.5600,337,Team B,935,228,968,301,951.5,299.5,69.3792,20.2609
315,12.5600,340,Team A,1506,336,1548,419,1527.0,417.3,79.4081,38.3813
315,12.5600,363,Team B,1650,392,1692,491,1671.0,489.0,79.6557,46.3865
315,12.5600,364,Team B,47,266,80,336,63.5,334.6,47.0956,20.7013
315,12.5600,8,Team A,719,269,755,346,737.0,344.5,62.8155,25.4227
315,12.5600,361,Team B,1347,274,1382,357,1364.5,355.3,78.0458,30.2925
315,12.5600,348,Team B,1165,335,1211,426,1188.0,424.2,71.3274,37.5227
315,12.5600,428,Team B,423,325,457,408,440.0,406.3,55.1590,31.4887
315,12.5600,362,Team B,659,326,696,418,677.5,416.2,60.2102,33.5998
316,12.6000,6,Team B,1580,725,1656,891,1618.0,887.7,68.5552,69.5312
316,12.6000,7,Team B,1216,566,1268,679,1242.0,676.7,66.5727,57.6028
316,12.6000,89,Team B,296,449,347,543,321.5,541.1,52.0367,43.7655
316,12.6000,69,Team B,982,638,1038,774,1010.0,771.3,61.5085,61.6411
316,12.6000,232,Team B,1309,990,1454,1079,1381.5,1077.2,63.1306,74.8918
316,12.6000,266,Staff/GK,759,1001,821,1079,790.0,1077.4,56.2270,72.6267
316,12.6000,15,Team A,1230,496,1283,596,1256.5,594.0,68.4505,52.3184
316,12.6000,337,Team B,928,227,960,298,944.0,296.6,69.1623,19.9017
316,12.6000,340,Team A,1501,336,1543,420,1522.0,418.3,79.1795,38.4416
316,12.6000,363,Team B,1645,391,1686,490,1665.5,488.0,79.5572,46.2021
316,12.6000,364,Team B,36,264,69,334,52.5,332.6,46.7702,20.6090
316,12.6000,8,Team A,710,269,746,347,728.0,345.4,62.4976,25.5076
316,12.6000,361,Team B,1340,272,1375,358,1357.5,356.3,77.7757,30.2888
316,12.6000,348,Team B,1156,335,1201,424,1178.5,422.2,71.0862,37.2406
316,12.6000,428,Team B,417,325,451,408,434.0,406.3,54.9475,31.5161
316,12.6000,362,Team B,650,328,686,422,668.0,420.1,59.8945,33.9639
317,12.6400,6,Team B,1580,726,1654,888,1617.0,884.8,68.5715,69.4072
317,12.6400,7,Team B,1205,563,1256,676,1230.5,673.7,66.3561,57.4481
317,12.6400,89,Team B,288,452,340,543,314.0,541.2,51.8463,43.7974
317,12.6400,69,Team B,973,640,1029,774,1001.0,771.3,61.3320,61.6052
317,12.6400,232,Team B,1300,988,1447,1079,1373.5,1077.2,63.0233,74.8882
317,12.6400,266,Staff/GK,752,1001,815,1079,783.5,1077.4,56.1295,72.6296
317,12.6400,15,Team A,1209,498,1280,637,1244.5,634.2,67.6812,53.9106
317,12.6400,337,Team B,921,227,954,300,937.5,298.5,68.8785,19.9354
317,12.6400,340,Team A,1495,336,1537,421,1516.0,419.3,78.9414,38.5138
317,12.6400,363,Team B,1638,392,1680,491,1659.0,489.0,79.3801,46.1649
317,12.6400,364,Team B,24,264,58,335,41.0,333.6,46.4365,20.6501
317,12.6400,8,Team A,702,270,736,346,719.0,344.5,62.2008,25.4548
317,12.6400,361,Team B,1332,273,1368,358,1350.0,356.3,77.5067,30.2714
317,12.6400,348,Team B,1147,334,1193,422,1170.0,420.2,70.8683,36.9824
317,12.6400,428,Team B,411,327,444,408,427.5,406.4,54.7347,31.5291
317,12.6400,362,Team B,642,329,677,420,659.5,418.2,59.6311,33.9731
317,12.6400,384,Referee,264,394,307,485,285.5,483.2,53.0421,37.9494
318,12.6800,6,Team B,1579,725,1652,886,1615.5,882.8,68.5718,69.3197
318,12.6800,89,Team B,282,452,336,543,309.0,541.2,51.6809,43.8118
318,12.6800,69,Team B,966,640,1022,773,994.0,770.3,61.1831,61.5551
318,12.6800,232,Team B,1294,986,1442,1079,1368.0,1077.1,62.9307,74.8894
318,12.6800,266,Staff/GK,746,1001,809,1079,777.5,1077.4,56.0345,72.6334
318,12.6800,15,Team A,1190,503,1268,659,1229.0,655.9,66.9478,55.3297
318,12.6800,337,Team B,912,227,946,302,929.0,300.5,68.5374,20.1192
318,12.6800,340,Team A,1489,337,1529,419,1509.0,417.4,78.7570,38.3997
318,12.6800,363,Team B,1631,393,1672,488,1651.5,486.1,79.2483,45.9742
318,12.6800,364,Team B,15,264,48,333,31.5,331.6,46.1191,20.5089
318,12.6800,8,Team A,693,269,728,347,710.5,345.4,61.8980,25.5023
318,12.6800,361,Team B,1324,272,1360,358,1342.0,356.3,77.2313,30.2441
318,12.6800,348,Team B,1137,332,1184,421,1160.5,419.2,70.6285,36.7924
318,12.6800,428,Team B,404,326,438,410,421.0,408.3,54.5136,31.6640
318,12.6800,362,Team B,635,331,669,420,652.0,418.2,59.3849,33.9721
318,12.6800,384,Referee,250,394,293,487,271.5,485.1,51.8265,38.4692
319,12.7200,6,Team B,1577,724,1648,880,1612.5,876.9,68.5914,69.1490
319,12.7200,89,Team B,275,450,334,546,304.5,544.1,51.5265,43.9609
319,12.7200,69,Team B,958,638,1016,772,987.0,769.3,61.0452,61.4981
319,12.7200,232,Team B,1284,986,1433,1079,1358.5,1077.1,62.8151,74.8839
319,12.7200,266,Staff/GK,740,1002,802,1079,771.0,1077.5,55.9371,72.6367
319,12.7200,15,Team A,1180,507,1254,656,1217.0,653.0,66.5364,55.7668
319,12.7200,337,Team B,905,227,938,301,921.5,299.5,68.2436,20.0968
319,12.7200,340,Team A,1481,335,1522,420,1501.5,418.3,78.5159,38.3954
319,12.7200,363,Team B,1623,392,1667,490,1645.0,488.0,79.0360,45.9855
319,12.7200,364,Team B,5,263,38,334,21.5,332.6,45.8096,20.5343
319,12.7200,8,Team A,685,269,720,348,702.5,346.4,61.6003,25.5930
319,12.7200,361,Team B,1316,268,1354,359,1335.0,357.2,76.9457,30.2874
319,12.7200,348,Team B,1131,328,1179,422,1155.0,420.1,70.4010,36.7664
319,12.7200,428,Team B,397,326,433,413,415.0,411.3,54.2923,31.9149
319,12.7200,362,Team B,625,335,660,426,642.5,424.2,59.0742,34.3434
319,12.7200,384,Referee,238,395,284,493,261.0,491.0,51.1749,38.9883
320,12.7600,6,Team B,1575,724,1645,875,1610.0,872.0,68.6130,68.9687
320,12.7600,89,Team B,269,448,330,545,299.5,543.1,51.3772,43.9735
320,12.7600,69,Team B,949,639,1008,774,978.5,771.3,60.8789,61.5241
320,12.7600,232,Team B,1276,986,1425,1079,1350.5,1077.1,62.7009,74.8791
320,12.7600,266,Staff/GK,733,1002,796,1079,764.5,1077.5,55.8387,72.6395
320,12.7600,15,Team A,1167,508,1242,659,1204.5,656.0,66.1871,56.0256
320,12.7600,337,Team B,898,226,931,300,914.5,298.5,67.9763,19.9920
320,12.7600,340,Team A,1474,336,1516,423,1495.0,421.3,78.2186,38.5681
320,12.7600,363,Team B,1618,391,1662,489,1640.0,487.0,78.8779,45.9253
320,12.7600,364,Team B,0,264,29,331,14.5,329.7,45.5319,20.3155
320,12.7600,8,Team A,677,269,711,349,694.0,347.4,61.2980,25.6996
320,12.7600,361,Team B,1309,269,1346,357,1327.5,355.2,76.7183,30.1387
320,12.7600,348,Team B,1124,327,1172,421,1148.0,419.1,70.1902,36.6790
320,12.7600,428,Team B,392,326,428,414,410.0,412.2,54.0920,32.0846
320,12.7600,362,Team B,619,338,654,430,636.5,428.2,58.8004,34.7430
320,12.7600,384,Referee,228,394,274,493,251.0,491.0,50.7623,39.1845
321,12.8000,6,Team B,1572,726,1644,882,1608.0,878.9,68.5230,69.0704
321,12.8000,89,Team B,265,448,326,545,295.5,543.1,51.2390,43.9836
321,12.8000,69,Team B,940,633,1000,774,970.0,771.2,60.7146,61.5207
321,12.8000,232,Team B,1270,984,1421,1079,1345.5,1077.1,62.6088,74.8810
321,12.8000,266,Staff/GK,728,1002,791,1079,759.5,1077.5,55.7501,72.6456
321,12.8000,15,Team A,1153,510,1232,670,1192.5,666.8,65.7903,56.5009
321,12.8000,337,Team B,893,226,926,300,909.5,298.5,67.7336,19.9525
321,12.8000,340,Team A,1468,337,1509,425,1488.5,423.2,77.9233,38.7481
321,12.8000,363,Team B,1613,390,1659,490,1636.0,488.0,78.7101,45.9447
321,12.8000,8,Team A,669,271,703,349,686.0,347.4,61.0111,25.7401
321,12.8000,361,Team B,1304,269,1340,356,1322.0,354.3,76.5204,29.9936
321,12.8000,348,Team B,1117,326,1165,421,1141.0,419.1,69.9693,36.6306
321,12.8000,428,Team B,386,327,422,414,404.0,412.3,53.8912,32.1556
321,12.8000,362,Team B,613,340,647,431,630.0,429.2,58.5577,34.9638
322,12.8400,6,Team B,1569,726,1643,887,1606.0,883.8,68.4089,69.2357
322,12.8400,89,Team B,261,446,324,546,292.5,544.0,51.1148,44.0408
322,12.8400,69,Team B,932,634,991,773,961.5,770.2,60.5560,61.4805
322,12.8400,232,Team B,1262,984,1413,1079,1337.5,1077.1,62.5038,74.8793
322,12.8400,266,Staff/GK,722,1002,786,1079,754.0,1077.5,55.6620,72.6517
322,12.8400,15,Team A,1153,510,1217,636,1185.0,633.5,65.8683,55.4315
322,12.8400,337,Team B,889,227,920,298,904.5,296.6,67.5340,19.7608
322,12.8400,340,Team A,1462,338,1503,427,1482.5,425.2,77.6368,38.9322
322,12.8400,363,Team B,1611,390,1656,490,1633.5,488.0,78.5797,45.9496
322,12.8400,8,Team A,663,271,696,347,679.5,345.5,60.7718,25.6007
322,12.8400,361,Team B,1297,268,1333,356,1315.0,354.2,76.2874,29.9201
322,12.8400,348,Team B,1110,326,1157,422,1133.5,420.1,69.7208,36.6611
322,12.8400,428,Team B,380,327,416,415,398.0,413.2,53.6869,32.2508
322,12.8400,362,Team B,607,343,640,432,623.5,430.2,58.3277,35.1144
322,12.8400,7,Team B,1144,563,1197,675,1170.5,672.8,65.5527,57.2326
322,12.8400,384,Referee,209,406,252,497,230.5,495.2,50.2857,39.4669
323,12.8800,6,Team B,1567,725,1641,886,1604.0,882.8,68.3425,69.2858
323,12.8800,89,Team B,259,442,324,547,291.5,544.9,51.0178,44.1205
323,12.8800,69,Team B,924,633,981,774,952.5,771.2,60.3835,61.4818
323,12.8800,232,Team B,1255,984,1406,1080,1330.5,1078.1,62.3952,74.8959
323,12.8800,266,Staff/GK,717,1002,780,1079,748.5,1077.5,55.5740,72.6579
323,12.8800,15,Team A,1142,511,1202,627,1172.0,624.7,65.8275,54.6319
323,12.8800,337,Team B,885,227,914,295,899.5,293.6,67.3680,19.4150
323,12.8800,340,Team A,1457,339,1497,428,1477.0,426.2,77.3841,39.0575
323,12.8800,363,Team B,1608,389,1653,488,1630.5,486.0,78.5013,45.8409
323,12.8800,8,Team A,658,274,689,345,673.5,343.6,60.5571,25.3954
323,12.8800,361,Team B,1291,268,1328,357,1309.5,355.2,76.0394,29.9577
323,12.8800,348,Team B,1105,327,1151,422,1128.0,420.1,69.5044,36.6677
323,12.8800,428,Team B,377,325,414,415,395.5,413.2,53.5291,32.2985
323,12.8800,362,Team B,599,342,634,437,616.5,435.1,58.0711,35.4752
323,12.8800,384,Referee,202,407,243,498,222.5,496.2,49.9662,39.6297
324,12.9200,6,Team B,1566,725,1638,883,1602.0,879.8,68.3137,69.2433
324,12.9200,89,Team B,260,442,323,548,291.5,545.9,50.9423,44.2157
324,12.9200,69,Team B,917,632,973,776,945.0,773.1,60.2132,61.5331
324,12.9200,232,Team B,1248,983,1400,1080,1324.0,1078.1,62.2943,74.9032
324,12.9200,266,Team B,712,1003,775,1079,743.5,1077.5,55.4895,72.6657
324,12.9200,15,Team A,1133,512,1191,620,1162.0,617.8,65.7487,54.0209
324,12.9200,337,Team B,880,228,909,294,894.5,292.7,67.1803,19.1912
324,12.9200,340,Team A,1451,339,1491,430,1471.0,428.2,77.1166,39.2180
324,12.9200,363,Team B,1605,389,1650,489,1627.5,487.0,78.3778,45.8459
324,12.9200,8,Team A,651,276,682,345,666.5,343.6,60.3186,25.3156
324,12.9200,361,Team B,1287,269,1323,355,1305.0,353.3,75.8701,29.8168
324,12.9200,348,Team B,1100,328,1144,420,1122.0,418.2,69.3254,36.5369
324,12.9200,428,Team B,374,326,409,415,391.5,413.2,53.3707,32.3273
324,12.9200,362,Team B,592,342,629,439,610.5,437.1,57.8374,35.7396
324,12.9200,384,Referee,194,408,237,501,215.5,499.1,49.7207,39.8521
324,12.9200,456,Team B,452,193,479,247,465.5,245.9,56.3828,9.2473
324,12.9200,7,Team B,1125,567,1178,677,1151.5,674.8,64.9710,57.1873
325,12.9600,6,Team B,1567,723,1639,881,1603.0,877.8,68.3165,69.1939
325,12.9600,89,Team B,262,442,323,548,292.5,545.9,50.8871,44.2731
325,12.9600,69,Team B,909,632,964,778,936.5,775.1,60.0351,61.6022
325,12.9600,232,Team B,1266,983,1410,1079,1338.0,1077.1,62.3486,74.9375
325,12.9600,266,Team B,707,1002,771,1079,739.0,1077.5,55.4097,72.6744
325,12.9600,15,Team A,1132,514,1188,621,1160.0,618.9,65.6573,53.8219
325,12.9600,337,Team B,875,228,903,294,889.0,292.7,66.9593,19.1047
325,12.9600,340,Team A,1446,342,1485,429,1465.5,427.3,76.9150,39.2133
325,12.9600,363,Team B,1602,388,1647,489,1624.5,487.0,78.2582,45.8428
325,12.9600,8,Team A,646,276,677,345,661.5,343.6,60.0997,25.2889
325,12.9600,361,Team B,1284,272,1317,353,1300.5,351.4,75.7305,29.6072
325,12.9600,348,Team B,1092,326,1139,426,1115.5,424.0,69.0308,36.8502
325,12.9600,428,Team B,371,327,406,415,388.5,413.2,53.2245,32.3516
325,12.9600,362,Team B,586,344,622,438,604.0,436.1,57.6254,35.7848
325,12.9600,384,Referee,186,410,227,501,206.5,499.2,49.4835,39.9371
325,12.9600,7,Team B,1113,565,1166,675,1139.5,672.8,64.6107,57.0748
326,13.0000,6,Team B,1566,721,1637,880,1601.5,876.8,68.3008,69.1586
326,13.0000,89,Team B,264,442,323,549,293.5,546.9,50.8389,44.3621
326,13.0000,69,Team B,904,633,956,775,930.0,772.2,59.8996,61.5384
326,13.0000,232,Team B,1245,983,1389,1079,1317.0,1077.1,62.2086,74.9183
326,13.0000,266,Team B,702,1002,766,1079,734.0,1077.5,55.3284,72.6828
326,13.0000,15,Team A,1127,516,1185,628,1156.0,625.8,65.4797,54.0156
326,13.0000,337,Team B,870,225,900,297,885.0,295.6,66.7017,19.3451
326,13.0000,340,Team A,1441,347,1478,429,1459.5,427.4,76.7097,39.2053
326,13.0000,363,Team B,1600,388,1644,488,1622.0,486.0,78.1676,45.7864
326,13.0000,8,Team A,638,275,672,353,655.0,351.4,59.7972,25.8947
326,13.0000,361,Team B,1281,273,1313,352,1297.0,350.4,75.5954,29.4466
326,13.0000,348,Team B,1089,326,1133,423,1111.0,421.1,68.8558,36.7845
326,13.0000,428,Team B,367,327,402,416,384.5,414.2,53.0679,32.4344
326,13.0000,362,Team B,580,346,615,438,597.5,436.2,57.4156,35.8032
326,13.0000,384,Referee,179,406,222,503,200.5,501.1,49.2834,40.0733
326,13.0000,7,Team B,1101,555,1157,673,1129.0,670.6,64.3547,56.9337
327,13.0400,6,Team B,1563,722,1633,877,1598.0,873.9,68.2787,69.0775
327,13.0400,89,Team B,265,443,322,549,293.5,546.9,50.7839,44.4154
327,13.0400,69,Team B,898,633,950,775,924.0,772.2,59.7687,61.5098
327,13.0400,232,Team B,1235,985,1376,1079,1305.5,1077.1,62.0586,74.9006
327,13.0400,266,Team B,699,1002,762,1079,730.5,1077.5,55.2567,72.6945
327,13.0400,15,Team A,1118,520,1175,632,1146.5,629.8,65.2405,54.2339
327,13.0400,337,Team B,866,226,895,297,880.5,295.6,66.4690,19.4496
327,13.0400,340,Team A,1437,348,1474,429,1455.5,427.4,76.5325,39.1974
327,13.0400,363,Team B,1598,388,1642,488,1620.0,486.0,78.0735,45.7633
327,13.0400,8,Team A,634,276,667,349,650.5,347.5,59.5951,25.8393
327,13.0400,361,Team B,1275,273,1309,354,1292.0,352.4,75.3704,29.5295
327,13.0400,348,Team B,1084,326,1128,423,1106.0,421.1,68.6755,36.7539
327,13.0400,428,Team B,363,328,398,418,380.5,416.2,52.9046,32.6058
327,13.0400,362,Team B,573,346,609,439,591.0,437.1,57.2012,35.8692
327,13.0400,384,Referee,172,406,216,506,194.0,504.0,49.0933,40.2841
327,13.0400,7,Team B,1086,548,1142,669,1114.0,666.6,64.1109,56.6994
328,13.0800,6,Team B,1560,722,1630,875,1595.0,871.9,68.2489,69.0025
328,13.0800,89,Team B,264,443,321,550,292.5,547.9,50.7145,44.4975
328,13.0800,69,Team B,891,631,943,777,917.0,774.1,59.6202,61.5503
328,13.0800,232,Team B,1229,987,1369,1079,1299.0,1077.2,61.9405,74.8953
328,13.0800,266,Team B,695,1003,758,1079,726.5,1077.5,55.1854,72.7067
328,13.0800,15,Team A,1111,526,1166,637,1138.5,634.8,64.9840,54.5049
328,13.0800,337,Team B,862,227,892,297,877.0,295.6,66.2621,19.5029
328,13.0800,340,Team A,1432,348,1469,431,1450.5,429.3,76.3103,39.3086
328,13.0800,363,Team B,1596,389,1639,488,1617.5,486.0,77.9709,45.7530
328,13.0800,8,Team A,629,277,661,350,645.0,348.5,59.3758,25.9002
328,13.0800,361,Team B,1270,273,1304,354,1287.0,352.4,75.1554,29.5570
328,13.0800,348,Team B,1081,326,1123,422,1102.0,420.1,68.5215,36.6777
328,13.0800,428,Team B,361,330,395,418,378.0,416.2,52.7630,32.6903
328,13.0800,362,Team B,567,350,604,447,585.5,445.1,56.9586,36.3800
328,13.0800,384,Referee,167,409,211,508,189.0,506.0,48.9243,40.4798
328,13.0800,7,Team B,1077,549,1128,665,1102.5,662.7,63.9047,56.4423
329,13.1200,6,Team B,1555,723,1624,874,1589.5,871.0,68.1844,68.9475
329,13.1200,89,Team B,265,444,321,551,293.0,548.9,50.6555,44.5962
329,13.1200,69,Team B,885,632,935,776,910.0,773.1,59.4802,61.5324
329,13.1200,232,Team B,1224,987,1364,1079,1294.0,1077.2,61.8459,74.8976
329,13.1200,266,Team B,692,1006,753,1079,722.5,1077.5,55.1140,72.7198
329,13.1200,15,Team A,1087,529,1152,659,1119.5,656.4,64.4565,55.3913
329,13.1200,337,Team B,857,227,888,299,872.5,297.6,66.0193,19.7115
329,13.1200,340,Team A,1427,349,1464,433,1445.5,431.3,76.0704,39.4683
329,13.1200,363,Team B,1592,390,1637,491,1614.5,489.0,77.7950,45.9045
329,13.1200,8,Team A,623,277,657,354,640.0,352.5,59.1331,26.2359
329,13.1200,361,Team B,1266,272,1301,355,1283.5,353.3,74.9454,29.6418
329,13.1200,348,Team B,1079,326,1118,418,1098.5,416.2,68.4290,36.3945
329,13.1200,428,Team B,359,331,393,419,376.0,417.2,52.6339,32.8041
329,13.1200,362,Team B,561,354,599,448,580.0,446.1,56.7451,36.6496
329,13.1200,384,Referee,161,411,203,510,182.0,508.0,48.7421,40.6626
329,13.1200,7,Team B,1066,548,1116,667,1091.0,664.6,63.6624,56.3897
330,13.1600,6,Team B,1551,722,1621,872,1586.0,869.0,68.1330,68.8808
330,13.1600,89,Team B,265,443,322,552,293.5,549.8,50.6006,44.6994
330,13.1600,69,Team B,881,632,929,776,905.0,773.1,59.3564,61.5251
330,13.1600,232,Team B,1218,988,1358,1080,1288.0,1078.2,61.7483,74.9188
330,13.1600,266,Team B,690,1008,750,1078,720.0,1076.6,55.0554,72.7181
330,13.1600,15,Team A,1088,533,1146,647,1117.0,644.7,64.2981,55.3110
330,13.1600,337,Team B,853,226,884,299,868.5,297.5,65.8013,19.8019
330,13.1600,340,Team A,1423,347,1461,433,1442.0,431.3,75.8878,39.5261
330,13.1600,363,Team B,1591,391,1634,489,1612.5,487.0,77.7079,45.8607
330,13.1600,8,Team A,619,277,654,355,636.5,353.4,58.9275,26.4566
330,13.1600,361,Team B,1264,272,1299,356,1281.5,354.3,74.7604,29.7557
330,13.1600,348,Team B,1075,325,1115,420,1095.0,418.1,68.2717,36.4080
330,13.1600,428,Team B,358,334,391,419,374.5,417.3,52.5185,32.8700
330,13.1600,362,Team B,557,358,594,452,575.5,450.1,56.5404,37.0013
330,13.1600,384,Referee,157,412,199,509,178.0,507.1,48.5863,40.6943
330,13.1600,7,Team B,1052,550,1103,673,1077.5,670.5,63.3532,56.5578
331,13.2000,6,Team B,1553,719,1622,869,1587.5,866.0,68.1398,68.7971
331,13.2000,89,Team B,265,443,323,553,294.0,550.8,50.5474,44.8055
331,13.2000,69,Team B,876,632,924,778,900.0,775.1,59.2286,61.5808
331,13.2000,232,Team B,1215,990,1352,1080,1283.5,1078.2,61.6652,74.9336
331,13.2000,266,Team B,687,1008,747,1079,717.0,1077.6,54.9938,72.7451
331,13.2000,15,Team A,1084,534,1139,640,1111.5,637.9,64.2121,55.0124
331,13.2000,337,Team B,849,227,880,300,864.5,298.5,65.5777,19.9386
331,13.2000,340,Team A,1418,349,1456,435,1437.0,433.3,75.6642,39.6655
331,13.2000,363,Team B,1588,392,1631,489,1609.5,487.1,77.6011,45.8412
331,13.2000,8,Team A,615,277,650,359,632.5,357.4,58.7072,26.8546
331,13.2000,361,Team B,1262,272,1296,354,1279.0,352.4,74.6433,29.6518
331,13.2000,348,Team B,1073,324,1112,416,1092.5,414.2,68.1905,36.1616
331,13.2000,428,Team B,356,336,389,420,372.5,418.3,52.4000,32.9777
331,13.2000,362,Team B,551,360,588,453,569.5,451.1,56.3371,37.2029
331,13.2000,384,Referee,152,411,194,508,173.0,506.1,48.4297,40.6609
331,13.2000,7,Team B,1041,552,1091,670,1066.0,667.6,63.1107,56.4997
332,13.2400,6,Team B,1549,715,1620,869,1584.5,865.9,68.1027,68.7667
332,13.2400,89,Team B,263,445,321,553,292.0,550.8,50.4689,44.8618
332,13.2400,69,Team B,872,632,920,778,896.0,775.1,59.1186,61.6057
332,13.2400,232,Team B,1211,992,1346,1079,1278.5,1077.3,61.5894,74.9270
332,13.2400,266,Team B,684,1009,744,1079,714.0,1077.6,54.9332,72.7657
332,13.2400,15,Team A,1077,537,1133,642,1105.0,639.9,64.0638,54.9638
332,13.2400,337,Team B,845,228,876,301,860.5,299.5,65.3524,20.0936
332,13.2400,340,Team A,1414,349,1452,437,1433.0,435.2,75.4397,39.8377
332,13.2400,363,Team B,1586,392,1630,489,1608.0,487.1,77.5064,45.8350
332,13.2400,8,Team A,611,277,645,359,628.0,357.4,58.5049,27.0220
332,13.2400,361,Team B,1259,274,1292,355,1275.5,353.4,74.4712,29.6895
332,13.2400,348,Team B,1070,324,1109,417,1089.5,415.1,68.0585,36.1299
332,13.2400,428,Team B,352,335,388,424,370.0,422.2,52.2683,33.2851
332,13.2400,362,Team B,547,359,585,453,566.0,451.1,56.1704,37.2899
332,13.2400,384,Referee,147,410,190,510,168.5,508.0,48.2806,40.7563
332,13.2400,7,Team B,1029,553,1081,673,1055.0,670.6,62.8526,56.5652
333,13.2800,6,Team B,1549,712,1619,868,1584.0,864.9,68.0789,68.7405
333,13.2800,89,Team B,261,446,320,556,290.5,553.8,50.3840,45.0368
333,13.2800,69,Team B,868,633,915,777,891.5,774.1,59.0159,61.5885
333,13.2800,232,Team B,1209,992,1343,1079,1276.0,1077.3,61.5295,74.9347
333,13.2800,266,Team B,683,1013,740,1079,711.5,1077.7,54.8764,72.7860
333,13.2800,15,Team A,1068,537,1125,642,1096.5,639.9,63.8878,54.9319
333,13.2800,337,Team B,842,229,872,299,857.0,297.6,65.1772,19.9905
333,13.2800,340,Team A,1410,351,1449,441,1429.5,439.2,75.1819,40.1466
333,13.2800,363,Team B,1585,392,1629,489,1607.0,487.1,77.4230,45.8359
333,13.2800,8,Team A,608,278,641,358,624.5,356.4,58.3309,27.0273
333,13.2800,361,Team B,1256,273,1290,356,1273.0,354.3,74.2941,29.7821
333,13.2800,348,Team B,1066,325,1104,418,1085.0,416.1,67.8856,36.1811
333,13.2800,428,Team B,350,336,386,425,368.0,423.2,52.1440,33.4873
333,13.2800,362,Team B,543,359,581,453,562.0,451.1,56.0121,37.3311
333,13.2800,384,Referee,144,411,186,512,165.0,510.0,48.1460,40.9074
333,13.2800,7,Team B,1020,557,1073,675,1046.5,672.6,62.6213,56.6535
334,13.3200,6,Team B,1547,709,1618,869,1582.5,865.8,68.0331,68.7618
334,13.3200,89,Team B,260,447,319,557,289.5,554.8,50.3031,45.1683
334,13.3200,69,Team B,864,632,910,772,887.0,769.2,58.9358,61.4352
334,13.3200,232,Team B,1206,993,1340,1079,1273.0,1077.3,61.4722,74.9473
334,13.3200,266,Team B,681,1014,737,1079,709.0,1077.7,54.8212,72.8050
334,13.3200,15,Team B,1055,534,1113,642,1084.0,639.8,63.6594,54.8935
334,13.3200,337,Team B,839,230,868,299,853.5,297.6,64.9931,19.9627
334,13.3200,340,Team A,1407,354,1445,440,1426.0,438.3,75.0103,40.2112
334,13.3200,363,Team B,1583,391,1627,490,1605.0,488.0,77.3108,45.8882
334,13.3200,8,Team A,605,280,637,357,621.0,355.5,58.1677,26.9694
334,13.3200,361,Team B,1254,274,1288,358,1271.0,356.3,74.1010,29.9767
334,13.3200,348,Team B,1062,324,1100,418,1081.0,416.1,67.7182,36.2008
334,13.3200,428,Team B,349,337,385,427,367.0,425.2,52.0335,33.7122
334,13.3200,362,Team B,538,359,577,456,557.5,454.1,55.8374,37.5265
334,13.3200,384,Referee,140,414,181,513,160.5,511.0,48.0056,41.0296
334,13.3200,7,Team B,1014,561,1068,677,1041.0,674.7,62.4314,56.7591
335,13.3600,6,Team B,1543,708,1613,870,1578.0,866.8,67.9519,68.7953
335,13.3600,89,Team B,262,448,321,559,291.5,556.8,50.2552,45.3360
335,13.3600,69,Team B,861,630,906,768,883.5,765.2,58.8684,61.2580
335,13.3600,232,Team B,1200,995,1333,1079,1266.5,1077.3,61.3905,74.9541
335,13.3600,266,Team B,677,1015,734,1079,705.5,1077.7,54.7596,72.8213
335,13.3600,15,Team B,1039,532,1099,643,1069.0,640.8,63.3755,54.8843
335,13.3600,337,Team B,836,231,865,298,850.5,296.7,64.8272,19.8776
335,13.3600,340,Team A,1405,358,1442,440,1423.5,438.4,74.8667,40.2425
335,13.3600,363,Team B,1583,392,1626,491,1604.5,489.0,77.2062,45.9680
335,13.3600,8,Team A,603,282,634,357,618.5,355.5,58.0155,26.9641
335,13.3600,361,Team B,1251,273,1285,358,1268.0,356.3,73.9293,30.0551
335,13.3600,348,Team B,1059,324,1096,415,1077.5,413.2,67.6015,36.0193
335,13.3600,428,Team B,350,338,384,428,367.0,426.2,51.9428,33.8865
335,13.3600,362,Team B,534,361,571,457,552.5,455.1,55.6593,37.6686
335,13.3600,384,Referee,136,413,178,514,157.0,512.0,47.8739,41.1386
335,13.3600,7,Team B,1009,574,1061,678,1035.0,675.9,62.2593,56.8414
336,13.4000,6,Team B,1541,708,1608,865,1574.5,861.9,67.9198,68.6908
336,13.4000,89,Team B,264,449,319,559,291.5,556.8,50.2002,45.4216
336,13.4000,69,Team B,856,627,901,765,878.5,762.2,58.7872,61.0958
336,13.4000,232,Team B,1195,995,1329,1079,1262.0,1077.3,61.3137,74.9624
336,13.4000,266,Team B,673,1015,731,1079,702.0,1077.7,54.6955,72.8361
336,13.4000,15,Team B,1027,531,1085,643,1056.0,640.8,63.0983,54.8556
336,13.4000,337,Team B,833,230,862,298,847.5,296.6,64.6548,19.8555
336,13.4000,340,Team A,1400,360,1438,443,1419.0,441.3,74.6490,40.4312
336,13.4000,363,Team B,1581,391,1624,490,1602.5,488.0,77.1260,45.9469
336,13.4000,8,Team A,600,283,631,358,615.5,356.5,57.8541,27.0517
336,13.4000,361,Team B,1247,274,1283,360,1265.0,358.3,73.7240,30.2406
336,13.4000,348,Team B,1054,325,1091,418,1072.5,416.1,67.3998,36.1378
336,13.4000,428,Team B,349,339,383,427,366.0,425.2,51.8511,33.9143
336,13.4000,362,Team B,529,362,567,461,548.0,459.0,55.4739,37.9611
336,13.4000,384,Referee,133,413,175,516,154.0,513.9,47.7525,41.2950
336,13.4000,7,Team B,1002,569,1057,681,1029.5,678.8,62.0878,56.9730
337,13.4400,6,Team B,1531,706,1598,862,1564.5,858.9,67.8318,68.5610
337,13.4400,89,Team B,265,449,319,560,292.0,557.8,50.1472,45.5203
337,13.4400,69,Team B,851,625,896,764,873.5,761.2,58.6902,61.0000
337,13.4400,232,Team B,1193,996,1325,1079,1259.0,1077.3,61.2494,74.9752
337,13.4400,266,Team B,670,1016,727,1079,698.5,1077.7,54.6303,72.8507
337,13.4400,15,Team B,1017,528,1074,642,1045.5,639.7,62.8580,54.7870
337,13.4400,337,Team B,829,230,859,299,844.0,297.6,64.4581,19.9486
337,13.4400,340,Team A,1394,361,1433,446,1413.5,444.3,74.3898,40.6776
337,13.4400,363,Team B,1579,391,1622,491,1600.5,489.0,77.0146,45.9919
337,13.4400,8,Team A,600,285,629,356,614.5,354.6,57.7369,26.9599
337,13.4400,361,Team B,1245,273,1280,361,1262.5,359.2,73.5347,30.3920
337,13.4400,348,Team B,1051,324,1088,418,1069.5,416.1,67.2341,36.1880
337,13.4400,428,Team B,348,338,381,428,364.5,426.2,51.7494,34.0036
337,13.4400,362,Team B,525,363,564,464,544.5,462.0,55.3029,38.2577
337,13.4400,384,Referee,129,414,171,520,150.0,517.9,47.6275,41.5677
337,13.4400,7,Team B,991,559,1050,680,1020.5,677.6,61.9111,56.9714
338,13.4800,6,Team B,1533,704,1598,857,1565.5,853.9,67.8364,68.4001
338,13.4800,89,Team B,267,449,320,560,293.5,557.8,50.1059,45.5815
338,13.4800,69,Team B,847,625,892,765,869.5,762.2,58.5863,60.9948
338,13.4800,232,Team B,1190,999,1319,1080,1254.5,1078.4,61.1744,75.0049
338,13.4800,266,Team B,666,1016,724,1079,695.0,1077.7,54.5647,72.8648
338,13.4800,15,Team B,1006,527,1062,644,1034.0,641.7,62.5981,54.8147
338,13.4800,337,Team B,826,229,856,299,841.0,297.6,64.2735,19.9985
338,13.4800,340,Team A,1387,361,1428,448,1407.5,446.3,74.1274,40.8846
338,13.4800,363,Team B,1579,390,1621,491,1600.0,489.0,76.9311,46.0143
338,13.4800,8,Team A,598,286,627,356,612.5,354.6,57.6100,26.9416
338,13.4800,361,Team B,1243,273,1278,361,1260.5,359.2,73.3796,30.4583
338,13.4800,348,Team B,1048,325,1084,415,1066.0,413.2,67.1159,36.0210
338,13.4800,428,Team B,346,340,379,428,362.5,426.2,51.6390,34.0582
338,13.4800,362,Team B,521,365,560,466,540.5,464.0,55.1361,38.4986
338,13.4800,384,Referee,127,415,168,522,147.5,519.9,47.5152,41.7906
338,13.4800,7,Team B,983,563,1039,680,1011.0,677.7,61.7179,56.9601
339,13.5200,6,Team B,1533,703,1595,851,1564.0,848.0,67.8649,68.1943
339,13.5200,89,Team B,268,448,320,562,294.0,559.7,50.0582,45.7149
339,13.5200,69,Team B,843,625,888,765,865.5,762.2,58.4842,60.9958
339,13.5200,232,Team B,1186,1000,1315,1080,1250.5,1078.4,61.1035,75.0239
339,13.5200,266,Team B,663,1016,722,1079,692.5,1077.7,54.5058,72.8811
339,13.5200,15,Team B,996,525,1047,632,1021.5,629.9,62.4266,54.3447
339,13.5200,337,Team B,824,230,854,301,839.0,299.6,64.0828,20.2146
339,13.5200,340,Team A,1381,361,1422,449,1401.5,447.2,73.8829,41.0170
339,13.5200,363,Team B,1578,390,1619,490,1598.5,488.0,76.8649,45.9732
339,13.5200,8,Team A,597,288,625,356,611.0,354.6,57.4859,26.9559
339,13.5200,361,Team B,1240,274,1275,360,1257.5,358.3,73.2422,30.4148
339,13.5200,348,Team B,1044,325,1080,414,1062.0,412.2,66.9823,35.8920
339,13.5200,428,Team B,346,341,378,429,362.0,427.2,51.5424,34.1634
339,13.5200,362,Team B,518,368,555,466,536.5,464.0,54.9787,38.6058
339,13.5200,384,Referee,125,417,165,523,145.0,520.9,47.4067,41.9449
339,13.5200,7,Team B,972,562,1029,684,1000.5,681.6,61.4820,57.0788
340,13.5600,6,Team B,1529,699,1591,846,1560.0,843.1,67.8718,67.9861
340,13.5600,89,Team B,270,448,320,562,295.0,559.7,50.0137,45.7888
340,13.5600,69,Team B,840,625,885,765,862.5,762.2,58.3918,61.0020
340,13.5600,232,Team B,1185,1001,1313,1079,1249.0,1077.4,61.0571,75.0267
340,13.5600,266,Team B,662,1017,720,1079,691.0,1077.8,54.4565,72.9007
340,13.5600,337,Team B,822,231,850,297,836.0,295.7,63.9515,19.9629
340,13.5600,340,Team A,1376,363,1419,452,1397.5,450.2,73.6362,41.2445
340,13.5600,363,Team B,1577,390,1618,489,1597.5,487.0,76.8120,45.9082
340,13.5600,8,Team A,596,288,623,356,609.5,354.6,57.3631,26.9804
340,13.5600,361,Team B,1238,274,1272,360,1255.0,358.3,73.0997,30.4022
340,13.5600,348,Team B,1041,326,1076,415,1058.5,413.2,66.8220,35.9094
340,13.5600,428,Team B,346,341,378,429,362.0,427.2,51.4588,34.2275
340,13.5600,362,Team B,513,370,551,472,532.0,470.0,54.7980,38.9915
340,13.5600,384,Referee,124,417,164,524,144.0,521.9,47.3159,42.0737
340,13.5600,7,Team B,964,551,1024,680,994.0,677.4,61.3238,56.9737
341,13.6000,6,Team B,1523,690,1587,842,1555.0,839.0,67.8523,67.7959
341,13.6000,89,Team B,273,450,320,560,296.5,557.8,49.9759,45.7516
341,13.6000,69,Team A,837,628,883,767,860.0,764.2,58.2986,61.0734
341,13.6000,232,Team B,1182,1002,1310,1079,1246.0,1077.5,61.0048,75.0373
341,13.6000,266,Team B,659,1017,718,1080,688.5,1078.7,54.4022,72.9375
341,13.6000,337,Team B,820,231,848,298,834.0,296.7,63.7951,19.9694
341,13.6000,340,Team A,1370,364,1413,451,1391.5,449.3,73.4343,41.2700
341,13.6000,363,Team B,1577,391,1618,490,1597.5,488.0,76.7374,45.9435
341,13.6000,8,Team A,594,289,623,360,608.5,358.6,57.2234,27.3085
341,13.6000,361,Team B,1236,274,1270,360,1253.0,358.3,72.9625,30.4037
341,13.6000,348,Team B,1037,327,1072,415,1054.5,413.2,66.6575,35.9200
341,13.6000,428,Team B,347,342,380,430,363.5,428.2,51.3976,34.3417
341,13.6000,362,Team B,508,373,547,474,527.5,472.0,54.6231,39.2659
341,13.6000,384,Referee,122,417,162,525,142.0,522.8,47.2216,42.1897
341,13.6000,7,Team B,956,537,1022,679,989.0,676.2,61.1917,56.8857
342,13.6400,6,Team B,1522,684,1586,837,1554.0,833.9,67.8668,67.5985
342,13.6400,89,Team B,275,450,324,561,299.5,558.8,49.9561,45.8080
342,13.6400,69,Team A,834,629,880,767,857.0,764.2,58.2097,61.1085
342,13.6400,232,Team B,1179,1003,1306,1079,1242.5,1077.5,60.9465,75.0499
342,13.6400,266,Team B,656,1017,716,1080,686.0,1078.7,54.3478,72.9628
342,13.6400,337,Team B,816,231,846,303,831.0,301.6,63.5637,20.4285
342,13.6400,340,Team A,1362,362,1404,449,1383.0,447.3,73.2345,41.1454
342,13.6400,363,Team B,1576,391,1618,491,1597.0,489.0,76.6479,46.0163
342,13.6400,8,Team B,594,289,622,361,608.0,359.6,57.1027,27.5349
342,13.6400,361,Team B,1235,276,1268,360,1251.5,358.3,72.8342,30.4155
342,13.6400,348,Team B,1032,327,1068,417,1050.0,415.2,66.4587,36.0531
342,13.6400,428,Team B,347,343,381,430,364.0,428.3,51.3342,34.4122
342,13.6400,362,Team B,505,374,545,477,525.0,474.9,54.4717,39.5529
342,13.6400,384,Referee,120,420,160,525,140.0,522.9,47.1243,42.2547
342,13.6400,7,Team B,949,546,1009,678,979.0,675.4,61.0165,56.8076
342,13.6400,15,Team B,973,532,1023,641,998.0,638.8,61.9563,54.4794
343,13.6800,6,Team B,1520,682,1583,835,1551.5,831.9,67.8526,67.4730
343,13.6800,89,Team B,277,451,327,563,302.0,560.8,49.9381,45.9464
343,13.6800,69,Team A,832,631,878,766,855.0,763.3,58.1358,61.1024
343,13.6800,232,Team B,1178,1004,1303,1079,1240.5,1077.5,60.8967,75.0668
343,13.6800,266,Team B,654,1018,713,1080,683.5,1078.8,54.2933,72.9838
343,13.6800,337,Team B,814,233,843,303,828.5,301.6,63.3725,20.6327
343,13.6800,340,Team A,1356,361,1398,450,1377.0,448.2,73.0157,41.1449
343,13.6800,363,Team B,1574,392,1616,491,1595.0,489.0,76.5518,46.0482
343,13.6800,8,Team B,593,289,621,360,607.0,358.6,56.9944,27.5724
343,13.6800,361,Team B,1233,276,1266,360,1249.5,358.3,72.7025,30.4272
343,13.6800,348,Team B,1028,326,1064,416,1046.0,414.2,66.2921,36.0443
343,13.6800,428,Team B,345,344,380,431,362.5,429.3,51.2441,34.5212
343,13.6800,362,Team B,503,372,543,478,523.0,475.9,54.3427,39.7333
343,13.6800,384,Referee,120,429,157,525,138.5,523.1,47.0313,42.3067
343,13.6800,7,Team B,938,542,1001,680,969.5,677.2,60.8117,56.8314
343,13.6800,15,Team B,961,535,1010,646,985.5,643.8,61.5737,54.7031
344,13.7200,6,Team B,1519,681,1580,830,1549.5,827.0,67.8588,67.2996
344,13.7200,89,Team B,278,454,329,564,303.5,561.8,49.9105,46.0717
344,13.7200,69,Team A,831,631,877,765,854.0,762.3,58.0770,61.0812
344,13.7200,232,Team B,1178,1006,1300,1079,1239.0,1077.5,60.8537,75.0868
344,13.7200,266,Team B,652,1018,711,1080,681.5,1078.8,54.2422,73.0039
344,13.7200,337,Team B,812,232,841,303,826.5,301.6,63.2058,20.7311
344,13.7200,340,Team A,1350,360,1393,452,1371.5,450.2,72.7791,41.2538
344,13.7200,363,Team B,1572,392,1615,490,1593.5,488.0,76.4793,46.0115
344,13.7200,8,Team B,593,289,620,360,606.5,358.6,56.8920,27.6094
344,13.7200,361,Team B,1231,274,1264,360,1247.5,358.3,72.5700,30.4360
344,13.7200,348,Team B,1025,326,1061,419,1043.0,417.1,66.1012,36.2371
344,13.7200,428,Team B,343,345,380,432,361.5,430.3,51.1496,34.6469
344,13.7200,362,Team B,500,371,541,479,520.5,476.8,54.2168,39.8709
344,13.7200,384,Referee,119,435,155,525,137.0,523.2,46.9400,42.3507
344,13.7200,7,Team B,924,558,981,679,952.5,676.6,60.5363,56.7850
344,13.7200,15,Team B,952,537,1004,658,978.0,655.6,61.2338,55.2320
345,13.7600,6,Team B,1513,681,1572,827,1542.5,824.1,67.8083,67.1457
345,13.7600,89,Team B,275,453,328,566,301.5,563.7,49.8423,46.2237
345,13.7600,69,Team A,827,632,874,764,850.5,761.4,58.0012,61.0481
345,13.7600,232,Team B,1179,1006,1301,1079,1240.0,1077.5,60.8317,75.1133
345,13.7600,266,Team B,651,1020,709,1080,680.0,1078.8,54.1959,73.0255
345,13.7600,337,Team B,811,234,839,304,825.0,302.6,63.0442,20.8811
345,13.7600,340,Team A,1344,362,1387,454,1365.5,452.2,72.5282,41.4084
345,13.7600,363,Team B,1569,391,1614,492,1591.5,490.0,76.3517,46.1030
345,13.7600,8,Team B,591,289,619,361,605.0,359.6,56.7724,27.7172
345,13.7600,361,Team B,1228,274,1262,359,1245.0,357.3,72.4476,30.3709
345,13.7600,348,Team B,1022,326,1056,411,1039.0,409.3,66.0245,35.8068
345,13.7600,428,Team B,341,345,378,433,359.5,431.2,51.0412,34.7754
345,13.7600,362,Team B,498,371,538,478,518.0,475.9,54.0979,39.8839
345,13.7600,384,Referee,120,439,155,526,137.5,524.3,46.8726,42.4434
345,13.7600,7,Team B,915,545,980,682,947.5,679.3,60.3322,56.8622
345,13.7600,15,Team B,944,537,994,656,969.0,653.6,60.9898,55.3589
346,13.8000,6,Team B,1510,684,1568,828,1539.0,825.1,67.7295,67.1156
346,13.8000,89,Team B,274,454,328,565,301.0,562.8,49.7735,46.2581
346,13.8000,69,Team A,823,630,871,764,847.0,761.3,57.9145,61.0386
346,13.8000,232,Team B,1184,1009,1299,1079,1241.5,1077.6,60.8216,75.1446
346,13.8000,266,Team B,649,1020,707,1080,678.0,1078.8,54.1480,73.0458
346,13.8000,337,Team B,809,233,838,305,823.5,303.6,62.8856,21.0464
346,13.8000,340,Team A,1339,360,1383,455,1361.0,453.1,72.3110,41.5228
346,13.8000,363,Team B,1567,392,1611,492,1589.0,490.0,76.2333,46.1413
346,13.8000,8,Team B,591,289,619,363,605.0,361.5,56.6615,27.9299
346,13.8000,361,Team B,1227,273,1261,359,1244.0,357.3,72.3333,30.3538
346,13.8000,348,Team B,1020,326,1053,412,1036.5,410.3,65.9006,35.7070
346,13.8000,428,Team B,340,344,377,433,358.5,431.2,50.9404,34.8459
346,13.8000,362,Team B,497,370,538,478,517.5,475.8,54.0026,39.9058
346,13.8000,384,Referee,119,438,154,525,136.5,523.3,46.7945,42.4495
346,13.8000,7,Team B,911,539,979,683,945.0,680.1,60.1926,56.9305
347,13.8400,6,Team B,1503,686,1563,829,1533.0,826.1,67.6168,67.1278
347,13.8400,89,Team B,274,454,327,564,300.5,561.8,49.7043,46.2445
347,13.8400,69,Team A,820,630,867,758,843.5,755.4,57.8480,60.8580
347,13.8400,232,Team B,1192,1010,1303,1079,1247.5,1077.6,60.8491,75.1875
347,13.8400,266,Team B,647,1021,705,1080,676.0,1078.8,54.0995,73.0660
347,13.8400,337,Team B,808,231,837,304,822.5,302.5,62.7592,21.0439
347,13.8400,340,Team A,1334,360,1378,456,1356.0,454.1,72.0999,41.6222
347,13.8400,363,Team B,1566,392,1611,492,1588.5,490.0,76.1455,46.1633
347,13.8400,8,Team B,591,288,620,366,605.5,364.4,56.5562,28.2558
347,13.8400,361,Team B,1226,272,1260,358,1243.0,356.3,72.2410,30.2813
347,13.8400,348,Team B,1016,326,1050,413,1033.0,411.3,65.7443,35.7368
347,13.8400,428,Team B,340,344,376,431,358.0,429.3,50.8498,34.7749
347,13.8400,362,Team B,495,372,535,479,515.0,476.9,53.8900,39.9837
347,13.8400,384,Referee,119,443,153,526,136.0,524.3,46.7218,42.5258
347,13.8400,7,Team B,905,536,974,682,939.5,679.1,60.0602,56.9195
347,13.8400,477,Team B,1494,775,1564,826,1529.0,825.0,67.4983,67.0664
348,13.8800,6,Team B,1499,687,1558,828,1528.5,825.2,67.5223,67.1079
348,13.8800,89,Team B,279,454,330,562,304.5,559.8,49.6819,46.1783
348,13.8800,69,Team A,816,626,865,755,840.5,752.4,57.7815,60.6981
348,13.8800,232,Team B,1197,1012,1302,1080,1249.5,1078.6,60.8580,75.2441
348,13.8800,266,Team B,647,1024,703,1080,675.0,1078.9,54.0576,73.0891
348,13.8800,337,Team B,806,230,836,303,821.0,301.5,62.6372,20.9752
348,13.8800,340,Team A,1331,363,1373,456,1352.0,454.1,71.9204,41.6646
348,13.8800,363,Team B,1564,392,1608,490,1586.0,488.0,76.0811,46.0677
348,13.8800,8,Team B,591,289,619,365,605.0,363.5,56.4603,28.3379
348,13.8800,361,Team B,1225,273,1259,358,1242.0,356.3,72.1375,30.2648
348,13.8800,348,Team B,1013,326,1047,412,1030.0,410.3,65.6061,35.6916
348,13.8800,428,Team B,342,344,378,431,360.0,429.3,50.7927,34.7748
348,13.8800,362,Team B,494,377,533,479,513.5,477.0,53.7849,40.0359
348,13.8800,384,Referee,121,447,154,528,137.5,526.4,46.6748,42.6823
348,13.8800,7,Team B,900,533,968,681,934.0,678.0,59.9304,56.8768
348,13.8800,15,Team B,922,534,969,648,945.5,645.7,60.6131,55.0874
349,13.9200,6,Team B,1494,687,1554,828,1524.0,825.2,67.4263,67.1010
349,13.9200,89,Team B,282,454,331,561,306.5,558.9,49.6572,46.1308
349,13.9200,69,Team A,812,624,863,755,837.5,752.4,57.7021,60.6393
349,13.9200,232,Team B,1200,1013,1301,1080,1250.5,1078.7,60.8568,75.2856
349,13.9200,266,Team B,646,1025,701,1080,673.5,1078.9,54.0149,73.1116
349,13.9200,337,Team B,805,229,835,304,820.0,302.5,62.5022,21.0550
349,13.9200,340,Team A,1329,368,1369,457,1349.0,455.2,71.7501,41.7470
349,13.9200,363,Team B,1564,393,1607,489,1585.5,487.1,76.0331,45.9846
349,13.9200,8,Team B,591,289,620,367,605.5,365.4,56.3666,28.5399
349,13.9200,361,Team B,1224,273,1258,359,1241.0,357.3,72.0111,30.3441
349,13.9200,348,Team B,1009,328,1044,414,1026.5,412.3,65.4317,35.8102
349,13.9200,428,Team B,344,343,380,430,362.0,428.3,50.7494,34.7414
349,13.9200,362,Team B,493,378,531,478,512.0,476.0,53.6854,40.0194
349,13.9200,384,Referee,122,442,157,528,139.5,526.3,46.6388,42.7665
349,13.9200,7,Team B,892,536,959,681,925.5,678.1,59.7651,56.8530
349,13.9200,15,Team B,919,531,962,641,940.5,638.8,60.4238,54.7128
350,13.9600,6,Team B,1490,686,1552,828,1521.0,825.2,67.3434,67.1027
350,13.9600,89,Team B,285,452,334,561,309.5,558.8,49.6422,46.1367
350,13.9600,69,Team A,808,625,859,756,833.5,753.4,57.6042,60.6510
350,13.9600,232,Team B,1202,1013,1298,1080,1250.0,1078.7,60.8408,75.3171
350,13.9600,266,Team B,646,1026,700,1080,673.0,1078.9,53.9789,73.1359
350,13.9600,337,Team B,804,229,833,302,818.5,300.5,62.3868,20.9347
350,13.9600,340,Team A,1327,372,1365,456,1346.0,454.3,71.6161,41.7297
350,13.9600,363,Team B,1564,395,1606,489,1585.0,487.1,75.9720,45.9606
350,13.9600,8,Team B,592,287,621,368,606.5,366.4,56.2861,28.7159
350,13.9600,361,Team B,1224,275,1257,358,1240.5,356.3,71.9196,30.3168
350,13.9600,348,Team B,1006,331,1041,417,1023.5,415.3,65.2385,36.0599
350,13.9600,428,Team B,346,343,382,431,364.0,429.2,50.7105,34.8172
350,13.9600,362,Team B,492,381,529,478,510.5,476.1,53.5854,40.0320
350,13.9600,384,Referee,124,440,160,529,142.0,527.2,46.6149,42.8742
350,13.9600,7,Team B,890,530,958,679,924.0,676.0,59.6673,56.7785
350,13.9600,482,Team B,344,205,366,264,355.0,262.8,50.6213,13.2964
351,14.0000,6,Team B,1492,684,1553,824,1522.5,821.2,67.3427,67.0135
351,14.0000,89,Team B,288,451,336,563,312.0,560.8,49.6264,46.2534
351,14.0000,69,Team A,805,625,857,755,831.0,752.4,57.5205,60.6329
351,14.0000,232,Team B,1205,1017,1295,1080,1250.0,1078.7,60.8220,75.3473
351,14.0000,266,Team B,645,1026,699,1080,672.0,1078.9,53.9420,73.1596
351,14.0000,337,Team B,802,230,832,304,817.0,302.5,62.2352,21.0836
351,14.0000,340,Team A,1323,374,1360,456,1341.5,454.4,71.4606,41.7235
351,14.0000,363,Team B,1564,396,1605,491,1584.5,489.1,75.8684,46.0650
351,14.0000,8,Team B,592,288,621,369,606.5,367.4,56.1969,28.8833
351,14.0000,361,Team B,1224,275,1257,358,1240.5,356.3,71.8318,30.3201
351,14.0000,348,Team B,1003,331,1038,415,1020.5,413.3,65.0968,36.0404
351,14.0000,428,Team B,348,343,383,432,365.5,430.2,50.6671,34.9354
351,14.0000,362,Team B,490,381,527,480,508.5,478.0,53.4748,40.1599
351,14.0000,384,Referee,130,451,161,529,145.5,527.4,46.6048,42.9585
351,14.0000,7,Team B,885,525,949,665,917.0,662.2,59.6062,56.2400
351,14.0000,482,Team B,342,205,365,263,353.5,261.8,50.5357,13.2376
352,14.0400,6,Team B,1490,682,1551,822,1520.5,819.2,67.3247,66.9313
352,14.0400,89,Team B,291,451,338,562,314.5,559.8,49.6093,46.2807
352,14.0400,69,Team A,804,624,856,753,830.0,750.4,57.4602,60.5754
352,14.0400,232,Team B,1207,1019,1292,1080,1249.5,1078.8,60.7987,75.3750
352,14.0400,266,Team B,645,1027,699,1080,672.0,1078.9,53.9118,73.1856
352,14.0400,337,Team B,802,231,831,303,816.5,301.6,62.1172,21.0827
352,14.0400,340,Team A,1317,374,1354,457,1335.5,455.3,71.2607,41.7728
352,14.0400,363,Team B,1563,395,1603,488,1583.0,486.1,75.8289,45.9514
352,14.0400,8,Team B,592,288,621,369,606.5,367.4,56.1091,28.9746
352,14.0400,361,Team B,1224,275,1258,357,1241.0,355.4,71.7714,30.2623
352,14.0400,348,Team B,1000,330,1036,411,1018.0,409.4,65.0051,35.7849
352,14.0400,428,Team B,350,342,385,432,367.5,430.2,50.6285,35.0103
352,14.0400,362,Team B,488,381,526,482,507.0,480.0,53.3661,40.3347
352,14.0400,384,Referee,128,436,165,530,146.5,528.1,46.5745,43.0498
352,14.0400,7,Team B,880,522,942,662,911.0,659.2,59.5081,55.9115
352,14.0400,482,Team B,341,207,362,261,351.5,259.9,50.4080,13.0626
353,14.0800,6,Team B,1496,681,1545,792,1520.5,789.8,67.5722,66.0903
353,14.0800,89,Team B,294,450,340,562,317.0,559.8,49.5920,46.3164
353,14.0800,69,Team A,803,622,856,754,829.5,751.4,57.4022,60.5950
353,14.0800,232,Team B,1206,1018,1291,1080,1248.5,1078.8,60.7701,75.3995
353,14.0800,266,Team B,645,1027,699,1080,672.0,1078.9,53.8842,73.2121
353,14.0800,337,Team B,801,231,830,304,815.5,302.5,61.9836,21.1921
353,14.0800,340,Team A,1312,373,1350,458,1331.0,456.3,71.0641,41.8475
353,14.0800,363,Team B,1563,396,1602,486,1582.5,484.2,75.8086,45.8080
353,14.0800,8,Team B,592,288,621,369,606.5,367.4,56.0218,29.0355
353,14.0800,361,Team B,1223,275,1258,358,1240.5,356.3,71.6697,30.3274
353,14.0800,348,Team B,997,333,1034,415,1015.5,413.4,64.8407,35.9519
353,14.0800,428,Team B,353,344,387,432,370.0,430.2,50.5979,35.0729
353,14.0800,362,Team B,487,381,526,485,506.5,482.9,53.2681,40.5836
353,14.0800,384,Referee,128,429,167,529,147.5,527.0,46.5319,43.0559
353,14.0800,7,Team B,869,523,936,673,902.5,670.0,59.2953,56.1694
353,14.0800,482,Team B,338,206,360,262,349.0,260.9,50.2549,13.1227
354,14.1200,6,Team B,1491,679,1548,811,1519.5,808.4,67.4704,66.2878
354,14.1200,89,Team B,298,450,344,562,321.0,559.8,49.5903,46.3601
354,14.1200,69,Team A,802,621,856,755,829.0,752.3,57.3450,60.6461
354,14.1200,232,Team B,1205,1019,1288,1080,1246.5,1078.8,60.7320,75.4211
354,14.1200,266,Team B,644,1028,698,1080,671.0,1079.0,53.8507,73.2370
354,14.1200,337,Team B,800,234,828,304,814.0,302.6,61.8459,21.2637
354,14.1200,340,Team A,1308,376,1346,459,1327.0,457.3,70.8745,41.9385
354,14.1200,363,Team B,1562,397,1602,489,1582.0,487.2,75.7024,45.9189
354,14.1200,8,Team B,592,288,621,369,606.5,367.4,55.9346,29.0846
354,14.1200,361,Team B,1223,274,1258,358,1240.5,356.3,71.5777,30.3667
354,14.1200,348,Team B,994,331,1032,414,1013.0,412.3,64.7053,35.9623
354,14.1200,428,Team B,354,346,389,433,371.5,431.3,50.5578,35.1882
354,14.1200,362,Team B,486,382,525,484,505.5,482.0,53.1771,40.6487
354,14.1200,384,Referee,129,427,169,530,149.0,527.9,46.4945,43.1302
354,14.1200,7,Team B,862,524,928,674,895.0,671.0,59.1004,56.3035
354,14.1200,482,Team B,336,209,358,263,347.0,261.9,50.0997,13.2853
355,14.1600,6,Team B,1488,674,1546,812,1517.0,809.2,67.3802,66.3975
355,14.1600,89,Team B,300,451,346,562,323.0,559.8,49.5738,46.4031
355,14.1600,69,Team A,801,621,854,755,827.5,752.3,57.2826,60.6772
355,14.1600,232,Team B,1205,1020,1285,1080,1245.0,1078.8,60.6936,75.4427
355,14.1600,266,Team B,643,1028,696,1080,669.5,1079.0,53.8112,73.2598
355,14.1600,337,Team B,798,234,826,302,812.0,300.6,61.7193,21.1413
355,14.1600,340,Team A,1304,376,1344,461,1324.0,459.3,70.6873,42.0922
355,14.1600,363,Team B,1563,396,1603,491,1583.0,489.1,75.6020,46.0800
355,14.1600,8,Team B,592,289,620,369,606.0,367.4,55.8402,29.1294
355,14.1600,361,Team B,1224,274,1260,357,1242.0,355.3,71.5303,30.3265
355,14.1600,348,Team B,992,331,1030,410,1011.0,408.4,64.6207,35.7218
355,14.1600,428,Team B,355,346,391,434,373.0,432.2,50.5139,35.3222
355,14.1600,362,Team B,485,384,522,483,503.5,481.0,53.0767,40.6390
355,14.1600,384,Referee,129,426,171,532,150.0,529.9,46.4562,43.2792
355,14.1600,7,Team B,858,525,924,676,891.0,673.0,58.9432,56.4329
355,14.1600,482,Team B,333,206,355,261,344.0,259.9,49.9274,13.1892
356,14.2000,6,Team B,1485,670,1543,810,1514.0,807.2,67.3164,66.3898
356,14.2000,89,Team B,300,452,347,562,323.5,559.8,49.5353,46.4422
356,14.2000,69,Team A,798,620,852,755,825.0,752.3,57.2089,60.6973
356,14.2000,232,Team B,1206,1022,1282,1080,1244.0,1078.8,60.6586,75.4659
356,14.2000,266,Team B,642,1029,695,1080,668.5,1079.0,53.7729,73.2832
356,14.2000,337,Team B,797,234,824,300,810.5,298.7,61.6044,20.9421
356,14.2000,340,Team A,1300,377,1341,462,1320.5,460.3,70.5094,42.2138
356,14.2000,363,Team B,1562,395,1603,491,1582.5,489.1,75.5205,46.1512
356,14.2000,8,Team B,592,289,620,369,606.0,367.4,55.7500,29.1724
356,14.2000,361,Team B,1226,274,1261,357,1243.5,355.3,71.4826,30.3294
356,14.2000,348,Team B,985,329,1023,408,1004.0,406.4,64.4645,35.4928
356,14.2000,428,Team B,354,346,391,433,372.5,431.3,50.4443,35.3392
356,14.2000,362,Team B,485,384,522,483,503.5,481.0,52.9941,40.6557
356,14.2000,384,Referee,129,424,172,532,150.5,529.8,46.4074,43.3603
356,14.2000,7,Team B,853,524,918,674,885.5,671.0,58.8057,56.4129
356,14.2000,482,Team B,331,206,352,261,341.5,259.9,49.7563,13.1880
357,14.2400,6,Team B,1482,665,1539,807,1510.5,804.2,67.2672,66.3057
357,14.2400,89,Team B,300,452,347,563,323.5,560.8,49.4833,46.5223
357,14.2400,69,Team A,796,619,850,755,823.0,752.3,57.1353,60.7143
357,14.2400,232,Team B,1206,1023,1280,1080,1243.0,1078.9,60.6251,75.4893
357,14.2400,266,Team B,640,1029,693,1080,666.5,1079.0,53.7280,73.3042
357,14.2400,337,Team B,796,234,822,298,809.0,296.7,61.4934,20.7119
357,14.2400,340,Team A,1297,376,1339,463,1318.0,461.3,70.3495,42.3230
357,14.2400,363,Team B,1561,397,1601,493,1581.0,491.1,75.3957,46.2923
357,14.2400,8,Team B,592,289,620,370,606.0,368.4,55.6570,29.2856
357,14.2400,361,Team B,1226,274,1262,357,1244.0,355.3,71.4191,30.3472
357,14.2400,348,Team B,982,326,1019,407,1000.5,405.4,64.3169,35.3408
357,14.2400,428,Team B,352,346,389,434,370.5,432.2,50.3456,35.4256
357,14.2400,362,Team B,483,383,521,484,502.0,482.0,52.8991,40.7315
357,14.2400,384,Referee,129,424,172,532,150.5,529.8,46.3492,43.4153
358,14.2800,6,Team B,1480,664,1536,805,1508.0,802.2,67.2233,66.2230
358,14.2800,89,Team B,299,453,345,561,322.0,558.8,49.4083,46.4823
358,14.2800,69,Team A,793,619,846,754,819.5,751.3,57.0512,60.6963
358,14.2800,232,Team B,1206,1025,1277,1080,1241.5,1078.9,60.5884,75.5119
358,14.2800,266,Team B,638,1029,691,1080,664.5,1079.0,53.6804,73.3243
358,14.2800,337,Team B,794,233,821,298,807.5,296.7,61.3640,20.6422
358,14.2800,340,Team A,1292,374,1335,462,1313.5,460.2,70.1994,42.3080
358,14.2800,363,Team B,1561,397,1601,494,1581.0,492.1,75.2927,46.4107
358,14.2800,8,Team B,591,289,618,369,604.5,367.4,55.5506,29.2822
358,14.2800,361,Team B,1227,274,1263,357,1245.0,355.3,71.3570,30.3724
358,14.2800,348,Team B,978,325,1016,408,997.0,406.3,64.1506,35.3520
358,14.2800,428,Team B,351,346,389,435,370.0,433.2,50.2538,35.5434
358,14.2800,362,Team B,482,383,519,484,500.5,482.0,52.8010,40.7790
358,14.2800,384,Referee,127,422,173,533,150.0,530.8,46.2842,43.5043
358,14.2800,7,Team B,844,531,902,663,873.0,660.4,58.6169,56.0108
359,14.3200,6,Team B,1479,663,1536,806,1507.5,803.1,67.1739,66.2287
359,14.3200,89,Team B,298,453,342,560,320.0,557.9,49.3192,46.4367
359,14.3200,69,Team A,791,618,844,752,817.5,749.3,56.9800,60.6367
359,14.3200,232,Team B,1205,1026,1274,1080,1239.5,1078.9,60.5468,75.5328
359,14.3200,266,Team B,637,1031,689,1080,663.0,1079.0,53.6352,73.3459
359,14.3200,337,Team B,793,232,820,298,806.5,296.7,61.2349,20.6382
359,14.3200,340,Team A,1288,373,1332,464,1310.0,462.2,70.0226,42.4167
359,14.3200,363,Team B,1560,395,1601,494,1580.5,492.0,75.2105,46.4643
359,14.3200,8,Team B,590,288,618,369,604.0,367.4,55.4483,29.3039
359,14.3200,361,Team B,1228,271,1265,356,1246.5,354.3,71.3217,30.3225
359,14.3200,348,Team B,974,324,1010,403,992.0,401.4,64.0190,35.0354
359,14.3200,428,Team B,350,344,388,434,369.0,432.2,50.1585,35.5512
359,14.3200,362,Team B,480,382,518,484,499.0,482.0,52.7015,40.8143
359,14.3200,384,Referee,124,422,171,533,147.5,530.8,46.1928,43.5566
359,14.3200,7,Team B,841,530,893,645,867.0,642.7,58.5347,55.1823
360,14.3600,6,Team B,1478,662,1534,805,1506.0,802.1,67.1303,66.2121
360,14.3600,89,Team B,296,451,341,560,318.5,557.8,49.2301,46.4334
360,14.3600,69,Team A,791,620,841,748,816.0,745.4,56.9252,60.5016
360,14.3600,232,Team B,1205,1028,1271,1080,1238.0,1079.0,60.5068,75.5544
360,14.3600,266,Team B,637,1034,685,1080,661.0,1079.1,53.5874,73.3673
360,14.3600,337,Team B,791,229,819,298,805.0,296.6,61.0984,20.6560
360,14.3600,340,Team A,1285,373,1328,464,1306.5,462.2,69.8639,42.4634
360,14.3600,363,Team B,1559,394,1599,492,1579.0,490.0,75.1584,46.3853
360,14.3600,8,Team B,589,287,616,369,602.5,367.4,55.3338,29.3336
360,14.3600,361,Team B,1231,271,1267,354,1249.0,352.3,71.3293,30.1744
360,14.3600,348,Team B,971,323,1007,404,989.0,402.4,63.8653,34.9832
360,14.3600,428,Team B,349,343,387,432,368.0,430.2,50.0611,35.4566
360,14.3600,362,Team B,479,381,516,482,497.5,480.0,52.6043,40.7385
360,14.3600,384,Referee,122,422,169,532,145.5,529.8,46.0933,43.5483
360,14.3600,7,Team B,845,529,893,638,869.0,635.8,58.5246,54.6048
360,14.3600,482,Team B,316,205,339,261,327.5,259.9,49.2174,13.3312
361,14.4000,6,Team B,1475,661,1531,805,1503.0,802.1,67.0659,66.2101
361,14.4000,89,Team B,295,451,340,559,317.5,556.8,49.1456,46.4054
361,14.4000,69,Team A,791,622,840,746,815.5,743.5,56.8789,60.4003
361,14.4000,232,Team B,1206,1030,1269,1080,1237.5,1079.0,60.4748,75.5788
361,14.4000,266,Team B,637,1037,682,1079,659.5,1078.2,53.5433,73.3713
361,14.4000,337,Team B,789,228,818,298,803.5,296.6,60.9584,20.6864
361,14.4000,340,Team A,1282,374,1325,464,1303.5,462.2,69.7187,42.4880
361,14.4000,363,Team B,1560,393,1599,491,1579.5,489.0,75.1271,46.3113
361,14.4000,8,Team B,587,287,615,369,601.0,367.4,55.2142,29.3683
361,14.4000,361,Team B,1233,268,1270,353,1251.5,351.3,71.3371,30.0574
361,14.4000,348,Team B,967,323,1004,407,985.5,405.3,63.6756,35.1666
361,14.4000,428,Team B,350,343,388,432,369.0,430.2,49.9878,35.4466
361,14.4000,362,Team B,478,381,515,482,496.5,480.0,52.5107,40.7273
361,14.4000,384,Referee,123,422,168,528,145.5,525.9,46.0033,43.3774
361,14.4000,7,Team B,841,525,887,633,864.0,630.8,58.4608,54.1812
361,14.4000,482,Team B,312,204,337,264,324.5,262.8,48.8965,13.7076
362,14.4400,6,Team B,1473,662,1529,806,1501.0,803.1,66.9937,66.2455
362,14.4400,89,Team B,294,450,338,559,316.0,556.8,49.0582,46.4103
362,14.4400,69,Team A,789,617,839,744,814.0,741.5,56.8269,60.3054
362,14.4400,232,Team B,1206,1031,1267,1080,1236.5,1079.0,60.4423,75.6026
362,14.4400,266,Team B,637,1039,679,1079,658.0,1078.2,53.4994,73.3865
362,14.4400,337,Team B,788,227,816,297,802.0,295.6,60.8259,20.6352
362,14.4400,340,Team A,1280,374,1322,464,1301.0,462.2,69.5858,42.5042
362,14.4400,363,Team B,1560,393,1599,492,1579.5,490.0,75.0612,46.3446
362,14.4400,8,Team B,586,286,614,369,600.0,367.3,55.0995,29.4048
362,14.4400,361,Team B,1236,268,1272,353,1254.0,351.3,71.3262,30.0331
362,14.4400,348,Team B,965,324,1000,405,982.5,403.4,63.5290,35.1227
362,14.4400,428,Team B,350,342,387,431,368.5,429.2,49.9051,35.4061
362,14.4400,362,Team B,478,380,515,483,496.5,480.9,52.4289,40.7965
362,14.4400,384,Referee,124,424,168,528,146.0,525.9,45.9335,43.3356
362,14.4400,7,Team B,830,524,878,633,854.0,630.8,58.2987,54.0005
362,14.4400,482,Team B,308,203,333,263,320.5,261.8,48.6417,13.7989
363,14.4800,6,Team B,1470,662,1527,805,1498.5,802.1,66.9309,66.2388
363,14.4800,89,Team B,293,450,336,558,314.5,555.8,48.9686,46.3846
363,14.4800,69,Team A,789,618,838,743,813.5,740.5,56.7780,60.2507
363,14.4800,232,Team B,1207,1035,1262,1078,1234.5,1077.1,60.4102,75.5889
363,14.4800,266,Team B,639,1041,678,1078,658.5,1077.3,53.4708,73.3920
363,14.4800,337,Team B,787,227,815,296,801.0,294.6,60.7037,20.5543
363,14.4800,340,Team A,1278,374,1319,464,1298.5,462.2,69.4577,42.5173
363,14.4800,363,Team B,1561,393,1600,494,1580.5,492.0,74.9775,46.4760
363,14.4800,8,Team B,585,286,613,369,599.0,367.3,54.9865,29.4438
363,14.4800,361,Team B,1239,265,1274,351,1256.5,349.3,71.3440,29.8898
363,14.4800,348,Team B,962,324,998,409,980.0,407.3,63.3472,35.3759
363,14.4800,428,Team B,350,340,387,431,368.5,429.2,49.8251,35.4134
363,14.4800,362,Team B,477,380,514,484,495.5,481.9,52.3402,40.8965
363,14.4800,384,Referee,124,423,168,527,146.0,524.9,45.8632,43.2936
363,14.4800,7,Team B,823,521,872,632,847.5,629.8,58.1384,53.8861
363,14.4800,482,Team B,305,201,330,261,317.5,259.8,48.4262,13.6823
364,14.5200,6,Team B,1468,661,1526,806,1497.0,803.1,66.8644,66.2725
364,14.5200,89,Team B,293,450,334,557,313.5,554.9,48.8833,46.3481
364,14.5200,69,Team A,789,619,837,742,813.0,739.5,56.7302,60.2120
364,14.5200,232,Team B,1208,1037,1257,1076,1232.5,1075.2,60.3783,75.5593
364,14.5200,337,Team B,787,226,815,296,801.0,294.6,60.5924,20.5494
364,14.5200,340,Team A,1275,375,1316,465,1295.5,463.2,69.3106,42.5853
364,14.5200,363,Team B,1561,394,1600,494,1580.5,492.0,74.9081,46.5401
364,14.5200,8,Team B,585,286,613,369,599.0,367.3,54.8879,29.4863
364,14.5200,361,Team B,1241,264,1275,349,1258.0,347.3,71.3567,29.6990
364,14.5200,348,Team B,962,324,992,394,977.0,392.6,63.3310,34.5074
364,14.5200,428,Team B,351,340,387,430,369.0,428.2,49.7516,35.3838
364,14.5200,362,Team B,476,379,513,485,494.5,482.9,52.2487,41.0078
364,14.5200,384,Referee,125,423,169,528,147.0,525.9,45.8093,43.3507
364,14.5200,7,Team B,827,520,872,625,849.5,622.9,58.0941,53.5880
364,14.5200,482,Team B,302,199,326,258,314.0,256.8,48.2158,13.3867
364,14.5200,490,Team B,812,559,843,624,827.5,622.7,57.6799,53.2826
365,14.5600,6,Team B,1459,660,1520,805,1489.5,802.1,66.7561,66.2516
365,14.5600,89,Team B,292,450,334,558,313.0,555.8,48.8069,46.3984
365,14.5600,69,Team A,789,619,837,742,813.0,739.5,56.6842,60.2118
365,14.5600,232,Team B,1208,1041,1250,1076,1229.0,1075.3,60.3269,75.5568
365,14.5600,337,Team B,786,225,814,294,800.0,292.6,60.4869,20.3983
365,14.5600,340,Team A,1272,374,1313,466,1292.5,464.2,69.1566,42.6730
365,14.5600,363,Team B,1562,394,1601,497,1581.5,494.9,74.8060,46.7357
365,14.5600,8,Team B,584,286,612,370,598.0,368.3,54.7779,29.5983
365,14.5600,361,Team B,1243,263,1276,349,1259.5,347.3,71.3317,29.6416
365,14.5600,348,Team B,959,324,991,397,975.0,395.5,63.2164,34.3740
365,14.5600,428,Team B,351,339,386,429,368.5,427.2,49.6682,35.3361
365,14.5600,362,Team B,475,378,512,484,493.5,481.9,52.1584,41.0181
365,14.5600,384,Referee,126,422,170,529,148.0,526.9,45.7619,43.4463
365,14.5600,7,Team B,827,519,869,619,848.0,617.0,58.0544,53.2436
365,14.5600,482,Team B,299,198,324,258,311.5,256.8,48.0287,13.3079
365,14.5600,490,Team B,810,559,841,625,825.5,623.7,57.6218,53.3325
366,14.6000,6,Team B,1460,659,1522,804,1491.0,801.1,66.7166,66.2324
366,14.6000,89,Team B,291,450,332,559,311.5,556.8,48.7236,46.4810
366,14.6000,69,Team A,790,620,837,742,813.5,739.6,56.6435,60.2289
366,14.6000,232,Team B,1208,1043,1247,1076,1227.5,1075.3,60.2826,75.5690
366,14.6000,337,Team B,786,225,814,295,800.0,293.6,60.3729,20.4552
366,14.6000,340,Team A,1270,376,1311,468,1290.5,466.2,68.9994,42.8304
366,14.6000,363,Team B,1561,394,1601,499,1581.0,496.9,74.6885,46.9270
366,14.6000,8,Team B,584,285,612,370,598.0,368.3,54.6804,29.6690
366,14.6000,361,Team B,1246,264,1278,348,1262.0,346.3,71.3242,29.5669
366,14.6000,348,Team B,957,325,988,399,972.5,397.5,63.0655,34.4675
366,14.6000,428,Team B,352,338,386,429,369.0,427.2,49.5936,35.3435
366,14.6000,362,Team B,475,377,511,484,493.0,481.9,52.0732,41.0422
366,14.6000,384,Referee,127,422,170,527,148.5,524.9,45.7026,43.4144
366,14.6000,7,Team B,824,517,864,614,844.0,612.1,57.9849,52.9110
366,14.6000,482,Team B,297,198,321,256,309.0,254.8,47.8459,13.1282
367,14.6400,6,Team B,1457,659,1521,803,1489.0,800.1,66.6709,66.2053
367,14.6400,89,Team B,289,451,330,558,309.5,555.9,48.6299,46.4869
367,14.6400,69,Team A,788,618,837,742,812.5,739.5,56.5910,60.2474
367,14.6400,232,Team B,1207,1045,1246,1079,1226.5,1078.3,60.2330,75.6428
367,14.6400,337,Team B,786,225,813,295,799.5,293.6,60.2563,20.5071
367,14.6400,340,Team A,1269,378,1308,469,1288.5,467.2,68.8544,42.9598
367,14.6400,363,Team B,1561,396,1602,502,1581.5,499.9,74.5610,47.1726
367,14.6400,8,Team B,583,286,611,369,597.0,367.3,54.5769,29.6538
367,14.6400,361,Team B,1248,264,1280,347,1264.0,345.3,71.3159,29.4825
367,14.6400,348,Team B,949,327,985,407,967.0,405.4,62.8033,35.0343
367,14.6400,428,Team B,352,337,386,429,369.0,427.2,49.5163,35.3720
367,14.6400,362,Team B,473,376,509,483,491.0,480.9,51.9731,41.0157
367,14.6400,384,Referee,128,423,171,529,149.5,526.9,45.6562,43.5242
367,14.6400,7,Team B,822,517,860,609,841.0,607.2,57.9131,52.5855
367,14.6400,482,Team B,295,197,318,251,306.5,249.9,47.6556,12.6181
368,14.6800,6,Team B,1452,656,1518,802,1485.0,799.1,66.6039,66.1680
368,14.6800,89,Team B,287,451,328,559,307.5,556.8,48.5345,46.5509
368,14.6800,69,Team A,790,620,837,742,813.5,739.6,56.5522,60.2740
368,14.6800,337,Team B,786,226,813,294,799.5,292.6,60.1545,20.4727
368,14.6800,340,Team A,1267,379,1305,467,1286.0,465.2,68.7472,42.9091
368,14.6800,363,Team B,1562,396,1604,504,1583.0,501.8,74.4611,47.3886
368,14.6800,8,Team B,583,287,610,369,596.5,367.4,54.4748,29.6758
368,14.6800,361,Team B,1250,264,1281,346,1265.5,344.4,71.2993,29.3930
368,14.6800,348,Team B,944,327,983,414,963.5,412.3,62.5377,35.7186
368,14.6800,428,Team B,352,337,386,429,369.0,427.2,49.4378,35.4104
368,14.6800,362,Team B,472,376,507,481,489.5,478.9,51.8735,40.9182
368,14.6800,384,Referee,129,424,173,533,151.0,530.8,45.6268,43.7859
368,14.6800,7,Team B,814,521,853,617,833.5,615.1,57.7362,52.7763
368,14.6800,482,Team B,293,195,316,248,304.5,246.9,47.4740,12.1645
369,14.7200,6,Team B,1449,654,1517,800,1483.0,797.1,66.5554,66.1046
369,14.7200,89,Team B,284,449,326,562,305.0,559.7,48.4359,46.7241
369,14.7200,69,Team A,792,624,837,742,814.5,739.6,56.5187,60.3052
369,14.7200,337,Team B,786,225,812,292,799.0,290.7,60.0588,20.3118
369,14.7200,340,Team A,1264,380,1302,467,1283.0,465.3,68.6218,42.8965
369,14.7200,363,Team B,1564,397,1605,502,1584.5,499.9,74.4393,47.3886
369,14.7200,8,Team B,582,287,610,369,596.0,367.4,54.3730,29.7115
369,14.7200,361,Team B,1252,264,1282,345,1267.0,343.4,71.2789,29.3014
369,14.7200,348,Team B,940,326,982,417,961.0,415.2,62.3223,36.1935
369,14.7200,428,Team B,353,337,386,430,369.5,428.1,49.3659,35.5137
369,14.7200,362,Team B,470,375,506,482,488.0,479.9,51.7716,40.9506
369,14.7200,384,Referee,131,425,174,534,152.5,531.8,45.5947,43.9661
369,14.7200,482,Team B,288,194,315,254,301.5,252.8,47.3076,12.6017
370,14.7600,6,Team B,1447,652,1517,800,1482.0,797.0,66.5072,66.0892
370,14.7600,89,Team B,281,448,324,562,302.5,559.7,48.3321,46.8084
370,14.7600,69,Team A,791,616,839,742,815.0,739.5,56.4834,60.3294
370,14.7600,337,Team B,786,224,812,291,799.0,289.7,59.9648,20.1890
370,14.7600,340,Team A,1259,379,1298,469,1278.5,467.2,68.4439,43.0042
370,14.7600,363,Team B,1564,396,1605,501,1584.5,498.9,74.4122,47.3473
370,14.7600,8,Team B,582,286,609,368,595.5,366.4,54.2741,29.6814
370,14.7600,361,Team B,1254,264,1284,344,1269.0,342.4,71.2649,29.2102
370,14.7600,348,Team B,937,326,978,415,957.5,413.2,62.1563,36.2694
370,14.7600,428,Team B,353,337,386,429,369.5,427.2,49.2884,35.5228
370,14.7600,362,Team B,470,375,506,480,488.0,477.9,51.6883,40.8806
370,14.7600,384,Referee,133,425,176,533,154.5,530.8,45.5605,44.0201
370,14.7600,482,Team B,287,195,312,253,299.5,251.8,47.1418,12.7281
370,14.7600,7,Team B,811,526,844,606,827.5,604.4,57.5777,52.4329
371,14.8000,6,Team B,1446,651,1518,800,1482.0,797.0,66.4685,66.0962
371,14.8000,89,Team B,279,447,323,561,301.0,558.7,48.2351,46.8154
371,14.8000,69,Team A,791,604,843,745,817.0,742.2,56.4527,60.4458
371,14.8000,337,Team B,785,224,811,291,798.0,289.7,59.8471,20.1695
371,14.8000,340,Team A,1255,379,1295,471,1275.0,469.2,68.2587,43.1635
371,14.8000,363,Team B,1564,397,1605,502,1584.5,499.9,74.3486,47.3946
371,14.8000,8,Team B,582,286,610,368,596.0,366.4,54.1872,29.6989
371,14.8000,361,Team B,1256,265,1285,343,1270.5,341.4,71.2449,29.1196
371,14.8000,348,Team B,932,324,974,418,953.0,416.1,61.9545,36.4947
371,14.8000,428,Team B,353,337,386,431,369.5,429.1,49.2119,35.6728
371,14.8000,362,Team B,470,375,505,478,487.5,475.9,51.6061,40.7683
371,14.8000,384,Referee,136,426,180,534,158.0,531.8,45.5477,44.1219
371,14.8000,482,Team B,284,196,311,257,297.5,255.8,46.9931,13.2042
371,14.8000,7,Team B,807,527,840,605,823.5,603.4,57.4407,52.2626
372,14.8400,6,Team B,1446,650,1520,799,1483.0,796.0,66.4513,66.0868
372,14.8400,89,Team B,276,446,321,563,298.5,560.7,48.1350,46.9221
372,14.8400,69,Team A,791,599,844,743,817.5,740.1,56.4241,60.4436
372,14.8400,337,Team B,784,224,810,291,797.0,289.7,59.7197,20.1916
372,14.8400,340,Team A,1251,380,1293,473,1272.0,471.1,68.0777,43.3455
372,14.8400,363,Team B,1565,398,1606,503,1585.5,500.9,74.2841,47.4802
372,14.8400,8,Team B,582,285,610,368,596.0,366.3,54.0980,29.7331
372,14.8400,361,Team B,1258,264,1288,343,1273.0,341.4,71.2215,29.1058
372,14.8400,348,Team B,929,322,971,420,950.0,418.0,61.7678,36.7199
372,14.8400,428,Team B,354,336,386,430,370.0,428.1,49.1384,35.7010
372,14.8400,362,Team B,469,376,503,478,486.0,476.0,51.5113,40.7447
372,14.8400,384,Referee,137,425,183,536,160.0,533.8,45.5307,44.2841
372,14.8400,482,Team B,283,197,308,255,295.5,253.8,46.8308,13.2533
372,14.8400,7,Team B,804,529,837,603,820.5,601.5,57.3265,52.1241
372,14.8400,495,Team B,768,558,808,682,788.0,679.5,56.2366,56.9094
373,14.8800,6,Team B,1446,651,1521,800,1483.5,797.0,66.4214,66.1267
373,14.8800,89,Team B,272,444,316,562,294.0,559.6,48.0077,46.9308
373,14.8800,69,Team A,793,600,845,741,819.0,738.2,56.4053,60.4002
373,14.8800,337,Team B,784,224,809,291,796.5,289.7,59.5963,20.2315
373,14.8800,340,Team A,1247,380,1292,474,1269.5,472.1,67.9178,43.4816
373,14.8800,363,Team B,1567,398,1608,503,1587.5,500.9,74.2495,47.5314
373,14.8800,8,Team B,582,286,610,369,596.0,367.3,54.0054,29.8470
373,14.8800,361,Team B,1259,264,1290,345,1274.5,343.4,71.1459,29.2765
373,14.8800,348,Team B,927,320,968,417,947.5,415.1,61.6344,36.6354
373,14.8800,428,Team B,354,336,386,429,370.0,427.1,49.0598,35.6808
373,14.8800,362,Team B,467,375,502,479,484.5,476.9,51.4110,40.8076
373,14.8800,384,Referee,137,425,184,536,160.5,533.8,45.4897,44.3747
373,14.8800,482,Team B,280,198,306,257,293.0,255.8,46.6700,13.5076
373,14.8800,495,Team B,763,550,805,680,784.0,677.4,56.1728,56.8401
374,14.9200,6,Team B,1445,651,1522,801,1483.5,798.0,66.3816,66.1845
374,14.9200,89,Team B,269,444,311,556,290.0,553.8,47.8651,46.6807
374,14.9200,69,Team A,794,598,847,741,820.5,738.1,56.3846,60.4011
374,14.9200,337,Team B,783,224,809,293,796.0,291.6,59.4596,20.4534
374,14.9200,340,Team A,1247,382,1292,475,1269.5,473.1,67.7994,43.6081
374,14.9200,363,Team B,1567,400,1609,504,1588.0,501.9,74.1895,47.6184
374,14.9200,8,Team B,582,287,609,369,595.5,367.4,53.9069,29.9219
374,14.9200,361,Team B,1261,264,1291,344,1276.0,342.4,71.1010,29.2898
374,14.9200,348,Team B,926,323,965,416,945.5,414.1,61.5116,36.5590
374,14.9200,428,Team B,354,336,386,429,370.0,427.1,48.9803,35.7008
374,14.9200,362,Team B,466,376,501,481,483.5,478.9,51.3143,40.9614
374,14.9200,384,Referee,137,425,185,537,161.0,534.8,45.4423,44.4832
374,14.9200,482,Team B,277,197,303,256,290.0,254.8,46.4907,13.5580
374,14.9200,495,Team B,770,533,820,683,795.0,680.0,56.2182,56.9488
375,14.9600,6,Team B,1445,652,1523,800,1484.0,797.0,66.3587,66.1955
375,14.9600,89,Team B,267,445,308,555,287.5,552.8,47.7410,46.5540
375,14.9600,69,Team A,797,603,848,742,822.5,739.2,56.3647,60.4569
375,14.9600,337,Team B,781,224,808,293,794.5,291.6,59.3166,20.5718
375,14.9600,340,Team A,1245,382,1292,476,1268.5,474.1,67.6848,43.7260
375,14.9600,363,Team B,1568,399,1610,505,1589.0,502.9,74.1272,47.7178
375,14.9600,8,Team B,580,287,608,368,594.0,366.4,53.7945,29.9084
375,14.9600,361,Team B,1263,266,1292,343,1277.5,341.5,71.0675,29.2432
375,14.9600,348,Team B,924,324,962,414,943.0,412.2,61.3941,36.4197
375,14.9600,428,Team B,354,336,385,429,369.5,427.1,48.8942,35.7361
375,14.9600,362,Team B,465,379,501,483,483.0,480.9,51.2252,41.1543
375,14.9600,384,Referee,136,426,184,538,160.0,535.8,45.3767,44.5965
375,14.9600,482,Team B,274,195,301,257,287.5,255.8,46.3195,13.7132
375,14.9600,495,Team B,765,526,817,683,791.0,679.9,56.1664,56.9940
376,15.0000,6,Team B,1444,652,1524,802,1484.0,799.0,66.3336,66.2558
376,15.0000,89,Team B,264,445,304,554,284.0,551.8,47.6523,46.4506
376,15.0000,69,Team A,800,606,850,743,825.0,740.3,56.3772,60.5186
376,15.0000,337,Team B,779,225,806,295,792.5,293.6,59.2132,20.7907
376,15.0000,340,Team A,1243,382,1289,476,1266.0,474.1,67.6057,43.7667
376,15.0000,363,Team B,1568,401,1610,505,1589.0,502.9,74.1016,47.7596
376,15.0000,8,Team B,580,287,607,368,593.5,366.4,53.7426,29.9020
376,15.0000,361,Team B,1266,266,1295,343,1280.5,341.5,71.1024,29.2313
376,15.0000,348,Team B,921,326,959,414,940.0,412.2,61.3056,36.3597
376,15.0000,428,Team B,356,337,386,428,371.0,426.2,48.8767,35.6952
376,15.0000,362,Team B,464,380,499,484,481.5,481.9,51.1718,41.2816
376,15.0000,384,Referee,136,426,184,536,160.0,533.8,45.3435,44.5491
376,15.0000,482,Team B,271,195,298,255,284.5,253.8,46.1971,13.5841
376,15.0000,495,Team B,759,529,811,682,785.0,678.9,56.0888,56.9645
377,15.0400,6,Team B,1443,652,1524,803,1483.5,800.0,66.3107,66.3064
377,15.0400,89,Team B,260,444,301,557,280.5,554.7,47.5859,46.5345
377,15.0400,69,Team A,802,609,852,746,827.0,743.3,56.3923,60.6437
377,15.0400,337,Team B,779,226,806,295,792.5,293.6,59.1717,20.8800
377,15.0400,340,Team A,1240,381,1286,476,1263.0,474.1,67.5343,43.7743
377,15.0400,363,Team B,1569,402,1610,504,1589.5,502.0,74.1142,47.7276
377,15.0400,8,Team A,580,288,608,369,594.0,367.4,53.7266,29.9715
377,15.0400,361,Team B,1267,265,1297,344,1282.0,342.4,71.1236,29.3054
377,15.0400,348,Team B,916,329,956,420,936.0,418.2,61.1693,36.7043
377,15.0400,428,Team B,357,336,387,428,372.0,426.2,48.8820,35.6798
377,15.0400,362,Team B,463,381,498,484,480.5,481.9,51.1387,41.3313
377,15.0400,384,Referee,136,427,184,538,160.0,535.8,45.3372,44.6238
377,15.0400,482,Team B,269,195,295,256,282.0,254.8,46.1144,13.6226
377,15.0400,495,Team B,756,528,810,682,783.0,678.9,56.0379,56.9471
378,15.0800,6,Team B,1443,653,1525,803,1484.0,800.0,66.3063,66.3285
378,15.0800,89,Team B,257,445,298,560,277.5,557.7,47.5341,46.6956
378,15.0800,69,Team A,804,610,853,746,828.5,743.3,56.4124,60.6980
378,15.0800,337,Team B,778,227,805,295,791.5,293.6,59.1392,20.9156
378,15.0800,340,Team A,1238,380,1283,476,1260.5,474.1,67.4727,43.7699
378,15.0800,363,Team B,1569,403,1610,507,1589.5,504.9,74.0699,47.8689
378,15.0800,8,Team A,579,288,608,369,593.5,367.4,53.7133,29.9983
378,15.0800,361,Team B,1269,265,1299,346,1284.0,344.4,71.1300,29.4933
378,15.0800,348,Team B,913,332,954,422,933.5,420.2,61.0654,36.9636
378,15.0800,428,Team B,358,338,388,428,373.0,426.2,48.8965,35.6782
378,15.0800,362,Team B,462,382,498,485,480.0,482.9,51.1195,41.4035
378,15.0800,384,Referee,137,428,184,538,160.5,535.8,45.3401,44.6558
378,15.0800,482,Team B,267,196,293,256,280.0,254.8,46.0511,13.6372
378,15.0800,495,Team B,751,525,807,681,779.0,677.9,55.9807,56.8931
379,15.1200,6,Team B,1444,654,1525,800,1484.5,797.1,66.3330,66.2556
379,15.1200,89,Team B,253,446,294,561,273.5,558.7,47.4735,46.7961
379,15.1200,69,Team A,805,612,856,748,830.5,745.3,56.4334,60.7880
379,15.1200,337,Team B,777,227,804,295,790.5,293.6,59.1104,20.9281
379,15.1200,340,Team A,1236,381,1281,477,1258.5,475.1,67.4095,43.8185
379,15.1200,363,Team B,1569,404,1610,508,1589.5,505.9,74.0356,47.9772
379,15.1200,8,Team A,579,288,608,370,593.5,368.4,53.7058,30.0785
379,15.1200,361,Team B,1271,265,1301,346,1286.0,344.4,71.1646,29.5729
379,15.1200,348,Team B,910,335,952,425,931.0,423.2,60.9674,37.2493
379,15.1200,428,Team B,358,338,389,430,373.5,428.2,48.9113,35.7972
379,15.1200,362,Team B,461,382,498,487,479.5,484.9,51.1057,41.5356
379,15.1200,384,Referee,138,429,183,537,160.5,534.8,45.3378,44.6232
379,15.1200,482,Team B,264,196,292,257,278.0,255.8,45.9998,13.7336
379,15.1200,495,Team B,759,525,808,659,783.5,656.3,56.0659,56.0947
379,15.1200,497,Team B,719,572,798,687,758.5,684.7,55.5735,57.1777
380,15.1600,6,Team B,1451,653,1529,796,1490.0,793.1,66.4293,66.1280
380,15.1600,89,Team B,250,448,290,561,270.0,558.7,47.4127,46.8301
380,15.1600,69,Team A,807,614,858,751,832.5,748.3,56.4518,60.9229
380,15.1600,337,Team B,777,227,804,295,790.5,293.6,59.0988,20.9331
380,15.1600,340,Team A,1235,382,1279,478,1257.0,476.1,67.3524,43.8894
380,15.1600,363,Team B,1570,405,1610,507,1590.0,505.0,74.0445,47.9721
380,15.1600,8,Team A,579,288,608,370,593.5,368.4,53.7028,30.1106
380,15.1600,361,Team B,1273,265,1303,347,1288.0,345.4,71.1934,29.6857
380,15.1600,348,Team B,909,336,951,421,930.0,419.3,60.9440,37.1169
380,15.1600,428,Team B,358,338,389,430,373.5,428.2,48.9172,35.8449
380,15.1600,362,Team B,460,381,498,488,479.0,485.9,51.0943,41.6382
380,15.1600,384,Referee,137,430,182,539,159.5,536.8,45.3333,44.7014
380,15.1600,482,Team B,262,197,290,260,276.0,258.7,45.9622,14.0497
380,15.1600,495,Team B,748,522,805,673,776.5,670.0,55.9894,56.2611
380,15.1600,497,Team B,714,565,797,686,755.5,683.6,55.5468,57.1307
381,15.2000,6,Team B,1445,652,1525,798,1485.0,795.1,66.4035,66.1195
381,15.2000,89,Team B,247,451,286,561,266.5,558.8,47.3518,46.8385
381,15.2000,69,Team A,809,616,860,751,834.5,748.3,56.4778,60.9831
381,15.2000,337,Team B,776,226,804,297,790.0,295.6,59.0723,21.1047
381,15.2000,340,Team A,1233,383,1278,480,1255.5,478.1,67.2862,44.0231
381,15.2000,363,Team B,1571,406,1612,512,1591.5,509.9,73.9869,48.2278
381,15.2000,8,Team A,579,288,609,370,594.0,368.4,53.7085,30.1244
381,15.2000,361,Team B,1274,265,1305,349,1289.5,347.3,71.1947,29.8867
381,15.2000,348,Team B,908,336,951,421,929.5,419.3,60.9279,37.0628
381,15.2000,428,Team B,359,339,390,431,374.5,429.2,48.9333,35.9264
381,15.2000,362,Team B,458,381,498,490,478.0,487.8,51.0779,41.7806
381,15.2000,384,Referee,138,431,181,538,159.5,535.9,45.3281,44.6874
381,15.2000,482,Team B,260,198,288,261,274.0,259.7,45.9215,14.2675
381,15.2000,495,Team B,741,527,801,684,771.0,680.9,55.8736,56.7055
382,15.2400,6,Team B,1444,651,1524,797,1484.0,794.1,66.3916,66.0849
382,15.2400,89,Team B,244,454,282,561,263.0,558.9,47.2909,46.8366
382,15.2400,69,Team A,812,616,863,750,837.5,747.3,56.5192,60.9836
382,15.2400,337,Team B,775,225,804,296,789.5,294.6,59.0611,21.0847
382,15.2400,340,Team A,1232,384,1278,483,1255.0,481.0,67.2184,44.2374
382,15.2400,363,Team B,1571,406,1613,514,1592.0,511.8,73.9384,48.4316
382,15.2400,8,Team A,579,289,609,370,594.0,368.4,53.7107,30.1314
382,15.2400,361,Team B,1277,266,1307,350,1292.0,348.3,71.2177,30.0502
382,15.2400,348,Team B,906,336,948,417,927.0,415.4,60.9172,36.7874
382,15.2400,428,Team B,359,340,391,431,375.0,429.2,48.9458,35.9613
382,15.2400,362,Team B,457,379,497,490,477.0,487.8,51.0597,41.8332
382,15.2400,384,Referee,138,431,182,541,160.0,538.8,45.3416,44.8214
382,15.2400,482,Team B,258,198,287,261,272.5,259.7,45.8827,14.3524
382,15.2400,495,Team B,747,533,798,659,772.5,656.5,55.9109,55.9986
382,15.2400,497,Team B,710,570,792,691,751.0,688.6,55.4791,57.2772
383,15.2800,6,Team B,1441,651,1525,803,1483.0,800.0,66.3293,66.2362
383,15.2800,89,Team B,241,457,279,562,260.0,559.9,47.2375,46.8759
383,15.2800,69,Team A,816,616,867,747,841.5,744.4,56.5823,60.9008
383,15.2800,337,Team B,775,225,804,297,789.5,295.6,59.0495,21.1627
383,15.2800,340,Team A,1230,385,1277,485,1253.5,483.0,67.1484,44.4271
383,15.2800,363,Team B,1571,407,1612,514,1591.5,511.9,73.9120,48.5128
383,15.2800,8,Team A,581,289,610,370,595.5,368.4,53.7322,30.1372
383,15.2800,361,Team B,1279,266,1309,351,1294.0,349.3,71.2417,30.1958
383,15.2800,348,Team B,905,336,947,417,926.0,415.4,60.8993,36.6749
383,15.2800,428,Team B,360,342,391,433,375.5,431.2,48.9598,36.0965
383,15.2800,362,Team B,456,380,497,491,476.5,488.8,51.0465,41.9058
383,15.2800,384,Referee,138,431,183,543,160.5,540.8,45.3591,44.9679
383,15.2800,482,Team B,256,199,285,263,270.5,261.7,45.8460,14.5691
384,15.3200,6,Team B,1440,651,1525,805,1482.5,801.9,66.2837,66.3509
384,15.3200,89,Team B,238,457,277,564,257.5,561.9,47.1946,46.9740
384,15.3200,69,Team A,821,616,872,747,846.5,744.4,56.6546,60.8799
384,15.3200,337,Team B,774,225,804,297,789.0,295.6,59.0370,21.1930
384,15.3200,340,Team A,1228,387,1275,487,1251.5,485.0,67.0710,44.6063
384,15.3200,363,Team B,1571,410,1612,517,1591.5,514.9,73.8525,48.6977
384,15.3200,8,Team A,582,288,611,370,596.5,368.4,53.7545,30.1402
384,15.3200,361,Team B,1281,265,1312,352,1296.5,350.3,71.2743,30.3337
384,15.3200,348,Team B,905,336,946,416,925.5,414.4,60.8928,36.5664
384,15.3200,428,Team B,360,342,393,435,376.5,433.1,48.9804,36.2701
384,15.3200,362,Team B,455,381,495,489,475.0,486.8,51.0239,41.8291
384,15.3200,384,Referee,138,432,182,544,160.0,541.8,45.3643,45.0721
384,15.3200,482,Team B,253,196,284,264,268.5,262.6,45.8056,14.7387
384,15.3200,497,Team B,709,549,805,694,757.0,691.1,55.5045,57.4387
385,15.3600,6,Team B,1441,652,1525,802,1483.0,799.0,66.2939,66.3153
385,15.3600,89,Team B,235,457,274,564,254.5,561.9,47.1461,47.0064
385,15.3600,69,Team A,825,613,876,746,850.5,743.3,56.7244,60.8484
385,15.3600,337,Team B,774,226,803,298,788.5,296.6,59.0170,21.2917
385,15.3600,340,Team A,1227,390,1274,488,1250.5,486.0,67.0149,44.7315
385,15.3600,363,Team B,1569,411,1611,518,1590.0,515.9,73.7926,48.8182
385,15.3600,8,Team A,582,287,612,371,597.0,369.3,53.7682,30.2103
385,15.3600,361,Team B,1283,265,1313,350,1298.0,348.3,71.3457,30.2410
385,15.3600,348,Team B,904,336,944,416,924.0,414.4,60.8697,36.5196
385,15.3600,428,Team B,360,344,392,436,376.0,434.2,48.9839,36.3992
385,15.3600,362,Team B,452,382,493,491,472.5,488.8,50.9857,41.8972
385,15.3600,384,Referee,139,433,183,545,161.0,542.8,45.3803,45.1626
385,15.3600,482,Team B,249,194,280,264,264.5,262.6,45.7294,14.7971
385,15.3600,495,Team B,742,547,786,658,764.0,655.8,55.8416,55.6689
386,15.4000,6,Team B,1440,652,1524,802,1482.0,799.0,66.2884,66.2984
386,15.4000,89,Team B,231,455,271,564,251.0,561.8,47.0901,47.0096
386,15.4000,69,Team A,830,612,881,744,855.5,741.4,56.8058,60.7852
386,15.4000,337,Team B,773,227,803,299,788.0,297.6,58.9940,21.4174
386,15.4000,340,Team A,1227,394,1273,490,1250.0,488.1,66.9626,44.8901
386,15.4000,363,Team B,1571,414,1613,522,1592.0,519.8,73.7309,49.0720
386,15.4000,8,Team A,583,288,613,372,598.0,370.3,53.7851,30.3109
386,15.4000,361,Team B,1284,263,1316,352,1300.0,350.2,71.3725,30.3566
386,15.4000,348,Team B,902,336,944,421,923.0,419.3,60.8101,36.8088
386,15.4000,428,Team B,360,346,392,437,376.0,435.2,48.9867,36.5115
386,15.4000,362,Team B,451,382,492,490,471.5,487.8,50.9588,41.8705
386,15.4000,384,Referee,138,433,182,546,160.0,543.7,45.3796,45.2422
386,15.4000,482,Team B,247,196,277,264,262.0,262.6,45.6617,14.8206
386,15.4000,495,Team B,743,551,782,649,762.5,647.0,55.8233,55.2042
386,15.4000,497,Team B,701,565,782,692,741.5,689.5,55.3669,57.4080
387,15.4400,6,Team B,1440,654,1524,802,1482.0,799.0,66.2858,66.2928
387,15.4400,89,Team B,228,452,269,564,248.5,561.8,47.0415,47.0026
387,15.4400,69,Team A,834,612,885,746,859.5,743.3,56.8699,60.8321
387,15.4400,337,Team B,773,228,802,298,787.5,296.6,58.9838,21.3831
387,15.4400,340,Team A,1226,395,1272,491,1249.0,489.1,66.9172,45.0046
387,15.4400,363,Team B,1572,415,1614,522,1593.0,519.9,73.7191,49.1772
387,15.4400,8,Team A,582,288,613,375,597.5,373.3,53.7785,30.5564
387,15.4400,361,Team B,1286,262,1318,351,1302.0,349.2,71.4327,30.3302
387,15.4400,348,Team B,901,337,944,424,922.5,422.3,60.7576,37.1090
387,15.4400,428,Team B,360,346,393,438,376.5,436.2,48.9953,36.6157
387,15.4400,362,Team B,449,381,492,492,470.5,489.8,50.9365,41.9597
387,15.4400,384,Referee,138,433,182,548,160.0,545.7,45.3861,45.3649
387,15.4400,495,Team B,744,552,783,649,763.5,647.1,55.8262,55.0216
387,15.4400,497,Team B,697,566,775,691,736.0,688.5,55.2603,57.3487
388,15.4800,6,Team B,1441,655,1526,803,1483.5,800.0,66.2912,66.3229
388,15.4800,89,Team B,224,450,266,564,245.0,561.7,46.9855,46.9900
388,15.4800,69,Team A,838,613,889,747,863.5,744.3,56.9301,60.8924
388,15.4800,337,Team B,773,228,802,300,787.5,298.6,58.9658,21.5401
388,15.4800,340,Team A,1224,396,1269,492,1246.5,490.1,66.8552,45.0974
388,15.4800,363,Team B,1573,416,1616,524,1594.5,521.8,73.7024,49.3222
388,15.4800,8,Team A,583,289,614,376,598.5,374.3,53.7872,30.7265
388,15.4800,361,Team B,1288,263,1320,350,1304.0,348.3,71.5057,30.2500
388,15.4800,348,Team B,901,340,943,426,922.0,424.3,60.7149,37.3537
388,15.4800,428,Team B,360,345,394,440,377.0,438.1,49.0075,36.7732
388,15.4800,362,Team B,448,382,490,490,469.0,487.8,50.9101,41.8899
388,15.4800,384,Referee,136,433,179,549,157.5,546.7,45.3659,45.4537
388,15.4800,495,Team B,741,552,783,651,762.0,649.0,55.8064,55.0191
388,15.4800,497,Team B,697,566,773,690,735.0,687.5,55.2102,57.2881
388,15.4800,482,Team B,243,200,270,261,256.5,259.8,45.5386,14.5548
389,15.5200,6,Team B,1441,655,1527,804,1484.0,801.0,66.2902,66.3641
389,15.5200,89,Team B,219,453,260,563,239.5,560.8,46.9035,46.9312
389,15.5200,69,Team A,841,618,893,750,867.0,747.4,56.9774,61.0211
389,15.5200,337,Team B,773,229,802,303,787.5,301.5,58.9378,21.8588
389,15.5200,340,Team A,1221,397,1267,495,1244.0,493.0,66.7645,45.2857
389,15.5200,363,Team B,1573,416,1616,525,1594.5,522.8,73.6801,49.4290
389,15.5200,8,Team A,583,290,614,377,598.5,375.3,53.7885,30.8642
389,15.5200,361,Team B,1289,264,1321,352,1305.0,350.2,71.5159,30.3730
389,15.5200,348,Team B,901,341,943,429,922.0,427.2,60.6763,37.6349
389,15.5200,428,Team B,361,348,394,441,377.5,439.1,49.0198,36.8985
389,15.5200,362,Team B,448,382,489,489,468.5,486.9,50.8937,41.8090
389,15.5200,384,Referee,133,435,177,550,155.0,547.7,45.3353,45.5307
389,15.5200,495,Team B,738,551,782,654,760.0,651.9,55.7699,55.1234
389,15.5200,497,Team B,691,571,767,698,729.0,695.5,55.1131,57.5263
389,15.5200,482,Team B,241,202,268,263,254.5,261.8,45.4692,14.6328
390,15.5600,6,Team B,1441,654,1526,803,1483.5,800.0,66.2931,66.3508
390,15.5600,89,Team B,214,453,256,565,235.0,562.8,46.8289,46.9854
390,15.5600,69,Team A,844,620,897,751,870.5,748.4,57.0259,61.1133
390,15.5600,337,Team B,773,230,801,300,787.0,298.6,58.9393,21.7329
390,15.5600,340,Team A,1219,398,1265,495,1242.0,493.1,66.7021,45.3570
390,15.5600,363,Team B,1574,416,1618,526,1596.0,523.8,73.6752,49.5245
390,15.5600,8,Team A,583,291,614,379,598.5,377.2,53.7846,31.0566
390,15.5600,361,Team B,1291,264,1323,353,1307.0,351.2,71.5345,30.5021
390,15.5600,348,Team B,900,345,941,432,920.5,430.3,60.6189,37.9295
390,15.5600,428,Team B,362,350,394,441,378.0,439.2,49.0308,36.9521
390,15.5600,362,Team B,447,383,488,489,467.5,486.9,50.8755,41.7755
390,15.5600,384,Referee,134,437,177,552,155.5,549.7,45.3351,45.6546
390,15.5600,495,Team B,735,551,779,656,757.0,653.9,55.7194,55.2313
390,15.5600,497,Team B,689,574,762,697,725.5,694.5,55.0424,57.5812
390,15.5600,482,Team B,238,200,268,267,253.0,265.7,45.4379,15.0218
391,15.6000,6,Team B,1442,654,1525,800,1483.5,797.1,66.3181,66.2619
391,15.6000,89,Team B,210,456,251,566,230.5,563.8,46.7549,47.0433
391,15.6000,69,Team A,848,622,904,752,876.0,749.4,57.0937,61.1958
391,15.6000,337,Team B,774,230,801,298,787.5,296.6,58.9616,21.5128
391,15.6000,340,Team A,1217,398,1263,495,1240.0,493.1,66.6513,45.3804
391,15.6000,363,Team B,1575,416,1619,527,1597.0,524.8,73.6707,49.6139
391,15.6000,8,Team A,584,292,614,380,599.0,378.2,53.7876,31.2037
391,15.6000,361,Team B,1294,267,1325,355,1309.5,353.2,71.5461,30.7141
391,15.6000,348,Team B,900,348,940,435,920.0,433.3,60.5677,38.2291
391,15.6000,428,Team B,363,350,395,441,379.0,439.2,49.0474,36.9757
391,15.6000,362,Team B,446,385,487,490,466.5,487.9,50.8566,41.8137
391,15.6000,384,Referee,133,438,175,552,154.0,549.7,45.3195,45.7017
391,15.6000,495,Team B,734,551,778,655,756.0,652.9,55.6918,55.2353
391,15.6000,497,Team B,688,580,757,700,722.5,697.6,54.9781,57.7018
391,15.6000,482,Team B,239,205,266,267,252.5,265.8,45.4185,15.1858
392,15.6400,6,Team B,1447,654,1530,802,1488.5,799.0,66.3604,66.2952
392,15.6400,89,Team B,206,457,249,569,227.5,566.8,46.7020,47.1914
392,15.6400,69,Team A,850,627,907,754,878.5,751.5,57.1375,61.2995
392,15.6400,337,Team B,773,230,802,300,787.5,298.6,58.9566,21.5954
392,15.6400,340,Team A,1213,397,1261,498,1237.0,496.0,66.5598,45.5364
392,15.6400,363,Team B,1577,416,1621,527,1599.0,524.8,73.6953,49.6551
392,15.6400,8,Team A,584,293,614,380,599.0,378.3,53.7887,31.2639
392,15.6400,361,Team B,1295,267,1328,357,1311.5,355.2,71.5479,30.9527
392,15.6400,348,Team B,901,349,941,438,921.0,436.2,60.5394,38.5306
392,15.6400,428,Team B,364,349,397,442,380.5,440.1,49.0735,37.0448
392,15.6400,362,Team B,446,385,486,490,466.0,487.9,50.8433,41.8278
392,15.6400,384,Referee,131,436,174,553,152.5,550.7,45.3009,45.7603
392,15.6400,495,Team B,731,555,775,659,753.0,656.9,55.6394,55.3792
392,15.6400,497,Team B,685,575,757,703,721.0,700.4,54.9316,57.8441
392,15.6400,482,Team B,237,207,264,268,250.5,266.8,45.3860,15.3424
393,15.6800,6,Team B,1450,654,1529,798,1489.5,795.1,66.4191,66.1993
393,15.6800,89,Team B,204,458,248,572,226.0,569.7,46.6730,47.3782
393,15.6800,69,Team A,852,631,911,756,881.5,753.5,57.1764,61.4120
393,15.6800,337,Team B,773,230,802,301,787.5,299.6,58.9477,21.7135
393,15.6800,340,Team A,1210,398,1259,500,1234.5,498.0,66.4693,45.6964
393,15.6800,363,Team B,1579,418,1622,527,1600.5,524.8,73.7242,49.6777
393,15.6800,8,Team A,585,294,615,381,600.0,379.3,53.8005,31.3590
393,15.6800,361,Team B,1298,268,1329,356,1313.5,354.2,71.5974,30.9797
393,15.6800,348,Team B,900,349,941,441,920.5,439.2,60.5007,38.8267
393,15.6800,428,Team B,364,347,398,442,381.0,440.1,49.0899,37.0712
393,15.6800,362,Team B,445,385,485,489,465.0,486.9,50.8262,41.7794
393,15.6800,384,Referee,129,435,173,555,151.0,552.6,45.2847,45.8691
393,15.6800,495,Team B,722,560,771,675,746.5,672.7,55.5119,55.9999
393,15.6800,497,Team B,686,573,758,703,722.0,700.4,54.9228,57.9021
393,15.6800,482,Team B,235,205,263,268,249.0,266.7,45.3506,15.3992
394,15.7200,6,Team B,1454,655,1530,798,1492.0,795.1,66.4666,66.1681
394,15.7200,89,Team B,202,458,247,574,224.5,571.7,46.6511,47.5358
394,15.7200,69,Team A,855,633,916,755,885.5,752.6,57.2327,61.4376
394,15.7200,337,Team B,773,230,802,303,787.5,301.5,58.9304,21.9299
394,15.7200,340,Team A,1208,400,1257,502,1232.5,500.0,66.3857,45.8598
394,15.7200,363,Team B,1581,419,1623,530,1602.0,527.8,73.7081,49.8367
394,15.7200,8,Team A,586,295,615,379,600.5,377.3,53.8164,31.2642
394,15.7200,361,Team B,1299,272,1330,356,1314.5,354.3,71.6316,30.9989
394,15.7200,348,Team B,901,350,940,441,920.5,439.2,60.4851,38.9463
394,15.7200,428,Team B,365,347,399,444,382.0,442.1,49.1111,37.1987
394,15.7200,362,Team B,444,385,484,490,464.0,487.9,50.8079,41.8096
394,15.7200,384,Referee,128,437,171,557,149.5,554.6,45.2696,46.0003
394,15.7200,497,Team B,692,567,766,701,729.0,698.3,54.9916,57.8708
394,15.7200,482,Team B,235,203,264,270,249.5,268.7,45.3532,15.5986
395,15.7600,6,Team B,1453,654,1529,799,1491.0,796.1,66.4680,66.1805
395,15.7600,89,Team B,202,461,246,574,224.0,571.7,46.6373,47.6003
395,15.7600,69,Team A,857,634,920,757,888.5,754.5,57.2767,61.5169
395,15.7600,337,Team B,773,230,803,304,788.0,302.5,58.9244,22.1016
395,15.7600,340,Team A,1206,403,1255,503,1230.5,501.0,66.3153,45.9742
395,15.7600,363,Team B,1582,421,1625,534,1603.5,531.7,73.6584,50.0981
395,15.7600,8,Team A,587,295,616,378,601.5,376.3,53.8385,31.1605
395,15.7600,361,Team B,1302,274,1332,358,1317.0,356.3,71.6496,31.1641
395,15.7600,348,Team B,902,350,941,443,921.5,441.1,60.4782,39.1136
395,15.7600,428,Team B,365,348,399,446,382.0,444.0,49.1221,37.3652
395,15.7600,362,Team B,442,385,483,492,462.5,489.9,50.7833,41.9214
395,15.7600,384,Referee,126,438,170,559,148.0,556.6,45.2549,46.1392
395,15.7600,497,Team B,696,564,771,701,733.5,698.3,55.0630,57.8672
395,15.7600,482,Team B,234,206,263,271,248.5,269.7,45.3446,15.7718
396,15.8000,6,Team B,1456,656,1530,802,1493.0,799.1,66.4634,66.2755
396,15.8000,89,Team B,201,461,246,576,223.5,573.7,46.6318,47.7109
396,15.8000,69,Team A,865,634,930,758,897.5,755.5,57.3753,61.6012
396,15.8000,337,Team B,773,232,802,305,787.5,303.5,58.9071,22.2568
396,15.8000,340,Team A,1203,403,1254,505,1228.5,503.0,66.2406,46.1166
396,15.8000,363,Team B,1584,423,1626,536,1605.0,533.7,73.6265,50.3039
396,15.8000,8,Team A,587,295,616,379,601.5,377.3,53.8451,31.1869
396,15.8000,361,Team B,1305,275,1334,358,1319.5,356.3,71.6960,31.2375
396,15.8000,348,Team B,903,351,942,444,922.5,442.1,60.4816,39.2425
396,15.8000,428,Team B,366,350,400,448,383.0,446.0,49.1411,37.5501
396,15.8000,362,Team B,441,387,481,492,461.0,489.9,50.7562,41.9648
396,15.8000,384,Referee,123,441,167,560,145.0,557.6,45.2217,46.2350
396,15.8000,497,Team B,699,564,770,693,734.5,690.4,55.1195,57.5959
396,15.8000,482,Team B,233,206,261,271,247.0,269.7,45.3190,15.8388
396,15.8000,504,Team B,696,574,730,702,713.0,699.4,54.7753,57.8493
397,15.8400,6,Team B,1458,657,1530,804,1494.0,801.1,66.4550,66.3724
397,15.8400,89,Team B,201,461,246,576,223.5,573.7,46.6296,47.7552
397,15.8400,69,Team A,871,633,939,759,905.0,756.5,57.4818,61.6832
397,15.8400,337,Team B,773,233,803,306,788.0,304.5,58.9010,22.4052
397,15.8400,340,Team A,1203,404,1255,506,1229.0,504.0,66.2064,46.2266
397,15.8400,363,Team B,1587,425,1629,538,1608.0,535.7,73.6213,50.4911
397,15.8400,8,Team A,587,296,616,379,601.5,377.3,53.8477,31.1988
397,15.8400,361,Team B,1306,274,1336,358,1321.0,356.3,71.7388,31.2687
397,15.8400,348,Team B,903,351,942,445,922.5,443.1,60.4761,39.3522
397,15.8400,428,Team B,366,352,400,449,383.0,447.1,49.1499,37.6831
397,15.8400,362,Team B,440,388,480,493,460.0,490.9,50.7338,42.0323
397,15.8400,384,Referee,121,441,166,561,143.5,558.6,45.1964,46.3142
397,15.8400,497,Team B,699,566,769,693,734.0,690.5,55.1372,57.4876
397,15.8400,482,Team B,231,208,259,272,245.0,270.7,45.2843,15.9555
397,15.8400,504,Team B,694,573,728,700,711.0,697.5,54.7602,57.7762
398,15.8800,6,Team B,1458,659,1528,803,1493.0,800.1,66.4497,66.3819
398,15.8800,89,Team B,200,458,246,577,223.0,574.6,46.6259,47.8119
398,15.8800,69,Team A,881,632,949,760,915.0,757.4,57.6148,61.7705
398,15.8800,337,Team B,774,234,802,303,788.0,301.6,58.9189,22.2144
398,15.8800,340,Team A,1203,406,1255,507,1229.0,505.0,66.1818,46.3232
398,15.8800,363,Team B,1589,426,1632,540,1610.5,537.7,73.6205,50.6681
398,15.8800,8,Team A,588,296,617,379,602.5,377.3,53.8623,31.2057
398,15.8800,361,Team B,1309,275,1338,358,1323.5,356.3,71.7952,31.2885
398,15.8800,348,Team B,904,352,942,445,923.0,443.1,60.4803,39.3984
398,15.8800,428,Team B,367,354,400,450,383.5,448.1,49.1608,37.7962
398,15.8800,362,Team B,439,390,479,494,459.0,491.9,50.7135,42.1104
398,15.8800,384,Referee,119,445,163,561,141.0,558.7,45.1607,46.3439
398,15.8800,482,Team B,231,208,258,272,244.5,270.7,45.2631,16.0014
398,15.8800,504,Team B,693,571,729,703,711.0,700.4,54.7480,57.8468
398,15.8800,495,Team B,714,568,765,692,739.5,689.5,55.3502,56.8297
399,15.9200,6,Team B,1460,661,1527,802,1493.5,799.2,66.4601,66.3603
399,15.9200,89,Team B,200,457,247,577,223.5,574.6,46.6296,47.8349
399,15.9200,69,Team A,892,631,959,762,925.5,759.4,57.7595,61.8912
399,15.9200,337,Team B,773,235,801,304,787.0,302.6,58.9035,22.2221
399,15.9200,340,Team A,1205,406,1256,508,1230.5,506.0,66.1807,46.4162
399,15.9200,363,Team B,1592,427,1635,542,1613.5,539.7,73.6279,50.8419
399,15.9200,8,Team A,590,296,619,379,604.5,377.3,53.8953,31.2126
399,15.9200,361,Team B,1312,274,1341,357,1326.5,355.3,71.8832,31.2274
399,15.9200,348,Team B,904,353,943,449,923.5,447.1,60.4610,39.6507
399,15.9200,428,Team B,368,354,401,451,384.5,449.1,49.1783,37.9001
399,15.9200,362,Team B,438,391,479,498,458.5,495.9,50.7002,42.3455
399,15.9200,384,Referee,117,445,162,562,139.5,559.7,45.1345,46.3965
399,15.9200,504,Team B,690,571,726,703,708.0,700.4,54.7142,57.8677
399,15.9200,495,Team B,714,570,765,696,739.5,693.5,55.2760,57.2999
400,15.9600,6,Team B,1457,659,1524,800,1490.5,797.2,66.4517,66.2868
400,15.9600,89,Team B,200,455,247,576,223.5,573.6,46.6284,47.7995
400,15.9600,69,Team A,900,631,967,764,933.5,761.3,57.8851,62.0196
400,15.9600,337,Team B,772,236,801,306,786.5,304.6,58.8758,22.3937
400,15.9600,340,Team A,1206,408,1257,507,1231.5,505.0,66.2030,46.4075
400,15.9600,363,Team B,1593,428,1636,544,1614.5,541.7,73.6128,51.0086
400,15.9600,8,Team A,591,295,621,380,606.0,378.3,53.9266,31.2848
400,15.9600,361,Team B,1313,273,1343,358,1328.0,356.3,71.9251,31.2792
400,15.9600,348,Team B,906,356,943,448,924.5,446.2,60.4728,39.6999
400,15.9600,428,Team B,368,356,401,452,384.5,450.1,49.1866,38.0002
400,15.9600,362,Team B,438,392,480,500,459.0,497.8,50.7010,42.5430
400,15.9600,384,Referee,116,447,162,563,139.0,560.7,45.1225,46.4623
400,15.9600,504,Team B,691,573,728,704,709.5,701.4,54.7130,57.9148
400,15.9600,495,Team B,714,572,766,699,740.0,696.5,55.2441,57.5925
401,16.0000,6,Team B,1457,662,1524,799,1490.5,796.3,66.4559,66.2312
401,16.0000,89,Team B,201,455,247,575,224.0,572.6,46.6305,47.7436
401,16.0000,69,Team A,907,632,973,765,940.0,762.3,57.9925,62.1177
401,16.0000,337,Team B,772,235,801,307,786.5,305.6,58.8581,22.5441
401,16.0000,340,Team A,1207,408,1257,509,1232.0,507.0,66.1974,46.5061
401,16.0000,363,Team B,1596,428,1639,546,1617.5,543.6,73.6148,51.1766
401,16.0000,8,Team A,593,297,622,380,607.5,378.3,53.9594,31.3196
401,16.0000,361,Team B,1315,273,1345,358,1330.0,356.3,71.9736,31.3045
401,16.0000,348,Team B,906,358,944,451,925.0,449.1,60.4633,39.8955
401,16.0000,428,Team B,368,356,401,452,384.5,450.1,49.1899,38.0403
401,16.0000,362,Team B,438,393,481,502,459.5,499.8,50.7073,42.7251
401,16.0000,384,Referee,116,450,162,563,139.0,560.7,45.1179,46.4913
401,16.0000,504,Team B,685,574,724,706,704.5,703.4,54.6603,57.9892
401,16.0000,495,Team B,713,573,766,702,739.5,699.4,55.2194,57.8104
402,16.0400,6,Team B,1459,665,1522,793,1490.5,790.4,66.5057,66.0418
402,16.0400,89,Team B,201,453,247,571,224.0,568.6,46.6209,47.5469
402,16.0400,69,Team A,912,634,977,765,944.5,762.4,58.0774,62.1693
402,16.0400,337,Team B,771,236,801,307,786.0,305.6,58.8431,22.6051
402,16.0400,340,Team A,1209,409,1258,508,1233.5,506.0,66.2245,46.5001
402,16.0400,363,Team B,1598,428,1642,546,1620.0,543.6,73.6479,51.2506
402,16.0400,8,Team A,594,298,623,380,608.5,378.4,53.9860,31.3370
402,16.0400,361,Team B,1318,273,1347,359,1332.5,357.3,72.0150,31.3945
402,16.0400,348,Team B,908,360,945,451,926.5,449.2,60.4787,39.9797
402,16.0400,428,Team B,368,356,402,453,385.0,451.1,49.1984,38.1136
402,16.0400,362,Team B,437,394,481,502,459.0,499.8,50.7041,42.7978
402,16.0400,384,Referee,114,450,162,563,138.0,560.7,45.1058,46.5006
402,16.0400,504,Team B,679,574,719,705,699.0,702.4,54.5882,57.9721
402,16.0400,495,Team B,714,573,768,704,741.0,701.4,55.2195,57.9685
402,16.0400,482,Team B,225,211,250,270,237.5,268.8,45.1418,15.8365
403,16.0800,6,Team B,1459,667,1521,791,1490.0,788.5,66.5367,65.9093
403,16.0800,89,Team B,201,453,247,572,224.0,569.6,46.6197,47.5114
403,16.0800,69,Team A,916,635,980,764,948.0,761.4,58.1479,62.1692
403,16.0800,337,Team B,771,234,801,307,786.0,305.5,58.8374,22.6260
403,16.0800,340,Team A,1210,409,1258,509,1234.0,507.0,66.2312,46.5493
403,16.0800,363,Team B,1601,430,1644,545,1622.5,542.7,73.7081,51.2425
403,16.0800,8,Team A,596,298,625,380,610.5,378.4,54.0238,31.3481
403,16.0800,361,Team B,1319,274,1348,358,1333.5,356.3,72.0648,31.3602
403,16.0800,348,Team B,909,361,946,452,927.5,450.2,60.4910,40.0741
403,16.0800,428,Team B,369,355,402,454,385.5,452.0,49.2089,38.1989
403,16.0800,362,Team B,435,393,479,501,457.0,498.8,50.6798,42.7709
403,16.0800,384,Referee,111,449,160,564,135.5,561.7,45.0787,46.5418
403,16.0800,504,Team B,676,576,717,706,696.5,703.4,54.5334,57.9940
403,16.0800,495,Team B,716,574,770,704,743.0,701.4,55.2388,58.0373
403,16.0800,482,Team B,222,210,249,270,235.5,268.8,45.0637,15.7658
404,16.1200,6,Team B,1458,668,1521,790,1489.5,787.6,66.5523,65.8271
404,16.1200,89,Team B,201,454,246,572,223.5,569.6,46.6141,47.4970
404,16.1200,69,Team A,920,635,987,765,953.5,762.4,58.2239,62.2129
404,16.1200,337,Team B,772,235,801,306,786.5,304.6,58.8495,22.5536
404,16.1200,340,Team A,1209,408,1258,511,1233.5,508.9,66.2069,46.6670
404,16.1200,363,Team B,1605,431,1648,545,1626.5,542.7,73.7835,51.2512
404,16.1200,8,Team A,598,298,627,381,612.5,379.3,54.0636,31.4243
404,16.1200,361,Team B,1320,274,1350,359,1335.0,357.3,72.0909,31.4241
404,16.1200,348,Team B,909,362,947,458,928.0,456.1,60.4615,40.4547
404,16.1200,428,Team B,368,354,402,454,385.0,452.0,49.2071,38.2307
404,16.1200,362,Team B,434,393,478,500,456.0,497.9,50.6584,42.7074
404,16.1200,384,Referee,108,450,158,563,133.0,560.7,45.0387,46.5097
404,16.1200,504,Team B,674,576,716,707,695.0,704.4,54.4951,58.0326
404,16.1200,495,Team B,717,576,771,703,744.0,700.5,55.2585,58.0351
404,16.1200,482,Team B,220,208,248,269,234.0,267.8,45.0050,15.6421
405,16.1600,6,Team B,1457,667,1522,789,1489.5,786.6,66.5668,65.7652
405,16.1600,89,Team B,200,454,245,572,222.5,569.6,46.6016,47.4890
405,16.1600,69,Team A,924,635,992,766,958.0,763.4,58.2927,62.2715
405,16.1600,337,Team B,771,233,801,306,786.0,304.5,58.8469,22.5202
405,16.1600,340,Team A,1209,409,1258,514,1233.5,511.9,66.1658,46.8648
405,16.1600,363,Team B,1608,430,1652,546,1630.0,543.7,73.8436,51.3097
405,16.1600,8,Team A,597,298,626,381,611.5,379.3,54.0660,31.4527
405,16.1600,361,Team B,1322,274,1352,361,1337.0,359.3,72.0977,31.6020
405,16.1600,348,Team B,911,365,948,460,929.5,458.1,60.4552,40.7263
405,16.1600,428,Team B,368,354,402,453,385.0,451.0,49.2052,38.1875
405,16.1600,362,Team B,430,391,475,499,452.5,496.8,50.6094,42.6214
405,16.1600,384,Referee,104,450,154,563,129.0,560.7,44.9816,46.4879
405,16.1600,504,Team B,673,577,716,708,694.5,705.4,54.4730,58.0809
405,16.1600,495,Team B,716,579,770,703,743.0,700.5,55.2565,58.0338
405,16.1600,482,Team B,218,207,246,270,232.0,268.7,44.9571,15.6774
406,16.2000,6,Team B,1462,668,1527,790,1494.5,787.6,66.6131,65.7826
406,16.2000,89,Team B,199,455,245,571,222.0,568.7,46.5889,47.4423
406,16.2000,69,Team A,930,634,998,765,964.0,762.4,58.3805,62.2792
406,16.2000,337,Team B,771,233,801,305,786.0,303.6,58.8526,22.4232
406,16.2000,340,Team A,1210,411,1259,515,1234.5,512.9,66.1513,46.9981
406,16.2000,363,Team B,1611,430,1656,549,1633.5,546.6,73.8664,51.4816
406,16.2000,8,Team A,598,298,627,382,612.5,380.3,54.0781,31.5335
406,16.2000,361,Team B,1324,274,1354,359,1339.0,357.3,72.1675,31.5300
406,16.2000,348,Team B,912,366,950,462,931.0,460.1,60.4584,40.9515
406,16.2000,428,Team B,368,354,401,453,384.5,451.0,49.1985,38.1690
406,16.2000,362,Team B,429,391,472,497,450.5,494.9,50.5664,42.4809
406,16.2000,384,Referee,98,452,147,564,122.5,561.8,44.8959,46.5103
406,16.2000,504,Team B,673,579,716,709,694.5,706.4,54.4623,58.1349
406,16.2000,495,Team B,713,582,764,702,738.5,699.6,55.2143,57.9907
406,16.2000,482,Team B,217,208,246,270,231.5,268.8,44.9307,15.6926
407,16.2400,6,Team B,1466,666,1531,790,1498.5,787.5,66.6709,65.7989
407,16.2400,89,Team B,199,458,245,572,222.0,569.7,46.5865,47.4695
407,16.2400,69,Team A,936,634,1004,765,970.0,762.4,58.4720,62.2972
407,16.2400,337,Team B,771,233,800,306,785.5,304.5,58.8404,22.4672
407,16.2400,340,Team A,1209,412,1258,517,1233.5,514.9,66.1121,47.1489
407,16.2400,363,Team B,1614,432,1660,553,1637.0,550.6,73.8582,51.7454
407,16.2400,8,Team A,598,297,627,382,612.5,380.3,54.0830,31.5645
407,16.2400,361,Team B,1325,273,1356,359,1340.5,357.3,72.2197,31.5031
407,16.2400,348,Team B,914,365,951,463,932.5,461.0,60.4724,41.0998
407,16.2400,428,Team B,367,355,400,454,383.5,452.0,49.1850,38.2167
407,16.2400,362,Team B,426,389,469,496,447.5,493.9,50.5144,42.3649
407,16.2400,384,Referee,93,452,142,566,117.5,563.7,44.8177,46.5957
407,16.2400,504,Team B,673,577,717,708,695.0,705.4,54.4647,58.1230
407,16.2400,495,Team B,710,583,761,703,735.5,700.6,55.1660,58.0005
408,16.2800,6,Team B,1468,666,1533,790,1500.5,787.5,66.7136,65.8107
408,16.2800,89,Team B,198,459,245,573,221.5,570.7,46.5831,47.5233
408,16.2800,69,Team A,946,633,1013,764,979.5,761.4,58.6021,62.2974
408,16.2800,337,Team B,771,234,800,307,785.5,305.5,58.8286,22.5699
408,16.2800,340,Team A,1209,413,1258,518,1233.5,515.9,66.0859,47.2595
408,16.2800,363,Team B,1617,434,1664,553,1640.5,550.6,73.8992,51.8625
408,16.2800,8,Team A,598,296,628,381,613.0,379.3,54.0942,31.5091
408,16.2800,361,Team B,1327,273,1357,358,1342.0,356.3,72.2822,31.4216
408,16.2800,348,Team B,914,366,952,466,933.0,464.0,60.4641,41.3279
408,16.2800,428,Team B,367,355,399,454,383.0,452.0,49.1737,38.2346
408,16.2800,362,Team B,423,389,467,497,445.0,494.8,50.4651,42.3637
408,16.2800,384,Referee,88,452,137,567,112.5,564.7,44.7390,46.6623
408,16.2800,504,Team B,670,576,715,709,692.5,706.3,54.4399,58.1449
408,16.2800,495,Team B,707,585,757,705,732.0,702.6,55.1082,58.0644
408,16.2800,482,Team B,215,206,245,272,230.0,270.7,44.9081,15.8712
409,16.3200,6,Team B,1469,664,1536,792,1502.5,789.4,66.7340,65.8762
409,16.3200,89,Team B,197,459,245,574,221.0,571.7,46.5792,47.5868
409,16.3200,69,Team A,956,633,1021,765,988.5,762.4,58.7348,62.3499
409,16.3200,337,Team B,770,233,799,305,784.5,303.6,58.8220,22.4403
409,16.3200,340,Team A,1209,415,1257,518,1233.0,515.9,66.0687,47.3044
409,16.3200,363,Team B,1620,437,1666,552,1643.0,549.7,73.9621,51.8732
409,16.3200,8,Team A,599,296,629,380,614.0,378.3,54.1147,31.4215
409,16.3200,361,Team B,1327,273,1357,357,1342.0,355.3,72.3252,31.3146
409,16.3200,348,Team B,916,366,953,465,934.5,463.0,60.4868,41.3674
409,16.3200,428,Team B,365,356,397,453,381.0,451.1,49.1440,38.1826
409,16.3200,362,Team B,421,388,463,493,442.0,490.9,50.4095,42.1511
409,16.3200,384,Referee,84,450,134,568,109.0,565.6,44.6754,46.7230
409,16.3200,504,Team B,667,575,711,708,689.0,705.3,54.3983,58.1111
409,16.3200,495,Team B,705,585,756,708,730.5,705.5,55.0640,58.1866
409,16.3200,482,Team B,212,203,244,272,228.0,270.6,44.8694,15.9342
410,16.3600,6,Team B,1470,659,1538,793,1504.0,790.3,66.7493,65.9318
410,16.3600,89,Team B,196,457,244,573,220.0,570.7,46.5646,47.5650
410,16.3600,69,Team A,961,628,1026,764,993.5,761.3,58.8396,62.3503
410,16.3600,337,Team B,769,233,798,305,783.5,303.6,58.8038,22.3866
410,16.3600,340,Team A,1207,413,1255,516,1231.0,513.9,66.0576,47.2166
410,16.3600,363,Team B,1622,438,1669,551,1645.5,548.7,74.0346,51.8395
410,16.3600,8,Team A,600,295,630,380,615.0,378.3,54.1365,31.3872
410,16.3600,361,Team B,1327,272,1357,358,1342.0,356.3,72.3248,31.3447
410,16.3600,348,Team B,917,366,953,463,935.0,461.1,60.5158,41.2733
410,16.3600,428,Team B,363,355,396,452,379.5,450.1,49.1129,38.1012
410,16.3600,362,Team B,419,387,461,492,440.0,489.9,50.3637,42.0091
410,16.3600,384,Referee,78,449,127,567,102.5,564.6,44.5799,46.6883
410,16.3600,504,Team B,663,576,708,710,685.5,707.3,54.3444,58.1564
410,16.3600,495,Team B,703,586,755,711,729.0,708.5,55.0252,58.3322
410,16.3600,482,Team B,210,204,242,272,226.0,270.6,44.8247,15.9583
411,16.4000,6,Team B,1471,657,1539,792,1505.0,789.3,66.7738,65.9272
411,16.4000,89,Team B,194,453,244,573,219.0,570.6,46.5483,47.5506
411,16.4000,69,Team A,963,627,1028,765,995.5,762.2,58.8963,62.3848
411,16.4000,337,Team B,767,233,795,302,781.0,300.6,58.7778,22.1079
411,16.4000,340,Team A,1202,412,1250,516,1226.0,513.9,65.9903,47.1676
411,16.4000,363,Team B,1624,439,1671,552,1647.5,549.7,74.0734,51.8783
411,16.4000,8,Team A,599,292,629,379,614.0,377.3,54.1342,31.2995
411,16.4000,361,Team B,1327,271,1357,356,1342.0,354.3,72.3610,31.2062
411,16.4000,348,Team B,916,365,954,465,935.0,463.0,60.5140,41.3456
411,16.4000,428,Team B,360,354,393,454,376.5,452.0,49.0671,38.1731
411,16.4000,362,Team B,415,388,457,495,436.0,492.9,50.3006,42.0980
411,16.4000,384,Referee,72,450,120,568,96.0,565.6,44.4794,46.7044
411,16.4000,504,Team B,658,577,702,711,680.0,708.3,54.2685,58.1951
411,16.4000,495,Team B,700,587,752,714,726.0,711.5,54.9744,58.4830
412,16.4400,6,Team B,1472,654,1541,792,1506.5,789.2,66.7987,65.9276
412,16.4400,89,Team B,192,453,243,572,217.5,569.6,46.5237,47.4982
412,16.4400,69,Team A,965,627,1029,765,997.0,762.2,58.9331,62.4024
412,16.4400,337,Team B,764,232,792,301,778.0,299.6,58.7274,21.9046
412,16.4400,340,Team B,1196,413,1244,516,1220.0,513.9,65.8876,47.1336
412,16.4400,363,Team B,1624,440,1673,552,1648.5,549.8,74.1015,51.8975
412,16.4400,8,Team A,598,291,628,379,613.0,377.2,54.1198,31.2609
412,16.4400,361,Team B,1324,270,1355,356,1339.5,354.3,72.3359,31.1435
412,16.4400,348,Team B,914,364,952,467,933.0,464.9,60.4743,41.4792
412,16.4400,428,Team B,357,353,390,455,373.5,453.0,49.0143,38.2501
412,16.4400,362,Team B,411,389,453,494,432.0,491.9,50.2289,42.0745
412,16.4400,384,Referee,66,452,112,566,89.0,563.7,44.3603,46.6098
412,16.4400,504,Team B,652,576,695,707,673.5,704.4,54.1830,58.0609
412,16.4400,495,Team B,695,586,748,716,721.5,713.4,54.9069,58.5975
413,16.4800,6,Team B,1473,655,1542,791,1507.5,788.3,66.8266,65.9026
413,16.4800,89,Team B,193,454,241,570,217.0,567.7,46.5035,47.3904
413,16.4800,69,Team B,966,625,1029,763,997.5,760.2,58.9611,62.3493
413,16.4800,337,Team B,760,231,788,299,774.0,297.6,58.6582,21.6443
413,16.4800,340,Team B,1187,415,1237,519,1212.0,516.9,65.7156,47.2494
413,16.4800,363,Team B,1622,440,1673,551,1647.5,548.8,74.1154,51.8565
413,16.4800,8,Team A,595,290,626,378,610.5,376.2,54.0824,31.1710
413,16.4800,361,Team B,1321,267,1353,357,1337.0,355.2,72.2692,31.1828
413,16.4800,348,Team B,911,365,948,466,929.5,464.0,60.4202,41.4701
413,16.4800,428,Team B,352,353,386,454,369.0,452.0,48.9381,38.2151
413,16.4800,362,Team B,405,388,448,494,426.5,491.9,50.1369,42.0516
413,16.4800,384,Referee,58,453,104,566,81.0,563.7,44.2312,46.5551
413,16.4800,504,Team B,647,576,690,704,668.5,701.4,54.1059,57.8947
413,16.4800,495,Team B,690,588,743,717,716.5,714.4,54.8300,58.6654
414,16.5200,6,Team B,1471,655,1541,791,1506.0,788.3,66.8231,65.8886
414,16.5200,89,Team B,195,453,241,567,218.0,564.7,46.4977,47.2181
414,16.5200,69,Team B,966,625,1029,763,997.5,760.2,58.9723,62.3281
414,16.5200,340,Team B,1183,418,1231,518,1207.0,516.0,65.5934,47.2367
414,16.5200,363,Team B,1619,439,1671,551,1645.0,548.8,74.0892,51.8324
414,16.5200,8,Team A,593,291,624,378,608.5,376.3,54.0402,31.1322
414,16.5200,361,Team B,1317,266,1350,357,1333.5,355.2,72.1871,31.1889
414,16.5200,348,Team B,908,367,945,467,926.5,465.0,60.3533,41.5168
414,16.5200,428,Team B,348,352,383,456,365.5,453.9,48.8688,38.3040
414,16.5200,362,Team B,401,388,442,491,421.5,488.9,50.0407,41.8771
414,16.5200,384,Referee,52,453,99,567,75.5,564.7,44.1278,46.5647
414,16.5200,504,Team B,639,574,684,707,661.5,704.3,54.0032,57.9104
414,16.5200,495,Team B,686,590,738,719,712.0,716.4,54.7522,58.7484
415,16.5600,6,Team B,1469,651,1542,792,1505.5,789.2,66.8092,65.9078
415,16.5600,89,Team B,195,453,241,568,218.0,565.7,46.4980,47.1927
415,16.5600,69,Team B,965,624,1028,761,996.5,758.3,58.9758,62.2561
415,16.5600,340,Team B,1178,419,1226,517,1202.0,515.0,65.4915,47.1706
415,16.5600,363,Team B,1616,439,1669,552,1642.5,549.7,74.0310,51.8617
415,16.5600,8,Team A,588,290,619,378,603.5,376.2,53.9554,31.1049
415,16.5600,361,Team B,1313,266,1345,354,1329.0,352.2,72.1358,30.9567
415,16.5600,348,Team B,906,367,942,467,924.0,465.0,60.2945,41.5294
415,16.5600,428,Team B,343,354,377,454,360.0,452.0,48.7727,38.2182
415,16.5600,362,Team B,395,387,436,490,415.5,487.9,49.9324,41.7412
415,16.5600,384,Referee,44,454,93,568,68.5,565.7,44.0195,46.5974
415,16.5600,504,Team B,630,576,676,709,653.0,706.3,53.8777,57.9643
415,16.5600,495,Team B,681,594,733,722,707.0,719.4,54.6675,58.8699
415,16.5600,337,Team B,750,231,777,299,763.5,297.6,58.4664,21.5212
416,16.6000,6,Team B,1467,646,1543,792,1505.0,789.1,66.7996,65.9112
416,16.6000,89,Team B,195,455,239,567,217.0,564.8,46.4853,47.1385
416,16.6000,69,Team B,968,625,1030,760,999.0,757.3,59.0050,62.2039
416,16.6000,340,Team B,1173,418,1221,518,1197.0,516.0,65.3785,47.1796
416,16.6000,363,Team B,1614,437,1667,549,1640.5,546.8,74.0293,51.7282
416,16.6000,8,Team A,583,290,614,377,598.5,375.3,53.8558,31.0155
416,16.6000,361,Team B,1308,267,1339,353,1323.5,351.3,72.0448,30.7776
416,16.6000,348,Team B,903,369,939,466,921.0,464.1,60.2389,41.4744
416,16.6000,428,Team B,337,354,371,453,354.0,451.0,48.6612,38.1149
416,16.6000,362,Team B,388,387,429,489,408.5,487.0,49.8076,41.6194
416,16.6000,384,Referee,37,455,87,569,62.0,566.7,43.9147,46.6403
416,16.6000,504,Team B,623,578,668,708,645.5,705.4,53.7574,57.9357
416,16.6000,495,Team B,674,593,727,725,700.5,722.4,54.5663,58.9993
416,16.6000,337,Team B,745,232,772,299,758.5,297.7,58.3115,21.4647
417,16.6400,6,Team B,1466,640,1546,792,1506.0,789.0,66.8065,65.9118
417,16.6400,89,Team B,194,455,237,567,215.5,564.8,46.4647,47.1134
417,16.6400,69,Team A,972,624,1032,760,1002.0,757.3,59.0452,62.1899
417,16.6400,340,Team B,1166,417,1215,518,1190.5,516.0,65.2522,47.1656
417,16.6400,363,Team B,1610,434,1665,550,1637.5,547.7,73.9754,51.7098
417,16.6400,8,Team A,578,290,611,377,594.5,375.3,53.7615,30.9715
417,16.6400,361,Team B,1302,267,1334,353,1318.0,351.3,71.9205,30.6935
417,16.6400,348,Team B,899,371,934,466,916.5,464.1,60.1589,41.4438
417,16.6400,428,Team B,331,354,365,454,348.0,452.0,48.5468,38.1165
417,16.6400,362,Team B,381,386,423,489,402.0,486.9,49.6827,41.5550
417,16.6400,384,Referee,32,456,81,569,56.5,566.7,43.8171,46.6462
417,16.6400,504,Team B,616,576,662,709,639.0,706.3,53.6460,57.9406
417,16.6400,495,Team B,669,593,722,725,695.5,722.4,54.4787,59.0390
417,16.6400,337,Team B,738,230,766,299,752.0,297.6,58.1484,21.4269
418,16.6800,6,Team B,1462,639,1540,791,1501.0,788.0,66.7690,65.8699
418,16.6800,89,Team B,192,456,234,567,213.0,564.8,46.4306,47.0987
418,16.6800,69,Team A,975,622,1035,759,1005.0,756.3,59.0941,62.1603
418,16.6800,340,Team B,1160,416,1210,518,1185.0,516.0,65.1331,47.1450
418,16.6800,363,Team B,1607,432,1663,553,1635.0,550.6,73.8762,51.8312
418,16.6800,8,Team A,572,289,605,377,588.5,375.2,53.6424,30.9400
418,16.6800,361,Team B,1297,267,1329,353,1313.0,351.3,71.7910,30.6485
418,16.6800,348,Team B,895,371,931,466,913.0,464.1,60.0822,41.4232
418,16.6800,428,Team B,326,354,360,453,343.0,451.0,48.4399,38.0502
418,16.6800,362,Team B,374,384,416,489,395.0,486.9,49.5521,41.5114
418,16.6800,384,Referee,26,456,76,570,51.0,567.7,43.7268,46.6797
418,16.6800,504,Team B,609,576,655,710,632.0,707.3,53.5334,57.9590
418,16.6800,495,Team B,664,594,717,725,690.5,722.4,54.3963,59.0434
418,16.6800,337,Team B,732,229,761,300,746.5,298.6,57.9916,21.4852
419,16.7200,6,Team B,1457,635,1537,792,1497.0,788.9,66.7074,65.8687
419,16.7200,89,Team B,190,459,231,566,210.5,563.9,46.3886,47.0461
419,16.7200,69,Team A,975,619,1037,761,1006.0,758.2,59.1149,62.2096
419,16.7200,340,Team B,1157,412,1208,519,1182.5,516.9,65.0455,47.1755
419,16.7200,363,Team B,1604,431,1660,551,1632.0,548.6,73.8291,51.7790
419,16.7200,8,Team A,567,290,600,377,583.5,375.3,53.5269,30.9185
419,16.7200,361,Team B,1293,267,1325,353,1309.0,351.3,71.6754,30.6214
419,16.7200,348,Team B,892,372,928,468,910.0,466.1,60.0004,41.5192
419,16.7200,428,Team B,320,357,354,455,337.0,453.0,48.3295,38.1259
419,16.7200,362,Team B,368,385,410,489,389.0,486.9,49.4309,41.4816
419,16.7200,384,Referee,18,456,69,571,43.5,568.7,43.6194,46.7197
419,16.7200,504,Team B,603,577,649,711,626.0,708.3,53.4301,57.9858
419,16.7200,495,Team B,658,594,711,726,684.5,723.4,54.3050,59.0630
419,16.7200,337,Team B,726,228,755,300,740.5,298.6,57.8358,21.4959
420,16.7600,6,Team B,1454,631,1535,791,1494.5,787.8,66.6673,65.8310
420,16.7600,89,Team B,189,458,232,567,210.5,564.8,46.3744,47.0678
420,16.7600,69,Team A,974,615,1036,761,1005.0,758.1,59.1141,62.2244
420,16.7600,340,Team B,1155,413,1206,517,1180.5,514.9,65.0042,47.0852
420,16.7600,363,Team B,1601,431,1659,557,1630.0,554.5,73.6932,52.0262
420,16.7600,8,Team A,564,290,597,376,580.5,374.3,53.4418,30.8355
420,16.7600,361,Team B,1290,267,1320,352,1305.0,350.3,71.5827,30.5262
420,16.7600,348,Team B,887,369,924,471,905.5,469.0,59.8921,41.7078
420,16.7600,428,Team B,314,356,348,455,331.0,453.0,48.2142,38.1421
420,16.7600,362,Team B,361,386,403,490,382.0,487.9,49.3031,41.5067
420,16.7600,384,Referee,13,459,63,571,38.0,568.8,43.5213,46.7262
420,16.7600,504,Team B,598,578,644,710,621.0,707.4,53.3425,57.9520
420,16.7600,495,Team B,654,597,705,725,679.5,722.4,54.2230,59.0284
420,16.7600,337,Team B,721,228,750,300,735.5,298.6,57.6958,21.4912
421,16.8000,6,Team B,1454,645,1530,792,1492.0,789.1,66.6163,65.8458
421,16.8000,89,Team B,187,456,233,568,210.0,565.8,46.3662,47.1172
421,16.8000,69,Team A,974,614,1034,756,1004.0,753.2,59.1258,62.0754
421,16.8000,340,Team B,1151,414,1201,517,1176.0,514.9,64.9313,47.0386
421,16.8000,363,Team B,1600,433,1655,553,1627.5,550.6,73.6670,51.9381
421,16.8000,8,Team A,561,289,594,374,577.5,372.3,53.3708,30.6578
421,16.8000,361,Team B,1285,267,1316,351,1300.5,349.3,71.4910,30.4024
421,16.8000,348,Team B,885,369,923,471,904.0,469.0,59.8298,41.7796
421,16.8000,428,Team B,308,354,344,455,326.0,453.0,48.1088,38.1354
421,16.8000,362,Team B,354,385,396,491,375.0,488.9,49.1728,41.5515
421,16.8000,384,Referee,6,460,54,571,30.0,568.8,43.4016,46.7120
421,16.8000,504,Team B,595,577,641,710,618.0,707.3,53.2791,57.9305
421,16.8000,495,Team B,649,598,701,727,675.0,724.4,54.1444,59.0689
421,16.8000,337,Team B,716,229,745,300,730.5,298.6,57.5622,21.4821
422,16.8400,6,Team B,1453,648,1529,794,1491.0,791.1,66.5694,65.9075
422,16.8400,89,Team B,185,457,234,570,209.5,567.7,46.3633,47.2237
422,16.8400,69,Team A,975,612,1035,754,1005.0,751.2,59.1488,61.9559
422,16.8400,340,Team B,1147,417,1197,518,1172.0,516.0,64.8422,47.0620
422,16.8400,363,Team B,1596,435,1652,556,1624.0,553.6,73.5659,52.0318
422,16.8400,8,Team A,558,289,591,375,574.5,373.3,53.2998,30.6491
422,16.8400,361,Team B,1281,267,1312,352,1296.5,350.3,71.3734,30.4194
422,16.8400,348,Team B,885,370,923,470,904.0,468.0,59.8109,41.7548
422,16.8400,428,Team B,303,355,338,456,320.5,454.0,48.0036,38.1776
422,16.8400,362,Team B,347,387,388,490,367.5,487.9,49.0336,41.5032
422,16.8400,384,Referee,0,458,48,572,24.0,569.7,43.2978,46.7345
422,16.8400,504,Team B,590,573,637,709,613.5,706.3,53.2123,57.8752
422,16.8400,495,Team B,644,601,695,730,669.5,727.4,54.0563,59.1702
422,16.8400,337,Team B,710,229,738,300,724.0,298.6,57.4081,21.4668
423,16.8800,6,Team B,1449,646,1528,794,1488.5,791.0,66.5267,65.9244
423,16.8800,89,Team B,182,456,234,573,208.0,570.7,46.3548,47.3918
423,16.8800,69,Team A,976,611,1035,751,1005.5,748.2,59.1759,61.8167
423,16.8800,340,Team B,1142,418,1193,519,1167.5,517.0,64.7411,47.1101
423,16.8800,363,Team B,1593,437,1649,556,1621.0,553.6,73.4866,52.0629
423,16.8800,8,Team A,555,290,588,375,571.5,373.3,53.2307,30.6408
423,16.8800,361,Team B,1277,268,1308,352,1292.5,350.3,71.2623,30.4187
423,16.8800,348,Team B,881,371,918,470,899.5,468.0,59.7461,41.7352
423,16.8800,428,Team B,296,357,331,457,313.5,455.0,47.8811,38.2371
423,16.8800,362,Team B,341,390,382,491,361.5,489.0,48.9107,41.5252
423,16.8800,384,Referee,0,458,43,572,21.5,569.7,43.2311,46.7379
423,16.8800,504,Team B,586,571,632,706,609.0,703.3,53.1464,57.7406
423,16.8800,495,Team B,639,601,690,734,664.5,731.3,53.9680,59.3264
423,16.8800,337,Team B,704,230,731,296,717.5,294.7,57.2672,21.1099
424,16.9200,6,Team B,1447,646,1526,793,1486.5,790.1,66.4983,65.8977
424,16.9200,89,Team B,177,461,229,572,203.0,569.8,46.2976,47.4089
424,16.9200,69,Team A,976,613,1033,749,1004.5,746.3,59.1857,61.6981
424,16.9200,340,Team B,1138,420,1189,521,1163.5,519.0,64.6321,47.2191
424,16.9200,363,Team B,1590,438,1646,558,1618.0,555.6,73.3865,52.1585
424,16.9200,8,Team A,553,290,585,376,569.0,374.3,53.1674,30.7007
424,16.9200,361,Team B,1273,268,1304,352,1288.5,350.3,71.1542,30.4095
424,16.9200,348,Team B,880,371,919,474,899.5,471.9,59.6958,41.9452
424,16.9200,428,Team B,291,361,325,456,308.0,454.1,47.7653,38.1980
424,16.9200,362,Team B,333,389,375,493,354.0,490.9,48.7788,41.6187
424,16.9200,384,Referee,0,460,37,574,18.5,571.7,43.1837,46.8205
424,16.9200,504,Team B,581,572,627,706,604.0,703.3,53.0724,57.6755
424,16.9200,495,Team B,635,604,685,735,660.0,732.4,53.8890,59.4118
424,16.9200,337,Team B,698,231,726,300,712.0,298.6,57.1043,21.2998
425,16.9600,6,Team B,1444,634,1527,793,1485.5,789.8,66.4792,65.8774
425,16.9600,89,Team B,174,463,226,572,200.0,569.8,46.2440,47.4108
425,16.9600,69,Team A,977,613,1033,749,1005.0,746.3,59.1944,61.6519
425,16.9600,340,Team B,1136,422,1187,520,1161.5,518.0,64.5725,47.2107
425,16.9600,363,Team B,1586,439,1641,556,1613.5,553.7,73.3188,52.0949
425,16.9600,8,Team A,549,290,582,378,565.5,376.2,53.0915,30.8535
425,16.9600,361,Team B,1268,266,1301,356,1284.5,354.2,70.9811,30.6935
425,16.9600,348,Team B,874,372,913,476,893.5,473.9,59.5879,42.1241
425,16.9600,428,Team B,286,359,321,456,303.5,454.1,47.6658,38.1703
425,16.9600,362,Team B,328,390,371,494,349.5,491.9,48.6763,41.6983
425,16.9600,384,Referee,0,457,33,578,16.5,575.6,43.1627,47.0175
425,16.9600,504,Team B,576,572,622,706,599.0,703.3,52.9953,57.6375
425,16.9600,495,Team B,632,607,681,737,656.5,734.4,53.8218,59.5029
425,16.9600,337,Team B,693,233,720,300,706.5,298.7,56.9540,21.3694
426,17.0000,6,Team B,1442,631,1528,794,1485.0,790.7,66.4591,65.8946
426,17.0000,89,Team B,172,464,225,572,198.5,569.8,46.2072,47.4090
426,17.0000,69,Team A,978,615,1033,750,1005.5,747.3,59.1981,61.6668
426,17.0000,340,Team B,1136,424,1186,518,1161.0,516.1,64.5603,47.1099
426,17.0000,363,Team B,1582,441,1634,554,1608.0,551.7,73.2509,51.9652
426,17.0000,8,Team A,546,292,578,378,562.0,376.3,53.0138,30.9101
426,17.0000,361,Team B,1266,267,1298,356,1282.0,354.2,70.8720,30.8030
426,17.0000,348,Team B,872,374,912,476,892.0,474.0,59.5257,42.1942
426,17.0000,428,Team B,282,360,316,457,299.0,455.1,47.5753,38.2062
426,17.0000,362,Team B,323,392,368,497,345.5,494.9,48.5946,41.8760
426,17.0000,504,Team B,573,574,618,708,595.5,705.3,52.9291,57.6821
426,17.0000,495,Team B,628,610,676,740,652.0,737.4,53.7486,59.6251
426,17.0000,337,Team B,687,231,715,301,701.0,299.6,56.8044,21.4685
427,17.0400,6,Team B,1446,640,1526,797,1486.0,793.9,66.4350,65.9938
427,17.0400,89,Team B,171,465,225,573,198.0,570.8,46.1902,47.4512
427,17.0400,69,Team A,978,614,1034,752,1006.0,749.2,59.1958,61.7349
427,17.0400,340,Team B,1135,425,1187,520,1161.0,518.1,64.5370,47.1687
427,17.0400,363,Team B,1577,441,1629,555,1603.0,552.7,73.1453,51.9452
427,17.0400,8,Team A,544,293,575,377,559.5,375.3,52.9505,30.8611
427,17.0400,361,Team B,1263,265,1296,356,1279.5,354.2,70.7895,30.8381
427,17.0400,348,Team B,869,374,909,477,889.0,474.9,59.4572,42.2689
427,17.0400,428,Team B,276,361,311,459,293.5,457.0,47.4793,38.3204
427,17.0400,362,Team B,320,394,364,496,342.0,494.0,48.5207,41.8905
427,17.0400,504,Team B,570,575,615,709,592.5,706.3,52.8732,57.7268
427,17.0400,495,Team B,625,611,674,744,649.5,741.3,53.6905,59.7942
427,17.0400,337,Team B,682,231,710,301,696.0,299.6,56.6676,21.4991
427,17.0400,517,Team B,118,205,147,275,132.5,273.6,42.5629,16.1893
428,17.0800,6,Team B,1451,646,1529,800,1490.0,796.9,66.4390,66.1315
428,17.0800,89,Team B,172,466,226,574,199.0,571.8,46.1965,47.5143
428,17.0800,69,Team A,978,612,1034,752,1006.0,749.2,59.1950,61.7609
428,17.0800,340,Team B,1136,425,1189,522,1162.5,520.1,64.5280,47.2938
428,17.0800,363,Team B,1573,439,1624,553,1598.5,550.7,73.0759,51.8319
428,17.0800,8,Team A,540,296,571,379,555.5,377.3,52.8682,30.9730
428,17.0800,361,Team B,1260,269,1293,357,1276.5,355.2,70.6914,30.9258
428,17.0800,348,Team B,870,377,911,478,890.5,476.0,59.4424,42.3595
428,17.0800,428,Team B,272,362,307,459,289.5,457.1,47.3940,38.3585
428,17.0800,362,Team B,310,392,355,496,332.5,493.9,48.3835,41.8730
428,17.0800,504,Team B,568,575,613,710,590.5,707.3,52.8308,57.7731
428,17.0800,495,Team B,622,612,671,747,646.5,744.3,53.6353,59.9488
428,17.0800,337,Team B,679,235,704,299,691.5,297.7,56.5528,21.3411
428,17.0800,517,Team B,115,210,142,275,128.5,273.7,42.5062,16.1923
429,17.1200,6,Team B,1458,649,1532,802,1495.0,798.9,66.4723,66.2572
429,17.1200,89,Team B,175,466,229,576,202.0,573.8,46.2354,47.6322
429,17.1200,69,Team A,979,610,1034,751,1006.5,748.2,59.2040,61.7406
429,17.1200,340,Team B,1138,425,1193,524,1165.5,522.0,64.5434,47.4487
429,17.1200,363,Team B,1571,439,1622,551,1596.5,548.8,73.0522,51.6896
429,17.1200,8,Team A,538,297,568,380,553.0,378.3,52.8002,31.0815
429,17.1200,361,Team B,1259,270,1290,356,1274.5,354.3,70.6367,30.8835
429,17.1200,348,Team B,870,379,910,473,890.0,471.1,59.4594,42.1268
429,17.1200,428,Team B,267,363,302,462,284.5,460.0,47.3089,38.5290
429,17.1200,362,Team B,304,394,348,497,326.0,494.9,48.2570,41.9044
429,17.1200,504,Team B,565,575,610,710,587.5,707.3,52.7855,57.7845
429,17.1200,495,Team B,620,614,668,747,644.0,744.3,53.5902,60.0059
429,17.1200,337,Team B,674,237,700,301,687.0,299.7,56.4282,21.4424
429,17.1200,517,Team B,111,216,137,280,124.0,278.7,42.4557,16.6319
430,17.1600,6,Team B,1463,652,1533,804,1498.0,801.0,66.4979,66.3727
430,17.1600,89,Team B,180,466,232,576,206.0,573.8,46.2919,47.6884
430,17.1600,69,Team A,980,609,1035,750,1007.5,747.2,59.2216,61.7035
430,17.1600,340,Team B,1144,427,1198,521,1171.0,519.1,64.6449,47.3806
430,17.1600,363,Team B,1569,440,1621,555,1595.0,552.7,72.9645,51.8122
430,17.1600,8,Team A,535,298,566,381,550.5,379.3,52.7381,31.1885
430,17.1600,361,Team B,1257,272,1288,358,1272.5,356.3,70.5500,31.0136
430,17.1600,348,Team B,869,381,910,474,889.5,472.1,59.4538,42.0889
430,17.1600,428,Team B,264,363,300,465,282.0,463.0,47.2531,38.7555
430,17.1600,362,Team B,301,395,343,496,322.0,494.0,48.1593,41.8583
430,17.1600,504,Team B,563,576,607,710,585.0,707.3,52.7438,57.7837
430,17.1600,495,Team B,619,619,666,749,642.5,746.4,53.5555,60.0905
430,17.1600,337,Team B,669,238,696,304,682.5,302.7,56.2957,21.7282
430,17.1600,517,Team B,107,219,131,277,119.0,275.8,42.3430,16.5459
431,17.2000,6,Team B,1466,653,1533,803,1499.5,800.0,66.5305,66.3956
431,17.2000,89,Team B,183,467,234,578,208.5,575.8,46.3455,47.8029
431,17.2000,69,Team A,981,609,1034,745,1007.5,742.3,59.2507,61.5339
431,17.2000,340,Team B,1146,427,1201,523,1173.5,521.1,64.6980,47.4572
431,17.2000,363,Team B,1567,442,1620,561,1593.5,558.6,72.8226,52.1299
431,17.2000,8,Team A,534,298,564,381,549.0,379.3,52.6931,31.2282
431,17.2000,361,Team B,1255,274,1285,358,1270.0,356.3,70.4754,31.0630
431,17.2000,348,Team B,867,382,908,474,887.5,472.2,59.4262,42.0701
431,17.2000,428,Team B,260,365,296,466,278.0,464.0,47.1870,38.8940
431,17.2000,362,Team B,295,395,338,497,316.5,495.0,48.0601,41.8783
431,17.2000,504,Team B,561,576,606,712,583.5,709.3,52.7110,57.8462
431,17.2000,495,Team B,618,620,665,752,641.5,749.4,53.5285,60.2153
431,17.2000,337,Team B,666,239,692,305,679.0,303.7,56.1848,21.9213
431,17.2000,517,Team B,104,219,128,278,116.0,276.8,42.2624,16.5938
432,17.2400,6,Team B,1471,658,1535,803,1503.0,800.1,66.5765,66.4167
432,17.2400,89,Team B,186,467,235,579,210.5,576.8,46.3901,47.8959
432,17.2400,69,Team A,981,609,1032,740,1006.5,737.4,59.2748,61.3074
432,17.2400,340,Team B,1146,428,1201,522,1173.5,520.1,64.7283,47.4402
432,17.2400,363,Team B,1566,446,1617,562,1591.5,559.7,72.7251,52.3000
432,17.2400,8,Team A,533,299,563,383,548.0,381.3,52.6591,31.3776
432,17.2400,361,Team B,1253,275,1283,359,1268.0,357.3,70.3976,31.1537
432,17.2400,348,Team B,862,382,908,481,885.0,479.0,59.3431,42.4326
432,17.2400,428,Team B,258,367,294,467,276.0,465.0,47.1399,39.0015
432,17.2400,362,Team B,291,397,333,499,312.0,497.0,47.9736,41.9795
432,17.2400,504,Team B,562,578,606,711,584.0,708.3,52.7035,57.8406
432,17.2400,495,Team B,617,622,664,754,640.5,751.4,53.5058,60.3256
432,17.2400,337,Team B,663,239,689,306,676.0,304.7,56.0904,22.0763
432,17.2400,517,Team B,100,218,125,279,112.5,277.8,42.1875,16.6926
433,17.2800,6,Team B,1472,652,1539,805,1505.5,801.9,66.6038,66.4839
433,17.2800,89,Team B,188,468,237,580,212.5,577.8,46.4310,47.9811
433,17.2800,69,Team A,980,609,1031,739,1005.5,736.4,59.2792,61.1828
433,17.2800,340,Team B,1147,429,1204,526,1175.5,524.1,64.7281,47.6335
433,17.2800,363,Team B,1563,451,1615,566,1589.0,563.7,72.5962,52.5440
433,17.2800,8,Team A,532,299,562,382,547.0,380.3,52.6334,31.3683
433,17.2800,361,Team B,1252,276,1282,360,1267.0,358.3,70.3345,31.2629
433,17.2800,348,Team B,858,383,907,486,882.5,483.9,59.2502,42.8376
433,17.2800,428,Team B,256,369,290,467,273.0,465.0,47.0865,39.0402
433,17.2800,362,Team B,287,399,328,501,307.5,499.0,47.8925,42.1127
433,17.2800,504,Team B,561,577,604,709,582.5,706.4,52.6882,57.7676
433,17.2800,495,Team B,616,624,663,755,639.5,752.4,53.4862,60.3993
433,17.2800,337,Team B,658,239,685,308,671.5,306.6,55.9758,22.2956
433,17.2800,517,Team B,98,219,123,281,110.5,279.8,42.1440,16.9032
434,17.3200,6,Team B,1476,660,1541,806,1508.5,803.1,66.6341,66.5508
434,17.3200,89,Team B,192,467,241,582,216.5,579.7,46.4934,48.1082
434,17.3200,69,Team A,981,609,1032,738,1006.5,735.4,59.2951,61.1041
434,17.3200,340,Team B,1149,429,1206,526,1177.5,524.1,64.7527,47.7160
434,17.3200,363,Team B,1559,453,1610,564,1584.5,561.8,72.5160,52.5422
434,17.3200,8,Team A,531,299,562,383,546.5,381.3,52.6151,31.4305
434,17.3200,361,Team B,1251,276,1281,360,1266.0,358.3,70.2935,31.3043
434,17.3200,348,Team B,857,384,906,486,881.5,484.0,59.2004,42.9983
434,17.3200,428,Team B,253,372,287,470,270.0,468.0,47.0384,39.2144
434,17.3200,362,Team B,283,401,323,501,303.0,499.0,47.8097,42.1580
434,17.3200,504,Team B,561,577,605,708,583.0,705.4,52.6878,57.7062
434,17.3200,495,Team B,617,627,664,760,640.5,757.3,53.4809,60.5857
434,17.3200,337,Team B,654,241,681,308,667.5,306.7,55.8693,22.3794
434,17.3200,517,Team B,95,219,122,284,108.5,282.7,42.1203,17.2411
435,17.3600,6,Team B,1478,667,1543,812,1510.5,809.1,66.6158,66.7517
435,17.3600,89,Team B,195,469,246,584,220.5,581.7,46.5643,48.2545
435,17.3600,69,Team A,982,610,1033,738,1007.5,735.4,59.3111,61.0757
435,17.3600,340,Team B,1153,429,1211,525,1182.0,523.1,64.8275,47.7121
435,17.3600,363,Team B,1550,455,1605,569,1577.5,566.7,72.3256,52.7457
435,17.3600,8,Team A,531,299,561,384,546.0,382.3,52.5999,31.5212
435,17.3600,361,Team B,1250,276,1281,362,1265.5,360.3,70.2374,31.4666
435,17.3600,348,Team B,857,385,906,488,881.5,485.9,59.1692,43.1687
435,17.3600,428,Team B,251,373,286,473,268.5,471.0,47.0097,39.4426
435,17.3600,362,Team B,281,403,321,502,301.0,500.0,47.7563,42.2239
435,17.3600,504,Team B,561,578,605,708,583.0,705.4,52.6876,57.6824
435,17.3600,495,Team B,617,630,664,762,640.5,759.4,53.4761,60.7229
435,17.3600,337,Team B,650,242,677,308,663.5,306.7,55.7661,22.4074
435,17.3600,517,Team B,95,218,123,284,109.0,282.7,42.1177,17.3752
436,17.4000,6,Team B,1478,667,1545,813,1511.5,810.1,66.6100,66.8620
436,17.4000,89,Team B,197,472,249,585,223.0,582.7,46.6208,48.3633
436,17.4000,69,Team A,981,610,1033,740,1007.0,737.4,59.3037,61.1260
436,17.4000,340,Team B,1155,427,1214,525,1184.5,523.0,64.8888,47.7150
436,17.4000,363,Team B,1546,455,1602,567,1574.0,564.8,72.2337,52.7292
436,17.4000,8,Team A,531,300,561,386,546.0,384.3,52.5913,31.6920
436,17.4000,361,Team B,1249,276,1280,362,1264.5,360.3,70.1994,31.5292
436,17.4000,348,Team B,857,390,906,489,881.5,487.0,59.1505,43.2946
436,17.4000,428,Team B,253,377,290,483,271.5,480.9,47.0585,40.0731
436,17.4000,362,Team B,280,404,320,502,300.0,500.0,47.7238,42.2491
436,17.4000,504,Team B,562,577,605,708,583.5,705.4,52.6923,57.6733
436,17.4000,495,Team B,617,633,666,767,641.5,764.3,53.4767,60.9329
436,17.4000,337,Team B,648,243,676,310,662.0,308.7,55.6940,22.5819
436,17.4000,517,Team B,93,221,121,288,107.0,286.7,42.1182,17.7699
437,17.4400,6,Team B,1479,668,1546,814,1512.5,811.1,66.6090,66.9366
437,17.4400,89,Team B,198,474,251,586,224.5,583.8,46.6613,48.4541
437,17.4400,69,Team A,981,609,1034,741,1007.5,738.4,59.3012,61.1781
437,17.4400,340,Team B,1160,429,1218,527,1189.0,525.0,64.9499,47.8262
437,17.4400,363,Team B,1545,456,1601,566,1573.0,563.8,72.1981,52.6766
437,17.4400,8,Team A,530,301,561,388,545.5,386.3,52.5787,31.8932
437,17.4400,361,Team B,1248,276,1279,363,1263.5,361.3,70.1527,31.6250
437,17.4400,348,Team B,856,392,905,490,880.5,488.0,59.1249,43.3969
437,17.4400,428,Team B,251,379,287,482,269.0,479.9,47.0471,40.2696
437,17.4400,362,Team B,277,404,318,504,297.5,502.0,47.6870,42.3536
437,17.4400,504,Team B,561,578,604,709,582.5,706.4,52.6837,57.7013
437,17.4400,495,Team B,618,634,667,769,642.5,766.3,53.4833,61.0798
437,17.4400,337,Team B,646,244,673,309,659.5,307.7,55.6314,22.5668
437,17.4400,517,Team B,92,225,120,292,106.0,290.7,42.1339,18.2682
438,17.4800,6,Team B,1479,666,1547,814,1513.0,811.0,66.6138,66.9666
438,17.4800,89,Team B,198,477,251,588,224.5,585.8,46.6826,48.5768
438,17.4800,69,Team A,980,609,1034,742,1007.0,739.3,59.2910,61.2289
438,17.4800,340,Team B,1168,430,1225,527,1196.5,525.1,65.0670,47.8909
438,17.4800,363,Team B,1543,457,1600,566,1571.5,563.8,72.1649,52.6523
438,17.4800,8,Team A,529,302,560,390,544.5,388.2,52.5580,32.1047
438,17.4800,361,Team B,1247,277,1278,365,1262.5,363.2,70.0866,31.8082
438,17.4800,348,Team B,855,393,904,490,879.5,488.1,59.1022,43.4365
438,17.4800,428,Team B,249,379,284,480,266.5,478.0,47.0089,40.2378
438,17.4800,362,Team B,271,402,313,505,292.0,502.9,47.6130,42.4309
438,17.4800,504,Team B,559,579,603,711,581.0,708.4,52.6643,57.7761
438,17.4800,495,Team B,616,634,667,773,641.5,770.2,53.4718,61.2556
438,17.4800,337,Team B,644,244,670,308,657.0,306.7,55.5725,22.4739
438,17.4800,517,Team B,90,225,117,290,103.5,288.7,42.0907,18.2965
439,17.5200,6,Team B,1480,666,1549,815,1514.5,812.0,66.6219,67.0098
439,17.5200,89,Team B,199,478,251,586,225.0,583.8,46.6913,48.5440
439,17.5200,69,Team A,978,603,1033,739,1005.5,736.3,59.2862,61.1476
439,17.5200,340,Team B,1174,430,1230,528,1202.0,526.0,65.1723,47.9790
439,17.5200,363,Team B,1543,458,1601,567,1572.0,564.8,72.1436,52.6891
439,17.5200,8,Team A,527,304,558,391,542.5,389.3,52.5219,32.2535
439,17.5200,361,Team B,1246,278,1277,366,1261.5,364.2,70.0286,31.9531
439,17.5200,348,Team B,856,394,904,489,880.0,487.1,59.1048,43.4023
439,17.5200,428,Team B,250,380,289,488,269.5,485.8,47.0482,40.6497
439,17.5200,362,Team B,267,402,309,506,288.0,503.9,47.5410,42.5027
439,17.5200,504,Team B,558,580,602,712,580.0,709.4,52.6461,57.8375
439,17.5200,495,Team B,614,636,666,775,640.0,772.2,53.4511,61.3829
439,17.5200,337,Team B,640,246,667,311,653.5,309.7,55.4846,22.6798
439,17.5200,517,Team B,90,229,116,292,103.0,290.7,42.0816,18.4809
440,17.5600,6,Team B,1484,671,1549,815,1516.5,812.1,66.6435,67.0351
440,17.5600,89,Team B,200,480,252,587,226.0,584.9,46.7075,48.5769
440,17.5600,69,Team A,975,600,1031,737,1003.0,734.3,59.2693,61.0439
440,17.5600,340,Team B,1178,431,1234,530,1206.0,528.0,65.2447,48.1215
440,17.5600,363,Team B,1543,459,1602,568,1572.5,565.8,72.1272,52.7503
440,17.5600,8,Team A,525,304,557,392,541.0,390.2,52.4866,32.3753
440,17.5600,361,Team B,1245,280,1276,367,1260.5,365.3,69.9736,32.0840
440,17.5600,348,Team B,857,393,905,490,881.0,488.1,59.1127,43.4423
440,17.5600,428,Team B,247,378,292,501,269.5,498.5,47.0961,41.4748
440,17.5600,504,Team B,556,582,600,712,578.0,709.4,52.6200,57.8586
440,17.5600,495,Team B,613,637,665,777,639.0,774.2,53.4314,61.4912
440,17.5600,337,Team B,637,245,663,310,650.0,308.7,55.4006,22.6724
441,17.6000,6,Team B,1487,675,1550,816,1518.5,813.2,66.6625,67.0798
441,17.6000,89,Team B,203,484,254,587,228.5,584.9,46.7396,48.5991
441,17.6000,69,Team A,974,600,1029,734,1001.5,731.3,59.2613,60.9038
441,17.6000,340,Team B,1180,432,1234,529,1207.0,527.1,65.2953,48.1341
441,17.6000,363,Team B,1543,462,1601,569,1572.0,566.9,72.0996,52.8202
441,17.6000,8,Team A,522,305,554,392,538.0,390.3,52.4328,32.4191
441,17.6000,361,Team B,1244,281,1275,368,1259.5,366.3,69.9203,32.2076
441,17.6000,348,Team B,857,394,903,490,880.0,488.1,59.1034,43.4569
441,17.6000,428,Team B,246,379,293,507,269.5,504.4,47.1300,42.1053
441,17.6000,504,Team B,554,583,597,712,575.5,709.4,52.5859,57.8618
441,17.6000,495,Team B,612,640,664,780,638.0,777.2,53.4107,61.6223
441,17.6000,337,Team B,631,246,659,313,645.0,311.7,55.2810,22.9066
442,17.6400,6,Team B,1489,676,1552,820,1520.5,817.1,66.6569,67.2117
442,17.6400,89,Team B,207,485,256,587,231.5,585.0,46.7829,48.6157
442,17.6400,69,Team A,972,600,1026,733,999.0,730.3,59.2383,60.8097
442,17.6400,340,Team B,1182,430,1237,528,1209.5,526.0,65.3566,48.0956
442,17.6400,363,Team B,1548,462,1605,569,1576.5,566.9,72.1446,52.8605
442,17.6400,8,Team A,520,306,552,392,536.0,390.3,52.3848,32.4338
442,17.6400,361,Team B,1243,285,1273,368,1258.0,366.3,69.8746,32.2595
442,17.6400,348,Team B,856,394,902,489,879.0,487.1,59.0929,43.4081
442,17.6400,428,Team B,242,378,290,505,266.0,502.5,47.0997,42.2494
442,17.6400,504,Team B,550,583,594,712,572.0,709.4,52.5393,57.8547
442,17.6400,495,Team B,611,642,663,781,637.0,778.2,53.3922,61.7029
442,17.6400,337,Team B,628,249,655,314,641.5,312.7,55.1771,23.0799
442,17.6400,517,Team B,80,232,106,293,93.0,291.8,41.9464,18.6273
443,17.6800,6,Team B,1491,678,1553,823,1522.0,820.1,66.6445,67.3502
443,17.6800,89,Team B,211,482,260,589,235.5,586.9,46.8455,48.7126
443,17.6800,69,Team A,972,602,1024,731,998.0,728.4,59.2281,60.7072
443,17.6800,340,Team B,1186,431,1239,527,1212.5,525.1,65.4278,48.0407
443,17.6800,363,Team B,1546,463,1602,570,1574.0,567.9,72.1174,52.9146
443,17.6800,8,Team A,519,308,551,392,535.0,390.3,52.3524,32.4402
443,17.6800,361,Team B,1242,286,1271,368,1256.5,366.4,69.8328,32.2782
443,17.6800,348,Team B,856,395,900,490,878.0,488.1,59.0706,43.4395
443,17.6800,428,Team B,238,377,285,500,261.5,497.5,47.0249,42.0456
443,17.6800,504,Team B,547,583,592,714,569.5,711.4,52.4955,57.9120
443,17.6800,495,Team B,611,644,662,783,636.5,780.2,53.3778,61.7938
443,17.6800,337,Team B,624,251,651,315,637.5,313.7,55.0723,23.2259
443,17.6800,517,Team B,78,234,102,290,90.0,288.9,41.8284,18.4347
444,17.7200,6,Team B,1492,680,1553,824,1522.5,821.1,66.6360,67.4348
444,17.7200,89,Team B,215,482,263,591,239.0,588.8,46.9108,48.8427
444,17.7200,69,Team A,971,603,1021,729,996.0,726.5,59.2133,60.5979
444,17.7200,340,Team B,1191,432,1242,526,1216.5,524.1,65.5155,47.9817
444,17.7200,363,Team B,1545,465,1601,571,1573.0,568.9,72.0797,52.9792
444,17.7200,8,Team A,517,308,549,392,533.0,390.3,52.3131,32.4386
444,17.7200,361,Team B,1241,288,1270,368,1255.5,366.4,69.8000,32.2864
444,17.7200,348,Team B,856,395,899,489,877.5,487.1,59.0611,43.3986
444,17.7200,428,Team B,234,374,283,500,258.5,497.5,46.9613,41.9543
444,17.7200,504,Team B,544,583,589,714,566.5,711.4,52.4498,57.9277
444,17.7200,495,Team B,610,646,660,786,635.0,783.2,53.3551,61.9152
444,17.7200,337,Team B,621,255,647,317,634.0,315.8,54.9714,23.4454
444,17.7200,517,Team B,75,236,100,292,87.5,290.9,41.7617,18.5239
445,17.7600,6,Team B,1493,680,1555,827,1524.0,824.1,66.6228,67.5527
445,17.7600,89,Team B,218,485,264,593,241.0,590.8,46.9619,48.9849
445,17.7600,69,Team A,968,601,1018,728,993.0,725.5,59.1828,60.5133
445,17.7600,340,Team B,1196,432,1247,526,1221.5,524.1,65.6128,47.9710
445,17.7600,363,Team B,1544,466,1604,577,1574.0,574.8,71.9944,53.2700
445,17.7600,8,Team A,515,308,548,392,531.5,390.3,52.2775,32.4348
445,17.7600,361,Team B,1240,289,1268,369,1254.0,367.4,69.7481,32.3595
445,17.7600,348,Team B,852,393,896,490,874.0,488.1,59.0088,43.4239
445,17.7600,428,Team B,230,372,275,491,252.5,488.6,46.8447,41.4450
445,17.7600,504,Team B,542,582,586,710,564.0,707.4,52.4111,57.7949
445,17.7600,495,Team B,610,649,659,788,634.5,785.2,53.3390,62.0224
445,17.7600,337,Team B,617,255,645,318,631.0,316.7,54.8832,23.6077
445,17.7600,517,Team B,71,232,99,298,85.0,296.7,41.7449,19.0438
446,17.8000,6,Team B,1497,681,1560,831,1528.5,828.0,66.6281,67.7184
446,17.8000,89,Team B,220,484,267,593,243.5,590.8,47.0075,49.0466
446,17.8000,69,Team A,966,598,1016,726,991.0,723.4,59.1601,60.4083
446,17.8000,340,Team B,1203,432,1253,527,1228.0,525.1,65.7226,48.0317
446,17.8000,363,Team B,1545,467,1603,576,1574.0,573.8,71.9736,53.3439
446,17.8000,8,Team A,512,309,546,394,529.0,392.3,52.2285,32.5597
446,17.8000,361,Team B,1238,290,1267,370,1252.5,368.4,69.6886,32.4584
446,17.8000,348,Team B,853,393,896,489,874.5,487.1,58.9995,43.3830
446,17.8000,428,Team B,229,377,271,486,250.0,483.8,46.7565,40.9830
446,17.8000,504,Team B,540,581,584,709,562.0,706.4,52.3776,57.7030
446,17.8000,495,Team B,609,652,657,789,633.0,786.3,53.3181,62.0925
446,17.8000,337,Team B,613,259,641,319,627.0,317.8,54.7854,23.7515
446,17.8000,517,Team B,69,232,97,298,83.0,296.7,41.7105,19.2486
447,17.8400,6,Team B,1498,683,1562,835,1530.0,832.0,66.6124,67.8951
447,17.8400,89,Team B,223,483,272,597,247.5,594.7,47.0752,49.2447
447,17.8400,69,Team A,963,595,1014,725,988.5,722.4,59.1313,60.3258
447,17.8400,340,Team B,1206,432,1256,527,1231.0,525.1,65.8039,48.0637
447,17.8400,363,Team B,1547,467,1604,573,1575.5,570.9,72.0250,53.2471
447,17.8400,8,Team A,511,309,544,394,527.5,392.3,52.1891,32.6066
447,17.8400,361,Team B,1236,289,1264,370,1250.0,368.4,69.6266,32.4907
447,17.8400,348,Team B,852,394,896,492,874.0,490.0,58.9732,43.5228
447,17.8400,428,Team B,226,380,266,482,246.0,480.0,46.6648,40.5843
447,17.8400,504,Team B,538,582,582,708,560.0,705.5,52.3460,57.6288
447,17.8400,495,Team B,610,655,656,790,633.0,787.3,53.3084,62.1512
447,17.8400,337,Team B,606,261,633,319,619.5,317.8,54.6353,23.7984
447,17.8400,517,Team B,67,232,95,298,81.0,296.7,41.6692,19.3273
448,17.8800,6,Team B,1499,686,1562,835,1530.5,832.0,66.6103,67.9687
448,17.8800,89,Team B,224,482,274,597,249.0,594.7,47.1173,49.3266
448,17.8800,69,Team A,961,592,1012,725,986.5,722.3,59.1005,60.2858
448,17.8800,340,Team B,1208,432,1259,529,1233.5,527.1,65.8475,48.1792
448,17.8800,363,Team B,1548,467,1604,571,1576.0,568.9,72.0794,53.1222
448,17.8800,8,Team A,509,310,543,395,526.0,393.3,52.1528,32.6884
448,17.8800,361,Team B,1234,289,1263,371,1248.5,369.4,69.5636,32.5716
448,17.8800,348,Team B,849,395,895,497,872.0,495.0,58.9110,43.8331
448,17.8800,428,Team B,220,384,258,481,239.0,479.1,46.5460,40.3614
448,17.8800,504,Team B,535,582,579,710,557.0,707.4,52.3036,57.6586
448,17.8800,495,Team B,609,658,655,791,632.0,788.3,53.2945,62.2029
448,17.8800,337,Team B,602,263,630,321,616.0,319.8,54.5177,23.9727
448,17.8800,517,Team B,65,235,92,299,78.5,297.7,41.6262,19.4415
449,17.9200,6,Team B,1499,689,1561,836,1530.0,833.1,66.5964,68.0247
449,17.9200,89,Team B,224,487,272,598,248.0,595.8,47.1265,49.4023
449,17.9200,69,Team A,961,591,1008,717,984.5,714.5,59.1040,60.0043
449,17.9200,340,Team B,1210,431,1261,528,1235.5,526.1,65.9000,48.1815
449,17.9200,363,Team B,1547,468,1604,573,1575.5,570.9,72.0670,53.1593
449,17.9200,8,Team A,508,311,541,395,524.5,393.3,52.1185,32.7193
449,17.9200,361,Team B,1233,290,1262,373,1247.5,371.3,69.4926,32.7453
449,17.9200,348,Team B,848,394,894,499,871.0,496.9,58.8633,44.0562
449,17.9200,428,Team B,217,387,252,478,234.5,476.2,46.4386,40.1079
449,17.9200,504,Team B,531,582,576,711,553.5,708.4,52.2530,57.6954
449,17.9200,495,Team B,609,658,654,791,631.5,788.3,53.2845,62.2224
449,17.9200,337,Team B,599,264,628,322,613.5,320.8,54.4310,24.1185
449,17.9200,517,Team B,62,235,91,303,76.5,301.6,41.6118,19.8084
450,17.9600,6,Team B,1497,692,1558,836,1527.5,833.1,66.5668,68.0422
450,17.9600,89,Team B,224,492,270,599,247.0,596.9,47.1225,49.4754
450,17.9600,69,Team A,960,592,1006,715,983.0,712.5,59.0994,59.8230
450,17.9600,340,Team B,1213,431,1264,527,1238.5,525.1,65.9684,48.1420
450,17.9600,363,Team B,1545,467,1602,572,1573.5,569.9,72.0514,53.1240
450,17.9600,8,Team A,506,312,539,396,522.5,394.3,52.0777,32.7936
450,17.9600,361,Team B,1231,292,1260,374,1245.5,372.4,69.4180,32.8839
450,17.9600,348,Team B,847,396,894,502,870.5,499.9,58.8221,44.2991
450,17.9600,428,Team B,215,387,249,476,232.0,474.2,46.3612,39.8954
450,17.9600,504,Team B,529,583,574,712,551.5,709.4,52.2133,57.7392
450,17.9600,495,Team B,609,660,655,793,632.0,790.3,53.2825,62.2901
450,17.9600,337,Team B,594,267,622,323,608.0,321.9,54.3127,24.2502
450,17.9600,517,Team B,59,239,86,305,72.5,303.7,41.5670,20.1161
451,18.0000,6,Team B,1496,693,1558,837,1527.0,834.1,66.5423,68.0746
451,18.0000,89,Team B,223,493,270,601,246.5,598.8,47.1204,49.5861
451,18.0000,69,Team A,959,593,1005,716,982.0,713.5,59.0831,59.7814
451,18.0000,340,Team B,1216,431,1268,527,1242.0,525.1,66.0394,48.1352
451,18.0000,363,Team B,1544,466,1601,571,1572.5,568.9,72.0468,53.0625
451,18.0000,8,Team A,504,313,537,397,520.5,395.3,52.0344,32.8850
451,18.0000,361,Team B,1230,293,1260,375,1245.0,373.4,69.3653,33.0102
451,18.0000,348,Team B,846,397,893,503,869.5,500.9,58.7880,44.4456
451,18.0000,428,Team B,211,385,247,482,229.0,480.1,46.3142,40.1174
451,18.0000,504,Team B,528,584,572,713,550.0,710.4,52.1827,57.7869
451,18.0000,495,Team B,609,660,655,798,632.0,795.2,53.2759,62.4603
451,18.0000,337,Team B,588,267,616,324,602.0,322.9,54.1750,24.3703
451,18.0000,517,Team B,57,240,83,304,70.0,302.7,41.5076,20.1565
452,18.0400,6,Team B,1498,696,1559,839,1528.5,836.1,66.5304,68.1454
452,18.0400,89,Team B,223,492,270,602,246.5,599.8,47.1217,49.6703
452,18.0400,69,Team A,957,595,1003,715,980.0,712.6,59.0612,59.7283
452,18.0400,340,Team B,1223,431,1273,526,1248.0,524.1,66.1529,48.0997
452,18.0400,363,Team B,1544,466,1599,569,1571.5,566.9,72.0601,52.9473
452,18.0400,8,Team A,503,316,534,399,518.5,397.3,51.9894,33.0500
452,18.0400,361,Team B,1228,293,1258,375,1243.0,373.4,69.3137,33.0561
452,18.0400,348,Team B,847,398,893,502,870.0,499.9,58.7857,44.4558
452,18.0400,428,Team B,208,386,247,488,227.5,486.0,46.2968,40.5157
452,18.0400,504,Team B,525,584,570,714,547.5,711.4,52.1463,57.8331
452,18.0400,495,Team B,608,662,655,800,631.5,797.2,53.2665,62.5853
452,18.0400,337,Team B,580,266,608,322,594.0,320.9,54.0080,24.2443
452,18.0400,517,Team B,53,238,80,304,66.5,302.7,41.4357,20.1637
453,18.0800,6,Team B,1497,699,1559,842,1528.0,839.1,66.4971,68.2521
453,18.0800,89,Team B,222,491,270,604,246.0,601.7,47.1216,49.7833
453,18.0800,69,Team A,955,595,1000,716,977.5,713.6,59.0234,59.7336
453,18.0800,340,Team B,1230,432,1279,526,1254.5,524.1,66.2793,48.1033
453,18.0800,363,Team B,1544,464,1599,568,1571.5,565.9,72.0799,52.8554
453,18.0800,8,Team A,501,318,532,399,516.5,397.4,51.9452,33.1143
453,18.0800,361,Team B,1227,296,1256,375,1241.5,373.4,69.2693,33.0753
453,18.0800,348,Team B,849,398,893,502,871.0,499.9,58.7969,44.4622
453,18.0800,428,Team B,206,387,244,488,225.0,486.0,46.2618,40.6706
453,18.0800,504,Team B,523,584,568,714,545.5,711.4,52.1130,57.8468
453,18.0800,495,Team B,608,665,654,803,631.0,800.2,53.2549,62.7208
453,18.0800,337,Team B,575,264,605,323,590.0,321.8,53.8804,24.2621
453,18.0800,517,Team B,50,239,77,304,63.5,302.7,41.3662,20.1634
454,18.1200,6,Team B,1498,698,1561,845,1529.5,842.1,66.4745,68.3758
454,18.1200,89,Team B,222,492,268,604,245.0,601.8,47.1116,49.8270
454,18.1200,69,Team A,952,591,999,716,975.5,713.5,58.9889,59.7281
454,18.1200,340,Team B,1238,432,1286,526,1262.0,524.1,66.4237,48.1241
454,18.1200,363,Team B,1545,465,1598,568,1571.5,565.9,72.0875,52.8195
454,18.1200,8,Team A,500,321,530,401,515.0,399.4,51.9066,33.2689
454,18.1200,361,Team B,1226,297,1255,376,1240.5,374.4,69.2213,33.1525
454,18.1200,348,Team B,852,398,893,499,872.5,497.0,58.8355,44.3157
454,18.1200,428,Team B,203,387,242,488,222.5,486.0,46.2197,40.7270
454,18.1200,504,Team B,521,585,565,715,543.0,712.4,52.0757,57.8799
454,18.1200,495,Team B,608,666,655,807,631.5,804.2,53.2500,62.8895
454,18.1200,337,Team B,569,267,599,326,584.0,324.8,53.7351,24.4977
454,18.1200,517,Team B,47,240,76,308,61.5,306.6,41.3421,20.4813
455,18.1600,6,Team B,1498,700,1562,847,1530.0,844.1,66.4544,68.4792
455,18.1600,89,Team B,220,491,266,606,243.0,603.7,47.0919,49.9201
455,18.1600,69,Team A,950,588,998,716,974.0,713.4,58.9606,59.7201
455,18.1600,340,Team B,1245,433,1292,528,1268.5,526.1,66.5415,48.2467
455,18.1600,363,Team B,1546,465,1598,567,1572.0,565.0,72.1107,52.7623
455,18.1600,8,Team A,499,322,528,402,513.5,400.4,51.8710,33.3926
455,18.1600,361,Team B,1224,297,1254,379,1239.0,377.4,69.1352,33.3900
455,18.1600,348,Team B,853,399,893,499,873.0,497.0,58.8570,44.2593
455,18.1600,428,Team B,199,390,237,488,218.0,486.0,46.1524,40.7430
455,18.1600,504,Team B,519,585,563,717,541.0,714.4,52.0409,57.9542
455,18.1600,495,Team B,607,670,655,810,631.0,807.2,53.2402,63.0421
455,18.1600,337,Team B,565,269,595,327,580.0,325.8,53.6166,24.6654
455,18.1600,517,Team B,45,242,74,309,59.5,307.7,41.3134,20.6879
455,18.1600,519,Team B,204,403,260,608,232.0,603.9,46.8966,49.9539
456,18.2000,6,Team B,1497,701,1562,849,1529.5,846.0,66.4260,68.5712
456,18.2000,89,Team B,219,491,265,607,242.0,604.7,47.0763,49.9954
456,18.2000,69,Team A,949,586,998,714,973.5,711.4,58.9533,59.6486
456,18.2000,340,Team B,1248,432,1296,528,1272.0,526.1,66.6326,48.3039
456,18.2000,363,Team B,1548,468,1598,567,1573.0,565.0,72.1316,52.7449
456,18.2000,8,Team A,498,322,527,403,512.5,401.4,51.8431,33.5035
456,18.2000,361,Team B,1223,299,1253,380,1238.0,378.4,69.0705,33.5551
456,18.2000,348,Team B,853,401,892,501,872.5,499.0,58.8486,44.3396
456,18.2000,428,Team B,197,391,234,488,215.5,486.1,46.0975,40.7449
456,18.2000,504,Team B,517,586,561,716,539.0,713.4,52.0088,57.9470
456,18.2000,495,Team B,606,672,654,812,630.0,809.2,53.2253,63.1576
456,18.2000,337,Team B,556,268,587,329,571.5,327.8,53.4423,24.8699
456,18.2000,517,Team B,43,241,74,311,58.5,309.6,41.3036,20.9253
456,18.2000,519,Team B,202,404,258,610,230.0,605.9,46.8813,50.0308
457,18.2400,6,Team B,1496,703,1562,851,1529.0,848.0,66.3944,68.6590
457,18.2400,89,Team B,216,489,264,609,240.0,606.6,47.0545,50.0998
457,18.2400,69,Team A,949,584,998,709,973.5,706.5,58.9724,59.4533
457,18.2400,340,Team B,1252,430,1300,528,1276.0,526.0,66.7195,48.3351
457,18.2400,363,Team B,1547,470,1597,569,1572.0,567.0,72.0991,52.8253
457,18.2400,8,Team A,496,323,526,404,511.0,402.4,51.8118,33.6095
457,18.2400,361,Team B,1222,301,1252,380,1237.0,378.4,69.0289,33.6217
457,18.2400,348,Team B,854,403,892,501,873.0,499.0,58.8511,44.3750
457,18.2400,428,Team B,193,392,231,487,212.0,485.1,46.0332,40.6875
457,18.2400,504,Team B,516,587,559,714,537.5,711.5,51.9830,57.8753
457,18.2400,495,Team B,607,672,655,813,631.0,810.2,53.2269,63.2341
457,18.2400,337,Team B,552,271,582,330,567.0,328.8,53.3057,25.0251
457,18.2400,517,Team B,42,242,71,311,56.5,309.6,41.2728,21.0186
458,18.2800,6,Team B,1498,704,1564,853,1531.0,850.0,66.3847,68.7509
458,18.2800,89,Team B,218,495,263,610,240.5,607.7,47.0533,50.1877
458,18.2800,69,Team A,948,585,995,704,971.5,701.6,58.9822,59.2041
458,18.2800,340,Team B,1256,429,1304,527,1280.0,525.0,66.8153,48.3088
458,18.2800,363,Team B,1548,469,1597,567,1572.5,565.0,72.1204,52.7696
458,18.2800,8,Team A,495,323,525,404,510.0,402.4,51.7864,33.6497
458,18.2800,361,Team B,1221,301,1251,382,1236.0,380.4,68.9682,33.7846
458,18.2800,348,Team B,855,405,893,500,874.0,498.1,58.8694,44.3427
458,18.2800,428,Team B,189,391,229,492,209.0,490.0,45.9898,40.9139
458,18.2800,504,Team B,515,588,558,713,536.5,710.5,51.9639,57.8119
458,18.2800,495,Team B,607,673,655,814,631.0,811.2,53.2264,63.2930
458,18.2800,337,Team B,547,273,575,328,561.0,326.9,53.1681,24.9246
459,18.3200,6,Team B,1499,706,1565,854,1532.0,851.0,66.3821,68.8167
459,18.3200,89,Team B,216,498,260,612,238.0,609.7,47.0325,50.2996
459,18.3200,69,Team A,946,585,991,701,968.5,698.7,58.9694,58.9960
459,18.3200,340,Team B,1261,430,1308,527,1284.5,525.1,66.9098,48.3109
459,18.3200,363,Team B,1548,468,1597,566,1572.5,564.0,72.1432,52.7022
459,18.3200,8,Team A,492,323,522,403,507.0,401.4,51.7380,33.5960
459,18.3200,361,Team B,1220,301,1250,382,1235.0,380.4,68.9288,33.8475
459,18.3200,348,Team B,856,406,893,501,874.5,499.1,58.8774,44.3830
459,18.3200,428,Team B,186,390,228,499,207.0,496.8,45.9726,41.3542
459,18.3200,504,Team B,513,586,557,713,535.0,710.5,51.9422,57.7816
459,18.3200,495,Team B,607,674,656,816,631.5,813.2,53.2283,63.3737
459,18.3200,337,Team B,541,273,569,329,555.0,327.9,53.0250,24.9504
460,18.3600,6,Team B,1502,709,1567,858,1534.5,855.0,66.3731,68.9525
460,18.3600,89,Team B,215,501,258,614,236.5,611.7,47.0140,50.4231
460,18.3600,69,Team A,943,586,989,703,966.0,700.7,58.9305,58.9745
460,18.3600,340,Team B,1268,431,1313,527,1290.5,525.1,67.0226,48.3284
460,18.3600,363,Team B,1549,466,1597,565,1573.0,563.0,72.1730,52.6304
460,18.3600,8,Team A,489,323,519,403,504.0,401.4,51.6797,33.5682
460,18.3600,361,Team B,1220,301,1250,382,1235.0,380.4,68.9131,33.8726
460,18.3600,348,Team B,856,407,892,502,874.0,500.1,58.8691,44.4497
460,18.3600,428,Team B,184,390,227,507,205.5,504.7,45.9745,41.9265
460,18.3600,504,Team B,510,586,554,713,532.0,710.5,51.9054,57.7623
460,18.3600,495,Team B,609,676,657,817,633.0,814.2,53.2409,63.4383
460,18.3600,337,Team B,534,273,563,330,548.5,328.9,52.8728,25.0255
461,18.4000,6,Team B,1503,710,1569,863,1536.0,859.9,66.3450,69.1370
461,18.4000,89,Team B,213,502,254,613,233.5,610.8,46.9746,50.4266
461,18.4000,69,Team A,940,584,986,702,963.0,699.6,58.8897,58.9234
461,18.4000,340,Team B,1275,431,1320,527,1297.5,525.1,67.1557,48.3535
461,18.4000,363,Team B,1550,465,1596,563,1573.0,561.0,72.2133,52.5118
461,18.4000,8,Team A,485,323,516,403,500.5,401.4,51.6112,33.5496
461,18.4000,361,Team B,1219,300,1249,382,1234.0,380.4,68.8920,33.8789
461,18.4000,348,Team B,855,408,891,503,873.0,501.1,58.8482,44.5257
461,18.4000,428,Team B,181,389,226,513,203.5,510.5,45.9722,42.4451
461,18.4000,504,Team B,507,585,551,712,529.0,709.5,51.8631,57.7137
461,18.4000,495,Team B,611,678,657,818,634.0,815.2,53.2534,63.4952
461,18.4000,337,Team B,529,276,556,330,542.5,328.9,52.7257,25.0490
462,18.4400,6,Team B,1503,711,1568,864,1535.5,860.9,66.3215,69.2351
462,18.4400,89,Team B,210,500,253,615,231.5,612.7,46.9435,50.5014
462,18.4400,69,Team A,938,583,984,702,961.0,699.6,58.8535,58.8973
462,18.4400,340,Team B,1282,430,1327,531,1304.5,529.0,67.2531,48.5731
462,18.4400,363,Team B,1549,463,1596,562,1572.5,560.0,72.2377,52.4164
462,18.4400,8,Team A,483,323,514,404,498.5,402.4,51.5574,33.6014
462,18.4400,361,Team B,1219,300,1248,381,1233.5,379.4,68.8905,33.8110
462,18.4400,348,Team B,856,408,891,502,873.5,500.1,58.8512,44.5066
462,18.4400,428,Team B,179,389,220,501,199.5,498.8,45.8889,42.0497
462,18.4400,504,Team B,504,585,549,713,526.5,710.4,51.8223,57.7214
462,18.4400,495,Team B,613,680,660,821,636.5,818.2,53.2765,63.6076
462,18.4400,337,Team B,523,276,551,330,537.0,328.9,52.5881,25.0480
463,18.4800,6,Team B,1503,714,1567,865,1535.0,862.0,66.2995,69.2995
463,18.4800,89,Team B,207,498,250,615,228.5,612.7,46.9013,50.5228
463,18.4800,69,Team A,936,582,982,702,959.0,699.6,58.8192,58.8811
463,18.4800,340,Team B,1288,431,1332,532,1310.0,530.0,67.3496,48.7240
463,18.4800,363,Team B,1549,462,1595,560,1572.0,558.0,72.2697,52.2864
463,18.4800,8,Team A,481,322,513,404,497.0,402.4,51.5166,33.6176
463,18.4800,361,Team B,1217,299,1247,382,1232.0,380.3,68.8531,33.8482
463,18.4800,348,Team B,856,408,891,502,873.5,500.1,58.8524,44.4990
463,18.4800,428,Team B,175,393,217,508,196.0,505.7,45.8402,42.2362
463,18.4800,504,Team B,501,585,548,714,524.5,711.4,51.7868,57.7528
463,18.4800,495,Team B,614,681,660,823,637.0,820.2,53.2878,63.7090
463,18.4800,337,Team B,514,275,543,332,528.5,330.9,52.4093,25.1834
464,18.5200,6,Team B,1503,718,1566,871,1534.5,867.9,66.2404,69.4752
464,18.5200,89,Team B,201,498,244,614,222.5,611.7,46.8228,50.4779
464,18.5200,69,Team A,933,577,981,703,957.0,700.5,58.7817,58.8998
464,18.5200,340,Team B,1292,433,1336,533,1314.0,531.0,67.4268,48.8445
464,18.5200,363,Team B,1552,463,1596,555,1574.0,553.2,72.3785,52.0150
464,18.5200,8,Team A,479,322,510,404,494.5,402.4,51.4679,33.6188
464,18.5200,361,Team B,1217,299,1247,382,1232.0,380.3,68.8382,33.8631
464,18.5200,348,Team B,856,407,890,501,873.0,499.1,58.8522,44.4429
464,18.5200,428,Team B,169,395,214,518,191.5,515.5,45.8042,42.7915
464,18.5200,504,Team B,497,587,544,716,520.5,713.4,51.7344,57.8231
464,18.5200,495,Team B,613,685,660,828,636.5,825.1,53.2822,63.8868
464,18.5200,337,Team B,507,275,535,329,521.0,327.9,52.2337,24.9932
465,18.5600,6,Team B,1504,721,1565,876,1534.5,872.9,66.1792,69.6701
465,18.5600,89,Team B,194,496,239,615,216.5,612.6,46.7344,50.4843
465,18.5600,69,Team A,931,576,978,701,954.5,698.5,58.7505,58.8331
465,18.5600,340,Team B,1296,433,1341,534,1318.5,532.0,67.5029,48.9520
465,18.5600,363,Team B,1553,464,1596,551,1574.5,549.3,72.4856,51.7262
465,18.5600,8,Team A,475,322,507,405,491.0,403.3,51.4030,33.6751
465,18.5600,361,Team B,1216,299,1247,384,1231.5,382.3,68.7961,34.0058
465,18.5600,348,Team B,855,407,889,504,872.0,502.1,58.8241,44.5701
465,18.5600,428,Team B,163,397,210,524,186.5,521.5,45.7554,43.2927
465,18.5600,504,Team B,494,589,540,716,517.0,713.5,51.6807,57.8443
465,18.5600,495,Team B,613,689,660,831,636.5,828.2,53.2764,64.0412
465,18.5600,337,Team B,500,276,528,329,514.0,327.9,52.0635,24.9056
466,18.6000,6,Team B,1504,726,1564,880,1534.0,876.9,66.1198,69.8470
466,18.6000,89,Team B,192,492,238,616,215.0,613.5,46.6864,50.5199
466,18.6000,69,Team A,929,574,974,695,951.5,692.6,58.7340,58.5940
466,18.6000,340,Team B,1303,434,1349,534,1326.0,532.0,67.6269,49.0156
466,18.6000,363,Team B,1554,465,1599,553,1576.5,551.2,72.5247,51.7085
466,18.6000,8,Team A,472,321,505,406,488.5,404.3,51.3445,33.7542
466,18.6000,361,Team B,1217,299,1247,384,1232.0,382.3,68.7868,34.0640
466,18.6000,348,Team B,854,407,888,504,871.0,502.1,58.8007,44.6185
466,18.6000,428,Team B,158,397,205,525,181.5,522.4,45.6853,43.5298
466,18.6000,504,Team B,491,591,537,718,514.0,715.5,51.6306,57.9126
466,18.6000,495,Team B,613,692,661,833,637.0,830.2,53.2761,64.1597
467,18.6400,6,Team B,1504,730,1562,884,1533.0,880.9,66.0572,70.0143
467,18.6400,89,Team B,187,493,234,616,210.5,613.5,46.6229,50.5247
467,18.6400,69,Team A,927,574,972,692,949.5,689.6,58.7203,58.3908
467,18.6400,340,Team B,1309,434,1355,532,1332.0,530.0,67.7743,48.9615
467,18.6400,363,Team B,1550,465,1597,556,1573.5,554.2,72.4593,51.8296
467,18.6400,8,Team A,470,323,503,406,486.5,404.3,51.2954,33.7841
467,18.6400,361,Team B,1217,301,1247,384,1232.0,382.3,68.7825,34.0901
467,18.6400,348,Team B,853,406,888,504,870.5,502.0,58.7854,44.6357
467,18.6400,428,Team B,155,397,201,517,178.0,514.6,45.5928,43.2327
467,18.6400,504,Team B,487,592,533,719,510.0,716.5,51.5730,57.9639
467,18.6400,495,Team B,614,696,663,837,638.5,834.2,53.2842,64.3201
468,18.6800,6,Team B,1505,732,1562,888,1533.5,884.9,66.0072,70.1800
468,18.6800,89,Team B,182,495,230,616,206.0,613.6,46.5533,50.5179
468,18.6800,69,Team A,925,574,971,695,948.0,692.6,58.6869,58.4084
468,18.6800,340,Team B,1316,438,1360,532,1338.0,530.1,67.9077,48.9594
468,18.6800,363,Team B,1547,468,1594,558,1570.5,556.2,72.3660,51.9631
468,18.6800,8,Team A,468,320,502,407,485.0,405.3,51.2563,33.8520
468,18.6800,361,Team B,1218,301,1248,384,1233.0,382.3,68.7958,34.1029
468,18.6800,348,Team B,852,407,887,507,869.5,505.0,58.7514,44.7922
468,18.6800,428,Team B,151,394,200,517,175.5,514.5,45.5284,43.1053
468,18.6800,504,Team B,483,593,530,720,506.5,717.5,51.5172,58.0095
468,18.6800,495,Team B,616,702,665,842,640.5,839.2,53.2986,64.5252
469,18.7200,6,Team B,1506,737,1561,890,1533.5,886.9,65.9720,70.2967
469,18.7200,89,Team B,173,494,221,613,197.0,610.6,46.4289,50.3747
469,18.7200,69,Team A,924,575,971,698,947.5,695.5,58.6557,58.5168
469,18.7200,340,Team B,1323,438,1368,533,1345.5,531.1,68.0438,49.0260
469,18.7200,363,Team B,1545,469,1593,558,1569.0,556.2,72.3095,52.0133
469,18.7200,8,Team A,466,319,501,407,483.5,405.2,51.2214,33.8746
469,18.7200,361,Team B,1219,301,1250,385,1234.5,383.3,68.8093,34.1802
469,18.7200,348,Team B,852,407,887,508,869.5,506.0,58.7326,44.9049
469,18.7200,504,Team B,481,594,528,722,504.5,719.4,51.4757,58.0889
469,18.7200,495,Team B,616,705,666,846,641.0,843.2,53.3040,64.7157
469,18.7200,362,Team B,134,422,176,528,155.0,525.9,46.1277,43.3217
470,18.7600,6,Team B,1508,741,1561,893,1534.5,890.0,65.9446,70.4197
470,18.7600,89,Team B,172,496,222,616,197.0,613.6,46.3871,50.4382
470,18.7600,69,Team A,923,575,970,699,946.5,696.5,58.6290,58.5916
470,18.7600,340,Team B,1327,439,1371,534,1349.0,532.1,68.1304,49.1103
470,18.7600,363,Team B,1547,468,1596,561,1571.5,559.1,72.2763,52.1742
470,18.7600,8,Team A,463,309,501,407,482.0,405.0,51.1882,33.8677
470,18.7600,361,Team B,1220,303,1251,386,1235.5,384.3,68.8149,34.2848
470,18.7600,348,Team B,852,408,888,510,870.0,508.0,58.7207,45.0521
470,18.7600,504,Team B,478,595,526,724,502.0,721.4,51.4355,58.1803
470,18.7600,495,Team B,616,705,667,848,641.5,845.1,53.3081,64.8457
470,18.7600,521,Team A,170,397,201,484,185.5,482.3,45.4779,40.3027
470,18.7600,362,Team B,131,428,170,528,150.5,526.0,45.5149,43.6451
471,18.8000,6,Team B,1509,744,1560,895,1534.5,892.0,65.9188,70.5179
471,18.8000,89,Team B,170,499,221,618,195.5,615.6,46.3610,50.5417
471,18.8000,69,Team A,921,572,969,701,945.0,698.4,58.5952,58.6832
471,18.8000,340,Team B,1330,438,1375,538,1352.5,536.0,68.1630,49.3416
471,18.8000,363,Team B,1548,467,1597,560,1572.5,558.1,72.2900,52.1954
471,18.8000,8,Team A,460,303,500,408,480.0,405.9,51.1491,33.9158
471,18.8000,361,Team B,1221,304,1252,386,1236.5,384.4,68.8318,34.3303
471,18.8000,348,Team B,852,412,887,510,869.5,508.0,58.7095,45.1138
471,18.8000,504,Team B,475,595,523,725,499.0,722.4,51.3915,58.2422
471,18.8000,495,Team B,619,707,669,851,644.0,848.1,53.3274,64.9832
471,18.8000,521,Team A,169,398,201,486,185.0,484.2,45.4794,40.4064
471,18.8000,362,Team B,128,430,167,531,147.5,529.0,45.2488,43.9110
472,18.8400,6,Team B,1511,749,1561,900,1536.0,897.0,65.8853,70.6818
472,18.8400,89,Team B,169,504,220,620,194.5,617.7,46.3462,50.6636
472,18.8400,69,Team A,921,572,969,701,945.0,698.4,58.5817,58.7199
472,18.8400,340,Team B,1334,437,1379,539,1356.5,537.0,68.2147,49.4907
472,18.8400,363,Team B,1550,465,1600,561,1575.0,559.1,72.3133,52.2538
472,18.8400,8,Team A,457,299,498,408,477.5,405.8,51.1014,33.9246
472,18.8400,361,Team B,1221,305,1253,388,1237.0,386.3,68.8172,34.4876
472,18.8400,348,Team B,853,415,887,512,870.0,510.1,58.7004,45.2422
472,18.8400,504,Team B,473,596,521,725,497.0,722.4,51.3554,58.2629
472,18.8400,495,Team B,622,706,673,855,647.5,852.0,53.3600,65.1500
472,18.8400,521,Team A,170,400,202,488,186.0,486.2,45.4985,40.5554
472,18.8400,362,Team B,125,432,164,533,144.5,531.0,45.1179,44.1064
473,18.8800,6,Team B,1512,752,1562,902,1537.0,899.0,65.8661,70.7984
473,18.8800,89,Team B,166,511,219,624,192.5,621.7,46.3316,50.8700
473,18.8800,69,Team A,921,573,968,700,944.5,697.5,58.5754,58.7003
473,18.8800,340,Team B,1340,438,1385,537,1362.5,535.0,68.3335,49.4729
473,18.8800,363,Team B,1551,464,1603,564,1577.0,562.0,72.3057,52.4157
473,18.8800,8,Team A,457,308,495,413,476.0,410.9,51.0627,34.2481
473,18.8800,361,Team B,1222,308,1253,390,1237.5,388.4,68.7896,34.6915
473,18.8800,348,Team B,854,416,887,513,870.5,511.1,58.6975,45.3453
473,18.8800,504,Team B,471,597,518,725,494.5,722.4,51.3179,58.2659
473,18.8800,495,Team B,627,708,677,857,652.0,854.0,53.4085,65.2802
473,18.8800,521,Team A,172,404,203,491,187.5,489.3,45.5336,40.7765
473,18.8800,362,Team B,123,436,161,533,142.0,531.1,45.0393,44.1828
474,18.9200,6,Team B,1514,754,1563,906,1538.5,903.0,65.8430,70.9435
474,18.9200,89,Team B,162,516,215,626,188.5,623.8,46.2922,51.0252
474,18.9200,69,Team A,923,572,967,693,945.0,690.6,58.6076,58.4549
474,18.9200,340,Team B,1348,441,1391,535,1369.5,533.1,68.4917,49.3924
474,18.9200,363,Team B,1553,464,1605,566,1579.0,564.0,72.2996,52.5747
474,18.9200,8,Team A,457,316,493,412,475.0,410.1,51.0346,34.3235
474,18.9200,361,Team B,1223,309,1255,393,1239.0,391.3,68.7583,34.9802
474,18.9200,348,Team B,855,417,889,515,872.0,513.0,58.7039,45.4900
474,18.9200,504,Team B,469,598,517,729,493.0,726.4,51.2883,58.3933
474,18.9200,495,Team B,632,711,681,859,656.5,856.0,53.4631,65.3962
474,18.9200,521,Team A,171,402,204,493,187.5,491.2,45.5544,40.9650
474,18.9200,362,Team B,120,440,158,538,139.0,536.0,44.9948,44.4430
475,18.9600,6,Team B,1515,757,1564,908,1539.5,905.0,65.8280,71.0521
475,18.9600,89,Team B,155,517,209,626,182.0,623.8,46.2132,51.0733
475,18.9600,69,Team A,924,574,967,691,945.5,688.7,58.6338,58.2909
475,18.9600,340,Team A,1355,443,1398,535,1376.5,533.2,68.6426,49.3806
475,18.9600,363,Team B,1557,464,1609,568,1583.0,565.9,72.3190,52.7377
475,18.9600,8,Team A,457,324,490,412,473.5,410.2,51.0042,34.3606
475,18.9600,361,Team B,1227,314,1258,393,1242.5,391.4,68.7963,35.1108
475,18.9600,348,Team B,857,417,892,516,874.5,514.0,58.7313,45.6032
475,18.9600,504,Team B,467,600,516,733,491.5,730.3,51.2621,58.5702
475,18.9600,495,Team B,636,715,684,862,660.0,859.1,53.5106,65.5300
475,18.9600,521,Team A,173,402,206,495,189.5,493.1,45.5919,41.1465
475,18.9600,362,Team B,118,441,155,540,136.5,538.0,44.9580,44.6348
476,19.0000,6,Team B,1517,761,1567,912,1542.0,909.0,65.8153,71.1966
476,19.0000,89,Team B,147,517,202,627,174.5,624.8,46.1115,51.1143
476,19.0000,69,Team A,925,575,968,691,946.5,688.7,58.6543,58.2285
476,19.0000,340,Team A,1360,443,1403,535,1381.5,533.2,68.7660,49.3891
476,19.0000,363,Team B,1560,465,1612,570,1586.0,567.9,72.3358,52.9001
476,19.0000,8,Team A,459,332,490,412,474.5,410.4,51.0048,34.3877
476,19.0000,361,Team B,1230,315,1261,395,1245.5,393.4,68.8274,35.3055
476,19.0000,348,Team B,858,418,894,518,876.0,516.0,58.7497,45.7512
476,19.0000,504,Team B,467,602,516,735,491.5,732.3,51.2512,58.7060
476,19.0000,495,Team B,641,719,691,867,666.0,864.0,53.5733,65.7275
476,19.0000,521,Team A,174,401,208,496,191.0,494.1,45.6268,41.2720
476,19.0000,362,Team B,115,442,153,541,134.0,539.0,44.9208,44.7529
477,19.0400,6,Team B,1518,765,1568,916,1543.0,913.0,65.7903,71.3510
477,19.0400,89,Team B,140,515,197,628,168.5,625.7,46.0152,51.1542
477,19.0400,69,Team A,926,577,969,694,947.5,691.7,58.6595,58.3101
477,19.0400,340,Team A,1368,442,1413,538,1390.5,536.1,68.8927,49.5571
477,19.0400,363,Team B,1562,466,1615,573,1588.5,570.9,72.3314,53.1041
477,19.0400,8,Team A,459,334,491,415,475.0,413.4,51.0112,34.5876
477,19.0400,361,Team B,1232,318,1265,398,1248.5,396.4,68.8410,35.5941
477,19.0400,348,Team B,861,419,897,523,879.0,520.9,58.7670,46.0622
477,19.0400,504,Team B,468,604,516,736,492.0,733.4,51.2513,58.7945
477,19.0400,495,Team B,646,720,697,870,671.5,867.0,53.6404,65.8962
477,19.0400,521,Team A,175,400,209,496,192.0,494.1,45.6518,41.3234
477,19.0400,362,Team B,113,442,151,541,132.0,539.0,44.8849,44.7957
478,19.0800,6,Team B,1518,770,1570,920,1544.0,917.0,65.7604,71.5092
478,19.0800,89,Team B,135,515,193,629,164.0,626.7,45.9360,51.1985
478,19.0800,69,Team A,926,578,970,695,948.0,692.7,58.6622,58.3789
478,19.0800,340,Team A,1374,446,1420,544,1397.0,542.0,68.9517,49.9263
478,19.0800,363,Team B,1566,467,1617,572,1591.5,569.9,72.3806,53.1511
478,19.0800,8,Team A,460,336,491,415,475.5,413.4,51.0201,34.6711
478,19.0800,361,Team B,1235,320,1269,398,1252.0,396.4,68.8976,35.7206
478,19.0800,348,Team B,862,420,899,526,880.5,523.9,58.7762,46.3360
478,19.0800,504,Team B,470,607,516,737,493.0,734.4,51.2603,58.8660
478,19.0800,495,Team B,653,721,706,872,679.5,869.0,53.7311,66.0335
478,19.0800,521,Team A,176,400,212,498,194.0,496.0,45.6907,41.4494
478,19.0800,362,Team B,112,443,149,539,130.5,537.1,44.8474,44.7183
479,19.1200,6,Team B,1517,774,1572,923,1544.5,920.0,65.7314,71.6439
479,19.1200,89,Team B,133,515,191,630,162.0,627.7,45.8877,51.2503
479,19.1200,69,Team A,927,577,972,697,949.5,694.6,58.6698,58.4775
479,19.1200,340,Team A,1378,446,1425,547,1401.5,545.0,68.9954,50.2249
479,19.1200,363,Team B,1569,467,1619,571,1594.0,568.9,72.4454,53.1330
479,19.1200,8,Team A,460,336,492,416,476.0,414.4,51.0300,34.7670
479,19.1200,361,Team B,1237,324,1271,398,1254.0,396.5,68.9486,35.7814
479,19.1200,348,Team B,863,420,901,527,882.0,524.9,58.7925,46.4972
479,19.1200,504,Team B,471,609,517,737,494.0,734.4,51.2730,58.8982
479,19.1200,495,Team B,657,724,711,874,684.0,871.0,53.8021,66.1510
479,19.1200,521,Team A,177,401,213,499,195.0,497.0,45.7208,41.5534
479,19.1200,362,Team B,110,444,149,545,129.5,543.0,44.8444,44.9613
479,19.1200,522,Team B,430,297,457,361,443.5,359.7,50.3096,28.6018
480,19.1600,6,Team B,1516,778,1575,929,1545.5,926.0,65.6865,71.8378
480,19.1600,89,Team B,129,516,188,631,158.5,628.7,45.8375,51.3024
480,19.1600,69,Team A,927,576,972,696,949.5,693.6,58.6773,58.4823
480,19.1600,340,Team A,1379,445,1427,546,1403.0,544.0,69.0438,50.3011
480,19.1600,363,Team B,1571,466,1622,573,1596.5,570.9,72.4745,53.2192
480,19.1600,8,Team A,460,336,492,417,476.0,415.4,51.0338,34.8668
480,19.1600,361,Team B,1239,327,1275,402,1257.0,400.5,68.9557,36.0805
480,19.1600,348,Team B,866,423,902,526,884.0,523.9,58.8275,46.5215
480,19.1600,504,Team B,471,609,517,738,494.0,735.4,51.2779,58.9428
480,19.1600,495,Team B,660,726,717,876,688.5,873.0,53.8650,66.2599
480,19.1600,521,Team A,179,401,215,500,197.0,498.0,45.7582,41.6496
480,19.1600,362,Team B,110,447,146,539,128.0,537.2,44.8052,44.7828
481,19.2000,6,Team B,1516,781,1579,934,1547.5,930.9,65.6512,72.0337
481,19.2000,89,Team B,125,517,183,632,154.0,629.7,45.7770,51.3522
481,19.2000,69,Team A,928,574,973,695,950.5,692.6,58.6947,58.4512
481,19.2000,340,Team A,1386,443,1434,545,1410.0,543.0,69.1633,50.3020
481,19.2000,363,Team B,1574,464,1624,573,1599.0,570.8,72.5178,53.2587
481,19.2000,8,Team A,460,334,493,417,476.5,415.3,51.0417,34.9053
481,19.2000,361,Team B,1241,328,1278,404,1259.5,402.5,68.9669,36.3383
481,19.2000,348,Team B,868,425,903,527,885.5,525.0,58.8539,46.5849
481,19.2000,504,Team B,471,609,517,740,494.0,737.4,51.2795,59.0238
481,19.2000,495,Team B,664,727,723,877,693.5,874.0,53.9302,66.3408
481,19.2000,521,Team A,180,404,215,501,197.5,499.1,45.7822,41.7424
481,19.2000,362,Team B,108,447,142,535,125.0,533.2,44.7428,44.5195
482,19.2400,6,Team B,1519,784,1585,936,1552.0,933.0,65.6618,72.1694
482,19.2400,89,Team B,120,515,179,633,149.5,630.6,45.7122,51.3987
482,19.2400,69,Team A,929,571,974,692,951.5,689.6,58.7249,58.3366
482,19.2400,340,Team A,1393,444,1438,539,1415.5,537.1,69.3536,50.0375
482,19.2400,363,Team B,1577,464,1626,572,1601.5,569.8,72.5804,53.2377
482,19.2400,8,Team A,461,333,494,416,477.5,414.3,51.0576,34.8602
482,19.2400,361,Team B,1241,327,1281,404,1261.0,402.5,68.9936,36.4436
482,19.2400,348,Team B,870,427,904,526,887.0,524.0,58.8872,46.5679
482,19.2400,504,Team B,471,610,517,739,494.0,736.4,51.2803,59.0253
482,19.2400,495,Team B,667,727,728,879,697.5,876.0,53.9866,66.4325
482,19.2400,521,Team A,180,407,215,501,197.5,499.1,45.7920,41.7826
482,19.2400,362,Team B,105,446,138,528,121.5,526.4,44.6536,44.0776
483,19.2800,6,Team B,1521,788,1589,938,1555.0,935.0,65.6777,72.2775
483,19.2800,89,Team B,123,515,184,634,153.5,631.6,45.7277,51.4647
483,19.2800,69,Team A,929,568,975,688,952.0,685.6,58.7597,58.1523
483,19.2800,340,Team A,1399,445,1442,534,1420.5,532.2,69.5553,49.7095
483,19.2800,363,Team B,1582,464,1630,575,1606.0,572.8,72.6188,53.3724
483,19.2800,8,Team A,461,332,495,416,478.0,414.3,51.0703,34.8419
483,19.2800,361,Team B,1242,327,1282,403,1262.0,401.5,69.0331,36.4229
483,19.2800,348,Team B,872,428,906,526,889.0,524.0,58.9241,46.5669
483,19.2800,504,Team B,471,610,517,740,494.0,737.4,51.2805,59.0575
483,19.2800,495,Team B,668,728,731,883,699.5,879.9,54.0199,66.5739
483,19.2800,521,Team A,181,407,216,501,198.5,499.1,45.8070,41.8009
483,19.2800,362,Team B,104,444,138,528,121.0,526.3,44.6124,43.8978
483,19.2800,524,Team B,414,306,438,364,426.0,362.8,49.9200,28.9163
484,19.3200,6,Team B,1522,792,1592,942,1557.0,939.0,65.6733,72.4160
484,19.3200,89,Team B,118,515,180,634,149.0,631.6,45.6906,51.4809
484,19.3200,69,Team A,931,567,976,685,953.5,682.6,58.8020,57.9777
484,19.3200,340,Team A,1403,445,1447,535,1425.0,533.2,69.6804,49.6377
484,19.3200,363,Team B,1587,465,1634,576,1610.5,573.8,72.6756,53.4829
484,19.3200,8,Team A,460,332,495,416,477.5,414.3,51.0691,34.8336
484,19.3200,361,Team B,1241,326,1282,403,1261.5,401.5,69.0418,36.4121
484,19.3200,348,Team B,873,430,908,528,890.5,526.0,58.9459,46.6681
484,19.3200,504,Team B,471,611,516,739,493.5,736.4,51.2762,59.0382
484,19.3200,495,Team B,668,728,733,882,700.5,878.9,54.0430,66.6080
484,19.3200,521,Team A,180,405,217,502,198.5,500.1,45.8161,41.8562
484,19.3200,362,Team B,101,443,136,529,118.5,527.3,44.5733,43.8665
484,19.3200,524,Team B,411,306,435,362,423.0,360.9,49.8781,28.7704
485,19.3600,6,Team B,1525,794,1598,947,1561.5,943.9,65.6759,72.5933
485,19.3600,89,Team B,112,514,176,636,144.0,633.6,45.6336,51.5516
485,19.3600,69,Team A,932,569,977,686,954.5,683.7,58.8244,57.9464
485,19.3600,340,Team A,1406,443,1453,536,1429.5,534.1,69.7753,49.6665
485,19.3600,363,Team B,1591,465,1639,579,1615.0,576.7,72.7115,53.6692
485,19.3600,8,Team A,460,333,496,418,478.0,416.3,51.0747,34.9552
485,19.3600,361,Team B,1240,327,1280,400,1260.0,398.5,69.0655,36.2085
485,19.3600,348,Team B,873,429,910,531,891.5,529.0,58.9509,46.8533
485,19.3600,504,Team B,470,610,515,739,492.5,736.4,51.2653,59.0275
485,19.3600,495,Team B,669,729,734,883,701.5,879.9,54.0590,66.6494
485,19.3600,521,Team A,180,403,218,501,199.0,499.0,45.8219,41.8274
485,19.3600,362,Team B,100,443,135,529,117.5,527.3,44.5470,43.8518
485,19.3600,524,Team B,409,305,431,357,420.0,356.0,49.8165,28.3517
486,19.4000,6,Team B,1526,794,1600,950,1563.0,946.9,65.6694,72.7334
486,19.4000,89,Team A,111,512,176,635,143.5,632.5,45.6029,51.5390
486,19.4000,69,Team A,934,570,979,688,956.5,685.6,58.8447,58.0089
486,19.4000,340,Team A,1411,443,1459,538,1435.0,536.1,69.8575,49.7871
486,19.4000,363,Team B,1597,466,1644,577,1620.5,574.8,72.8222,53.6733
486,19.4000,8,Team A,460,334,496,417,478.0,415.3,51.0771,34.9438
486,19.4000,361,Team B,1241,326,1281,400,1261.0,398.5,69.0900,36.1281
486,19.4000,348,Team B,875,428,912,528,893.5,526.0,58.9924,46.7881
486,19.4000,504,Team B,469,611,514,741,491.5,738.4,51.2515,59.0846
486,19.4000,495,Team B,668,730,734,886,701.0,882.9,54.0569,66.7394
486,19.4000,521,Team A,180,401,219,501,199.5,499.0,45.8296,41.8149
487,19.4400,6,Team B,1526,796,1599,953,1562.5,949.9,65.6420,72.8542
487,19.4400,89,Team A,107,506,176,634,141.5,631.4,45.5681,51.4865
487,19.4400,69,Team A,936,570,980,688,958.0,685.6,58.8679,58.0376
487,19.4400,340,Team A,1416,443,1464,539,1440.0,537.1,69.9409,49.8958
487,19.4400,363,Team B,1603,467,1650,576,1626.5,573.8,72.9551,53.6490
487,19.4400,8,Team A,459,333,495,416,477.0,414.3,51.0654,34.8745
487,19.4400,361,Team B,1242,326,1283,401,1262.5,399.5,69.1077,36.1654
487,19.4400,348,Team B,875,426,913,529,894.0,526.9,59.0098,46.8091
487,19.4400,504,Team B,469,612,514,742,491.5,739.4,51.2459,59.1395
487,19.4400,495,Team B,669,731,735,888,702.0,884.9,54.0613,66.8276
487,19.4400,521,Team A,180,400,220,504,200.0,501.9,45.8479,41.9598
487,19.4400,362,Team B,101,442,127,500,114.0,498.8,44.3800,42.4298
488,19.4800,6,Team B,1522,798,1593,954,1557.5,950.9,65.5814,72.9124
488,19.4800,89,Team A,107,513,174,635,140.5,632.6,45.5479,51.5070
488,19.4800,69,Team A,936,567,981,687,958.5,684.6,58.8869,58.0137
488,19.4800,340,Team A,1420,444,1470,542,1445.0,540.0,69.9988,50.0942
488,19.4800,363,Team B,1610,469,1657,576,1633.5,573.9,73.0947,53.6603
488,19.4800,8,Team A,458,334,494,418,476.0,416.3,51.0479,34.9685
488,19.4800,361,Team B,1241,324,1283,401,1262.0,399.5,69.1080,36.1764
488,19.4800,348,Team B,877,427,914,526,895.5,524.0,59.0504,46.6784
488,19.4800,504,Team B,469,612,515,745,492.0,742.3,51.2477,59.2567
488,19.4800,495,Team B,670,733,736,889,703.0,885.9,54.0698,66.8908
488,19.4800,521,Team A,181,400,222,502,201.5,500.0,45.8653,41.9213
488,19.4800,527,Team B,393,296,424,371,408.5,369.5,49.5411,29.6421
488,19.4800,428,Team B,96,440,132,529,114.0,527.2,44.8917,43.5368
489,19.5200,6,Team B,1519,799,1589,957,1554.0,953.8,65.5074,72.9921
489,19.5200,89,Team A,103,517,169,634,136.0,631.7,45.4939,51.4698
489,19.5200,69,Team A,938,564,983,685,960.5,682.6,58.9240,57.9377
489,19.5200,340,Team A,1424,445,1476,546,1450.0,544.0,70.0336,50.3740
489,19.5200,363,Team B,1613,471,1661,577,1637.0,574.9,73.1790,53.7195
489,19.5200,8,Team A,458,333,494,418,476.0,416.3,51.0409,35.0048
489,19.5200,361,Team B,1241,323,1281,401,1261.0,399.4,69.0937,36.1771
489,19.5200,348,Team B,880,427,915,522,897.5,520.1,59.1118,46.4377
489,19.5200,504,Team B,468,612,514,746,491.0,743.3,51.2392,59.3324
489,19.5200,495,Team B,673,737,736,889,704.5,886.0,54.0855,66.9216
489,19.5200,521,Team A,183,399,223,501,203.0,499.0,45.8855,41.8581
489,19.5200,527,Team B,391,296,421,369,406.0,367.5,49.5058,29.4996
489,19.5200,428,Team B,95,440,132,533,113.5,531.1,44.6477,43.8958
490,19.5600,6,Team B,1518,801,1588,962,1553.0,958.8,65.4359,73.1295
490,19.5600,89,Team A,93,517,159,632,126.0,629.7,45.3700,51.3557
490,19.5600,69,Team A,940,563,985,683,962.5,680.6,58.9681,57.8419
490,19.5600,340,Team A,1427,443,1476,538,1451.5,536.1,70.1699,50.1141
490,19.5600,363,Team B,1614,471,1663,579,1638.5,576.8,73.2023,53.8337
490,19.5600,8,Team A,458,330,495,418,476.5,416.2,51.0445,35.0167
490,19.5600,361,Team B,1241,323,1281,400,1261.0,398.5,69.1022,36.1115
490,19.5600,348,Team B,880,426,917,527,898.5,525.0,59.1215,46.5842
490,19.5600,504,Team B,469,613,515,745,492.0,742.4,51.2450,59.3345
490,19.5600,495,Team B,674,739,736,890,705.0,887.0,54.0943,66.9607
490,19.5600,521,Team A,186,400,225,498,205.5,496.0,45.9117,41.6885
490,19.5600,527,Team B,389,298,416,364,402.5,362.7,49.4393,29.0919
490,19.5600,428,Team B,94,441,131,531,112.5,529.2,44.5316,43.9446
491,19.6000,6,Team B,1519,803,1590,967,1554.5,963.7,65.3869,73.2955
491,19.6000,89,Team A,86,514,153,632,119.5,629.6,45.2579,51.2930
491,19.6000,69,Team A,942,564,985,677,963.5,674.7,59.0231,57.5965
491,19.6000,340,Team A,1429,441,1480,537,1454.5,535.1,70.2760,49.9690
491,19.6000,363,Team B,1616,468,1667,581,1641.5,578.7,73.2208,53.9710
491,19.6000,8,Team A,458,329,495,415,476.5,413.3,51.0461,34.8361
491,19.6000,361,Team B,1242,322,1283,402,1262.5,400.4,69.0995,36.2191
491,19.6000,348,Team B,882,428,919,529,900.5,527.0,59.1381,46.7455
491,19.6000,504,Team B,470,614,515,746,492.5,743.4,51.2517,59.3683
491,19.6000,495,Team B,675,740,737,891,706.0,888.0,54.1046,67.0036
491,19.6000,521,Team A,189,400,227,498,208.0,496.0,45.9499,41.6261
491,19.6000,527,Team B,384,296,420,383,402.0,381.3,49.4280,30.2193
491,19.6000,428,Team B,95,441,128,520,111.5,518.4,44.4301,43.4402
492,19.6400,6,Team B,1518,807,1591,971,1554.5,967.7,65.3407,73.4481
492,19.6400,89,Team A,79,507,149,632,114.0,629.5,45.1597,51.2500
492,19.6400,69,Team A,944,565,986,673,965.0,670.8,59.0787,57.3612
492,19.6400,340,Team A,1431,439,1482,537,1456.5,535.0,70.3444,49.9143
492,19.6400,363,Team B,1620,466,1670,577,1645.0,574.8,73.3305,53.8614
492,19.6400,8,Team A,458,329,495,414,476.5,412.3,51.0469,34.7021
492,19.6400,361,Team B,1240,321,1285,408,1262.5,406.3,69.0141,36.6512
492,19.6400,348,Team B,883,429,920,529,901.5,527.0,59.1565,46.8134
492,19.6400,504,Team B,470,614,516,745,493.0,742.4,51.2590,59.3518
492,19.6400,495,Team B,678,743,740,894,709.0,891.0,54.1288,67.1026
492,19.6400,521,Team A,191,398,230,497,210.5,495.0,45.9896,41.5541
492,19.6400,527,Team B,382,296,417,381,399.5,379.3,49.3884,30.5319
492,19.6400,428,Team B,95,442,127,517,111.0,515.5,44.3719,43.0940
493,19.6800,6,Team B,1519,809,1594,972,1556.5,968.7,65.3322,73.5361
493,19.6800,89,Team A,77,503,148,631,112.5,628.4,45.1026,51.1878
493,19.6800,69,Team A,945,565,986,672,965.5,669.9,59.1107,57.2328
493,19.6800,340,Team A,1436,440,1484,530,1460.0,528.2,70.5088,49.5692
493,19.6800,363,Team B,1622,465,1673,576,1647.5,573.8,73.4205,53.7803
493,19.6800,8,Team A,459,328,496,413,477.5,411.3,51.0600,34.5876
493,19.6800,361,Team B,1239,322,1287,417,1263.0,415.1,68.8624,37.4011
493,19.6800,348,Team B,886,429,923,529,904.5,527.0,59.1994,46.8480
493,19.6800,504,Team B,471,614,519,747,495.0,744.3,51.2798,59.4124
493,19.6800,495,Team B,680,741,743,893,711.5,890.0,54.1605,67.1227
493,19.6800,521,Team A,194,397,233,497,213.5,495.0,46.0388,41.5308
493,19.6800,527,Team B,381,298,415,379,398.0,377.4,49.3507,30.5226
493,19.6800,428,Team B,95,439,126,510,110.5,508.6,44.3139,42.6110
494,19.7200,6,Team B,1522,811,1598,972,1560.0,968.8,65.3579,73.5809
494,19.7200,89,Team A,77,500,149,631,113.0,628.4,45.0843,51.1617
494,19.7200,69,Team A,945,563,988,674,966.5,671.8,59.1247,57.2535
494,19.7200,340,Team A,1441,440,1489,531,1465.0,529.2,70.6253,49.4925
494,19.7200,363,Team B,1627,465,1680,580,1653.5,577.7,73.4724,53.9371
494,19.7200,8,Team A,460,328,497,412,478.5,410.3,51.0781,34.4820
494,19.7200,361,Team B,1240,320,1290,418,1265.0,416.0,68.8174,37.7664
494,19.7200,348,Team B,889,429,926,530,907.5,528.0,59.2466,46.9169
494,19.7200,504,Team B,470,613,518,747,494.0,744.3,51.2790,59.4336
494,19.7200,495,Team B,683,741,745,893,714.0,890.0,54.1937,67.1366
494,19.7200,521,Team A,196,397,235,495,215.5,493.0,46.0745,41.4246
494,19.7200,527,Team B,381,301,412,378,396.5,376.5,49.3147,30.4528
494,19.7200,428,Team B,94,435,126,505,110.0,503.6,44.2638,42.1665
495,19.7600,6,Team B,1526,813,1605,975,1565.5,971.8,65.3944,73.6763
495,19.7600,89,Team A,79,499,150,630,114.5,627.4,45.0881,51.1154
495,19.7600,69,Team A,946,563,990,677,968.0,674.7,59.1318,57.3717
495,19.7600,340,Team A,1443,439,1494,534,1468.5,532.1,70.6768,49.6135
495,19.7600,363,Team B,1633,465,1685,576,1659.0,573.8,73.6208,53.8423
495,19.7600,8,Team A,461,327,498,411,479.5,409.3,51.0982,34.3785
495,19.7600,361,Team B,1240,317,1289,416,1264.5,414.0,68.8205,37.7812
495,19.7600,348,Team B,891,429,930,531,910.5,529.0,59.2955,46.9995
495,19.7600,504,Team B,470,612,518,746,494.0,743.3,51.2789,59.4103
495,19.7600,495,Team B,685,742,746,892,715.5,889.0,54.2208,67.1218
495,19.7600,521,Team A,199,395,237,491,218.0,489.1,46.1041,41.1814
495,19.7600,527,Team B,380,302,411,378,395.5,376.5,49.2872,30.4242
495,19.7600,428,Team B,94,434,125,501,109.5,499.7,44.2212,41.7877
496,19.8000,6,Team B,1530,815,1612,979,1571.0,975.7,65.4286,73.8125
496,19.8000,89,Team A,78,500,149,631,113.5,628.4,45.0833,51.1339
496,19.8000,69,Team A,946,557,992,676,969.0,673.6,59.1500,57.3818
496,19.8000,340,Team A,1446,436,1498,530,1472.0,528.1,70.7969,49.4770
496,19.8000,363,Team B,1636,465,1688,575,1662.0,572.8,73.7327,53.7692
496,19.8000,8,Team A,462,325,499,409,480.5,407.3,51.1193,34.2119
496,19.8000,361,Team B,1240,317,1287,413,1263.5,411.1,68.8486,37.5941
496,19.8000,348,Team B,893,429,933,537,913.0,534.8,59.3119,47.3223
496,19.8000,504,Team B,469,611,517,745,493.0,742.3,51.2699,59.3667
496,19.8000,495,Team A,687,743,749,893,718.0,890.0,54.2506,67.1467
496,19.8000,521,Team A,200,393,238,490,219.0,488.1,46.1239,41.0330
496,19.8000,527,Team B,376,302,406,378,391.0,376.5,49.2172,30.4037
496,19.8000,428,Team B,93,432,126,504,109.5,502.6,44.2168,41.7835
497,19.8400,6,Team B,1535,817,1617,981,1576.0,977.7,65.4707,73.9219
497,19.8400,89,Team A,79,498,151,630,115.0,627.4,45.0924,51.1046
497,19.8400,69,Team A,948,553,995,675,971.5,672.6,59.1879,57.3539
497,19.8400,340,Team A,1447,433,1501,528,1474.0,526.1,70.8987,49.3285
497,19.8400,363,Team B,1639,467,1690,574,1664.5,571.9,73.8231,53.7052
497,19.8400,8,Team A,463,325,501,409,482.0,407.3,51.1470,34.1485
497,19.8400,361,Team B,1241,317,1284,409,1262.5,407.2,68.9009,37.2605
497,19.8400,348,Team B,895,430,934,534,914.5,531.9,59.3524,47.3148
497,19.8400,504,Team B,470,610,518,744,494.0,741.3,51.2756,59.3197
497,19.8400,495,Team A,691,743,752,892,721.5,889.0,54.2928,67.1405
497,19.8400,521,Team A,202,392,240,490,221.0,488.0,46.1541,40.9769
497,19.8400,527,Team B,373,302,404,379,388.5,377.5,49.1578,30.4577
497,19.8400,428,Team B,93,431,124,496,108.5,494.7,44.1697,41.3783
497,19.8400,529,Team B,45,270,74,333,59.5,331.7,41.5994,23.9686
498,19.8800,6,Team B,1536,818,1619,983,1577.5,979.7,65.4868,74.0112
498,19.8800,89,Team A,77,503,145,630,111.0,627.5,45.0579,51.0877
498,19.8800,69,Team A,949,551,995,671,972.0,668.6,59.2271,57.2004
498,19.8800,340,Team A,1449,432,1502,522,1475.5,520.2,71.0415,48.9805
498,19.8800,363,Team B,1641,469,1690,573,1665.5,570.9,73.8862,53.6405
498,19.8800,8,Team A,464,323,502,409,483.0,407.3,51.1708,34.1227
498,19.8800,361,Team B,1242,318,1282,405,1262.0,403.3,68.9703,36.8681
498,19.8800,348,Team B,898,430,934,524,916.0,522.1,59.4419,46.8375
498,19.8800,504,Team B,471,610,520,746,495.5,743.3,51.2911,59.3670
498,19.8800,495,Team A,691,741,754,891,722.5,888.0,54.3196,67.1149
498,19.8800,521,Team A,204,392,242,489,223.0,487.1,46.1856,40.9075
498,19.8800,527,Team B,373,301,405,380,389.0,378.4,49.1419,30.5460
498,19.8800,428,Team B,94,433,125,495,109.5,493.8,44.1576,41.1699
498,19.8800,529,Team B,50,272,77,332,63.5,330.8,41.6451,23.9042
499,19.9200,6,Team B,1536,818,1620,988,1578.0,984.6,65.4649,74.1511
499,19.9200,89,Team A,76,508,140,630,108.0,627.6,45.0157,51.0782
499,19.9200,69,Team A,950,548,996,665,973.0,662.7,59.2819,56.9240
499,19.9200,340,Team A,1450,431,1502,517,1476.0,515.3,71.1752,48.5955
499,19.9200,363,Team B,1643,468,1694,575,1668.5,572.9,73.9193,53.7091
499,19.9200,8,Team A,466,322,505,409,485.5,407.3,51.2124,34.1164
499,19.9200,361,Team B,1241,319,1280,402,1260.5,400.3,69.0182,36.5129
499,19.9200,348,Team B,900,429,937,525,918.5,523.1,59.5019,46.7000
499,19.9200,504,Team B,472,611,521,747,496.5,744.3,51.3062,59.4201
499,19.9200,495,Team A,692,738,757,891,724.5,887.9,54.3468,67.1078
499,19.9200,521,Team A,207,393,245,487,226.0,485.1,46.2259,40.7841
499,19.9200,527,Team B,370,300,402,379,386.0,377.4,49.0949,30.5069
499,19.9200,428,Team B,90,432,129,513,109.5,511.4,44.2293,41.9787
500,19.9600,6,Team B,1534,820,1615,991,1574.5,987.6,65.4074,74.2605
500,19.9600,89,Team A,75,509,137,630,106.0,627.6,44.9796,51.0706
500,19.9600,69,Team A,953,546,998,661,975.5,658.7,59.3491,56.6733
500,19.9600,340,Team A,1448,430,1501,519,1474.5,517.2,71.1814,48.5353
500,19.9600,363,Team B,1646,467,1698,576,1672.0,573.8,73.9615,53.7888
500,19.9600,8,Team A,467,321,506,406,486.5,404.3,51.2426,33.9264
500,19.9600,361,Team B,1242,320,1282,403,1262.0,401.3,69.0449,36.4413
500,19.9600,348,Team B,903,428,939,523,921.0,521.1,59.5673,46.5535
500,19.9600,504,Team B,474,611,524,748,499.0,745.3,51.3346,59.4783
500,19.9600,495,Team A,693,734,759,888,726.0,884.9,54.3750,67.0330
500,19.9600,521,Team A,211,393,249,488,230.0,486.1,46.2900,40.7952
500,19.9600,527,Team B,371,301,403,378,387.0,376.5,49.0878,30.4274
500,19.9600,428,Team B,88,431,131,518,109.5,516.3,44.2787,42.5435
501,20.0000,6,Team B,1534,822,1612,992,1573.0,988.6,65.3654,74.3218
501,20.0000,89,Team A,74,504,137,631,105.5,628.5,44.9634,51.1010
501,20.0000,69,Team A,954,546,998,660,976.0,657.7,59.3860,56.5379
501,20.0000,340,Team A,1448,430,1501,520,1474.5,518.2,71.1699,48.5605
501,20.0000,363,Team B,1650,465,1705,578,1677.5,575.7,74.0176,53.9207
501,20.0000,8,Team A,468,321,507,405,487.5,403.3,51.2678,33.7895
501,20.0000,361,Team B,1242,320,1285,402,1263.5,400.4,69.0919,36.3507
501,20.0000,348,Team B,907,428,945,523,926.0,521.1,59.6532,46.5073
501,20.0000,504,Team B,477,613,527,748,502.0,745.3,51.3731,59.5100
501,20.0000,495,Team A,695,733,761,885,728.0,882.0,54.4077,66.9333
501,20.0000,521,Team A,214,392,252,488,233.0,486.1,46.3494,40.8051
501,20.0000,527,Team B,369,300,403,380,386.0,378.4,49.0746,30.5265
501,20.0000,428,Team B,92,430,127,499,109.5,497.6,44.2182,41.8343
502,20.0400,6,Team B,1536,824,1612,994,1574.0,990.6,65.3437,74.3904
502,20.0400,89,Team A,75,502,138,629,106.5,626.5,44.9597,51.0368
502,20.0400,69,Team A,956,549,999,659,977.5,656.8,59.4209,56.4532
502,20.0400,340,Team A,1451,430,1503,520,1477.0,518.2,71.1979,48.5772
502,20.0400,363,Team B,1655,465,1711,578,1683.0,575.7,74.1088,53.9887
502,20.0400,8,Team A,469,322,508,405,488.5,403.3,51.2907,33.7381
502,20.0400,361,Team B,1243,318,1288,401,1265.5,399.3,69.1550,36.2509
502,20.0400,348,Team B,909,430,947,525,928.0,523.1,59.6996,46.5923
502,20.0400,504,Team B,479,613,529,748,504.0,745.3,51.4066,59.5274
502,20.0400,495,Team A,695,738,761,884,728.0,881.1,54.4222,66.8713
502,20.0400,521,Team A,216,389,256,488,236.0,486.0,46.4067,40.8125
502,20.0400,527,Team B,368,302,401,379,384.5,377.5,49.0484,30.4988
502,20.0400,428,Team B,92,427,129,501,110.5,499.5,44.2133,41.6499
503,20.0800,6,Team B,1538,825,1615,998,1576.5,994.5,65.3299,74.5055
503,20.0800,89,Team A,75,499,137,626,106.0,623.5,44.9431,50.8914
503,20.0800,69,Team A,958,551,1001,662,979.5,659.8,59.4409,56.5351
503,20.0800,340,Team A,1452,428,1506,521,1479.0,519.1,71.2218,48.6363
503,20.0800,363,Team B,1658,464,1715,576,1686.5,573.8,74.2200,53.9381
503,20.0800,8,Team A,470,323,509,407,489.5,405.3,51.3122,33.8470
503,20.0800,361,Team B,1242,315,1290,400,1266.0,398.3,69.2028,36.1423
503,20.0800,348,Team B,912,428,952,525,932.0,523.1,59.7662,46.6342
503,20.0800,504,Team B,481,614,532,751,506.5,748.3,51.4418,59.6339
503,20.0800,495,Team A,696,741,761,884,728.5,881.1,54.4320,66.8491
503,20.0800,521,Team A,218,387,259,487,238.5,485.0,46.4548,40.7672
503,20.0800,527,Team B,369,306,401,380,385.0,378.5,49.0460,30.5612
503,20.0800,428,Team B,96,425,127,483,111.5,481.8,44.1438,40.6596
504,20.1200,6,Team B,1533,828,1612,1002,1572.5,998.5,65.2658,74.6234
504,20.1200,89,Team A,76,499,136,622,106.0,619.5,44.9230,50.6773
504,20.1200,69,Team A,960,545,1004,660,982.0,657.7,59.4852,56.4970
504,20.1200,340,Team A,1454,426,1510,522,1482.0,520.1,71.2569,48.7150
504,20.1200,363,Team B,1660,464,1718,576,1689.0,573.8,74.2958,53.9248
504,20.1200,8,Team A,472,322,511,406,491.5,404.3,51.3468,33.8305
504,20.1200,361,Team B,1246,314,1294,397,1270.0,395.3,69.3248,35.9084
504,20.1200,348,Team B,912,425,955,526,933.5,524.0,59.8053,46.6999
504,20.1200,504,Team B,482,614,535,751,508.5,748.3,51.4740,59.6813
504,20.1200,495,Team A,695,743,761,885,728.0,882.2,54.4301,66.8648
504,20.1200,521,Team A,220,386,262,486,241.0,484.0,46.4993,40.7017
504,20.1200,527,Team B,369,307,401,380,385.0,378.5,49.0450,30.5875
504,20.1200,428,Team B,94,424,134,498,114.0,496.5,44.2087,41.0342
505,20.1600,6,Team B,1534,833,1615,1004,1574.5,1000.6,65.2432,74.7177
505,20.1600,89,Team A,77,502,134,620,105.5,617.6,44.9035,50.5145
505,20.1600,69,Team A,962,539,1008,658,985.0,655.6,59.5447,56.4118
505,20.1600,340,Team A,1455,424,1515,525,1485.0,523.0,71.2687,48.8989
505,20.1600,363,Team B,1662,466,1720,577,1691.0,574.8,74.3352,53.9702
505,20.1600,8,Team A,475,321,513,404,494.0,402.3,51.3936,33.7016
505,20.1600,361,Team B,1250,314,1296,395,1273.0,393.4,69.4474,35.6886
505,20.1600,348,Team B,911,424,956,527,933.5,524.9,59.8152,46.7733
505,20.1600,504,Team B,486,612,538,749,512.0,746.3,51.5191,59.6452
505,20.1600,495,Team A,693,743,760,885,726.5,882.2,54.4170,66.8676
505,20.1600,521,Team A,224,385,266,483,245.0,481.0,46.5537,40.5271
505,20.1600,527,Team B,368,305,401,383,384.5,381.4,49.0423,30.7944
505,20.1600,428,Team B,99,424,134,488,116.5,486.7,44.2192,40.6812
506,20.2000,6,Team B,1538,835,1622,1007,1580.0,1003.6,65.2600,74.8297
506,20.2000,89,Team A,79,504,134,618,106.5,615.7,44.8988,50.3746
506,20.2000,69,Team A,966,537,1011,654,988.5,651.7,59.6252,56.2381
506,20.2000,340,Team A,1457,422,1515,519,1486.0,517.1,71.3711,48.6793
506,20.2000,363,Team B,1662,470,1717,576,1689.5,573.9,74.3463,53.9444
506,20.2000,8,Team A,476,319,514,403,495.0,401.3,51.4256,33.5862
506,20.2000,361,Team B,1253,312,1300,394,1276.5,392.4,69.5640,35.5394
506,20.2000,348,Team B,912,424,954,524,933.0,522.0,59.8307,46.6568
506,20.2000,504,Team B,489,611,540,746,514.5,743.3,51.5608,59.5427
506,20.2000,495,Team A,690,741,759,886,724.5,883.1,54.3936,66.8876
506,20.2000,521,Team A,228,384,270,482,249.0,480.0,46.6180,40.4128
506,20.2000,527,Team B,368,305,402,383,385.0,381.4,49.0477,30.8781
506,20.2000,428,Team B,102,424,136,485,119.0,483.8,44.2381,40.3908
506,20.2000,536,Referee,2,533,27,656,14.5,653.5,43.6770,52.3830
507,20.2400,6,Team B,1544,840,1629,1008,1586.5,1004.6,65.3129,74.9126
507,20.2400,89,Team A,79,504,133,619,106.0,616.7,44.8954,50.3568
507,20.2400,69,Team A,968,534,1014,649,991.0,646.7,59.7094,55.9874
507,20.2400,340,Team A,1458,421,1515,514,1486.5,512.1,71.4899,48.3438
507,20.2400,363,Team B,1663,470,1718,577,1690.5,574.9,74.3479,53.9801
507,20.2400,8,Team A,478,319,516,402,497.0,400.3,51.4647,33.4807
507,20.2400,361,Team B,1253,310,1299,396,1276.0,394.3,69.5743,35.6095
507,20.2400,348,Team B,914,425,956,524,935.0,522.0,59.8607,46.6162
507,20.2400,504,Team B,491,611,541,743,516.0,740.4,51.5922,59.4114
507,20.2400,495,Team A,689,737,759,885,724.0,882.0,54.3819,66.8678
507,20.2400,521,Team A,231,384,273,482,252.0,480.0,46.6778,40.3736
507,20.2400,527,Team B,369,305,402,382,385.5,380.5,49.0550,30.8461
507,20.2400,428,Team B,103,424,140,489,121.5,487.7,44.2906,40.4860
507,20.2400,536,Referee,3,520,30,657,16.5,654.3,43.6985,52.4144
508,20.2800,6,Team B,1545,839,1634,1012,1589.5,1008.5,65.3333,75.0321
508,20.2800,89,Team A,80,503,135,620,107.5,617.7,44.9119,50.3916
508,20.2800,69,Team A,971,534,1016,646,993.5,643.8,59.7849,55.7814
508,20.2800,340,Team A,1454,421,1508,511,1481.0,509.2,71.5080,48.0448
508,20.2800,363,Team B,1663,469,1719,578,1691.0,575.8,74.3398,54.0382
508,20.2800,8,Team A,480,318,517,400,498.5,398.4,51.5006,33.3127
508,20.2800,361,Team B,1255,309,1301,396,1278.0,394.3,69.6084,35.6410
508,20.2800,348,Team B,917,428,956,524,936.5,522.1,59.8903,46.6065
508,20.2800,504,Team B,494,610,544,745,519.0,742.3,51.6313,59.4280
508,20.2800,495,Team A,687,732,759,885,723.0,881.9,54.3691,66.8549
508,20.2800,521,Team A,234,384,277,482,255.5,480.0,46.7415,40.3655
508,20.2800,527,Team B,369,306,403,385,386.0,383.4,49.0686,31.0347
508,20.2800,428,Team B,104,424,146,498,125.0,496.5,44.3879,40.9886
508,20.2800,536,Referee,5,516,33,656,19.0,653.2,43.7260,52.3929
509,20.3200,6,Team B,1548,841,1638,1014,1593.0,1010.5,65.3570,75.1288
509,20.3200,89,Team A,81,501,136,619,108.5,616.6,44.9247,50.3669
509,20.3200,69,Team A,971,535,1015,645,993.0,642.8,59.8149,55.6610
509,20.3200,340,Team A,1452,422,1508,516,1480.0,514.1,71.4307,48.1733
509,20.3200,363,Team B,1666,467,1724,580,1695.0,577.7,74.3566,54.1569
509,20.3200,8,Team A,481,318,518,400,499.5,398.4,51.5279,33.2477
509,20.3200,361,Team B,1259,312,1303,397,1281.0,395.3,69.6510,35.7314
509,20.3200,348,Team B,918,428,958,525,938.0,523.1,59.9142,46.6547
509,20.3200,504,Team B,497,610,548,747,522.5,744.3,51.6780,59.5053
509,20.3200,495,Team A,688,730,761,882,724.5,879.0,54.3813,66.7780
509,20.3200,521,Team A,239,385,282,481,260.5,479.1,46.8212,40.3220
509,20.3200,527,Team B,370,303,406,386,388.0,384.3,49.1013,31.1762
509,20.3200,428,Team B,102,422,155,520,128.5,518.0,44.5531,42.2765
509,20.3200,536,Referee,7,516,36,655,21.5,652.2,43.7564,52.3532
510,20.3600,6,Team B,1548,840,1639,1016,1593.5,1012.5,65.3581,75.2077
510,20.3600,89,Team A,85,497,139,617,112.0,614.6,44.9568,50.2828
510,20.3600,69,Team A,972,536,1017,647,994.5,644.8,59.8322,55.6923
510,20.3600,340,Team A,1451,423,1505,516,1478.0,514.1,71.3733,48.2203
510,20.3600,363,Team B,1670,465,1730,579,1700.0,576.7,74.4419,54.1735
510,20.3600,8,Team A,483,319,519,400,501.0,398.4,51.5584,33.2261
510,20.3600,361,Team B,1261,312,1304,397,1282.5,395.3,69.6903,35.7712
510,20.3600,348,Team B,921,425,962,527,941.5,525.0,59.9540,46.7759
510,20.3600,504,Team B,502,610,552,748,527.0,745.2,51.7371,59.5780
510,20.3600,495,Team A,690,729,763,879,726.5,876.0,54.4076,66.6769
510,20.3600,521,Team A,243,386,286,482,264.5,480.1,46.9013,40.3668
510,20.3600,527,Team B,372,306,407,386,389.5,384.4,49.1340,31.2399
510,20.3600,428,Team B,105,419,163,526,134.0,523.9,44.7009,43.0872
510,20.3600,536,Referee,9,516,38,652,23.5,649.3,43.7755,52.2311
511,20.4000,6,Team B,1551,840,1639,1015,1595.0,1011.5,65.3770,75.2233
511,20.4000,89,Team A,87,495,143,617,115.0,614.6,44.9987,50.2543
511,20.4000,69,Team A,975,539,1019,648,997.0,645.8,59.8601,55.7508
511,20.4000,340,Team A,1451,421,1507,517,1479.0,515.1,71.3500,48.2894
511,20.4000,363,Team B,1675,465,1735,577,1705.0,574.8,74.5697,54.1076
511,20.4000,8,Team A,487,317,524,401,505.5,399.3,51.6285,33.2883
511,20.4000,361,Team B,1262,312,1305,397,1283.5,395.3,69.7209,35.7895
511,20.4000,348,Team B,924,423,964,525,944.0,523.0,60.0120,46.7323
511,20.4000,504,Team B,507,612,557,748,532.0,745.3,51.8061,59.6202
511,20.4000,495,Team A,691,729,764,878,727.5,875.0,54.4281,66.6138
511,20.4000,521,Team A,246,384,291,482,268.5,480.0,46.9788,40.3913
511,20.4000,527,Team B,374,308,408,387,391.0,385.4,49.1678,31.3370
511,20.4000,428,Team B,110,418,164,524,137.0,521.9,44.7844,43.3220
511,20.4000,536,Referee,12,519,41,647,26.5,644.4,43.7919,52.0055
512,20.4400,6,Team B,1554,842,1637,1015,1595.5,1011.5,65.3884,75.2316
512,20.4400,89,Team A,90,493,147,617,118.5,614.5,45.0494,50.2492
512,20.4400,69,Team A,978,539,1023,647,1000.5,644.8,59.9134,55.7457
512,20.4400,340,Team A,1453,419,1510,517,1481.5,515.0,71.3739,48.3216
512,20.4400,363,Team B,1677,464,1739,577,1708.0,574.7,74.6588,54.0887
512,20.4400,8,Team A,491,316,528,401,509.5,399.3,51.7085,33.3203
512,20.4400,361,Team B,1266,315,1307,399,1286.5,397.3,69.7472,35.9408
512,20.4400,348,Team B,927,421,968,524,947.5,521.9,60.0834,46.6732
512,20.4400,504,Team B,510,612,561,748,535.5,745.3,51.8655,59.6454
512,20.4400,495,Team A,691,729,765,878,728.0,875.0,54.4404,66.5898
512,20.4400,521,Team A,250,382,295,481,272.5,479.0,47.0527,40.3554
512,20.4400,527,Team B,377,309,411,388,394.0,386.4,49.2216,31.4490
512,20.4400,428,Team B,114,416,169,524,141.5,521.8,44.8658,43.4240
512,20.4400,536,Referee,17,520,47,646,32.0,643.5,43.8462,51.8910
513,20.4800,6,Team B,1557,843,1637,1017,1597.0,1013.5,65.3923,75.2783
513,20.4800,89,Team A,93,491,150,616,121.5,613.5,45.0955,50.2128
513,20.4800,69,Team A,980,535,1027,648,1003.5,645.7,59.9615,55.7855
513,20.4800,340,Team A,1457,420,1513,515,1485.0,513.1,71.4574,48.2456
513,20.4800,363,Team B,1681,466,1742,576,1711.5,573.8,74.7534,54.0494
513,20.4800,8,Team A,495,313,532,400,513.5,398.3,51.7932,33.2737
513,20.4800,361,Team B,1268,316,1308,401,1288.0,399.3,69.7500,36.1384
513,20.4800,348,Team B,931,421,972,523,951.5,521.0,60.1660,46.6111
513,20.4800,504,Team B,515,612,566,746,540.5,743.3,51.9357,59.6051
513,20.4800,495,Team A,692,731,764,878,728.0,875.1,54.4453,66.5812
513,20.4800,521,Team A,255,380,299,478,277.0,476.0,47.1262,40.1908
513,20.4800,527,Team B,379,310,413,389,396.0,387.4,49.2702,31.5648
513,20.4800,428,Team B,119,417,171,522,145.0,519.9,44.9284,43.3779
513,20.4800,536,Referee,22,518,53,645,37.5,642.5,43.9156,51.8185
514,20.5200,6,Team B,1557,845,1635,1018,1596.0,1014.5,65.3792,75.3149
514,20.5200,89,Team A,95,492,152,615,123.5,612.5,45.1302,50.1639
514,20.5200,69,Team A,982,534,1031,648,1006.5,645.7,60.0126,55.8083
514,20.5200,340,Team A,1459,420,1514,510,1486.5,508.2,71.5822,47.9689
514,20.5200,363,Team B,1681,466,1742,577,1711.5,574.8,74.7756,54.0769
514,20.5200,8,Team A,499,308,538,400,518.5,398.2,51.8922,33.2591
514,20.5200,361,Team B,1269,318,1309,402,1289.0,400.3,69.7505,36.2882
514,20.5200,348,Team B,936,421,976,521,956.0,519.0,60.2655,46.5002
514,20.5200,504,Team B,520,612,571,745,545.5,742.3,52.0100,59.5696
514,20.5200,495,Team A,692,732,762,877,727.0,874.1,54.4405,66.5509
514,20.5200,521,Team A,260,379,304,476,282.0,474.1,47.2079,40.0289
514,20.5200,527,Team B,381,309,416,391,398.5,389.4,49.3243,31.7455
514,20.5200,536,Referee,26,517,59,642,42.5,639.5,43.9789,51.6873
515,20.5600,6,Team B,1555,849,1635,1022,1595.0,1018.5,65.3402,75.4068
515,20.5600,89,Team A,96,493,152,614,124.0,611.6,45.1458,50.1066
515,20.5600,69,Team A,988,533,1036,642,1012.0,639.8,60.1235,55.6054
515,20.5600,340,Team A,1459,419,1515,509,1487.0,507.2,71.6534,47.8081
515,20.5600,363,Team B,1683,471,1742,580,1712.5,577.8,74.7487,54.2246
515,20.5600,8,Team A,503,307,542,401,522.5,399.1,51.9832,33.3244
515,20.5600,361,Team B,1273,319,1313,402,1293.0,400.3,69.8096,36.3592
515,20.5600,348,Team B,939,422,977,519,958.0,517.1,60.3417,46.3641
515,20.5600,504,Team B,525,612,577,745,551.0,742.3,52.0898,59.5685
515,20.5600,495,Team A,692,731,762,876,727.0,873.1,54.4403,66.5132
515,20.5600,521,Team A,264,379,307,474,285.5,472.1,47.2760,39.8655
515,20.5600,527,Team B,383,308,419,392,401.0,390.3,49.3794,31.8867
515,20.5600,536,Referee,31,517,65,641,48.0,638.5,44.0523,51.6095
515,20.5600,428,Team B,130,417,171,497,150.5,495.4,44.9186,42.1432
516,20.6000,6,Team B,1555,853,1638,1027,1596.5,1023.5,65.3049,75.5459
516,20.6000,89,Team A,96,494,152,615,124.0,612.6,45.1553,50.1242
516,20.6000,69,Team A,990,532,1038,637,1014.0,634.9,60.2165,55.3389
516,20.6000,340,Team A,1451,416,1506,508,1478.5,506.2,71.5849,47.6676
516,20.6000,363,Team B,1684,474,1742,583,1713.0,580.8,74.6967,54.4162
516,20.6000,8,Team A,502,305,552,429,527.0,426.5,52.0542,35.0879
516,20.6000,361,Team B,1275,317,1316,403,1295.5,401.3,69.8559,36.4565
516,20.6000,348,Team B,941,423,979,519,960.0,517.1,60.3962,46.3157
516,20.6000,504,Team B,528,613,580,747,554.0,744.3,52.1478,59.6381
516,20.6000,495,Team A,696,733,765,876,730.5,873.1,54.4693,66.5075
516,20.6000,521,Team A,268,380,311,474,289.5,472.1,47.3494,39.8099
516,20.6000,527,Team B,385,310,421,393,403.0,391.3,49.4284,32.0148
516,20.6000,536,Referee,36,518,71,642,53.5,639.5,44.1374,51.6292
516,20.6000,428,Team B,134,417,174,495,154.0,493.4,44.9456,41.5559
517,20.6400,6,Team B,1558,855,1644,1030,1601.0,1026.5,65.3081,75.6712
517,20.6400,89,Team A,98,494,155,618,126.5,615.5,45.1933,50.2555
517,20.6400,69,Team A,990,531,1038,635,1014.0,632.9,60.2648,55.1551
517,20.6400,340,Team A,1449,417,1503,510,1476.0,508.1,71.4955,47.7066
517,20.6400,363,Team B,1683,475,1743,590,1713.0,587.7,74.5683,54.7904
517,20.6400,8,Team A,508,304,550,408,529.0,405.9,52.1263,34.5095
517,20.6400,361,Team B,1275,317,1316,403,1295.5,401.3,69.8744,36.4954
517,20.6400,348,Team B,944,422,982,519,963.0,517.1,60.4544,46.3027
517,20.6400,504,Team B,529,613,582,745,555.5,742.4,52.1860,59.6072
517,20.6400,495,Team A,698,731,768,875,733.0,872.1,54.5035,66.4850
517,20.6400,521,Team A,273,382,316,476,294.5,474.1,47.4411,39.9072
517,20.6400,527,Team B,385,312,421,393,403.0,391.4,49.4480,32.0687
517,20.6400,536,Referee,40,520,76,644,58.0,641.5,44.2214,51.7239
517,20.6400,428,Team B,135,418,178,503,156.5,501.3,45.0143,41.7293
518,20.6800,6,Team B,1565,857,1653,1033,1609.0,1029.5,65.3547,75.7994
518,20.6800,89,Team A,100,494,156,616,128.0,613.6,45.2166,50.2324
518,20.6800,69,Team A,990,530,1039,636,1014.5,633.9,60.2841,55.1203
518,20.6800,340,Team A,1450,419,1504,515,1477.0,513.1,71.4014,47.9772
518,20.6800,363,Team B,1686,474,1747,591,1716.5,588.7,74.5453,54.9910
518,20.6800,8,Team A,513,308,551,400,532.0,398.2,52.2016,33.7820
518,20.6800,361,Team B,1277,318,1316,402,1296.5,400.3,69.9112,36.4491
518,20.6800,348,Team B,947,420,985,518,966.0,516.0,60.5205,46.2539
518,20.6800,504,Team B,530,614,581,743,555.5,740.4,52.2026,59.5329
518,20.6800,495,Team A,700,729,771,874,735.5,871.1,54.5398,66.4558
518,20.6800,521,Team A,278,381,320,477,299.0,475.1,47.5317,40.0079
518,20.6800,527,Team B,388,313,424,394,406.0,392.4,49.4956,32.1626
518,20.6800,536,Referee,44,519,82,643,63.0,640.5,44.2984,51.7347
518,20.6800,428,Team B,139,418,180,500,159.5,498.4,45.0634,41.6553
519,20.7200,6,Team B,1570,860,1660,1033,1615.0,1029.5,65.4211,75.8666
519,20.7200,89,Team A,104,493,160,616,132.0,613.5,45.2649,50.2314
519,20.7200,69,Team A,992,528,1041,638,1016.5,635.8,60.3024,55.1861
519,20.7200,340,Team A,1450,419,1503,517,1476.5,515.0,71.3291,48.1834
519,20.7200,363,Team B,1691,472,1751,589,1721.0,586.7,74.6231,54.9979
519,20.7200,8,Team A,518,314,553,399,535.5,397.3,52.2783,33.4421
519,20.7200,361,Team B,1279,321,1317,403,1298.0,401.4,69.9323,36.5039
519,20.7200,348,Team B,951,419,990,520,970.5,518.0,60.5887,46.3424
519,20.7200,504,Team B,532,614,584,747,558.0,744.3,52.2294,59.6341
519,20.7200,495,Team A,701,730,772,871,736.5,868.2,54.5677,66.3714
519,20.7200,521,Team A,284,381,326,477,305.0,475.1,47.6370,40.0614
519,20.7200,527,Team B,389,314,425,394,407.0,392.4,49.5276,32.2035
519,20.7200,536,Referee,50,522,89,643,69.5,640.6,44.3909,51.7559
519,20.7200,428,Team B,142,416,187,507,164.5,505.2,45.1634,41.9830
520,20.7600,6,Team B,1576,861,1668,1035,1622.0,1031.5,65.4912,75.9494
520,20.7600,89,Team A,108,491,163,612,135.5,609.6,45.3056,50.0783
520,20.7600,69,Team A,996,526,1046,640,1021.0,637.7,60.3470,55.2983
520,20.7600,340,Team A,1452,419,1504,513,1478.0,511.1,71.3763,48.0709
520,20.7600,363,Team B,1693,470,1756,590,1724.5,587.6,74.6829,55.0509
520,20.7600,8,Team A,521,317,556,398,538.5,396.4,52.3493,33.2521
520,20.7600,361,Team B,1280,321,1319,404,1299.5,402.3,69.9480,36.5948
520,20.7600,348,Team B,955,418,996,520,975.5,518.0,60.6765,46.3892
520,20.7600,504,Team B,536,615,587,749,561.5,746.3,52.2706,59.7457
520,20.7600,495,Team A,701,730,773,871,737.0,868.2,54.5831,66.3389
520,20.7600,521,Team A,290,380,333,477,311.5,475.1,47.7539,40.0960
520,20.7600,527,Team B,390,315,426,396,408.0,394.4,49.5553,32.3523
520,20.7600,536,Referee,56,522,97,642,76.5,639.6,44.4905,51.7425
520,20.7600,428,Team B,144,415,191,513,167.5,511.0,45.2575,42.4142
521,20.8000,6,Team B,1583,865,1673,1034,1628.0,1030.6,65.5733,75.9797
521,20.8000,89,Team A,112,490,167,612,139.5,609.6,45.3610,50.0252
521,20.8000,69,Team A,1001,523,1052,640,1026.5,637.7,60.4239,55.3547
521,20.8000,340,Team A,1454,419,1508,517,1481.0,515.0,71.3779,48.2329
521,20.8000,363,Team B,1697,470,1761,591,1729.0,588.6,74.7472,55.1266
521,20.8000,8,Team A,525,317,560,396,542.5,394.4,52.4324,33.0555
521,20.8000,361,Team B,1283,322,1322,404,1302.5,402.4,69.9983,36.6398
521,20.8000,348,Team B,959,418,1000,521,979.5,518.9,60.7535,46.4666
521,20.8000,504,Team B,541,616,590,744,565.5,741.4,52.3272,59.6447
521,20.8000,495,Team A,699,730,772,872,735.5,869.2,54.5750,66.3475
521,20.8000,521,Team A,296,379,340,476,318.0,474.1,47.8736,40.0700
521,20.8000,527,Team B,393,314,430,397,411.5,395.3,49.6123,32.4820
521,20.8000,536,Referee,63,526,105,645,84.0,642.6,44.6119,51.8698
521,20.8000,428,Team B,148,412,196,512,172.0,510.0,45.3403,42.5448
522,20.8400,6,Team B,1586,867,1676,1036,1631.0,1032.6,65.6173,76.0381
522,20.8400,89,Team A,116,487,170,608,143.0,605.6,45.4048,49.8493
522,20.8400,69,Team A,1005,520,1059,641,1032.0,638.6,60.5081,55.4268
522,20.8400,340,Team A,1456,417,1510,514,1483.0,512.1,71.4478,48.1519
522,20.8400,363,Team B,1701,471,1764,588,1732.5,585.7,74.8626,55.0412
522,20.8400,8,Team A,528,318,564,398,546.0,396.4,52.5092,33.1147
522,20.8400,361,Team B,1288,323,1328,406,1308.0,404.3,70.0693,36.8028
522,20.8400,348,Team B,963,419,1005,522,984.0,519.9,60.8319,46.5583
522,20.8400,504,Team B,546,616,596,746,571.0,743.4,52.3985,59.6798
522,20.8400,495,Team A,694,730,769,872,731.5,869.2,54.5383,66.3415
522,20.8400,521,Team A,302,377,346,476,324.0,474.0,47.9907,40.0707
522,20.8400,527,Team B,398,312,436,398,417.0,396.3,49.7066,32.6069
522,20.8400,536,Referee,69,529,112,647,90.5,644.6,44.7289,52.0125
522,20.8400,428,Team B,153,412,200,511,176.5,509.0,45.4190,42.5580
523,20.8800,6,Team B,1589,864,1679,1040,1634.0,1036.5,65.6339,76.1437
523,20.8800,89,Team A,120,486,174,607,147.0,604.6,45.4586,49.7468
523,20.8800,69,Team A,1008,514,1061,633,1034.5,630.6,60.6148,55.1522
523,20.8800,340,Team A,1456,416,1511,512,1483.5,510.1,71.5112,48.0198
523,20.8800,363,Team B,1701,475,1762,588,1731.5,585.7,74.8950,55.0077
523,20.8800,8,Team A,531,318,567,398,549.0,396.4,52.5792,33.1447
523,20.8800,361,Team B,1287,323,1322,396,1304.5,394.5,70.1972,36.2009
523,20.8800,348,Team B,965,420,1004,517,984.5,515.1,60.9023,46.3529
523,20.8800,504,Team B,550,618,600,747,575.0,744.4,52.4628,59.7358
523,20.8800,495,Team A,688,730,763,874,725.5,871.1,54.4702,66.3753
523,20.8800,521,Team A,307,374,352,474,329.5,472.0,48.0974,39.9733
523,20.8800,527,Team B,402,311,441,399,421.5,397.2,49.8030,32.7289
523,20.8800,536,Referee,74,526,118,645,96.0,642.6,44.8207,52.0049
523,20.8800,428,Team B,158,412,204,512,181.0,510.0,45.5029,42.6221
524,20.9200,6,Team B,1590,865,1677,1045,1633.5,1041.4,65.6048,76.2794
524,20.9200,89,Team A,124,487,176,605,150.0,602.6,45.5035,49.6327
524,20.9200,69,Team A,1012,514,1064,630,1038.0,627.7,60.7126,54.9356
524,20.9200,340,Team A,1455,416,1511,509,1483.0,507.1,71.5731,47.8147
524,20.9200,363,Team B,1709,477,1768,587,1738.5,584.8,75.0102,54.9732
524,20.9200,8,Team A,533,318,569,397,551.0,395.4,52.6348,33.0965
524,20.9200,361,Team B,1288,322,1325,401,1306.5,399.4,70.2023,36.2951
524,20.9200,348,Team B,967,420,1006,517,986.5,515.1,60.9548,46.2757
524,20.9200,504,Team B,555,619,606,749,580.5,746.4,52.5370,59.8341
524,20.9200,495,Team A,685,730,760,875,722.5,872.1,54.4163,66.4068
524,20.9200,521,Team A,313,376,358,476,335.5,474.0,48.2132,40.0562
524,20.9200,527,Team B,404,314,442,399,423.0,397.3,49.8608,32.7847
524,20.9200,536,Referee,79,525,123,644,101.0,641.6,44.9014,51.9749
524,20.9200,428,Team B,163,414,207,509,185.0,507.1,45.5701,42.5114
525,20.9600,6,Team B,1592,866,1676,1048,1634.0,1044.4,65.5782,76.3915
525,20.9600,89,Team A,126,490,176,606,151.0,603.7,45.5347,49.6322
525,20.9600,69,Team A,1011,515,1063,628,1037.0,625.7,60.7525,54.7697
525,20.9600,340,Team A,1452,415,1507,511,1479.5,509.1,71.5232,47.8231
525,20.9600,363,Team B,1708,477,1768,590,1738.0,587.7,75.0031,55.0847
525,20.9600,8,Team A,535,318,571,396,553.0,394.4,52.6847,33.0167
525,20.9600,361,Team B,1289,322,1326,404,1307.5,402.4,70.1739,36.5320
525,20.9600,348,Team B,970,421,1009,517,989.5,515.1,61.0121,46.2532
525,20.9600,504,Team B,558,620,610,750,584.0,747.4,52.5978,59.9134
525,20.9600,495,Team A,684,729,760,875,722.0,872.1,54.3906,66.4177
525,20.9600,521,Team A,316,377,361,478,338.5,476.0,48.2978,40.2032
525,20.9600,527,Team B,406,317,442,399,424.0,397.4,49.8968,32.8130
525,20.9600,536,Referee,83,522,129,644,106.0,641.6,44.9809,51.9719
525,20.9600,428,Team B,167,416,211,511,189.0,509.1,45.6474,42.5761
526,21.0000,6,Team B,1593,869,1675,1049,1634.0,1045.4,65.5609,76.4563
526,21.0000,89,Team A,128,488,180,609,154.0,606.6,45.5858,49.7579
526,21.0000,69,Team A,1012,516,1063,630,1037.5,627.7,60.7621,54.7829
526,21.0000,340,Team A,1449,416,1503,513,1476.0,511.1,71.4285,47.9183
526,21.0000,363,Team B,1709,479,1768,594,1738.5,591.7,74.9438,55.2999
526,21.0000,8,Team A,536,319,572,395,554.0,393.5,52.7191,32.9235
526,21.0000,361,Team B,1291,322,1328,404,1309.5,402.4,70.1921,36.6316
526,21.0000,348,Team B,971,419,1010,515,990.5,513.1,61.0609,46.1462
526,21.0000,504,Team B,564,620,616,749,590.0,746.4,52.6777,59.9284
526,21.0000,495,Team A,682,721,760,873,721.0,870.0,54.3755,66.3653
526,21.0000,521,Team A,319,380,363,476,341.0,474.1,48.3572,40.1647
526,21.0000,527,Team B,408,318,443,400,425.5,398.4,49.9312,32.8927
526,21.0000,536,Referee,86,520,133,643,109.5,640.5,45.0425,51.9395
526,21.0000,428,Team B,171,416,216,514,193.5,512.0,45.7373,42.7586
527,21.0400,6,Team B,1594,871,1676,1052,1635.0,1048.4,65.5429,76.5413
527,21.0400,89,Team A,132,490,182,608,157.0,605.6,45.6329,49.7765
527,21.0400,69,Team A,1012,517,1063,631,1037.5,628.7,60.7599,54.8276
527,21.0400,340,Team A,1447,418,1502,517,1474.5,515.0,71.3141,48.1535
527,21.0400,363,Team B,1710,479,1769,595,1739.5,592.7,74.9170,55.4304
527,21.0400,8,Team A,538,319,574,395,556.0,393.5,52.7592,32.8904
527,21.0400,361,Team B,1291,322,1328,406,1309.5,404.3,70.1692,36.8019
527,21.0400,348,Team B,974,418,1012,513,993.0,511.1,61.1247,46.0096
527,21.0400,504,Team B,568,618,621,749,594.5,746.4,52.7508,59.9439
527,21.0400,495,Team A,684,719,762,870,723.0,867.0,54.3911,66.2723
527,21.0400,521,Team A,321,378,366,476,343.5,474.0,48.4099,40.1526
527,21.0400,527,Team B,410,318,445,400,427.5,398.4,49.9707,32.9287
527,21.0400,536,Referee,90,516,139,644,114.5,641.4,45.1176,51.9724
527,21.0400,428,Team B,177,412,222,515,199.5,512.9,45.8415,42.8895
528,21.0800,6,Team B,1595,873,1679,1053,1637.0,1049.4,65.5451,76.5996
528,21.0800,89,Team A,137,489,186,606,161.5,603.7,45.6902,49.7127
528,21.0800,69,Team A,1012,514,1065,631,1038.5,628.7,60.7703,54.8457
528,21.0800,340,Team A,1448,415,1501,515,1474.5,513.0,71.2972,48.1453
528,21.0800,363,Team B,1714,478,1773,595,1743.5,592.7,74.9560,55.4929
528,21.0800,8,Team A,542,319,578,395,560.0,393.5,52.8280,32.8856
528,21.0800,361,Team B,1294,323,1331,406,1312.5,404.3,70.2040,36.8786
528,21.0800,348,Team B,976,417,1015,513,995.5,511.1,61.1810,45.9601
528,21.0800,504,Team B,571,618,623,749,597.0,746.4,52.8029,59.9561
528,21.0800,495,Team A,686,718,764,866,725.0,863.0,54.4207,66.1379
528,21.0800,521,Team A,325,375,371,476,348.0,474.0,48.4830,40.1545
528,21.0800,527,Team B,411,317,447,401,429.0,399.3,50.0063,33.0086
528,21.0800,536,Referee,99,518,146,643,122.5,640.5,45.2206,51.9676
528,21.0800,428,Team B,181,406,230,516,205.5,513.8,45.9512,42.9978
529,21.1200,6,Team B,1599,876,1686,1057,1642.5,1053.4,65.5642,76.7115
529,21.1200,89,Team A,142,484,193,607,167.5,604.5,45.7751,49.7370
529,21.1200,69,Team A,1015,515,1066,630,1040.5,627.7,60.8017,54.8201
529,21.1200,340,Team A,1451,413,1504,513,1477.5,511.0,71.3587,48.0482
529,21.1200,363,Team B,1718,477,1779,592,1748.5,589.7,75.0806,55.4058
529,21.1200,8,Team A,546,318,583,395,564.5,393.5,52.9150,32.8919
529,21.1200,361,Team B,1295,323,1332,406,1313.5,404.3,70.2327,36.9117
529,21.1200,348,Team B,979,416,1017,511,998.0,509.1,61.2480,45.8461
529,21.1200,504,Team B,577,617,628,746,602.5,743.4,52.8771,59.8802
529,21.1200,495,Team A,686,716,763,864,724.5,861.0,54.4317,66.0309
529,21.1200,521,Team A,329,374,375,475,352.0,473.0,48.5571,40.1098
529,21.1200,527,Team B,413,318,448,402,430.5,400.3,50.0405,33.1086
529,21.1200,536,Referee,107,522,153,644,130.0,641.6,45.3364,52.0233
529,21.1200,428,Team B,186,405,234,516,210.0,513.8,46.0440,43.0501
530,21.1600,6,Team B,1604,879,1694,1060,1649.0,1056.4,65.6041,76.8286
530,21.1600,89,Team A,146,479,197,600,171.5,597.6,45.8279,49.4675
530,21.1600,69,Team A,1017,516,1067,627,1042.0,624.8,60.8480,54.6982
530,21.1600,340,Team A,1453,410,1506,507,1479.5,505.1,71.4963,47.7094
530,21.1600,363,Team B,1719,476,1781,590,1750.0,587.7,75.1809,55.2904
530,21.1600,8,Team A,551,316,590,395,570.5,393.4,53.0291,32.9045
530,21.1600,361,Team B,1295,322,1330,403,1312.5,401.4,70.2752,36.7253
530,21.1600,348,Team B,983,416,1018,502,1000.5,500.3,61.3689,45.3536
530,21.1600,504,Team B,581,614,633,749,607.0,746.3,52.9450,59.9520
530,21.1600,495,Team A,686,716,763,863,724.5,860.1,54.4377,65.9625
530,21.1600,521,Team A,334,372,380,476,357.0,473.9,48.6463,40.1540
530,21.1600,527,Team B,416,318,450,400,433.0,398.4,50.0850,33.0265
530,21.1600,536,Referee,113,526,157,641,135.0,638.7,45.4215,51.9471
530,21.1600,428,Team B,191,403,238,512,214.5,509.8,46.1181,42.8840
531,21.2000,6,Team B,1609,879,1702,1062,1655.5,1058.3,65.6589,76.9281
531,21.2000,89,Team A,150,477,201,599,175.5,596.6,45.8859,49.3263
531,21.2000,69,Team A,1021,516,1069,622,1045.0,619.9,60.9289,54.4616
531,21.2000,340,Team A,1454,407,1509,505,1481.5,503.0,71.6078,47.4744
531,21.2000,363,Team B,1720,475,1784,591,1752.0,588.7,75.2304,55.2910
531,21.2000,8,Team A,554,314,594,394,574.0,392.4,53.1228,32.8492
531,21.2000,361,Team B,1296,323,1331,403,1313.5,401.4,70.3067,36.6546
531,21.2000,348,Team B,987,416,1023,505,1005.0,503.2,61.4515,45.3198
531,21.2000,504,Team B,585,612,637,749,611.0,746.3,53.0087,59.9890
531,21.2000,495,Team A,685,716,761,863,723.0,860.1,54.4275,65.9316
531,21.2000,521,Team A,339,372,385,475,362.0,472.9,48.7386,40.1295
531,21.2000,527,Team B,419,319,453,400,436.0,398.4,50.1414,33.0012
531,21.2000,536,Referee,119,523,164,641,141.5,638.6,45.5174,51.9290
531,21.2000,428,Team B,199,403,246,508,222.5,505.9,46.2235,42.6385
532,21.2400,6,Team B,1613,878,1707,1062,1660.0,1058.3,65.7164,76.9785
532,21.2400,89,Team A,155,477,206,596,180.5,593.6,45.9505,49.1579
532,21.2400,69,Team A,1025,513,1074,619,1049.5,616.9,61.0289,54.2577
532,21.2400,340,Team A,1452,404,1508,502,1480.0,500.0,71.6769,47.2199
532,21.2400,363,Team B,1720,477,1781,590,1750.5,587.7,75.2467,55.2467
532,21.2400,8,Team A,557,312,599,393,578.0,391.4,53.2151,32.7677
532,21.2400,361,Team B,1297,322,1332,403,1314.5,401.4,70.3344,36.6273
532,21.2400,348,Team B,990,417,1026,507,1008.0,505.2,61.5072,45.4155
532,21.2400,504,Team B,590,612,641,750,615.5,747.2,53.0743,60.0455
532,21.2400,495,Team A,685,717,759,863,722.0,860.1,54.4150,65.9174
532,21.2400,521,Team A,345,371,389,471,367.0,469.0,48.8283,39.9154
532,21.2400,527,Team B,420,317,456,403,438.0,401.3,50.1912,33.1835
532,21.2400,536,Referee,124,515,173,643,148.5,640.4,45.6280,52.0069
532,21.2400,428,Team B,204,403,250,507,227.0,504.9,46.3123,42.5008
533,21.2800,6,Team B,1615,875,1709,1059,1662.0,1055.3,65.7746,76.9473
533,21.2800,89,Team A,161,477,210,592,185.5,589.7,46.0150,48.9365
533,21.2800,69,Team A,1028,511,1077,615,1052.5,612.9,61.1266,54.0235
533,21.2800,340,Team A,1448,404,1505,503,1476.5,501.0,71.6435,47.1600
533,21.2800,363,Team B,1721,477,1779,588,1750.0,585.8,75.2785,55.1433
533,21.2800,8,Team A,555,313,595,391,575.0,389.4,53.2156,32.5991
533,21.2800,361,Team B,1298,323,1334,407,1316.0,405.3,70.3066,36.8822
533,21.2800,348,Team B,993,418,1029,508,1011.0,506.2,61.5591,45.5125
533,21.2800,504,Team B,593,612,644,748,618.5,745.3,53.1303,60.0133
533,21.2800,495,Team A,686,718,758,863,722.0,860.1,54.4099,65.9122
533,21.2800,521,Team A,350,371,393,470,371.5,468.0,48.9155,39.7859
533,21.2800,527,Team B,424,317,459,403,441.5,401.3,50.2559,33.2637
533,21.2800,536,Referee,131,518,179,642,155.0,639.5,45.7315,52.0175
533,21.2800,428,Team B,207,401,253,504,230.0,501.9,46.3721,42.3013
534,21.3200,6,Team B,1617,874,1709,1056,1663.0,1052.4,65.8250,76.8816
534,21.3200,89,Team A,160,477,210,594,185.0,591.7,46.0415,48.9296
534,21.3200,69,Team A,1028,509,1078,615,1053.0,612.9,61.1714,53.9294
534,21.3200,340,Team A,1447,404,1504,508,1475.5,505.9,71.5447,47.3880
534,21.3200,363,Team B,1726,478,1785,591,1755.5,588.7,75.3120,55.2445
534,21.3200,8,Team A,555,314,593,389,574.0,387.5,53.2058,32.3993
534,21.3200,361,Team B,1300,323,1331,397,1315.5,395.5,70.4412,36.3258
534,21.3200,348,Team B,995,414,1033,509,1014.0,507.1,61.6102,45.6047
534,21.3200,504,Team B,598,613,648,747,623.0,744.3,53.1952,59.9807
534,21.3200,495,Team A,688,716,759,861,723.5,858.1,54.4239,65.8614
534,21.3200,521,Team A,355,372,398,473,376.5,471.0,49.0128,39.9075
534,21.3200,527,Team B,428,317,462,402,445.0,400.3,50.3263,33.2397
534,21.3200,536,Referee,135,493,193,643,164.0,640.0,45.8604,52.0606
534,21.3200,428,Team B,210,402,256,505,233.0,502.9,46.4322,42.2790
535,21.3600,6,Team B,1622,874,1710,1055,1666.0,1051.4,65.8753,76.8442
535,21.3600,89,Team A,164,477,215,596,189.5,593.6,46.1028,49.0196
535,21.3600,69,Team A,1028,508,1078,615,1053.0,612.9,61.1895,53.8910
535,21.3600,340,Team A,1448,406,1502,509,1475.0,506.9,71.4837,47.5304
535,21.3600,363,Team B,1726,477,1783,590,1754.5,587.7,75.3291,55.2393
535,21.3600,8,Team A,557,315,595,390,576.0,388.5,53.2268,32.3909
535,21.3600,361,Team B,1300,323,1335,404,1317.5,402.4,70.4171,36.5699
535,21.3600,348,Team B,999,410,1038,510,1018.5,508.0,61.6794,45.6987
535,21.3600,504,Team B,604,613,656,747,630.0,744.3,53.2854,59.9845
535,21.3600,495,Team A,689,711,762,859,725.5,856.0,54.4499,65.7918
535,21.3600,521,Team A,360,372,403,473,381.5,471.0,49.1101,39.9672
535,21.3600,527,Team B,431,318,466,403,448.5,401.3,50.3998,33.3021
535,21.3600,536,Referee,141,505,196,645,168.5,642.2,45.9610,52.1725
535,21.3600,428,Team B,213,401,260,506,236.5,503.9,46.4976,42.3264
536,21.4000,6,Team B,1624,875,1712,1062,1668.0,1058.3,65.8666,76.9634
536,21.4000,89,Team A,166,477,217,595,191.5,592.6,46.1447,49.0190
536,21.4000,69,Team A,1030,505,1081,616,1055.5,613.8,61.2184,53.9193
536,21.4000,340,Team A,1448,407,1501,511,1474.5,508.9,71.4240,47.6878
536,21.4000,363,Team B,1730,477,1788,596,1759.0,593.6,75.2973,55.5006
536,21.4000,8,Team A,561,318,598,389,579.5,387.6,53.2835,32.3330
536,21.4000,361,Team B,1302,322,1337,405,1319.5,403.3,70.4221,36.7364
536,21.4000,348,Team B,1001,407,1042,511,1021.5,508.9,61.7372,45.7906
536,21.4000,504,Team B,611,612,663,746,637.0,743.3,53.3872,59.9710
536,21.4000,495,Team A,693,709,765,855,729.0,852.1,54.4967,65.6680
536,21.4000,521,Team A,367,372,409,471,388.0,469.0,49.2229,39.8981
536,21.4000,527,Team B,435,320,468,397,451.5,395.5,50.4658,32.9530
536,21.4000,536,Referee,141,521,192,644,166.5,641.5,45.9804,52.1874
536,21.4000,428,Team B,219,399,265,505,242.0,502.9,46.5817,42.3059
537,21.4400,6,Team B,1630,876,1716,1064,1673.0,1060.2,65.8897,77.0602
537,21.4400,89,Team A,172,474,225,598,198.5,595.5,46.2396,49.1555
537,21.4400,69,Team A,1035,501,1086,615,1060.5,612.7,61.2917,53.9003
537,21.4400,340,Team A,1450,407,1501,509,1475.5,507.0,71.4417,47.6527
537,21.4400,363,Team B,1736,477,1793,594,1764.5,591.7,75.3843,55.5373
537,21.4400,8,Team A,564,318,601,389,582.5,387.6,53.3462,32.3162
537,21.4400,361,Team B,1303,322,1338,406,1320.5,404.3,70.4236,36.8705
537,21.4400,348,Team B,1003,405,1045,510,1024.0,507.9,61.7987,45.7817
537,21.4400,504,Team B,619,612,671,745,645.0,742.3,53.5030,59.9536
537,21.4400,495,Team A,695,706,768,851,731.5,848.1,54.5436,65.5188
537,21.4400,521,Team A,375,371,416,468,395.5,466.1,49.3531,39.7239
537,21.4400,527,Team B,440,319,472,395,456.0,393.5,50.5499,32.6924
537,21.4400,428,Team B,224,395,271,506,247.5,503.8,46.6787,42.3555
538,21.4800,6,Team B,1634,876,1719,1063,1676.5,1059.3,65.9330,77.0893
538,21.4800,89,Team A,170,468,235,625,202.5,621.9,46.3869,50.2943
538,21.4800,69,Team A,1040,495,1093,615,1066.5,612.6,61.3878,53.9031
538,21.4800,340,Team A,1454,407,1505,509,1479.5,507.0,71.5017,47.6493
538,21.4800,363,Team B,1743,477,1802,595,1772.5,592.6,75.5025,55.6161
538,21.4800,8,Team A,567,316,604,388,585.5,386.6,53.4133,32.2470
538,21.4800,361,Team B,1306,323,1340,406,1323.0,404.3,70.4609,36.9316
538,21.4800,348,Team B,1006,406,1046,509,1026.0,506.9,61.8552,45.7340
538,21.4800,504,Team B,625,612,677,744,651.0,741.4,53.6060,59.9298
538,21.4800,495,Team A,695,706,769,849,732.0,846.1,54.5701,65.4081
538,21.4800,521,Team A,382,370,422,467,402.0,465.1,49.4808,39.6132
538,21.4800,527,Team B,445,321,475,392,460.0,390.6,50.6350,32.4045
538,21.4800,428,Team B,229,393,276,505,252.5,502.8,46.7702,42.3347
538,21.4800,536,Referee,163,524,213,641,188.0,638.7,46.1862,52.1318
539,21.5200,6,Team B,1640,879,1724,1063,1682.0,1059.3,65.9934,77.1155
539,21.5200,89,Team A,171,466,241,633,206.0,629.7,46.4996,51.0659
539,21.5200,69,Team A,1045,488,1099,611,1072.0,608.5,61.5135,53.7524
539,21.5200,340,Team A,1458,406,1510,507,1484.0,505.0,71.6143,47.5577
539,21.5200,363,Team B,1746,477,1806,593,1776.0,590.7,75.6253,55.5740
539,21.5200,8,Team A,570,312,612,389,591.0,387.5,53.5119,32.2916
539,21.5200,361,Team B,1309,323,1344,406,1326.5,404.3,70.5275,36.9646
539,21.5200,348,Team B,1012,408,1049,504,1030.5,502.1,61.9704,45.4763
539,21.5200,504,Team B,630,609,682,744,656.0,741.3,53.6936,59.9304
539,21.5200,495,Team A,697,709,769,846,733.0,843.3,54.5944,65.2892
539,21.5200,521,Team A,390,365,431,464,410.5,462.0,49.6298,39.4186
539,21.5200,527,Team B,451,320,486,398,468.5,396.4,50.7801,32.6937
539,21.5200,428,Team B,238,393,284,502,261.0,499.8,46.8934,42.1954
540,21.5600,6,Team B,1645,884,1731,1069,1688.0,1065.3,66.0258,77.2517
540,21.5600,89,Team A,177,492,240,639,208.5,636.1,46.5846,51.6296
540,21.5600,69,Team A,1050,485,1104,608,1077.0,605.5,61.6392,53.5814
540,21.5600,340,Team A,1460,405,1513,504,1486.5,502.0,71.7366,47.3739
540,21.5600,363,Team B,1754,476,1814,589,1784.0,586.7,75.8392,55.4109
540,21.5600,8,Team A,571,309,614,389,592.5,387.4,53.5715,32.3086
540,21.5600,361,Team B,1313,323,1345,397,1329.0,395.5,70.7316,36.3913
540,21.5600,348,Team B,1020,408,1054,495,1037.0,493.3,62.1665,44.9286
540,21.5600,504,Team B,637,609,688,743,662.5,740.3,53.7902,59.9150
540,21.5600,495,Team A,696,712,768,849,732.0,846.3,54.5902,65.3194
540,21.5600,521,Team A,400,365,440,463,420.0,461.0,49.8016,39.3069
540,21.5600,527,Team B,455,320,491,401,473.0,399.4,50.8963,33.0107
540,21.5600,428,Team B,246,394,291,500,268.5,497.9,47.0214,42.0570
541,21.6000,6,Team B,1651,885,1740,1069,1695.5,1065.3,66.0977,77.3249
541,21.6000,89,Team A,176,478,246,639,211.0,635.8,46.6421,51.8499
541,21.6000,69,Team A,1057,485,1110,604,1083.5,601.6,61.7883,53.3671
541,21.6000,340,Team A,1461,404,1516,504,1488.5,502.0,71.8124,47.3047
541,21.6000,363,Team B,1760,477,1821,590,1790.5,587.7,75.9896,55.4070
541,21.6000,8,Team A,579,310,622,388,600.5,386.4,53.7045,32.2675
541,21.6000,361,Team B,1316,323,1348,395,1332.0,393.6,70.8900,36.0356
541,21.6000,348,Team B,1028,409,1058,483,1043.0,481.5,62.4160,44.0961
541,21.6000,504,Team B,646,608,695,741,670.5,738.3,53.9061,59.8647
541,21.6000,495,Team A,691,709,763,850,727.0,847.2,54.5444,65.3442
541,21.6000,521,Team A,407,364,448,460,427.5,458.1,49.9577,39.1125
541,21.6000,527,Team B,458,320,495,401,476.5,399.4,50.9880,33.1449
541,21.6000,428,Team B,256,393,298,493,277.0,491.0,47.1509,41.6645
542,21.6400,6,Team B,1657,885,1749,1070,1703.0,1066.3,66.1791,77.3906
542,21.6400,89,Team A,182,471,255,639,218.5,635.6,46.7372,51.9498
542,21.6400,69,Team A,1060,489,1111,602,1085.5,599.7,61.8832,53.2080
542,21.6400,340,Team A,1464,405,1518,502,1491.0,500.1,71.9052,47.1823
542,21.6400,363,Team B,1761,478,1822,591,1791.5,588.7,76.0455,55.4511
542,21.6400,8,Team A,577,311,619,387,598.0,385.5,53.7262,32.1809
542,21.6400,361,Team B,1318,323,1352,399,1335.0,397.5,70.9348,36.1671
542,21.6400,348,Team B,1036,406,1062,472,1049.0,470.7,62.6839,43.1820
542,21.6400,504,Team B,654,607,702,739,678.0,736.4,54.0255,59.7991
542,21.6400,495,Team A,687,709,759,850,723.0,847.2,54.4920,65.3446
542,21.6400,521,Team A,416,365,457,460,436.5,458.1,50.1278,39.0558
542,21.6400,527,Team B,463,319,499,403,481.0,401.3,51.0826,33.3339
542,21.6400,428,Team B,264,394,304,489,284.0,487.1,47.2723,41.3187
543,21.6800,6,Team B,1665,887,1758,1068,1711.5,1064.4,66.2915,77.4023
543,21.6800,69,Team A,1062,492,1111,602,1086.5,599.8,61.9320,53.1495
543,21.6800,340,Team A,1462,406,1516,505,1489.0,503.0,71.8713,47.2825
543,21.6800,363,Team B,1763,479,1824,595,1793.5,592.7,76.0274,55.6423
543,21.6800,8,Team A,579,312,620,388,599.5,386.5,53.7529,32.2170
543,21.6800,361,Team B,1318,323,1352,397,1335.0,395.5,70.9844,36.0868
543,21.6800,348,Team B,1043,406,1066,460,1054.5,458.9,62.9656,42.1657
543,21.6800,504,Team B,661,608,708,733,684.5,730.5,54.1440,59.5989
543,21.6800,495,Team A,688,710,759,849,723.5,846.2,54.4770,65.3203
543,21.6800,521,Team A,421,365,463,461,442.0,459.1,50.2621,39.1005
543,21.6800,527,Team B,468,316,504,402,486.0,400.3,51.1852,33.3527
543,21.6800,428,Team B,271,393,313,495,292.0,493.0,47.4248,41.5043
543,21.6800,536,Referee,200,510,254,637,227.0,634.5,46.6344,52.0362
544,21.7200,6,Team B,1673,886,1765,1066,1719.0,1062.4,66.4090,77.3887
544,21.7200,69,Team A,1066,494,1114,605,1090.0,602.8,61.9701,53.2591
544,21.7200,340,Team A,1464,406,1517,506,1490.5,504.0,71.8630,47.3775
544,21.7200,363,Team B,1765,480,1824,597,1794.5,594.7,75.9999,55.8055
544,21.7200,8,Team A,583,314,622,387,602.5,385.5,53.8058,32.1742
544,21.7200,361,Team B,1320,324,1355,403,1337.5,401.4,70.9464,36.4588
544,21.7200,504,Team B,670,608,716,731,693.0,728.5,54.2747,59.4756
544,21.7200,495,Team A,690,705,764,849,727.0,846.1,54.5009,65.3163
544,21.7200,521,Team A,428,364,470,460,449.0,458.1,50.3993,39.0776
544,21.7200,527,Team B,472,316,508,400,490.0,398.3,51.2785,33.2410
544,21.7200,428,Team B,280,393,322,497,301.0,494.9,47.5915,41.7002
544,21.7200,89,Team A,198,462,273,637,235.5,633.5,46.9350,51.9456
545,21.7600,6,Team B,1681,888,1770,1065,1725.5,1061.5,66.5138,77.3818
545,21.7600,69,Team A,1068,491,1117,605,1092.5,602.7,62.0137,53.3069
545,21.7600,340,Team A,1465,404,1517,506,1491.0,504.0,71.8669,47.4147
545,21.7600,363,Team B,1768,481,1826,600,1797.0,597.6,75.9713,56.0025
545,21.7600,8,Team A,586,311,627,390,606.5,388.4,53.8741,32.3599
545,21.7600,361,Team B,1322,326,1356,403,1339.0,401.5,70.9529,36.6139
545,21.7600,504,Team B,678,610,722,726,700.0,723.7,54.4020,59.2839
545,21.7600,495,Team A,693,695,769,846,731.0,843.0,54.5502,65.2401
545,21.7600,521,Team A,435,365,476,460,455.5,458.1,50.5321,39.0840
545,21.7600,527,Team B,477,316,512,401,494.5,399.3,51.3739,33.2697
545,21.7600,428,Team B,286,393,327,494,306.5,492.0,47.7140,41.6382
545,21.7600,89,Team A,209,467,280,636,244.5,632.6,47.0996,51.9303
546,21.8000,6,Team B,1683,885,1772,1068,1727.5,1064.3,66.5521,77.4373
546,21.8000,69,Team A,1072,489,1122,604,1097.0,601.7,62.0886,53.2951
546,21.8000,340,Team A,1468,402,1521,505,1494.5,502.9,71.9303,47.3859
546,21.8000,363,Team B,1774,479,1831,596,1802.5,593.7,76.0935,55.9298
546,21.8000,8,Team A,589,311,630,388,609.5,386.5,53.9462,32.3084
546,21.8000,361,Team B,1323,326,1359,406,1341.0,404.4,70.9381,36.8769
546,21.8000,504,Team B,685,610,726,712,705.5,710.0,54.5321,58.7633
546,21.8000,495,Team A,696,688,773,840,734.5,837.0,54.6107,65.0558
546,21.8000,521,Team A,440,363,481,459,460.5,457.1,50.6452,39.0400
546,21.8000,527,Team B,481,319,515,401,498.0,399.4,51.4573,33.2925
546,21.8000,428,Team B,294,392,334,493,314.0,491.0,47.8458,41.5779
546,21.8000,89,Team A,219,464,290,636,254.5,632.6,47.2627,51.9449
546,21.8000,561,Team B,1051,406,1085,485,1068.0,483.4,63.0874,43.8154
547,21.8400,6,Team B,1685,885,1771,1073,1728.0,1069.2,66.5382,77.5509
547,21.8400,69,Team A,1076,488,1125,601,1100.5,598.7,62.1785,53.1758
547,21.8400,340,Team A,1470,400,1524,505,1497.0,502.9,71.9895,47.3790
547,21.8400,363,Team B,1779,478,1837,596,1808.0,593.6,76.2113,55.9154
547,21.8400,8,Team A,593,312,634,387,613.5,385.5,54.0311,32.2313
547,21.8400,361,Team B,1321,327,1358,410,1339.5,408.3,70.8474,37.2387
547,21.8400,504,Team B,692,611,733,711,712.5,709.0,54.6531,58.5396
547,21.8400,495,Team A,701,690,775,836,738.0,833.1,54.6721,64.8849
547,21.8400,521,Team A,446,362,487,460,466.5,458.0,50.7626,39.0900
547,21.8400,527,Team B,486,321,516,393,501.0,391.6,51.5334,32.7950
547,21.8400,428,Team B,299,388,342,494,320.5,491.9,47.9740,41.6152
547,21.8400,89,Team A,228,457,301,638,264.5,634.4,47.4288,52.0445
547,21.8400,561,Team B,1052,404,1090,492,1071.0,490.2,63.0672,44.1885
548,21.8800,6,Team B,1688,886,1772,1076,1730.0,1072.2,66.5285,77.6554
548,21.8800,69,Team A,1080,486,1129,598,1104.5,595.8,62.2807,53.0131
548,21.8800,340,Team A,1472,396,1527,505,1499.5,502.8,72.0477,47.3787
548,21.8800,363,Team B,1783,477,1844,598,1813.5,595.6,76.2944,56.0072
548,21.8800,8,Team A,595,312,638,387,616.5,385.5,54.1054,32.2068
548,21.8800,504,Team B,698,611,739,711,718.5,709.0,54.7590,58.4648
548,21.8800,495,Team A,704,695,775,836,739.5,833.2,54.7095,64.8229
548,21.8800,521,Team A,455,363,494,457,474.5,455.1,50.9059,38.9623
548,21.8800,527,Team B,491,322,520,392,505.5,390.6,51.6234,32.5416
548,21.8800,428,Team B,308,384,351,490,329.5,487.9,48.1200,41.4408
548,21.8800,89,Team A,235,453,308,638,271.5,634.3,47.5633,52.0974
548,21.8800,561,Team B,1056,406,1094,494,1075.0,492.2,63.0927,44.4538
549,21.9200,6,Team B,1689,887,1771,1076,1730.0,1072.2,66.5245,77.6976
549,21.9200,69,Team A,1084,486,1134,596,1109.0,593.8,62.3865,52.8768
549,21.9200,340,Team A,1473,394,1529,503,1501.0,500.8,72.1214,47.2783
549,21.9200,363,Team B,1786,477,1848,598,1817.0,595.6,76.3713,56.0538
549,21.9200,8,Team A,596,312,641,388,618.5,386.5,54.1596,32.2675
549,21.9200,504,Team B,704,612,745,708,724.5,706.1,54.8654,58.3505
549,21.9200,495,Team A,705,700,774,837,739.5,834.3,54.7224,64.8275
549,21.9200,521,Team A,463,365,500,456,481.5,454.2,51.0480,38.8733
549,21.9200,527,Team B,496,324,523,387,509.5,385.7,51.7150,32.1229
549,21.9200,428,Team B,314,383,357,489,335.5,486.9,48.2450,41.3318
549,21.9200,89,Team A,242,451,314,637,278.0,633.3,47.6785,52.0939
549,21.9200,561,Team B,1062,407,1097,490,1079.5,488.3,63.1936,44.3637
549,21.9200,361,Team B,1319,328,1356,411,1337.5,409.3,70.7659,37.4441
550,21.9600,6,Team B,1692,890,1775,1077,1733.5,1073.3,66.5435,77.7420
550,21.9600,69,Team A,1084,485,1133,595,1108.5,592.8,62.4304,52.7786
550,21.9600,340,Team A,1475,394,1530,500,1502.5,497.9,72.2159,47.0878
550,21.9600,363,Team B,1789,478,1851,598,1820.0,595.6,76.4390,56.0817
550,21.9600,8,Team A,592,311,637,387,614.5,385.5,54.1299,32.2157
550,21.9600,504,Team B,710,613,751,710,730.5,708.1,54.9612,58.3865
550,21.9600,495,Team A,704,703,770,838,737.0,835.3,54.7041,64.8516
550,21.9600,521,Team A,469,363,505,454,487.0,452.2,51.1718,38.7356
550,21.9600,527,Team B,500,324,527,387,513.5,385.7,51.8045,31.9637
550,21.9600,428,Team B,320,384,364,489,342.0,486.9,48.3693,41.3037
550,21.9600,89,Team A,250,452,320,636,285.0,632.3,47.7913,52.0712
550,21.9600,561,Team B,1066,405,1100,486,1083.0,484.4,63.3132,44.1237
550,21.9600,361,Team B,1322,330,1358,412,1340.0,410.4,70.7541,37.5992
551,22.0000,6,Team B,1696,893,1779,1078,1737.5,1074.3,66.5755,77.7885
551,22.0000,69,Team A,1085,486,1134,595,1109.5,592.8,62.4592,52.7428
551,22.0000,340,Team A,1474,397,1527,501,1500.5,498.9,72.2110,47.0610
551,22.0000,363,Team B,1791,482,1853,601,1822.0,598.6,76.4403,56.2255
551,22.0000,8,Team A,591,311,636,390,613.5,388.4,54.0975,32.3913
551,22.0000,504,Team B,715,613,757,712,736.0,710.0,55.0479,58.4805
551,22.0000,495,Team A,704,705,768,840,736.0,837.3,54.6845,64.9131
551,22.0000,521,Team A,479,368,513,454,496.0,452.3,51.3307,38.7063
551,22.0000,527,Team B,502,324,531,389,516.5,387.7,51.8785,32.0382
551,22.0000,428,Team B,325,385,369,487,347.0,485.0,48.4730,41.2011
551,22.0000,89,Team A,257,453,324,636,290.5,632.3,47.8902,52.0756
551,22.0000,561,Team B,1070,405,1104,485,1087.0,483.4,63.4210,43.9848
551,22.0000,361,Team B,1325,331,1362,413,1343.5,411.4,70.7850,37.7351
552,22.0400,6,Team B,1700,896,1785,1079,1742.5,1075.3,66.6205,77.8382
552,22.0400,69,Team A,1087,487,1135,596,1111.0,593.8,62.4804,52.7746
552,22.0400,340,Team A,1474,400,1525,504,1499.5,501.9,72.1499,47.2046
552,22.0400,363,Team B,1796,484,1857,605,1826.5,602.6,76.4303,56.4610
552,22.0400,8,Team A,593,311,637,392,615.0,390.4,54.0999,32.5963
552,22.0400,504,Team B,720,611,764,714,742.0,711.9,55.1357,58.5974
552,22.0400,495,Team A,705,698,772,839,738.5,836.2,54.7002,64.9133
552,22.0400,521,Team A,485,370,519,455,502.0,453.3,51.4668,38.7663
552,22.0400,527,Team B,501,324,532,391,516.5,389.7,51.9067,32.1991
552,22.0400,428,Team B,331,384,373,483,352.0,481.0,48.5657,40.9617
552,22.0400,561,Team B,1073,405,1108,490,1090.5,488.3,63.4653,44.2013
552,22.0400,361,Team B,1326,331,1362,411,1344.0,409.4,70.8357,37.6626
552,22.0400,536,Referee,269,507,323,635,296.0,632.4,47.4814,52.0782
553,22.0800,6,Team B,1705,900,1793,1079,1749.0,1075.4,66.6891,77.8755
553,22.0800,69,Team A,1091,484,1140,596,1115.5,593.8,62.5402,52.7964
553,22.0800,340,Team A,1474,401,1524,506,1499.0,503.9,72.0889,47.3638
553,22.0800,363,Team B,1797,486,1854,601,1825.5,598.7,76.4789,56.3905
553,22.0800,8,Team A,593,311,636,392,614.5,390.4,54.0941,32.6772
553,22.0800,504,Team B,723,613,768,718,745.5,715.9,55.1951,58.7854
553,22.0800,495,Team A,707,690,775,836,741.0,833.1,54.7338,64.8351
553,22.0800,521,Team A,489,344,532,455,510.5,452.8,51.6248,38.7795
553,22.0800,428,Team B,335,385,378,486,356.5,484.0,48.6591,41.0336
553,22.0800,561,Team B,1073,405,1113,499,1093.0,497.1,63.4372,44.7608
553,22.0800,361,Team B,1324,331,1361,412,1342.5,410.4,70.8184,37.6940
553,22.0800,89,Team A,270,454,335,635,302.5,631.4,48.0457,52.0676
554,22.1200,6,Team B,1710,899,1800,1080,1755.0,1076.4,66.7571,77.9226
554,22.1200,69,Team A,1096,484,1144,595,1120.0,592.8,62.6223,52.7751
554,22.1200,340,Team A,1476,399,1526,504,1501.0,501.9,72.1214,47.3287
554,22.1200,363,Team B,1799,487,1857,605,1828.0,602.6,76.4633,56.5337
554,22.1200,8,Team A,594,311,638,393,616.0,391.4,54.1095,32.7782
554,22.1200,504,Team B,725,611,774,725,749.5,722.7,55.2409,59.0965
554,22.1200,495,Team A,710,685,780,834,745.0,831.0,54.7857,64.7571
554,22.1200,521,Team A,496,347,537,454,516.5,451.9,51.7618,38.7454
554,22.1200,428,Team B,338,383,381,486,359.5,483.9,48.7308,41.0668
554,22.1200,561,Team B,1074,407,1116,503,1095.0,501.1,63.4167,45.1960
554,22.1200,361,Team B,1322,331,1359,413,1340.5,411.4,70.7667,37.7657
554,22.1200,89,Team A,276,454,340,636,308.0,632.4,48.1633,52.1154
555,22.1600,6,Team B,1712,899,1804,1080,1758.0,1076.4,66.8079,77.9487
555,22.1600,69,Team A,1098,483,1147,593,1122.5,590.8,62.6982,52.6888
555,22.1600,340,Team A,1478,397,1529,504,1503.5,501.9,72.1684,47.3192
555,22.1600,363,Team B,1804,485,1861,604,1832.5,601.6,76.5299,56.5613
555,22.1600,8,Team A,596,310,642,393,619.0,391.3,54.1558,32.8237
555,22.1600,504,Team B,731,609,783,732,757.0,729.5,55.3142,59.4626
555,22.1600,495,Team A,712,682,783,832,747.5,829.0,54.8319,64.6766
555,22.1600,521,Team A,502,350,541,453,521.5,450.9,51.8782,38.6901
555,22.1600,428,Team B,342,382,385,485,363.5,482.9,48.8041,41.0359
555,22.1600,561,Team B,1074,408,1119,508,1096.5,506.0,63.3848,45.6276
555,22.1600,361,Team B,1319,332,1356,413,1337.5,411.4,70.7017,37.7883
555,22.1600,89,Team A,284,455,347,636,315.5,632.4,48.2840,52.1527
556,22.2000,6,Team B,1714,898,1806,1080,1760.0,1076.4,66.8441,77.9638
556,22.2000,69,Team A,1102,483,1150,588,1126.0,585.9,62.8053,52.4536
556,22.2000,340,Team A,1480,395,1532,502,1506.0,499.9,72.2512,47.2175
556,22.2000,363,Team B,1806,482,1866,606,1836.0,603.5,76.5679,56.6612
556,22.2000,8,Team A,597,309,643,393,620.0,391.3,54.1877,32.8427
556,22.2000,504,Team B,736,607,791,736,763.5,733.4,55.3955,59.7508
556,22.2000,495,Team A,713,679,785,828,749.0,825.0,54.8712,64.5384
556,22.2000,521,Team A,508,348,548,453,528.0,450.9,52.0043,38.6802
556,22.2000,428,Team B,348,380,390,483,369.0,480.9,48.8940,40.9292
556,22.2000,561,Team B,1075,412,1121,508,1098.0,506.1,63.3901,45.8082
556,22.2000,361,Team B,1321,332,1354,408,1337.5,406.5,70.7527,37.4758
556,22.2000,536,Referee,296,515,348,636,322.0,633.6,48.0767,52.1997
557,22.2400,6,Team B,1716,897,1808,1080,1762.0,1076.3,66.8744,77.9743
557,22.2400,69,Team A,1104,485,1152,585,1128.0,583.0,62.8931,52.2395
557,22.2400,340,Team A,1479,394,1534,502,1506.5,499.8,72.2913,47.1771
557,22.2400,363,Team B,1809,481,1872,606,1840.5,603.5,76.6391,56.7130
557,22.2400,8,Team A,598,309,644,390,621.0,388.4,54.2212,32.6554
557,22.2400,504,Team B,743,606,799,737,771.0,734.4,55.4963,59.9153
557,22.2400,495,Team A,714,682,785,826,749.5,823.1,54.8950,64.4317
557,22.2400,521,Team A,513,346,554,453,533.5,450.9,52.1221,38.6862
557,22.2400,428,Team B,353,381,395,483,374.0,481.0,48.9878,40.8987
557,22.2400,361,Team B,1320,334,1354,410,1337.0,408.5,70.7342,37.4813
557,22.2400,89,Team A,295,445,361,638,328.0,634.1,48.4573,52.2652
558,22.2800,6,Team B,1720,896,1810,1078,1765.0,1074.4,66.9238,77.9500
558,22.2800,69,Team A,1090,441,1159,584,1124.5,581.1,62.9023,52.0642
558,22.2800,340,Team A,1478,393,1536,503,1507.0,500.8,72.2993,47.2126
558,22.2800,363,Team B,1811,481,1876,604,1843.5,601.5,76.7379,56.6608
558,22.2800,8,Team A,593,311,636,388,614.5,386.5,54.1522,32.4371
558,22.2800,504,Team B,747,605,804,737,775.5,734.4,55.5791,59.9915
558,22.2800,495,Team A,705,684,773,828,739.0,825.1,54.8095,64.4193
558,22.2800,521,Team A,519,352,558,455,538.5,452.9,52.2285,38.8192
558,22.2800,428,Team B,359,381,399,480,379.0,478.0,49.0795,40.7400
558,22.2800,361,Team B,1323,334,1357,411,1340.0,409.5,70.7555,37.5552
558,22.2800,89,Team A,300,443,367,640,333.5,636.1,48.5832,52.3975
559,22.3200,6,Team B,1728,897,1815,1079,1771.5,1075.4,66.9878,77.9743
559,22.3200,69,Team A,1087,424,1163,586,1125.0,582.8,62.8993,52.0657
559,22.3200,340,Team A,1474,395,1529,503,1501.5,500.8,72.2284,47.2142
559,22.3200,363,Team B,1816,483,1882,605,1849.0,602.6,76.8283,56.6980
559,22.3200,8,Team A,592,310,634,389,613.0,387.4,54.1021,32.4115
559,22.3200,504,Team B,752,606,810,739,781.0,736.3,55.6591,60.0992
559,22.3200,495,Team A,706,685,775,828,740.5,825.1,54.7882,64.4184
559,22.3200,521,Team A,523,354,561,454,542.0,452.0,52.3148,38.8263
559,22.3200,428,Team B,365,381,405,480,385.0,478.0,49.1858,40.6899
559,22.3200,361,Team B,1324,332,1362,415,1343.0,413.3,70.7472,37.8450
559,22.3200,89,Team A,303,444,368,636,335.5,632.2,48.6481,52.3033
560,22.3600,6,Team B,1736,897,1820,1080,1778.0,1076.3,67.0578,78.0178
560,22.3600,69,Team A,1097,455,1158,587,1127.5,584.4,62.9146,52.1418
560,22.3600,340,Team A,1476,397,1529,505,1502.5,502.8,72.1830,47.3218
560,22.3600,363,Team B,1822,486,1888,607,1855.0,604.6,76.9045,56.8136
560,22.3600,8,Team A,592,310,635,392,613.5,390.4,54.0817,32.5998
560,22.3600,504,Team B,755,608,812,737,783.5,734.4,55.7195,60.0865
560,22.3600,495,Team A,703,683,773,830,738.0,827.1,54.7544,64.4650
560,22.3600,521,Team A,528,357,565,454,546.5,452.1,52.4044,38.8427
560,22.3600,428,Team B,371,381,410,480,390.5,478.0,49.2922,40.6821
560,22.3600,361,Team B,1325,330,1366,418,1345.5,416.2,70.7351,38.1546
560,22.3600,89,Team A,311,445,374,635,342.5,631.2,48.7418,52.2445
561,22.4000,6,Team B,1739,899,1823,1080,1781.0,1076.4,67.1091,78.0433
561,22.4000,69,Team A,1097,431,1167,587,1132.0,583.9,62.9760,52.1631
561,22.4000,340,Team A,1481,400,1530,503,1505.5,500.9,72.2338,47.2738
561,22.4000,363,Team B,1822,487,1884,605,1853.0,602.6,76.9432,56.7738
561,22.4000,8,Team B,593,311,636,394,614.5,392.3,54.0821,32.8094
561,22.4000,504,Team B,757,609,813,734,785.0,731.5,55.7655,59.9906
561,22.4000,495,Team A,703,681,773,832,738.0,829.0,54.7373,64.5365
561,22.4000,521,Team A,532,356,569,454,550.5,452.0,52.4892,38.8571
561,22.4000,428,Team B,377,381,417,481,397.0,479.0,49.4113,40.7462
561,22.4000,89,Team A,315,445,378,634,346.5,630.2,48.8175,52.1918
562,22.4400,6,Team B,1742,902,1827,1080,1784.5,1076.4,67.1568,78.0632
562,22.4400,69,Team A,1104,455,1163,588,1133.5,585.3,63.0065,52.2385
562,22.4400,340,Team A,1482,398,1532,502,1507.0,499.9,72.2898,47.2052
562,22.4400,363,Team B,1824,489,1886,607,1855.0,604.6,76.9494,56.8464
562,22.4400,8,Team B,594,312,637,394,615.5,392.4,54.0956,32.8968
562,22.4400,504,Team B,762,610,818,734,790.0,731.5,55.8312,59.9652
562,22.4400,495,Team A,703,674,775,830,739.0,826.9,54.7430,64.5097
562,22.4400,521,Team A,538,353,575,452,556.5,450.0,52.5993,38.7600
562,22.4400,428,Team B,382,382,421,480,401.5,478.0,49.5103,40.7302
562,22.4400,89,Team B,319,448,380,634,349.5,630.3,48.8775,52.1801
562,22.4400,361,Team B,1320,328,1361,412,1340.5,410.3,70.7497,37.8820
563,22.4800,6,Team B,1750,904,1836,1080,1793.0,1076.5,67.2426,78.0928
563,22.4800,69,Team A,1109,465,1163,585,1136.0,582.6,63.0685,52.1566
563,22.4800,340,Team A,1485,397,1534,501,1509.5,498.9,72.3611,47.1319
563,22.4800,363,Team B,1827,489,1887,607,1857.0,604.6,76.9767,56.8811
563,22.4800,8,Team B,595,310,638,392,616.5,390.4,54.1192,32.8003
563,22.4800,504,Team B,764,608,822,735,793.0,732.5,55.8833,59.9928
563,22.4800,495,Team A,706,670,777,826,741.5,822.9,54.7746,64.3945
563,22.4800,521,Team A,543,350,581,450,562.0,448.0,52.7136,38.6167
563,22.4800,428,Team B,390,382,428,479,409.0,477.1,49.6365,40.6878
563,22.4800,89,Team B,322,446,384,634,353.0,630.2,48.9360,52.1820
563,22.4800,581,Team A,4,367,28,468,16.0,466.0,42.1888,38.2385
563,22.4800,583,Team A,319,445,367,531,343.0,529.3,48.5823,44.8431
564,22.5200,6,Team B,1760,906,1847,1080,1803.5,1076.5,67.3594,78.1312
564,22.5200,69,Team A,1114,466,1166,579,1140.0,576.7,63.1854,51.8787
564,22.5200,340,Team A,1489,395,1539,500,1514.0,497.9,72.4659,47.0609
564,22.5200,363,Team B,1832,488,1894,609,1863.0,606.6,77.0287,56.9921
564,22.5200,8,Team B,594,309,639,391,616.5,389.4,54.1311,32.6947
564,22.5200,504,Team B,768,603,828,736,798.0,733.3,55.9492,60.0445
564,22.5200,495,Team A,709,668,780,820,744.5,817.0,54.8249,64.1906
564,22.5200,521,Team A,549,349,585,447,567.0,445.0,52.8252,38.3984
564,22.5200,428,Team B,397,380,435,476,416.0,474.1,49.7664,40.5250
564,22.5200,89,Team B,326,444,387,630,356.5,626.3,48.9896,52.0351
564,22.5200,581,Team A,8,364,32,467,20.0,464.9,42.2274,38.1899
564,22.5200,583,Team A,324,444,373,535,348.5,533.2,48.6479,45.0422
564,22.5200,584,Team B,1151,406,1190,504,1170.5,502.0,64.9759,45.8861
564,22.5200,536,Referee,343,515,390,629,366.5,626.7,48.7456,52.0829
564,22.5200,361,Team B,1315,330,1354,414,1334.5,412.3,70.6363,37.8886
565,22.5600,6,Team B,1767,908,1854,1079,1810.5,1075.6,67.4682,78.1468
565,22.5600,69,Team A,1119,466,1171,578,1145.0,575.8,63.2978,51.7373
565,22.5600,340,Team A,1492,396,1542,497,1517.0,495.0,72.5938,46.8862
565,22.5600,363,Team B,1840,487,1901,609,1870.5,606.6,77.1427,57.0570
565,22.5600,8,Team B,593,311,633,385,613.0,383.5,54.1031,32.2502
565,22.5600,504,Team B,773,600,834,735,803.5,732.3,56.0304,60.0450
565,22.5600,495,Team A,712,667,782,817,747.0,814.0,54.8727,64.0320
565,22.5600,521,Team A,555,349,591,447,573.0,445.0,52.9443,38.3244
565,22.5600,428,Team B,403,379,441,475,422.0,473.1,49.8880,40.4189
565,22.5600,89,Team B,330,443,392,632,361.0,628.2,49.0577,52.0633
565,22.5600,581,Team A,16,361,42,466,29.0,463.9,42.3374,38.1322
565,22.5600,583,Team A,331,443,380,532,355.5,530.2,48.7463,44.9963
565,22.5600,584,Team B,1161,403,1202,505,1181.5,503.0,65.1063,45.9616
565,22.5600,586,Team B,507,331,544,391,525.5,389.8,52.1228,32.3534
565,22.5600,536,Referee,348,515,396,632,372.0,629.7,49.0705,52.1647
565,22.5600,361,Team B,1318,332,1357,417,1337.5,415.3,70.5886,38.0916
566,22.6000,6,Team B,1778,908,1866,1080,1822.0,1076.6,67.5955,78.1991
566,22.6000,69,Team A,1123,467,1176,576,1149.5,573.8,63.4106,51.6069
566,22.6000,340,Team A,1494,396,1544,496,1519.0,494.0,72.6875,46.7696
566,22.6000,363,Team B,1845,486,1908,608,1876.5,605.6,77.2799,57.0588
566,22.6000,8,Team B,596,312,633,381,614.5,379.6,54.1218,31.8086
566,22.6000,504,Team B,778,598,840,735,809.0,732.3,56.1152,60.0574
566,22.6000,495,Team A,711,667,780,817,745.5,814.0,54.8787,63.9650
566,22.6000,521,Team A,562,347,598,447,580.0,445.0,53.0789,38.3082
566,22.6000,428,Team B,408,377,447,475,427.5,473.0,50.0012,40.3866
566,22.6000,581,Team A,24,357,50,461,37.0,458.9,42.4430,37.8504
566,22.6000,583,Team A,334,439,388,537,361.0,535.0,48.8520,45.2205
566,22.6000,584,Team B,1172,405,1213,506,1192.5,504.0,65.2879,46.0725
566,22.6000,586,Team B,504,328,547,396,525.5,394.6,52.1185,32.6746
566,22.6000,536,Referee,354,511,403,633,378.5,630.6,49.2657,52.2478
566,22.6000,361,Team B,1318,332,1356,415,1337.0,413.3,70.5926,38.0448
567,22.6400,6,Team B,1785,907,1874,1079,1829.5,1075.6,67.7130,78.2205
567,22.6400,69,Team A,1123,467,1176,577,1149.5,574.8,63.4478,51.5979
567,22.6400,340,Team A,1493,395,1545,497,1519.0,495.0,72.7098,46.7739
567,22.6400,363,Team B,1845,485,1910,609,1877.5,606.5,77.3306,57.1019
567,22.6400,8,Team B,598,313,631,375,614.5,373.8,54.1439,31.2257
567,22.6400,504,Team B,784,596,847,734,815.5,731.2,56.2137,60.0453
567,22.6400,495,Team A,714,668,781,815,747.5,812.1,54.9025,63.8883
567,22.6400,521,Team A,572,346,609,447,590.5,445.0,53.2632,38.3241
567,22.6400,428,Team B,415,377,453,467,434.0,465.2,50.1190,39.9571
567,22.6400,581,Team A,34,359,59,453,46.5,451.1,42.5485,37.3197
567,22.6400,583,Team A,337,436,394,542,365.5,539.9,48.9491,45.5492
567,22.6400,584,Team B,1188,403,1227,501,1207.5,499.0,65.6025,45.8985
567,22.6400,586,Team B,505,328,550,399,527.5,397.6,52.1402,33.0006
567,22.6400,536,Referee,361,512,409,633,385.0,630.6,49.4082,52.2970
567,22.6400,361,Team B,1322,330,1363,419,1342.5,417.2,70.6143,38.2901
568,22.6800,6,Team B,1792,906,1879,1079,1835.5,1075.5,67.8077,78.2435
568,22.6800,69,Team A,1123,468,1174,578,1148.5,575.8,63.4430,51.6358
568,22.6800,340,Team A,1494,394,1547,497,1520.5,494.9,72.7393,46.7786
568,22.6800,363,Team B,1846,485,1908,605,1877.0,602.6,77.4127,56.9557
568,22.6800,504,Team B,788,596,850,733,819.0,730.3,56.2892,60.0172
568,22.6800,495,Team A,716,669,782,815,749.0,812.1,54.9252,63.8618
568,22.6800,521,Team A,578,318,625,448,601.5,445.4,53.4732,38.3797
568,22.6800,428,Team B,419,378,460,473,439.5,471.1,50.2339,40.1227
568,22.6800,581,Team A,42,359,68,454,55.0,452.1,42.6930,37.1805
568,22.6800,584,Team B,1197,404,1236,505,1216.5,503.0,65.8020,46.0567
568,22.6800,586,Team B,505,325,552,401,528.5,399.5,52.1602,33.2572
568,22.6800,536,Referee,368,510,417,632,392.5,629.6,49.5388,52.2943
568,22.6800,361,Team B,1322,328,1367,421,1344.5,419.1,70.6224,38.5161
568,22.6800,89,Team B,348,433,413,634,380.5,630.0,49.2799,52.1892
569,22.7200,6,Team B,1795,906,1879,1079,1837.0,1075.5,67.8575,78.2564
569,22.7200,69,Team A,1124,467,1174,575,1149.0,572.8,63.4708,51.5216
569,22.7200,340,Team A,1496,394,1547,497,1521.5,494.9,72.7646,46.7832
569,22.7200,363,Team B,1852,486,1908,600,1880.0,597.7,77.5685,56.7020
569,22.7200,504,Team B,791,597,852,732,821.5,729.3,56.3460,59.9809
569,22.7200,495,Team A,717,669,782,816,749.5,813.1,54.9366,63.8800
569,22.7200,521,Team A,581,301,633,448,607.0,445.1,53.6263,38.3944
569,22.7200,428,Team B,426,379,465,468,445.5,466.2,50.3489,39.9337
569,22.7200,581,Team A,50,357,78,453,64.0,451.1,42.8478,37.0859
569,22.7200,584,Team B,1211,401,1252,505,1231.5,502.9,66.0740,46.1552
569,22.7200,586,Team B,503,327,550,400,526.5,398.5,52.1430,33.2943
569,22.7200,89,Team B,356,432,421,633,388.5,629.0,49.4473,52.2190
570,22.7600,6,Team B,1797,909,1877,1080,1837.0,1076.6,67.8697,78.2803
570,22.7600,69,Team A,1128,466,1178,577,1153.0,574.8,63.5127,51.5719
570,22.7600,340,Team A,1496,394,1546,498,1521.0,495.9,72.7525,46.8356
570,22.7600,363,Team B,1855,487,1912,606,1883.5,603.6,77.5710,56.8565
570,22.7600,504,Team B,794,599,854,734,824.0,731.3,56.3867,60.0374
570,22.7600,495,Team A,721,669,785,815,753.0,812.1,54.9739,63.8681
570,22.7600,521,Team A,585,294,639,445,612.0,442.0,53.7564,38.2308
570,22.7600,428,Team B,433,381,474,471,453.5,469.2,50.4907,40.0404
570,22.7600,581,Team A,59,358,89,455,74.0,453.1,43.0344,37.1808
570,22.7600,584,Team B,1221,399,1265,508,1243.0,505.8,66.2984,46.3738
570,22.7600,586,Team B,503,325,550,398,526.5,396.5,52.1379,33.1781
570,22.7600,583,Team A,354,432,414,543,384.0,540.8,49.1894,45.7653
570,22.7600,536,Referee,376,507,428,632,402.0,629.5,49.6855,52.3131
571,22.8000,6,Team B,1798,907,1878,1080,1838.0,1076.5,67.8829,78.2917
571,22.8000,69,Team A,1131,464,1183,577,1157.0,574.7,63.5762,51.6006
571,22.8000,340,Team A,1498,394,1547,496,1522.5,494.0,72.7989,46.7565
571,22.8000,363,Team B,1860,487,1914,603,1887.0,600.7,77.6672,56.8061
571,22.8000,504,Team B,797,599,853,725,825.0,722.5,56.4388,59.7742
571,22.8000,495,Team A,723,667,788,815,755.5,812.0,55.0109,63.8682
571,22.8000,521,Team A,585,288,639,445,612.0,441.9,53.8087,38.1583
571,22.8000,428,Team B,440,383,484,475,462.0,473.2,50.6486,40.3190
571,22.8000,581,Team A,67,359,98,454,82.5,452.1,43.2010,37.1824
571,22.8000,584,Team B,1233,395,1277,505,1255.0,502.8,66.5749,46.3361
571,22.8000,586,Team B,498,324,544,395,521.0,393.6,52.0665,32.9250
571,22.8000,591,Team B,1316,327,1351,406,1333.5,404.4,70.7425,37.0239
571,22.8000,583,Team A,359,433,416,541,387.5,538.8,49.3217,45.7685
571,22.8000,536,Referee,381,505,437,633,409.0,630.4,49.8143,52.3738
572,22.8400,6,Team B,1798,908,1876,1080,1837.0,1076.6,67.8801,78.2941
572,22.8400,69,Team A,1134,462,1186,575,1160.0,572.7,63.6530,51.5314
572,22.8400,340,Team A,1500,393,1550,496,1525.0,493.9,72.8516,46.7305
572,22.8400,363,Team B,1866,486,1913,591,1889.5,588.9,77.9479,56.2954
572,22.8400,504,Team B,801,599,858,729,829.5,726.4,56.4909,59.8087
572,22.8400,495,Team A,727,664,792,811,759.5,808.1,55.0692,63.7652
572,22.8400,521,Team A,589,295,641,445,615.0,442.0,53.8669,38.1443
572,22.8400,428,Team B,446,383,488,465,467.0,463.4,50.7703,39.9013
572,22.8400,581,Team A,76,358,108,453,92.0,451.1,43.3713,37.1462
572,22.8400,584,Team B,1243,394,1287,504,1265.0,501.8,66.8252,46.2948
572,22.8400,586,Team B,494,323,540,394,517.0,392.6,51.9862,32.7492
572,22.8400,591,Team B,1315,330,1349,407,1332.0,405.5,70.7039,37.0891
572,22.8400,583,Team A,365,431,420,536,392.5,533.9,49.4244,45.5473
572,22.8400,536,Referee,389,506,445,634,417.0,631.4,49.9460,52.4561
572,22.8400,89,Team B,370,429,437,636,403.5,631.9,49.6653,52.3789
573,22.8800,6,Team B,1800,909,1880,1080,1840.0,1076.6,67.9025,78.3028
573,22.8800,69,Team A,1138,459,1190,571,1164.0,568.8,63.7634,51.3372
573,22.8800,340,Team A,1503,392,1554,496,1528.5,493.9,72.9203,46.7284
573,22.8800,363,Team B,1868,485,1918,598,1893.0,595.7,77.9811,56.3916
573,22.8800,504,Team B,806,596,864,726,835.0,723.4,56.5736,59.7376
573,22.8800,495,Team A,730,660,796,808,763.0,805.0,55.1298,63.6464
573,22.8800,521,Team B,594,317,639,444,616.5,441.5,53.9101,38.1102
573,22.8800,428,Team B,451,382,496,469,473.5,467.3,50.8966,39.9653
573,22.8800,581,Team A,85,359,119,454,102.0,452.1,43.5590,37.2093
573,22.8800,584,Team B,1255,394,1299,505,1277.0,502.8,67.0686,46.3600
573,22.8800,586,Team B,493,323,537,392,515.0,390.6,51.9293,32.5444
573,22.8800,591,Team B,1315,329,1351,412,1333.0,410.3,70.6267,37.4387
573,22.8800,536,Referee,396,512,450,634,423.0,631.6,50.0584,52.5077
573,22.8800,89,Team B,374,428,441,633,407.5,628.9,49.7904,52.3362
574,22.9200,6,Team B,1803,911,1883,1080,1843.0,1076.6,67.9350,78.3145
574,22.9200,69,Team A,1140,459,1193,569,1166.5,566.8,63.8534,51.1782
574,22.9200,340,Team A,1505,390,1557,493,1531.0,490.9,73.0296,46.5751
574,22.9200,363,Team B,1867,484,1920,607,1893.5,604.5,77.8443,56.7990
574,22.9200,504,Team B,810,593,871,727,840.5,724.3,56.6565,59.7529
574,22.9200,495,Team A,731,659,797,804,764.0,801.1,55.1714,63.4885
574,22.9200,521,Team B,605,342,642,444,623.5,442.0,54.0142,38.1418
574,22.9200,428,Team B,453,381,501,473,477.0,471.2,50.9884,40.2134
574,22.9200,581,Team A,93,359,128,452,110.5,450.1,43.7221,37.1412
574,22.9200,584,Team B,1266,395,1310,505,1288.0,502.8,67.3075,46.4155
574,22.9200,586,Team B,495,321,542,395,518.5,393.5,51.9503,32.6623
574,22.9200,591,Team B,1314,330,1350,415,1332.0,413.3,70.5354,37.7688
574,22.9200,536,Referee,403,513,457,634,430.0,631.6,50.1730,52.5456
574,22.9200,583,Team A,375,428,430,534,402.5,531.9,49.5733,45.3853
575,22.9600,6,Team B,1806,913,1888,1080,1847.0,1076.7,67.9794,78.3297
575,22.9600,69,Team A,1138,460,1191,571,1164.5,568.8,63.8493,51.1981
575,22.9600,340,Team A,1505,389,1558,491,1531.5,489.0,73.1121,46.4088
575,22.9600,363,Team B,1868,482,1920,611,1894.0,608.4,77.7279,57.1231
575,22.9600,504,Team B,812,592,875,725,843.5,722.3,56.7247,59.7013
575,22.9600,495,Team A,728,660,794,802,761.0,799.2,55.1656,63.3622
575,22.9600,521,Team B,614,349,648,446,631.0,444.1,54.1450,38.2948
575,22.9600,428,Team B,455,376,508,477,481.5,475.0,51.0780,40.5312
575,22.9600,581,Team A,100,360,138,454,119.0,452.1,43.8945,37.2441
575,22.9600,584,Team B,1279,396,1322,504,1300.5,501.8,67.5758,46.4201
575,22.9600,586,Team B,492,319,542,397,517.0,395.4,51.9376,32.8330
575,22.9600,591,Team B,1314,327,1346,402,1330.0,400.5,70.6699,37.0517
575,22.9600,536,Referee,409,514,463,634,436.0,631.6,50.2787,52.5757
575,22.9600,583,Team A,380,427,433,532,406.5,529.9,49.6753,45.2347
576,23.0000,6,Team B,1808,914,1892,1080,1850.0,1076.7,68.0207,78.3436
576,23.0000,69,Team A,1136,462,1188,571,1162.0,568.8,63.8180,51.2013
576,23.0000,340,Team A,1499,390,1552,491,1525.5,489.0,73.0630,46.3274
576,23.0000,363,Team B,1865,481,1920,611,1892.5,608.4,77.6631,57.2477
576,23.0000,504,Team B,814,592,877,723,845.5,720.4,56.7775,59.6209
576,23.0000,495,Team A,720,663,784,802,752.0,799.2,55.0831,63.2917
576,23.0000,521,Team B,619,351,652,445,635.5,443.1,54.2560,38.3109
576,23.0000,428,Team B,456,375,507,474,481.5,472.0,51.1143,40.4969
576,23.0000,581,Team A,104,363,144,453,124.0,451.2,44.0167,37.2437
576,23.0000,584,Team B,1291,397,1332,504,1311.5,501.9,67.8253,46.4514
576,23.0000,586,Team B,489,319,542,401,515.5,399.4,51.9101,33.1548
576,23.0000,591,Team B,1311,325,1344,400,1327.5,398.5,70.7183,36.6243
576,23.0000,536,Referee,413,513,466,632,439.5,629.6,50.3552,52.5184
576,23.0000,583,Team A,383,424,436,530,409.5,527.9,49.7476,45.0841
576,23.0000,527,Team B,578,311,611,380,594.5,378.6,52.9747,31.6775
577,23.0400,6,Team B,1812,913,1897,1080,1854.5,1076.7,68.0731,78.3599
577,23.0400,69,Team A,1135,461,1187,571,1161.0,568.8,63.7940,51.1992
577,23.0400,340,Team A,1497,391,1551,494,1524.0,491.9,72.9755,46.4496
577,23.0400,363,Team B,1868,482,1920,612,1894.0,609.4,77.6383,57.3427
577,23.0400,504,Team B,815,592,878,719,846.5,716.5,56.8210,59.4611
577,23.0400,495,Team A,715,663,781,806,748.0,803.1,55.0067,63.3666
577,23.0400,521,Team B,622,350,655,443,638.5,441.1,54.3430,38.2075
577,23.0400,428,Team B,457,375,506,472,481.5,470.1,51.1291,40.3758
577,23.0400,581,Team A,107,362,149,452,128.0,450.2,44.1070,37.1951
577,23.0400,584,Team B,1303,403,1343,505,1323.0,503.0,68.0608,46.5509
577,23.0400,591,Team B,1309,327,1341,402,1325.0,400.5,70.6687,36.5818
577,23.0400,536,Referee,414,510,467,630,440.5,627.6,50.3952,52.4183
577,23.0400,583,Team A,387,422,439,532,413.0,529.8,49.8165,45.1244
577,23.0400,527,Team B,577,310,614,384,595.5,382.5,53.4071,31.7384
578,23.0800,6,Team B,1815,912,1900,1080,1857.5,1076.6,68.1180,78.3735
578,23.0800,69,Team A,1136,457,1188,571,1162.0,568.7,63.7967,51.1973
578,23.0800,340,Team A,1499,391,1550,493,1524.5,491.0,72.9630,46.4474
578,23.0800,363,Team B,1874,485,1920,613,1897.0,610.4,77.6474,57.4318
578,23.0800,504,Team B,812,592,875,719,843.5,716.5,56.8093,59.3898
578,23.0800,495,Team A,714,662,780,805,747.0,802.1,54.9692,63.3654
578,23.0800,521,Team B,626,349,659,441,642.5,439.2,54.4333,38.0578
578,23.0800,428,Team B,459,377,507,473,483.0,471.1,51.1526,40.3867
578,23.0800,581,Team A,112,360,157,449,134.5,447.2,44.2045,37.0191
578,23.0800,584,Team B,1313,397,1355,505,1334.0,502.8,68.2992,46.6130
578,23.0800,536,Referee,416,511,468,630,442.0,627.6,50.4262,52.3827
578,23.0800,583,Team A,391,421,442,531,416.5,528.8,49.8819,45.1004
578,23.0800,527,Team B,575,309,614,385,594.5,383.5,53.5645,31.8261
579,23.1200,6,Team B,1820,912,1905,1080,1862.5,1076.6,68.1756,78.3914
579,23.1200,69,Team A,1137,455,1191,571,1164.0,568.7,63.8216,51.2000
579,23.1200,340,Team A,1501,391,1551,495,1526.0,492.9,72.9470,46.5552
579,23.1200,504,Team B,810,588,875,721,842.5,718.3,56.7890,59.4213
579,23.1200,495,Team A,713,660,781,806,747.0,803.1,54.9524,63.3919
579,23.1200,521,Team B,631,348,664,440,647.5,438.2,54.5352,37.9498
579,23.1200,428,Team B,461,375,508,474,484.5,472.0,51.1797,40.4459
579,23.1200,581,Team A,114,360,162,447,138.0,445.3,44.2751,36.8435
579,23.1200,584,Team B,1325,398,1367,506,1346.0,503.8,68.5380,46.7209
579,23.1200,536,Referee,420,512,471,632,445.5,629.6,50.4742,52.4545
579,23.1200,583,Team A,394,421,444,531,419.0,528.8,49.9357,45.0966
579,23.1200,527,Team B,569,306,611,387,590.0,385.4,53.5632,31.9807
579,23.1200,591,Team B,1305,327,1337,404,1321.0,402.5,70.5587,36.6861
580,23.1600,6,Team B,1828,912,1911,1080,1869.5,1076.6,68.2542,78.4158
580,23.1600,69,Team A,1140,452,1194,567,1167.0,564.7,63.9003,51.0303
580,23.1600,340,Team A,1502,389,1552,493,1527.0,490.9,72.9862,46.4941
580,23.1600,504,Team B,810,586,873,718,841.5,715.4,56.7807,59.3322
580,23.1600,495,Team A,713,657,782,804,747.5,801.1,54.9542,63.3458
580,23.1600,521,Team B,636,347,667,437,651.5,435.2,54.6347,37.7388
580,23.1600,428,Team B,463,367,512,473,487.5,470.9,51.2264,40.4139
580,23.1600,581,Team A,115,360,166,446,140.5,444.3,44.3279,36.7220
580,23.1600,584,Team B,1336,399,1379,506,1357.5,503.9,68.7828,46.7951
580,23.1600,536,Referee,425,509,476,630,450.5,627.6,50.5430,52.4156
580,23.1600,583,Team A,399,424,447,532,423.0,529.8,50.0019,45.1543
580,23.1600,527,Team B,565,305,608,388,586.5,386.3,53.5139,32.1001
580,23.1600,591,Team B,1303,328,1336,410,1319.5,408.4,70.4010,37.1147
580,23.1600,586,Team B,458,317,547,460,502.5,457.1,51.7029,36.7653
581,23.2000,6,Team B,1836,911,1918,1080,1877.0,1076.6,68.3454,78.4438
581,23.2000,69,Team A,1142,451,1194,562,1168.0,559.8,63.9855,50.7422
581,23.2000,340,Team A,1504,386,1555,494,1529.5,491.8,73.0210,46.5256
581,23.2000,504,Team B,811,583,875,717,843.0,714.3,56.7953,59.2656
581,23.2000,495,Team A,712,651,781,799,746.5,796.0,54.9562,63.1799
581,23.2000,521,Team B,640,344,672,436,656.0,434.2,54.7346,37.6020
581,23.2000,428,Team B,461,333,522,470,491.5,467.3,51.2936,40.2107
581,23.2000,581,Team A,115,359,168,443,141.5,441.3,44.3472,36.5041
581,23.2000,584,Team B,1346,397,1390,506,1368.0,503.8,69.0180,46.8501
581,23.2000,536,Referee,431,513,480,632,455.5,629.6,50.6209,52.4920
581,23.2000,583,Team A,404,425,451,532,427.5,529.9,50.0781,45.1886
581,23.2000,527,Team B,561,307,604,390,582.5,388.3,53.4369,32.2741
581,23.2000,591,Team B,1300,326,1336,415,1318.0,413.2,70.2419,37.5996
582,23.2400,6,Team B,1843,911,1920,1080,1881.5,1076.6,68.4176,78.4662
582,23.2400,69,Team A,1143,449,1195,558,1169.0,555.8,64.0656,50.4485
582,23.2400,340,Team A,1506,384,1557,491,1531.5,488.9,73.1103,46.3836
582,23.2400,504,Team B,812,580,879,718,845.5,715.2,56.8223,59.2758
582,23.2400,495,Team A,712,647,783,796,747.5,793.0,54.9722,63.0282
582,23.2400,521,Team B,644,344,676,435,660.0,433.2,54.8284,37.4973
582,23.2400,428,Team B,462,324,526,472,494.0,469.0,51.3498,40.2333
582,23.2400,581,Team A,113,358,167,441,140.0,439.3,44.3284,36.2985
582,23.2400,584,Team B,1358,395,1401,504,1379.5,501.8,69.2885,46.7983
582,23.2400,536,Referee,435,516,485,631,460.0,628.7,50.6971,52.4970
582,23.2400,583,Team A,408,425,454,530,431.0,527.9,50.1463,45.1160
582,23.2400,527,Team B,557,307,600,390,578.5,388.3,53.3528,32.3353
582,23.2400,591,Team B,1297,325,1336,421,1316.5,419.1,70.0685,38.1668
583,23.2800,6,Team B,1847,912,1920,1080,1883.5,1076.6,68.4622,78.4805
583,23.2800,69,Team A,1142,451,1192,556,1167.0,553.9,64.0904,50.2376
583,23.2800,340,Team A,1507,384,1558,488,1532.5,485.9,73.2075,46.1706
583,23.2800,504,Team B,814,577,879,714,846.5,711.3,56.8558,59.1490
583,23.2800,495,Team A,712,645,783,792,747.5,789.1,54.9867,62.8518
583,23.2800,521,Team B,649,345,679,435,664.0,433.2,54.9169,37.4656
583,23.2800,428,Team B,468,353,519,472,493.5,469.6,51.3661,40.2732
583,23.2800,581,Team A,112,356,166,440,139.0,438.3,44.3044,36.1546
583,23.2800,584,Team B,1369,394,1411,503,1390.0,500.8,69.5476,46.7529
583,23.2800,536,Referee,439,515,490,632,464.5,629.7,50.7727,52.5474
583,23.2800,583,Team A,411,423,457,528,434.0,525.9,50.2058,44.9971
583,23.2800,527,Team B,554,306,597,388,575.5,386.4,53.2827,32.2201
583,23.2800,591,Team B,1294,325,1333,420,1313.5,418.1,69.9703,38.3236
584,23.3200,6,Team B,1848,914,1920,1080,1884.0,1076.7,68.4838,78.4881
584,23.3200,69,Team A,1141,452,1191,560,1166.0,557.8,64.0545,50.3315
584,23.3200,340,Team A,1505,383,1557,487,1531.0,484.9,73.2422,46.0271
584,23.3200,504,Team B,815,577,879,710,847.0,707.3,56.8870,58.9672
584,23.3200,495,Team A,709,644,782,792,745.5,789.0,54.9747,62.7758
584,23.3200,521,Team B,651,349,681,435,666.0,433.3,54.9775,37.4623
584,23.3200,428,Team B,471,365,518,472,494.5,469.9,51.3845,40.3046
584,23.3200,581,Team A,114,353,170,439,142.0,437.3,44.3252,36.0424
584,23.3200,584,Team B,1381,394,1423,503,1402.0,500.8,69.8089,46.7662
584,23.3200,536,Referee,442,515,494,633,468.0,630.6,50.8381,52.6142
584,23.3200,583,Team A,414,421,460,527,437.0,524.9,50.2625,44.9070
584,23.3200,527,Team B,553,305,598,387,575.5,385.4,53.2564,32.1065
584,23.3200,591,Team B,1293,325,1331,420,1312.0,418.1,69.9093,38.3827
585,23.3600,6,Team B,1849,918,1920,1080,1884.5,1076.8,68.4958,78.4939
585,23.3600,69,Team A,1142,453,1190,561,1166.0,558.8,64.0315,50.4147
585,23.3600,340,Team A,1504,383,1557,485,1530.5,483.0,73.2814,45.8615
585,23.3600,504,Team B,816,580,877,710,846.5,707.4,56.8944,58.8953
585,23.3600,495,Team A,708,646,778,790,743.0,787.1,54.9514,62.6829
585,23.3600,521,Team B,655,352,685,435,670.0,433.3,55.0527,37.4735
585,23.3600,428,Team B,477,373,521,473,499.0,471.0,51.4450,40.3899
585,23.3600,581,Team A,115,351,175,441,145.0,439.2,44.3774,36.1161
585,23.3600,584,Team B,1394,393,1434,500,1414.0,497.9,70.1124,46.6479
585,23.3600,536,Referee,445,517,497,633,471.0,630.7,50.8943,52.6496
585,23.3600,583,Team A,416,419,463,528,439.5,525.8,50.3134,44.9223
585,23.3600,591,Team B,1292,325,1330,421,1311.0,419.1,69.8559,38.4665
586,23.4000,6,Team B,1851,921,1920,1079,1885.5,1075.8,68.5155,78.4821
586,23.4000,69,Team A,1142,453,1193,570,1167.5,567.7,63.9651,50.8503
586,23.4000,340,Team A,1502,384,1555,487,1528.5,484.9,73.2372,45.8979
586,23.4000,504,Team B,818,583,878,709,848.0,706.5,56.9150,58.8390
586,23.4000,495,Team A,706,648,773,790,739.5,787.2,54.9107,62.6385
586,23.4000,521,Team B,657,351,690,438,673.5,436.3,55.1185,37.6613
586,23.4000,428,Team B,483,376,525,474,504.0,472.0,51.5282,40.4922
586,23.4000,581,Team A,116,349,177,439,146.5,437.2,44.4068,36.0316
586,23.4000,584,Team B,1407,392,1448,500,1427.5,497.8,70.4128,46.6351
586,23.4000,536,Referee,449,515,502,631,475.5,628.7,50.9619,52.5959
586,23.4000,583,Team A,420,421,467,530,443.5,527.8,50.3788,45.0344
586,23.4000,591,Team B,1290,323,1329,422,1309.5,420.0,69.7991,38.5562
586,23.4000,612,Team B,451,312,486,387,468.5,385.5,50.8760,31.6754
586,23.4000,613,Team A,536,303,577,377,556.5,375.5,52.8403,30.8412
587,23.4400,6,Team B,1856,924,1920,1079,1888.0,1075.9,68.5428,78.4847
587,23.4400,69,Team A,1145,451,1196,571,1170.5,568.6,63.9658,51.0743
587,23.4400,340,Team A,1505,384,1556,490,1530.5,487.9,73.1990,46.0770
587,23.4400,504,Team B,820,584,878,709,849.0,706.5,56.9329,58.8197
587,23.4400,495,Team A,705,648,774,794,739.5,791.1,54.8865,62.7358
587,23.4400,521,Team B,662,351,697,439,679.5,437.2,55.2182,37.8085
587,23.4400,428,Team B,486,377,527,475,506.5,473.0,51.5908,40.5935
587,23.4400,581,Team A,110,348,172,440,141.0,438.2,44.3584,36.0426
587,23.4400,584,Team B,1419,393,1460,503,1439.5,500.8,70.6501,46.8167
587,23.4400,536,Referee,455,514,508,632,481.5,629.6,51.0492,52.6263
587,23.4400,583,Team A,422,419,470,529,446.0,526.8,50.4323,45.0357
587,23.4400,591,Team B,1291,323,1326,410,1308.5,408.3,69.9373,37.8293
587,23.4400,612,Team B,453,312,488,386,470.5,384.5,50.9023,31.6134
587,23.4400,613,Team A,529,302,574,383,551.5,381.4,52.7647,31.2342
588,23.4800,6,Team B,1860,925,1920,1080,1890.0,1076.9,68.5620,78.5087
588,23.4800,69,Team A,1146,448,1195,565,1170.5,562.7,64.0166,50.8969
588,23.4800,340,Team A,1505,385,1556,491,1530.5,488.9,73.1675,46.2026
588,23.4800,504,Team B,822,584,880,711,851.0,708.5,56.9531,58.8833
588,23.4800,495,Team A,708,646,775,792,741.5,789.1,54.8987,62.7209
588,23.4800,521,Team B,667,351,703,438,685.0,436.3,55.3313,37.8212
588,23.4800,428,Team B,489,374,533,477,511.0,474.9,51.6683,40.7477
588,23.4800,581,Team A,110,348,170,440,140.0,438.2,44.3274,36.0450
588,23.4800,584,Team B,1433,393,1473,502,1453.0,499.8,70.9379,46.8738
588,23.4800,536,Referee,459,513,514,633,486.5,630.6,51.1342,52.6880
588,23.4800,583,Team A,424,416,474,527,449.0,524.8,50.4865,44.9451
588,23.4800,612,Team B,450,310,486,386,468.0,384.5,50.8799,31.5808
588,23.4800,613,Team A,526,302,574,389,550.0,387.3,52.7066,31.7868
589,23.5200,6,Team B,1868,924,1920,1079,1894.0,1075.9,68.6092,78.5102
589,23.5200,69,Team A,1150,445,1200,561,1175.0,558.7,64.1245,50.6568
589,23.5200,340,Team A,1508,383,1558,492,1533.0,489.8,73.1738,46.3101
589,23.5200,504,Team B,825,583,881,708,853.0,705.5,56.9906,58.8133
589,23.5200,495,Team A,711,645,778,791,744.5,788.1,54.9325,62.6928
589,23.5200,521,Team B,673,352,708,437,690.5,435.3,55.4500,37.7812
589,23.5200,428,Team B,492,373,536,480,514.0,477.9,51.7332,40.9745
589,23.5200,581,Team A,110,347,170,440,140.0,438.1,44.3149,36.0447
589,23.5200,584,Team B,1445,395,1486,505,1465.5,502.8,71.1757,47.0852
589,23.5200,536,Referee,462,511,516,632,489.0,629.6,51.1934,52.6785
589,23.5200,583,Team A,430,415,479,526,454.5,523.8,50.5692,44.8729
589,23.5200,612,Team B,448,308,485,386,466.5,384.4,50.8512,31.5620
589,23.5200,613,Team B,525,302,574,392,549.5,390.2,52.6728,32.2039
590,23.5600,69,Team A,1151,444,1202,558,1176.5,555.7,64.2113,50.4290
590,23.5600,340,Team A,1513,382,1564,492,1538.5,489.8,73.2515,46.3666
590,23.5600,504,Team B,831,580,888,711,859.5,708.4,57.0593,58.8990
590,23.5600,495,Team A,712,642,781,787,746.5,784.1,54.9722,62.5690
590,23.5600,521,Team B,677,354,711,437,694.0,435.3,55.5421,37.7755
590,23.5600,428,Team B,495,372,537,478,516.0,475.9,51.7841,40.9625
590,23.5600,581,Team A,113,346,173,439,143.0,437.1,44.3405,35.9923
590,23.5600,584,Team B,1458,397,1499,507,1478.5,504.8,71.4137,47.3081
590,23.5600,536,Referee,465,513,517,633,491.0,630.6,51.2370,52.7195
590,23.5600,583,Team A,433,413,483,526,458.0,523.7,50.6414,44.8501
590,23.5600,612,Team B,445,309,484,388,464.5,386.4,50.8137,31.6837
590,23.5600,613,Team A,521,300,570,390,545.5,388.2,52.6089,32.2284
590,23.5600,591,Team B,1289,333,1322,412,1305.5,410.4,69.9161,37.6726
591,23.6000,69,Team A,1152,444,1203,559,1177.5,556.7,64.2494,50.3855
591,23.6000,340,Team A,1517,382,1568,491,1542.5,488.8,73.3532,46.3472
591,23.6000,504,Team B,836,578,896,713,866.0,710.3,57.1435,59.0142
591,23.6000,495,Team A,714,641,783,786,748.5,783.1,55.0082,62.4947
591,23.6000,521,Team B,680,350,717,438,698.5,436.2,55.6334,37.8374
591,23.6000,428,Team B,499,377,540,483,519.5,480.9,51.8427,41.2355
591,23.6000,581,Team A,117,345,177,439,147.0,437.1,44.3975,35.9785
591,23.6000,584,Team B,1471,398,1511,507,1491.0,504.8,71.6744,47.4315
591,23.6000,536,Referee,469,512,522,634,495.5,631.6,51.2995,52.7841
591,23.6000,583,Team A,437,412,488,526,462.5,523.7,50.7204,44.8504
591,23.6000,612,Team B,442,308,483,389,462.5,387.4,50.7726,31.7926
591,23.6000,613,Team A,520,300,570,390,545.0,388.2,52.5767,32.2372
591,23.6000,591,Team B,1282,336,1320,423,1301.0,421.3,69.6826,38.2965
592,23.6400,69,Team A,1156,449,1206,561,1181.0,558.8,64.2881,50.4713
592,23.6400,340,Team A,1522,384,1575,494,1548.5,491.8,73.4268,46.5155
592,23.6400,504,Team B,840,576,902,714,871.0,711.2,57.2227,59.1042
592,23.6400,495,Team A,715,642,785,784,750.0,781.2,55.0402,62.4111
592,23.6400,521,Team B,686,347,723,438,704.5,436.2,55.7469,37.8721
592,23.6400,428,Team B,503,379,542,482,522.5,479.9,51.9022,41.3010
592,23.6400,581,Team A,121,345,182,439,151.5,437.1,44.4732,35.9823
592,23.6400,584,Team B,1484,398,1524,507,1504.0,504.8,71.9513,47.5156
592,23.6400,536,Referee,474,512,525,635,499.5,632.5,51.3644,52.8578
592,23.6400,583,Team A,442,413,492,524,467.0,521.8,50.8022,44.7662
592,23.6400,612,Team B,440,308,482,390,461.0,388.4,50.7367,31.8987
592,23.6400,591,Team B,1281,338,1322,426,1301.5,424.2,69.5534,38.7356
593,23.6800,69,Team A,1158,450,1207,561,1182.5,558.8,64.3213,50.5104
593,23.6800,340,Team A,1522,383,1580,502,1551.0,499.6,73.3629,47.0038
593,23.6800,504,Team B,845,576,908,715,876.5,712.2,57.3045,59.1868
593,23.6800,495,Team A,711,643,781,785,746.0,782.2,55.0149,62.3976
593,23.6800,521,Team B,690,348,728,438,709.0,436.2,55.8498,37.8974
593,23.6800,428,Team B,506,373,547,482,526.5,479.8,51.9734,41.3299
593,23.6800,581,Team A,122,345,185,441,153.5,439.1,44.5356,36.1028
593,23.6800,584,Team B,1496,400,1535,506,1515.5,503.9,72.2295,47.5312
593,23.6800,536,Referee,480,513,531,634,505.5,631.6,51.4509,52.8639
593,23.6800,583,Team A,446,418,494,525,470.0,522.9,50.8685,44.7922
593,23.6800,612,Team B,435,308,477,391,456.0,389.3,50.6573,31.9961
593,23.6800,591,Team B,1285,340,1327,427,1306.0,425.3,69.5514,38.9865
594,23.7200,69,Team A,1161,449,1210,561,1185.5,558.8,64.3704,50.5328
594,23.7200,340,Team A,1528,381,1584,488,1556.0,485.9,73.6318,46.4781
594,23.7200,504,Team B,850,576,913,714,881.5,711.2,57.3894,59.1993
594,23.7200,495,Team A,707,644,776,786,741.5,783.2,54.9622,62.4111
594,23.7200,521,Team B,695,352,731,438,713.0,436.3,55.9419,37.9214
594,23.7200,428,Team B,516,381,550,473,533.0,471.2,52.0860,40.8856
594,23.7200,581,Team A,124,344,189,440,156.5,438.1,44.5914,36.0987
594,23.7200,584,Team B,1513,398,1552,502,1532.5,499.9,72.6301,47.3762
594,23.7200,536,Referee,487,513,539,635,513.0,632.6,51.5605,52.9225
594,23.7200,583,Team A,453,420,500,525,476.5,522.9,50.9678,44.8195
594,23.7200,612,Team B,432,308,475,391,453.5,389.3,50.5929,32.0300
594,23.7200,591,Team B,1289,343,1333,429,1311.0,427.3,69.5929,39.2258
595,23.7600,69,Team A,1165,450,1213,561,1189.0,558.8,64.4314,50.5517
595,23.7600,340,Team A,1526,382,1587,499,1556.5,496.7,73.5673,46.8477
595,23.7600,504,Team B,854,580,917,713,885.5,710.3,57.4657,59.1839
595,23.7600,495,Team A,705,644,773,786,739.0,783.2,54.9186,62.4104
595,23.7600,521,Team B,700,353,735,435,717.5,433.4,56.0475,37.7657
595,23.7600,428,Team B,525,389,555,466,540.0,464.5,52.2212,40.3532
595,23.7600,581,Team A,125,345,191,440,158.0,438.1,44.6314,36.1014
595,23.7600,536,Referee,492,514,544,635,518.0,632.6,51.6547,52.9586
595,23.7600,583,Team A,458,423,506,527,482.0,524.9,51.0688,44.9416
595,23.7600,612,Team B,431,308,474,391,452.5,389.3,50.5541,32.0414
595,23.7600,591,Team B,1290,342,1337,430,1313.5,428.2,69.6313,39.3877
595,23.7600,613,Team A,507,304,554,391,530.5,389.3,52.3709,32.2813
596,23.8000,69,Team A,1170,445,1220,562,1195.0,559.7,64.5193,50.6149
596,23.8000,340,Team A,1531,386,1591,503,1561.0,500.7,73.5370,47.2181
596,23.8000,504,Team B,857,581,921,713,889.0,710.4,57.5303,59.1871
596,23.8000,495,Team A,706,643,775,789,740.5,786.1,54.9087,62.5001
596,23.8000,521,Team B,709,355,743,436,726.0,434.4,56.1952,37.7841
596,23.8000,428,Team B,531,394,565,480,548.0,478.3,52.3573,40.9168
596,23.8000,581,Team A,124,346,188,438,156.0,436.2,44.6153,35.9845
596,23.8000,536,Referee,501,514,555,636,528.0,633.6,51.7924,53.0350
596,23.8000,583,Team A,470,424,521,531,495.5,528.9,51.2591,45.2126
596,23.8000,612,Team B,433,309,476,391,454.5,389.4,50.5647,32.0515
596,23.8000,591,Team B,1298,344,1346,429,1322.0,427.3,69.7819,39.4149
596,23.8000,613,Team A,509,307,556,396,532.5,394.2,52.3099,32.6328
597,23.8400,69,Team A,1177,444,1228,562,1202.5,559.6,64.6439,50.6586
597,23.8400,340,Team A,1539,388,1598,506,1568.5,503.6,73.5774,47.5419
597,23.8400,504,Team B,859,580,922,713,890.5,710.3,57.5709,59.1915
597,23.8400,495,Team A,711,639,781,788,746.0,785.0,54.9563,62.5179
597,23.8400,521,Team B,719,362,751,435,735.0,433.5,56.3736,37.7613
597,23.8400,428,Team B,538,394,573,482,555.5,480.2,52.4987,41.2649
597,23.8400,581,Team A,122,343,187,439,154.5,437.1,44.5953,35.9886
597,23.8400,536,Referee,509,514,565,639,537.0,636.5,51.9363,53.2013
597,23.8400,583,Team A,476,426,528,531,502.0,528.9,51.4077,45.3380
597,23.8400,612,Team B,432,308,473,384,452.5,382.5,50.5407,31.5889
597,23.8400,591,Team B,1304,343,1354,431,1329.0,429.2,69.9137,39.5641
598,23.8800,69,Team A,1183,442,1234,558,1208.5,555.7,64.8015,50.5105
598,23.8800,340,Team A,1551,388,1612,507,1581.5,504.6,73.7524,47.7574
598,23.8800,504,Team B,863,578,928,715,895.5,712.3,57.6289,59.2701
598,23.8800,495,Team A,715,636,785,785,750.0,782.0,55.0176,62.4459
598,23.8800,521,Team B,721,361,756,438,738.5,436.5,56.4782,37.9358
598,23.8800,428,Team B,544,394,577,475,560.5,473.4,52.6230,41.0438
598,23.8800,581,Team A,123,343,187,440,155.0,438.1,44.5976,36.0488
598,23.8800,536,Referee,520,519,576,639,548.0,636.6,52.1043,53.2979
598,23.8800,583,Team A,486,427,536,527,511.0,525.0,51.5696,45.2201
598,23.8800,612,Team B,430,307,472,385,451.0,383.4,50.5117,31.4658
598,23.8800,591,Team B,1311,344,1361,435,1336.0,433.2,70.0082,39.8852
598,23.8800,613,Team A,511,306,555,390,533.0,388.3,52.2981,32.3819
599,23.9200,69,Team A,1189,444,1240,557,1214.5,554.7,64.9451,50.4235
599,23.9200,340,Team A,1561,386,1623,506,1592.0,503.6,73.9809,47.8190
599,23.9200,504,Team B,867,576,932,715,899.5,712.2,57.6912,59.3102
599,23.9200,495,Team A,721,632,792,785,756.5,781.9,55.1009,62.4304
599,23.9200,521,Team B,729,360,768,443,748.5,441.3,56.6281,38.3193
599,23.9200,428,Team B,550,396,589,490,569.5,488.1,52.7610,41.7680
599,23.9200,581,Team A,129,342,193,440,161.0,438.0,44.6688,36.0842
599,23.9200,536,Referee,531,520,587,641,559.0,638.6,52.2806,53.4393
599,23.9200,583,Team A,495,423,548,525,521.5,523.0,51.7535,45.0979
599,23.9200,612,Team B,431,312,473,387,452.0,385.5,50.5139,31.5576
599,23.9200,591,Team B,1317,346,1366,435,1341.5,433.2,70.1237,40.0299
599,23.9200,613,Team A,514,303,561,391,537.5,389.2,52.3519,32.3525
600,23.9600,69,Team A,1193,445,1243,557,1218.0,554.8,65.0443,50.3987
600,23.9600,340,Team A,1574,386,1638,507,1606.0,504.6,74.2449,47.9324
600,23.9600,504,Team B,875,575,939,715,907.0,712.2,57.7896,59.3442
600,23.9600,495,Team A,729,631,798,781,763.5,778.0,55.2062,62.3238
600,23.9600,521,Team B,742,363,782,447,762.0,445.3,56.8436,38.7384
600,23.9600,428,Team B,558,396,600,495,579.0,493.0,52.9214,42.3371
600,23.9600,581,Team A,136,342,198,438,167.0,436.1,44.7595,35.9958
600,23.9600,536,Referee,540,519,599,642,569.5,639.5,52.4558,53.5580
600,23.9600,583,Team A,506,424,558,523,532.0,521.0,51.9469,44.9784
600,23.9600,612,Team B,436,312,475,383,455.5,381.6,50.5596,31.3363
600,23.9600,591,Team B,1325,346,1371,433,1348.0,431.3,70.2919,39.9830
600,23.9600,613,Team A,514,302,563,391,538.5,389.2,52.3867,32.3415
601,24.0000,69,Team A,1201,448,1250,557,1225.5,554.8,65.1734,50.4109
601,24.0000,340,Team A,1573,384,1634,504,1603.5,501.6,74.3671,47.8158
601,24.0000,504,Team B,882,573,947,716,914.5,713.1,57.8986,59.4079
601,24.0000,495,Team A,734,633,803,780,768.5,777.1,55.2958,62.2651
601,24.0000,521,Team B,752,361,794,449,773.0,447.2,57.0617,39.0440
601,24.0000,428,Team B,566,396,610,501,588.0,498.9,53.0823,42.8910
601,24.0000,581,Team A,142,343,202,437,172.0,435.1,44.8506,35.9143
601,24.0000,536,Referee,549,520,608,642,578.5,639.6,52.6164,53.6278
601,24.0000,583,Team A,517,423,571,524,544.0,522.0,52.1591,45.0057
601,24.0000,612,Team B,438,310,482,390,460.0,388.4,50.6384,31.7168
601,24.0000,591,Team B,1330,343,1378,435,1354.0,433.2,70.4163,40.0967
601,24.0000,613,Team A,510,301,558,389,534.0,387.2,52.3432,32.1949
601,24.0000,584,Team B,1620,400,1663,510,1641.5,507.8,74.1293,48.0184
602,24.0400,69,Team A,1206,448,1255,558,1230.5,555.8,65.2758,50.4738
602,24.0400,340,Team A,1576,384,1634,498,1605.0,495.7,74.5371,47.4636
602,24.0400,504,Team B,892,574,954,713,923.0,710.2,58.0369,59.3565
602,24.0400,495,Team A,736,636,805,781,770.5,778.1,55.3473,62.2776
602,24.0400,521,Team B,760,361,804,449,782.0,447.2,57.2638,39.1870
602,24.0400,428,Team B,575,396,620,502,597.5,499.9,53.2561,43.1852
602,24.0400,581,Team A,147,345,205,436,176.0,434.2,44.9304,35.8345
602,24.0400,536,Referee,556,517,615,642,585.5,639.5,52.7512,53.6702
602,24.0400,583,Team A,530,427,584,526,557.0,524.0,52.3891,45.1466
602,24.0400,612,Team B,440,306,485,389,462.5,387.3,50.7025,31.8032
602,24.0400,591,Team B,1339,345,1385,433,1362.0,431.2,70.6096,40.0436
602,24.0400,613,Team A,509,299,556,388,532.5,386.2,52.3070,32.0645
602,24.0400,584,Team B,1636,402,1682,513,1659.0,510.8,74.9135,48.4762
603,24.0800,69,Team A,1211,446,1260,558,1235.5,555.8,65.3771,50.5101
603,24.0800,340,Team A,1582,384,1641,501,1611.5,498.7,74.6431,47.4957
603,24.0800,504,Team B,901,576,962,712,931.5,709.3,58.1795,59.3255
603,24.0800,495,Team A,741,644,805,782,773.0,779.2,55.3880,62.3227
603,24.0800,521,Team B,767,361,811,449,789.0,447.2,57.4342,39.2604
603,24.0800,581,Team A,153,346,211,435,182.0,433.2,45.0294,35.7583
603,24.0800,536,Referee,561,515,620,642,590.5,639.5,52.8556,53.6976
603,24.0800,583,Team A,546,413,608,523,577.0,520.8,52.7118,45.0921
603,24.0800,612,Team B,444,306,489,390,466.5,388.3,50.7806,31.9116
603,24.0800,591,Team B,1346,345,1392,435,1369.0,433.2,70.7571,40.1611
603,24.0800,613,Team A,511,299,558,390,534.5,388.2,52.3169,32.1483
603,24.0800,584,Team B,1651,406,1700,516,1675.5,513.8,75.3967,48.8586
604,24.1200,69,Team A,1220,444,1269,559,1244.5,556.7,65.5167,50.5912
604,24.1200,340,Team A,1593,385,1649,496,1621.0,493.8,74.9005,47.2757
604,24.1200,504,Team B,912,579,972,715,942.0,712.3,58.3273,59.4402
604,24.1200,495,Team A,745,642,808,782,776.5,779.2,55.4360,62.3480
604,24.1200,521,Team B,774,360,819,450,796.5,448.2,57.5937,39.3633
604,24.1200,581,Team A,159,347,217,435,188.0,433.2,45.1402,35.7415
604,24.1200,536,Referee,569,513,626,641,597.5,638.4,52.9692,53.6861
604,24.1200,583,Team A,563,405,629,520,596.0,517.7,53.0621,44.9619
604,24.1200,612,Team B,448,304,495,391,471.5,389.3,50.8772,32.0281
604,24.1200,591,Team B,1356,347,1402,434,1379.0,432.3,70.9739,40.1752
604,24.1200,613,Team A,515,302,561,394,538.0,392.2,52.3628,32.4548
604,24.1200,584,Team B,1666,406,1718,516,1692.0,513.8,75.8129,49.0569
605,24.1600,69,Team A,1229,443,1281,560,1255.0,557.7,65.6894,50.6949
605,24.1600,340,Team A,1605,389,1658,498,1631.5,495.8,75.1116,47.3246
605,24.1600,504,Team B,922,581,979,713,950.5,710.4,58.4781,59.4428
605,24.1600,495,Team A,752,638,816,781,784.0,778.1,55.5258,62.3447
605,24.1600,521,Team B,785,362,828,449,806.5,447.3,57.7903,39.3727
605,24.1600,581,Team A,163,345,223,437,193.0,435.2,45.2514,35.8588
605,24.1600,536,Referee,581,513,637,640,609.0,637.5,53.1322,53.6712
605,24.1600,612,Team B,451,301,500,390,475.5,388.2,50.9683,32.0135
605,24.1600,591,Team B,1363,344,1412,435,1387.5,433.2,71.1682,40.2592
605,24.1600,613,Team A,520,302,565,395,542.5,393.1,52.4393,32.6519
605,24.1600,584,Team B,1682,406,1736,517,1709.0,514.8,76.1918,49.2329
605,24.1600,428,Team B,596,400,645,510,620.5,507.8,53.5795,43.7610
606,24.2000,69,Team A,1240,441,1292,555,1266.0,552.7,65.9402,50.5377
606,24.2000,340,Team A,1617,388,1670,500,1643.5,497.8,75.3261,47.4795
606,24.2000,504,Team B,933,579,991,714,962.0,711.3,58.6476,59.5042
606,24.2000,495,Team A,761,633,826,780,793.5,777.1,55.6506,62.3341
606,24.2000,521,Team B,797,365,847,462,822.0,460.1,58.0010,40.1505
606,24.2000,581,Team A,170,343,230,435,200.0,433.2,45.3712,35.8020
606,24.2000,536,Referee,594,513,648,640,621.0,637.5,53.3190,53.6941
606,24.2000,612,Team B,457,302,503,384,480.0,382.4,51.0645,31.6220
606,24.2000,591,Team B,1380,344,1427,431,1403.5,429.3,71.5392,40.0901
606,24.2000,613,Team A,525,299,570,394,547.5,392.1,52.5370,32.6722
606,24.2000,584,Team B,1699,407,1755,518,1727.0,515.8,76.5689,49.4037
606,24.2000,428,Team B,612,404,661,509,636.5,506.9,53.8969,43.9832
607,24.2400,69,Team A,1248,440,1301,552,1274.5,549.8,66.1738,50.3595
607,24.2400,340,Team A,1630,388,1682,499,1656.0,496.8,75.6012,47.5237
607,24.2400,504,Team B,945,578,1001,711,973.0,708.3,58.8369,59.4566
607,24.2400,495,Team A,773,628,838,777,805.5,774.0,55.8176,62.2679
607,24.2400,521,Team B,806,365,861,471,833.5,468.9,58.1846,40.9843
607,24.2400,581,Team A,179,340,242,435,210.5,433.1,45.5437,35.7977
607,24.2400,536,Referee,608,512,661,639,634.5,636.5,53.5324,53.6971
607,24.2400,612,Team B,463,301,509,383,486.0,381.4,51.1826,31.4097
607,24.2400,591,Team B,1395,340,1444,432,1419.5,430.2,71.9045,40.1189
607,24.2400,613,Team A,534,299,578,391,556.0,389.2,52.6925,32.5022
607,24.2400,584,Team B,1716,403,1773,517,1744.5,514.7,76.9776,49.4669
607,24.2400,428,Team B,631,405,682,512,656.5,509.9,54.2502,44.2688
608,24.2800,69,Team A,1261,442,1316,553,1288.5,550.8,66.4270,50.3722
608,24.2800,340,Team A,1645,387,1696,498,1670.5,495.8,75.9294,47.5279
608,24.2800,504,Team B,958,576,1015,713,986.5,710.3,59.0375,59.5361
608,24.2800,495,Team A,784,625,850,773,817.0,770.0,56.0003,62.1493
608,24.2800,521,Team B,820,367,869,461,844.5,459.1,58.4493,40.7947
608,24.2800,581,Team A,188,339,252,434,220.0,432.1,45.7223,35.7565
608,24.2800,536,Referee,621,511,675,640,648.0,637.4,53.7535,53.7681
608,24.2800,612,Team B,473,301,516,379,494.5,377.4,51.3440,31.0738
608,24.2800,591,Team B,1414,341,1462,432,1438.0,430.2,72.3187,40.1787
608,24.2800,613,Team A,538,297,581,386,559.5,384.2,52.8085,32.1085
608,24.2800,584,Team B,1732,402,1788,516,1760.0,513.7,77.3717,49.4844
608,24.2800,428,Team B,651,403,704,511,677.5,508.8,54.6393,44.3811
609,24.3200,69,Team A,1265,442,1319,556,1292.0,553.7,66.5402,50.5227
609,24.3200,340,Team A,1661,385,1713,499,1687.0,496.7,76.2712,47.6245
609,24.3200,504,Team B,972,574,1029,713,1000.5,710.2,59.2564,59.6018
609,24.3200,495,Team A,795,625,861,769,828.0,766.1,56.1853,62.0096
609,24.3200,521,Team B,829,369,876,459,852.5,457.2,58.6678,40.6281
609,24.3200,581,Team A,197,339,262,434,229.5,432.1,45.9072,35.7599
609,24.3200,536,Referee,635,513,689,639,662.0,636.5,53.9863,53.7939
609,24.3200,612,Team B,483,304,524,378,503.5,376.5,51.5290,30.8945
609,24.3200,613,Team A,542,297,585,388,563.5,386.2,52.9052,32.0921
609,24.3200,584,Team B,1750,401,1805,515,1777.5,512.7,77.7886,49.4892
609,24.3200,428,Team B,667,404,720,511,693.5,508.9,54.9823,44.4649
610,24.3600,69,Team A,1276,442,1330,557,1303.0,554.7,66.7087,50.6569
610,24.3600,340,Team A,1674,384,1728,501,1701.0,498.7,76.5650,47.8041
610,24.3600,504,Team B,986,573,1045,715,1015.5,712.2,59.4833,59.7309
610,24.3600,495,Team A,803,624,870,766,836.5,763.2,56.3463,61.8840
610,24.3600,521,Team B,841,372,887,459,864.0,457.3,58.9018,40.5921
610,24.3600,581,Team A,203,337,269,434,236.0,432.1,46.0587,35.7725
610,24.3600,536,Referee,650,514,706,644,678.0,641.4,54.2329,54.0328
610,24.3600,612,Team B,491,302,533,380,512.0,378.4,51.7154,30.9724
610,24.3600,613,Team A,547,297,592,389,569.5,387.2,53.0223,32.1642
610,24.3600,584,Team B,1768,400,1822,515,1795.0,512.7,78.1963,49.5390
610,24.3600,428,Team B,686,404,738,510,712.0,507.9,55.3398,44.4926
611,24.4000,69,Team A,1287,443,1341,560,1314.0,557.7,66.8782,50.8753
611,24.4000,340,Team A,1688,385,1742,498,1715.0,495.7,76.9323,47.7599
611,24.4000,504,Team B,1001,573,1060,714,1030.5,711.2,59.7276,59.7875
611,24.4000,495,Team A,810,623,879,768,844.5,765.1,56.4790,61.9127
611,24.4000,521,Team B,853,373,899,458,876.0,456.3,59.1547,40.5510
611,24.4000,581,Team A,209,336,275,435,242.0,433.0,46.1943,35.8473
611,24.4000,536,Referee,665,515,721,644,693.0,641.4,54.4842,54.1656
611,24.4000,612,Team B,498,303,541,385,519.5,383.4,51.8860,31.3550
611,24.4000,613,Team A,554,296,600,389,577.0,387.1,53.1691,32.2074
611,24.4000,584,Team B,1787,399,1842,516,1814.5,513.7,78.6088,49.6625
611,24.4000,428,Team B,705,404,756,505,730.5,503.0,55.7174,44.2978
612,24.4400,69,Team A,1299,443,1352,561,1325.5,558.6,67.0749,51.0378
612,24.4400,340,Team A,1702,384,1758,499,1730.0,496.7,77.2693,47.8345
612,24.4400,504,Team B,1016,574,1075,713,1045.5,710.2,59.9793,59.8158
612,24.4400,495,Team A,816,623,885,768,850.5,765.1,56.5875,61.9389
612,24.4400,521,Team B,865,372,913,459,889.0,457.3,59.4168,40.6204
612,24.4400,581,Team A,218,335,282,434,250.0,432.0,46.3411,35.8345
612,24.4400,536,Referee,679,514,736,644,707.5,641.4,54.7328,54.2532
612,24.4400,612,Team B,507,305,548,383,527.5,381.4,52.0624,31.3940
612,24.4400,613,Team A,563,301,609,391,586.0,389.2,53.3440,32.3822
612,24.4400,584,Team B,1806,399,1860,515,1833.0,512.7,79.0496,49.7139
612,24.4400,428,Team B,724,405,773,501,748.5,499.1,56.0966,44.0617
613,24.4800,69,Team A,1313,442,1365,557,1339.0,554.7,67.3608,50.9574
613,24.4800,340,Team A,1720,386,1774,497,1747.0,494.8,77.6791,47.8092
613,24.4800,504,Team B,1031,575,1091,713,1061.0,710.2,60.2343,59.8670
613,24.4800,495,Team A,822,621,891,768,856.5,765.1,56.6866,61.9628
613,24.4800,521,Team B,878,373,928,460,903.0,458.3,59.6951,40.7386
613,24.4800,581,Team A,231,336,291,432,261.0,430.1,46.5260,35.7367
613,24.4800,536,Referee,692,515,748,642,720.0,639.5,54.9647,54.2440
613,24.4800,612,Team B,516,304,557,382,536.5,380.4,52.2541,31.3599
613,24.4800,613,Team A,572,305,615,392,593.5,390.3,53.5118,32.5389
613,24.4800,584,Team B,1823,402,1879,518,1851.0,515.7,79.4129,49.9378
613,24.4800,428,Team B,741,405,791,500,766.0,498.1,56.4616,43.9581
614,24.5200,69,Team A,1324,440,1376,556,1350.0,553.7,67.6210,50.9072
614,24.5200,340,Team A,1736,388,1789,495,1762.5,492.9,78.0991,47.7394
614,24.5200,504,Team B,1042,575,1101,710,1071.5,707.3,60.4571,59.8149
614,24.5200,495,Team A,829,617,898,767,863.5,764.0,56.7943,61.9572
614,24.5200,521,Team B,889,374,941,461,915.0,459.3,59.9540,40.8715
614,24.5200,581,Team A,240,333,300,432,270.0,430.0,46.7081,35.7129
614,24.5200,536,Referee,704,513,760,642,732.0,639.4,55.1806,54.2681
614,24.5200,612,Team B,524,305,563,380,543.5,378.5,52.4268,31.2277
614,24.5200,613,Team A,579,304,621,391,600.0,389.3,53.6677,32.5484
614,24.5200,584,Team B,1844,404,1891,502,1867.5,500.0,80.1231,49.2657
614,24.5200,428,Team B,767,408,819,500,793.0,498.2,56.9319,43.9842
615,24.5600,69,Team A,1335,440,1387,552,1361.0,549.8,67.9047,50.7342
615,24.5600,340,Team A,1752,388,1805,496,1778.5,493.8,78.4723,47.8083
615,24.5600,504,Team B,1056,574,1116,712,1086.0,709.2,60.6807,59.8964
615,24.5600,495,Team A,841,613,909,765,875.0,762.0,56.9507,61.9207
615,24.5600,521,Team B,896,373,952,464,924.0,462.2,60.1537,41.1121
615,24.5600,581,Team A,250,334,308,431,279.0,429.1,46.8869,35.6648
615,24.5600,536,Referee,718,513,773,642,745.5,639.4,55.4057,54.3108
615,24.5600,612,Team B,533,305,574,382,553.5,380.5,52.6274,31.3300
615,24.5600,613,Team A,585,302,629,391,607.0,389.2,53.8237,32.5644
615,24.5600,584,Team B,1856,404,1902,499,1879.0,497.1,80.6355,48.8738
615,24.5600,428,Team B,788,408,843,499,815.5,497.2,57.3960,43.9976
616,24.6000,69,Team A,1346,441,1398,550,1372.0,547.8,68.1765,50.6034
616,24.6000,340,Team A,1769,387,1823,497,1796.0,494.8,78.8483,47.9357
616,24.6000,504,Team B,1067,570,1128,710,1097.5,707.2,60.8970,59.8894
616,24.6000,495,Team A,850,610,919,765,884.5,761.9,57.1019,61.9276
616,24.6000,521,Team B,904,374,961,467,932.5,465.1,60.3225,41.3958
616,24.6000,581,Team A,261,334,317,433,289.0,431.0,47.0845,35.7841
616,24.6000,536,Referee,730,511,785,643,757.5,640.4,55.6166,54.3934
616,24.6000,612,Team B,544,304,585,384,564.5,382.4,52.8521,31.5264
616,24.6000,613,Team A,595,300,639,389,617.0,387.2,54.0249,32.4574
616,24.6000,584,Team B,1872,405,1918,500,1895.0,498.1,81.0462,48.8153
616,24.6000,428,Team B,805,409,862,498,833.5,496.2,57.8043,43.9961
617,24.6400,69,Team A,1354,442,1406,552,1380.0,549.8,68.3608,50.6647
617,24.6400,340,Team A,1786,386,1839,496,1812.5,493.8,79.2529,47.9793
617,24.6400,504,Team B,1076,567,1136,708,1106.0,705.2,61.0806,59.8398
617,24.6400,495,Team A,861,606,929,762,895.0,758.9,57.2705,61.8633
617,24.6400,521,Team B,907,373,966,471,936.5,469.0,60.4145,41.7373
617,24.6400,581,Team A,272,334,328,435,300.0,433.0,47.3014,35.9722
617,24.6400,536,Referee,743,510,798,643,770.5,640.3,55.8348,54.4576
617,24.6400,612,Team B,551,307,592,386,571.5,384.4,53.0323,31.7569
617,24.6400,613,Team A,603,298,650,388,626.5,386.2,54.2357,32.3658
617,24.6400,584,Team B,1880,407,1920,513,1900.0,510.9,80.9968,49.4724
617,24.6400,428,Team A,830,409,888,498,859.0,496.2,58.2779,44.0569
617,24.6400,659,Team B,1565,325,1607,429,1586.0,426.9,76.3341,40.5120
617,24.6400,660,Team B,780,410,837,497,808.5,495.3,57.5788,43.8116
618,24.6800,69,Team A,1359,442,1411,554,1385.0,551.8,68.4730,50.7937
618,24.6800,340,Team A,1800,384,1855,498,1827.5,495.7,79.5862,48.1411
618,24.6800,504,Team B,1086,567,1145,708,1115.5,705.2,61.2499,59.8442
618,24.6800,495,Team A,873,608,936,754,904.5,751.1,57.4542,61.6188
618,24.6800,521,Team B,913,374,970,472,941.5,470.0,60.5082,41.9416
618,24.6800,581,Team A,283,335,336,434,309.5,432.0,47.5006,36.0103
618,24.6800,536,Referee,755,510,809,643,782.0,640.3,56.0407,54.5115
618,24.6800,612,Team B,561,306,603,386,582.0,384.4,53.2450,31.8697
618,24.6800,613,Team A,600,270,659,383,629.5,380.7,54.3753,31.9633
618,24.6800,428,Team A,850,410,910,499,880.0,497.2,58.7182,44.1842
618,24.6800,659,Team B,1575,325,1618,427,1596.5,425.0,76.5314,40.4154
618,24.6800,660,Team B,796,415,851,498,823.5,496.3,57.7556,43.9040
619,24.7200,69,Team A,1365,442,1415,553,1390.0,550.8,68.5913,50.8130
619,24.7200,340,Team A,1812,383,1866,495,1839.0,492.8,79.9467,48.0799
619,24.7200,504,Team B,1096,567,1155,709,1125.5,706.2,61.4127,59.9047
619,24.7200,495,Team A,880,609,942,754,911.0,751.1,57.5889,61.5376
619,24.7200,521,Team B,918,376,973,472,945.5,470.1,60.5964,42.0352
619,24.7200,581,Team A,289,338,340,434,314.5,432.1,47.6410,36.0398
619,24.7200,536,Referee,766,509,820,644,793.0,641.3,56.2337,54.5970
619,24.7200,612,Team B,567,306,610,385,588.5,383.4,53.4192,31.8619
619,24.7200,428,Team A,866,411,925,498,895.5,496.3,59.0894,44.2226
619,24.7200,659,Team B,1589,327,1631,428,1610.0,426.0,76.7925,40.4765
619,24.7200,660,Team B,808,419,861,499,834.5,497.4,57.9545,44.0226
620,24.7600,69,Team A,1371,441,1421,554,1396.0,551.7,68.7012,50.8812
620,24.7600,340,Team A,1824,383,1878,497,1851.0,494.7,80.2189,48.1939
620,24.7600,504,Team B,1107,568,1164,707,1135.5,704.2,61.5906,59.8886
620,24.7600,495,Team A,887,609,949,753,918.0,750.1,57.7124,61.4918
620,24.7600,521,Team B,923,377,978,476,950.5,474.0,60.6679,42.3028
620,24.7600,581,Team A,293,339,344,435,318.5,433.1,47.7478,36.1197
620,24.7600,536,Referee,775,510,829,644,802.0,641.3,56.4037,54.6541
620,24.7600,612,Team B,571,309,614,388,592.5,386.4,53.5364,32.0706
620,24.7600,428,Team A,877,409,939,497,908.0,495.2,59.3973,44.2149
620,24.7600,659,Team B,1602,329,1643,427,1622.5,425.0,77.1051,40.4740
620,24.7600,660,Team B,821,421,873,498,847.0,496.5,58.1907,44.0511
620,24.7600,613,Team A,611,293,658,381,634.5,379.2,54.5033,31.7096
621,24.8000,69,Team A,1376,439,1427,557,1401.5,554.6,68.7783,51.0573
621,24.8000,340,Team A,1835,383,1889,498,1862.0,495.7,80.4628,48.3227
621,24.8000,504,Team B,1117,569,1174,707,1145.5,704.2,61.7629,59.9085
621,24.8000,495,Team A,893,609,954,754,923.5,751.1,57.8102,61.5178
621,24.8000,521,Team B,931,380,987,483,959.0,480.9,60.7559,42.8088
621,24.8000,581,Team A,299,342,349,435,324.0,433.1,47.8572,36.1670
621,24.8000,536,Referee,781,510,838,644,809.5,641.3,56.5493,54.6955
621,24.8000,612,Team B,576,312,618,390,597.0,388.4,53.6393,32.2997
621,24.8000,428,Team A,890,410,950,495,920.0,493.3,59.6801,44.1391
621,24.8000,659,Team B,1616,332,1656,425,1636.0,423.1,77.4749,40.3873
621,24.8000,660,Team B,833,422,885,496,859.0,494.5,58.4414,43.9900
621,24.8000,613,Team A,612,303,656,384,634.0,382.4,54.5388,31.8227
622,24.8400,69,Team A,1382,437,1435,555,1408.5,552.6,68.9196,51.0539
622,24.8400,340,Team A,1844,384,1899,498,1871.5,495.7,80.6952,48.4021
622,24.8400,504,Team B,1127,571,1184,708,1155.5,705.3,61.9269,59.9767
622,24.8400,495,Team A,899,610,958,755,928.5,752.1,57.8928,61.5718
622,24.8400,521,Team B,940,382,994,481,967.0,479.0,60.9056,42.9262
622,24.8400,581,Team A,306,344,357,436,331.5,434.2,47.9939,36.2626
622,24.8400,536,Referee,792,511,849,645,820.5,642.3,56.7180,54.7775
622,24.8400,612,Team B,582,314,624,389,603.0,387.5,53.7627,32.3407
622,24.8400,428,Team A,904,409,964,492,934.0,490.3,59.9852,43.9865
622,24.8400,659,Team B,1631,334,1669,423,1650.0,421.2,77.8775,40.2664
622,24.8400,613,Team A,614,307,657,387,635.5,385.4,54.5648,32.0768
623,24.8800,69,Team A,1388,437,1440,552,1414.0,549.7,69.0801,50.9305
623,24.8800,340,Team A,1854,386,1908,499,1881.0,496.7,80.9009,48.5149
623,24.8800,504,Team B,1138,575,1193,708,1165.5,705.3,62.0934,60.0323
623,24.8800,495,Team A,906,608,964,753,935.0,750.1,57.9949,61.5470
623,24.8800,521,Team B,936,382,996,487,966.0,484.9,60.9114,43.2889
623,24.8800,581,Team A,315,344,366,436,340.5,434.2,48.1577,36.3201
623,24.8800,536,Referee,802,512,859,645,830.5,642.3,56.8889,54.8358
623,24.8800,659,Team B,1641,335,1680,423,1660.5,421.2,78.1985,40.2468
623,24.8800,613,Team A,618,309,661,392,639.5,390.3,54.6151,32.5200
624,24.9200,69,Team A,1391,438,1445,551,1418.0,548.7,69.2059,50.8469
624,24.9200,340,Team A,1865,389,1918,499,1891.5,496.8,81.1317,48.5929
624,24.9200,504,Team B,1146,576,1203,714,1174.5,711.2,62.2136,60.2766
624,24.9200,495,Team A,913,603,972,751,942.5,748.0,58.1147,61.4911
624,24.9200,521,Team B,933,382,997,493,965.0,490.8,60.8604,43.7454
624,24.9200,581,Team A,323,344,375,436,349.0,434.2,48.3263,36.3613
624,24.9200,536,Referee,812,514,869,643,840.5,640.4,57.0681,54.8102
624,24.9200,659,Team B,1655,340,1692,423,1673.5,421.3,78.5237,40.2795
624,24.9200,613,Team A,615,308,660,392,637.5,390.3,54.6084,32.6916
624,24.9200,675,Referee,649,241,681,297,665.0,295.9,55.8107,20.8919
625,24.9600,69,Team A,1396,439,1450,554,1423.0,551.7,69.2816,50.9647
625,24.9600,340,Team A,1873,390,1920,498,1896.5,495.8,81.3172,48.5872
625,24.9600,504,Team B,1154,572,1212,713,1183.0,710.2,62.3545,60.3605
625,24.9600,495,Team A,919,600,978,749,948.5,746.0,58.2276,61.4200
625,24.9600,521,Team B,936,382,999,495,967.5,492.7,60.8576,44.0377
625,24.9600,581,Team A,327,344,379,437,353.0,435.1,48.4440,36.4446
625,24.9600,536,Referee,820,515,878,645,849.0,642.4,57.2207,54.8970
625,24.9600,659,Team B,1666,339,1705,424,1685.5,422.3,78.8161,40.3858
625,24.9600,613,Team A,615,306,661,392,638.0,390.3,54.6126,32.7587
625,24.9600,675,Referee,655,240,687,298,671.0,296.8,55.8987,20.9857
625,24.9600,676,Team A,1025,274,1052,345,1038.5,343.6,64.7334,28.6248
625,24.9600,660,Team B,892,429,945,501,918.5,499.6,59.2409,44.3727
626,25.0000,69,Team A,1397,441,1451,557,1424.0,554.7,69.2875,51.1524
626,25.0000,340,Team A,1879,388,1920,498,1899.5,495.8,81.4353,48.5913
626,25.0000,504,Team B,1159,571,1216,711,1187.5,708.2,62.4693,60.3391
626,25.0000,495,Team A,926,598,984,747,955.0,744.0,58.3427,61.3446
626,25.0000,521,Team B,943,384,1008,496,975.5,493.8,60.9489,44.2280
626,25.0000,581,Team A,330,342,383,439,356.5,437.1,48.5368,36.5991
626,25.0000,536,Referee,827,516,884,645,855.5,642.4,57.3492,54.9486
626,25.0000,659,Team B,1679,339,1719,425,1699.0,423.3,79.1179,40.5266
626,25.0000,613,Team A,617,307,666,393,641.5,391.3,54.6583,32.8599
626,25.0000,676,Team A,1031,273,1059,346,1045.0,344.5,64.8219,28.7128
626,25.0000,660,Team B,903,437,954,501,928.5,499.7,59.6823,44.5584
627,25.0400,69,Team A,1399,442,1453,558,1426.0,555.7,69.3023,51.2789
627,25.0400,504,Team B,1164,568,1220,708,1192.0,705.2,62.5807,60.2406
627,25.0400,495,Team A,932,599,990,743,961.0,740.1,58.4620,61.2054
627,25.0400,521,Team B,948,386,1013,497,980.5,494.8,61.0404,44.3700
627,25.0400,581,Team A,333,342,385,439,359.0,437.1,48.6042,36.6663
627,25.0400,536,Referee,833,515,890,645,861.5,642.4,57.4631,54.9834
627,25.0400,659,Team B,1689,337,1731,426,1710.0,424.2,79.3860,40.6721
627,25.0400,613,Team A,619,307,670,394,644.5,392.3,54.7140,32.9723
627,25.0400,676,Team A,1038,277,1065,348,1051.5,346.6,64.9328,28.9191
628,25.0800,69,Team A,1401,443,1453,559,1427.0,556.7,69.3082,51.3782
628,25.0800,504,Team B,1170,565,1224,704,1197.0,701.2,62.7029,60.0787
628,25.0800,495,Team A,937,600,994,740,965.5,737.2,58.5650,61.0677
628,25.0800,521,Team B,933,388,1005,499,969.0,496.8,60.9204,44.5034
628,25.0800,581,Team A,334,341,386,439,360.0,437.0,48.6432,36.6942
628,25.0800,536,Referee,838,514,896,646,867.0,643.4,57.5621,55.0477
628,25.0800,659,Team B,1700,336,1743,427,1721.5,425.2,79.6477,40.8220
628,25.0800,613,Team A,619,307,669,393,644.0,391.3,54.7324,32.9507
628,25.0800,676,Team A,1042,280,1069,348,1055.5,346.6,65.0378,29.0147
629,25.1200,69,Team A,1402,442,1454,561,1428.0,558.6,69.2991,51.5095
629,25.1200,504,Team B,1175,563,1230,705,1202.5,702.2,62.8017,60.0602
629,25.1200,495,Team A,938,599,996,741,967.0,738.2,58.6166,61.0471
629,25.1200,521,Team B,939,388,1013,500,976.0,497.8,60.9523,44.6251
629,25.1200,581,Team A,337,341,387,438,362.0,436.1,48.6815,36.6516
629,25.1200,536,Referee,844,514,902,649,873.0,646.3,57.6524,55.2004
629,25.1200,659,Team B,1711,334,1755,428,1733.0,426.1,79.9072,40.9723
629,25.1200,613,Team A,618,308,668,395,643.0,393.3,54.7207,33.0720
629,25.1200,676,Team A,1046,280,1075,349,1060.5,347.6,65.1446,29.1389
629,25.1200,675,Referee,674,242,706,300,690.0,298.8,56.2168,21.2298
630,25.1600,69,Team A,1404,442,1456,562,1430.0,559.6,69.3081,51.6121
630,25.1600,504,Team B,1182,563,1237,706,1209.5,703.1,62.9062,60.1042
630,25.1600,495,Team A,938,600,995,739,966.5,736.2,58.6406,60.9754
630,25.1600,521,Team B,954,394,1022,500,988.0,497.9,61.1129,44.7096
630,25.1600,581,Team B,338,344,387,439,362.5,437.1,48.7046,36.6972
630,25.1600,536,Referee,849,515,905,647,877.0,644.4,57.7379,55.1976
630,25.1600,659,Team B,1722,334,1767,428,1744.5,426.1,80.1879,41.0631
630,25.1600,613,Team A,616,311,664,397,640.0,395.3,54.6701,33.2481
630,25.1600,676,Team A,1050,279,1080,351,1065.0,349.6,65.2328,29.3465
630,25.1600,675,Referee,677,242,708,300,692.5,298.8,56.3825,21.3319
631,25.2000,69,Team A,1407,441,1458,559,1432.5,556.6,69.3789,51.5243
631,25.2000,504,Team B,1187,562,1242,707,1214.5,704.1,62.9925,60.1674
631,25.2000,495,Team A,938,599,995,739,966.5,736.2,58.6502,60.9461
631,25.2000,521,Team B,960,398,1026,500,993.0,498.0,61.2386,44.7598
631,25.2000,581,Team B,336,346,386,441,361.0,439.1,48.6988,36.8302
631,25.2000,536,Referee,854,516,908,647,881.0,644.4,57.8136,55.2072
631,25.2000,659,Team B,1735,333,1780,429,1757.5,427.1,80.4777,41.1951
631,25.2000,613,Team A,616,312,663,397,639.5,395.3,54.6432,33.3187
631,25.2000,676,Team A,1053,284,1083,353,1068.0,351.6,65.2890,29.5926
631,25.2000,675,Referee,679,241,711,301,695.0,299.8,56.4825,21.4599
632,25.2400,69,Team A,1407,440,1459,555,1433.0,552.7,69.4624,51.3087
632,25.2400,504,Team B,1189,564,1243,703,1216.0,700.2,63.0692,60.0643
632,25.2400,495,Team A,941,597,999,739,970.0,736.2,58.6879,60.9418
632,25.2400,521,Team B,967,400,1030,499,998.5,497.0,61.3640,44.7444
632,25.2400,581,Team B,338,348,389,441,363.5,439.1,48.7268,36.8911
632,25.2400,536,Referee,859,516,911,645,885.0,642.4,57.8936,55.1460
632,25.2400,659,Team B,1747,334,1791,429,1769.0,427.1,80.7707,41.2800
632,25.2400,613,Team A,615,312,661,397,638.0,395.3,54.6124,33.3438
632,25.2400,676,Team A,1056,286,1085,354,1070.5,352.6,65.3373,29.7737
632,25.2400,612,Team B,652,311,696,391,674.0,389.4,54.7619,32.6363
633,25.2800,69,Team A,1408,440,1461,554,1434.5,551.7,69.5266,51.1810
633,25.2800,504,Team B,1185,563,1240,699,1212.5,696.3,63.0912,59.8787
633,25.2800,495,Team A,945,592,1003,738,974.0,735.1,58.7462,60.9154
633,25.2800,521,Team B,976,404,1036,500,1006.0,498.1,61.4997,44.8121
633,25.2800,581,Team B,340,349,392,443,366.0,441.1,48.7712,37.0371
633,25.2800,536,Referee,864,517,916,646,890.0,643.4,57.9736,55.1723
633,25.2800,659,Team B,1758,331,1802,428,1780.0,426.1,81.0834,41.2774
633,25.2800,613,Team A,615,311,660,397,637.5,395.3,54.5934,33.3514
633,25.2800,676,Team A,1057,282,1088,355,1072.5,353.5,65.3762,29.9184
633,25.2800,612,Team B,660,308,704,391,682.0,389.3,55.2700,32.7677
634,25.3200,69,Team A,1411,440,1464,553,1437.5,550.7,69.6020,51.0924
634,25.3200,504,Team B,1187,564,1245,702,1216.0,699.2,63.1155,59.9152
634,25.3200,495,Team A,947,590,1005,736,976.0,733.1,58.7973,60.8454
634,25.3200,521,Team B,981,404,1041,500,1011.0,498.1,61.6161,44.8515
634,25.3200,581,Team B,343,348,397,443,370.0,441.1,48.8373,37.1029
634,25.3200,536,Referee,868,518,919,647,893.5,644.4,58.0380,55.2297
634,25.3200,659,Team B,1768,331,1811,428,1789.5,426.1,81.3558,41.3020
634,25.3200,613,Team A,614,311,660,397,637.0,395.3,54.5792,33.3534
634,25.3200,676,Team A,1060,283,1091,355,1075.5,353.6,65.4371,29.9844
634,25.3200,612,Team B,668,312,708,390,688.0,388.4,55.5579,32.7725
634,25.3200,688,Team B,913,395,979,495,946.0,493.0,60.4078,44.1678
635,25.3600,69,Team A,1412,441,1465,553,1438.5,550.8,69.6443,51.0605
635,25.3600,504,Team B,1202,567,1259,702,1230.5,699.3,63.2739,59.9694
635,25.3600,495,Team A,949,589,1006,733,977.5,730.1,58.8451,60.7254
635,25.3600,521,Team B,983,405,1044,499,1013.5,497.1,61.7010,44.8233
635,25.3600,581,Team B,348,347,403,442,375.5,440.1,48.9288,37.0825
635,25.3600,536,Referee,870,518,922,647,896.0,644.4,58.0898,55.2589
635,25.3600,659,Team B,1778,330,1823,429,1800.5,427.0,81.6118,41.4024
635,25.3600,613,Team A,611,310,657,398,634.0,396.2,54.5309,33.4111
635,25.3600,676,Team A,1062,286,1092,354,1077.0,352.6,65.4956,29.9445
635,25.3600,612,Team B,672,316,712,393,692.0,391.5,55.7159,32.9860
635,25.3600,688,Team B,913,395,978,493,945.5,491.0,60.4145,44.0631
636,25.4000,69,Team A,1412,441,1464,550,1438.0,547.8,69.6922,50.9092
636,25.4000,504,Team B,1204,563,1265,704,1234.5,701.2,63.3650,60.0658
636,25.4000,495,Team A,950,589,1006,732,978.0,729.1,58.8733,60.6468
636,25.4000,521,Team B,989,405,1050,499,1019.5,497.1,61.8097,44.8268
636,25.4000,581,Team B,351,347,406,442,378.5,440.1,49.0017,37.0809
636,25.4000,536,Referee,875,519,925,646,900.0,643.5,58.1563,55.2439
636,25.4000,659,Team B,1790,330,1834,428,1812.0,426.0,81.9178,41.4114
636,25.4000,613,Team A,608,310,656,402,632.0,400.2,54.4745,33.6873
636,25.4000,676,Team A,1063,287,1093,356,1078.0,354.6,65.5100,30.0801
636,25.4000,612,Team B,679,316,719,395,699.0,393.4,55.8662,33.2174
636,25.4000,688,Team B,899,397,962,491,930.5,489.1,60.2433,43.8828
636,25.4000,690,Team B,1363,283,1392,362,1377.5,360.4,73.1383,32.0222
636,25.4000,675,Referee,694,244,727,304,710.5,302.8,56.7454,21.7961
637,25.4400,69,Team A,1410,443,1461,552,1435.5,549.8,69.6549,50.9354
637,25.4400,504,Team B,1210,562,1269,699,1239.5,696.3,63.4883,59.9485
637,25.4400,495,Team A,953,590,1008,732,980.5,729.2,58.9087,60.6222
637,25.4400,521,Team B,990,404,1055,500,1022.5,498.1,61.8833,44.8858
637,25.4400,581,Team B,356,348,410,442,383.0,440.1,49.0855,37.0911
637,25.4400,536,Referee,878,519,927,645,902.5,642.5,58.2133,55.2066
637,25.4400,659,Team B,1800,333,1845,430,1822.5,428.1,82.1526,41.5716
637,25.4400,613,Team A,603,311,652,404,627.5,402.1,54.3873,33.9171
637,25.4400,676,Team A,1064,279,1098,355,1081.0,353.5,65.5755,30.0550
637,25.4400,612,Team B,684,313,727,398,705.5,396.3,56.0027,33.5154
637,25.4400,688,Team B,894,396,958,492,926.0,490.1,60.1128,43.8507
637,25.4400,690,Team B,1368,287,1396,363,1382.0,361.5,73.1898,32.1121
637,25.4400,691,Team B,1,432,17,567,9.0,564.3,42.9345,46.2949
637,25.4400,675,Referee,696,244,729,304,712.5,302.8,56.8812,21.9342
638,25.4800,69,Team A,1409,442,1460,555,1434.5,552.7,69.5909,51.0790
638,25.4800,504,Team B,1211,562,1269,695,1240.0,692.3,63.5712,59.7672
638,25.4800,495,Team A,956,591,1011,732,983.5,729.2,58.9519,60.6206
638,25.4800,521,Team A,992,404,1059,500,1025.5,498.1,61.9502,44.9168
638,25.4800,581,Team B,359,346,413,442,386.0,440.1,49.1553,37.0993
638,25.4800,536,Referee,882,518,932,644,907.0,641.5,58.2875,55.1646
638,25.4800,659,Team B,1809,332,1855,430,1832.0,428.0,82.3951,41.6602
638,25.4800,613,Team A,602,311,651,405,626.5,403.1,54.3368,34.0705
638,25.4800,676,Team A,1067,278,1101,355,1084.0,353.5,65.6476,30.0500
638,25.4800,612,Team B,691,316,732,400,711.5,398.3,56.1300,33.7809
638,25.4800,688,Team B,893,395,959,492,926.0,490.1,60.0608,43.8368
638,25.4800,691,Team B,7,434,23,564,15.0,561.4,42.9811,46.1789
639,25.5200,69,Team A,1410,441,1460,555,1435.0,552.7,69.5717,51.1369
639,25.5200,504,Team B,1214,561,1273,695,1243.5,692.3,63.6409,59.7031
639,25.5200,495,Team A,959,590,1013,731,986.0,728.2,58.9979,60.5937
639,25.5200,521,Team A,996,404,1065,501,1030.5,499.1,62.0317,44.9927
639,25.5200,581,Team B,362,340,417,441,389.5,439.0,49.2244,37.0455
639,25.5200,536,Referee,888,520,938,646,913.0,643.5,58.3712,55.2394
639,25.5200,659,Team B,1819,331,1866,430,1842.5,428.0,82.6566,41.7229
639,25.5200,613,Team A,604,316,651,405,627.5,403.2,54.3295,34.1405
639,25.5200,676,Team A,1071,279,1104,353,1087.5,351.5,65.7541,29.9088
639,25.5200,612,Team B,699,315,739,397,719.0,395.4,56.2942,33.7079
639,25.5200,688,Team B,894,397,959,493,926.5,491.1,60.0397,43.8865
639,25.5200,691,Team B,13,437,29,564,21.0,561.5,43.0607,46.1483
640,25.5600,69,Team A,1413,439,1463,555,1438.0,552.7,69.6018,51.1662
640,25.5600,504,Team B,1219,560,1278,692,1248.5,689.4,63.7425,59.5874
640,25.5600,495,Team A,964,587,1018,730,991.0,727.1,59.0696,60.5615
640,25.5600,521,Team A,1000,405,1072,501,1036.0,499.1,62.1327,45.0377
640,25.5600,581,Team B,365,338,419,440,392.0,438.0,49.2812,36.9692
640,25.5600,536,Referee,895,519,945,645,920.0,642.5,58.4824,55.2485
640,25.5600,659,Team B,1830,337,1876,430,1853.0,428.1,82.9222,41.7842
640,25.5600,613,Team A,605,317,651,406,628.0,404.2,54.3306,34.2343
640,25.5600,676,Team A,1075,282,1108,355,1091.5,353.5,65.8325,30.0139
640,25.5600,612,Team B,707,316,747,400,727.0,398.3,56.4552,33.8918
640,25.5600,688,Team B,898,397,963,493,930.5,491.1,60.0809,43.9161
640,25.5600,691,Team B,16,440,33,563,24.5,560.5,43.1237,46.1026
640,25.5600,694,Team B,1384,282,1413,364,1398.5,362.4,73.6340,32.3461
641,25.6000,69,Team A,1415,438,1466,554,1440.5,551.7,69.6575,51.1382
641,25.6000,504,Team B,1220,556,1281,692,1250.5,689.3,63.8047,59.5435
641,25.6000,495,Team A,968,586,1021,727,994.5,724.2,59.1457,60.4606
641,25.6000,521,Team A,1005,404,1080,501,1042.5,499.1,62.2544,45.0708
641,25.6000,581,Team B,370,338,423,440,396.5,438.0,49.3587,36.9485
641,25.6000,536,Referee,900,517,949,644,924.5,641.5,58.5787,55.2243
641,25.6000,659,Team B,1837,337,1885,431,1861.0,429.1,83.1281,41.8926
641,25.6000,613,Team A,607,318,651,404,629.0,402.3,54.3492,34.1482
641,25.6000,676,Team A,1078,288,1109,356,1093.5,354.6,65.8807,30.1432
641,25.6000,612,Team B,714,316,754,401,734.0,399.3,56.6097,34.0453
641,25.6000,688,Team B,901,396,967,495,934.0,493.0,60.1283,44.0389
641,25.6000,691,Team B,18,440,37,562,27.5,559.6,43.1747,46.0470
641,25.6000,694,Team B,1390,283,1420,366,1405.0,364.3,73.6992,32.5089
642,25.6400,69,Team A,1417,439,1467,553,1442.0,550.7,69.7105,51.0863
642,25.6400,504,Team B,1230,558,1291,695,1260.5,692.3,63.9114,59.6558
642,25.6400,495,Team A,972,585,1024,725,998.0,722.2,59.2194,60.3640
642,25.6400,521,Team A,1002,403,1074,501,1038.0,499.0,62.2470,45.0719
642,25.6400,581,Team B,374,341,426,441,400.0,439.0,49.4334,37.0091
642,25.6400,536,Referee,904,516,953,643,928.5,640.5,58.6639,55.1862
642,25.6400,659,Team B,1845,339,1894,433,1869.5,431.1,83.2910,42.0853
642,25.6400,613,Team A,607,316,651,404,629.0,402.2,54.3567,34.1112
642,25.6400,676,Team A,1080,290,1110,356,1095.0,354.7,65.9223,30.2012
642,25.6400,612,Team B,721,318,759,401,740.0,399.3,56.7522,34.1224
642,25.6400,688,Team B,906,398,970,495,938.0,493.1,60.1965,44.0999
642,25.6400,691,Team B,22,436,41,562,31.5,559.5,43.2353,46.0300
642,25.6400,694,Team B,1394,281,1425,369,1409.5,367.2,73.7406,32.7994
643,25.6800,69,Team A,1418,441,1468,553,1443.0,550.8,69.7437,51.0701
643,25.6800,504,Team B,1229,559,1293,700,1261.0,697.2,63.9225,59.8720
643,25.6800,495,Team A,976,584,1026,719,1001.0,716.3,59.3056,60.1376
643,25.6800,521,Team A,1001,401,1073,501,1037.0,499.0,62.2319,45.0677
643,25.6800,581,Team B,377,345,428,444,402.5,442.0,49.4967,37.2161
643,25.6800,536,Referee,909,515,957,642,933.0,639.5,58.7499,55.1437
643,25.6800,659,Team B,1856,338,1905,433,1880.5,431.1,83.5288,42.1913
643,25.6800,613,Team A,606,312,651,405,628.5,403.1,54.3508,34.1537
643,25.6800,676,Team A,1082,291,1112,358,1097.0,356.7,65.9445,30.3774
643,25.6800,612,Team B,728,318,766,402,747.0,400.3,56.8991,34.2330
643,25.6800,688,Team B,906,397,970,495,938.0,493.0,60.2239,44.1233
643,25.6800,691,Team B,23,434,44,560,33.5,557.5,43.2706,45.9376
643,25.6800,694,Team B,1397,282,1429,370,1413.0,368.2,73.7933,32.9975
643,25.6800,675,Referee,720,243,752,302,736.0,300.8,57.3086,21.8624
644,25.7200,69,Team A,1416,442,1466,552,1441.0,549.8,69.7442,51.0136
644,25.7200,504,Team B,1230,557,1294,698,1262.0,695.2,63.9522,59.8921
644,25.7200,495,Team A,976,582,1028,719,1002.0,716.3,59.3501,60.0482
644,25.7200,521,Team A,1002,399,1072,500,1037.0,498.0,62.2339,45.0129
644,25.7200,581,Team B,377,346,428,446,402.5,444.0,49.5240,37.4144
644,25.7200,536,Referee,911,511,960,641,935.5,638.4,58.8156,55.0921
644,25.7200,659,Team B,1862,340,1913,433,1887.5,431.1,83.7325,42.2554
644,25.7200,613,Team A,604,312,649,405,626.5,403.1,54.3221,34.1664
644,25.7200,676,Team A,1082,291,1112,358,1097.0,356.7,65.9534,30.4479
644,25.7200,612,Team B,734,318,771,401,752.5,399.3,57.0368,34.2250
644,25.7200,688,Team B,908,398,968,492,938.0,490.1,60.2538,43.9782
644,25.7200,691,Team B,23,432,44,558,33.5,555.5,43.2754,45.8103
644,25.7200,694,Team B,1400,279,1432,368,1416.0,366.2,73.9012,32.9349
644,25.7200,675,Referee,722,243,754,302,738.0,300.8,57.5105,21.8373
645,25.7600,69,Team A,1412,441,1461,553,1436.5,550.8,69.6763,51.0237
645,25.7600,504,Team B,1228,556,1292,696,1260.0,693.2,63.9581,59.8265
645,25.7600,495,Team A,976,582,1028,718,1002.0,715.3,59.3725,59.9799
645,25.7600,521,Team A,1002,398,1070,499,1036.0,497.0,62.2300,44.9362
645,25.7600,581,Team B,374,347,425,447,399.5,445.0,49.4996,37.5454
645,25.7600,536,Referee,912,506,959,633,935.5,630.5,58.8796,54.7624
645,25.7600,659,Team B,1868,343,1917,432,1892.5,430.2,83.9170,42.2369
645,25.7600,613,Team A,600,314,643,404,621.5,402.2,54.2471,34.0997
645,25.7600,676,Team A,1080,289,1112,358,1096.0,356.6,65.9423,30.4709
645,25.7600,612,Team B,737,317,774,401,755.5,399.3,57.1325,34.2271
645,25.7600,688,Team B,905,398,963,489,934.0,487.2,60.2351,43.7540
645,25.7600,691,Team B,21,431,44,555,32.5,552.5,43.2533,45.6228
645,25.7600,694,Team B,1400,280,1433,373,1416.5,371.1,73.8568,33.2725
645,25.7600,675,Referee,721,245,753,303,737.0,301.8,57.5698,21.9130
646,25.8000,69,Team A,1408,441,1456,554,1432.0,551.7,69.5809,51.0613
646,25.8000,504,Team B,1226,555,1291,696,1258.5,693.2,63.9451,59.7957
646,25.8000,495,Team A,976,583,1029,719,1002.5,716.3,59.3817,59.9871
646,25.8000,521,Team A,1001,394,1071,501,1036.0,498.9,62.2138,45.0037
646,25.8000,581,Team B,370,348,422,449,396.0,447.0,49.4497,37.7049
646,25.8000,536,Referee,907,498,959,641,933.0,638.1,58.8423,54.9233
646,25.8000,659,Team B,1874,342,1920,432,1897.0,430.2,84.0621,42.2405
646,25.8000,613,Team A,592,314,637,407,614.5,405.1,54.1180,34.2481
646,25.8000,676,Team A,1077,290,1110,362,1093.5,360.6,65.8509,30.7679
646,25.8000,612,Team B,738,315,777,404,757.5,402.2,57.1839,34.4224
646,25.8000,688,Team B,894,398,958,499,926.0,497.0,60.0663,44.1623
646,25.8000,691,Team B,20,430,43,553,31.5,550.5,43.2249,45.4553
646,25.8000,694,Team B,1398,278,1432,374,1415.0,372.1,73.7973,33.4724
647,25.8400,69,Team A,1403,441,1451,555,1427.0,552.7,69.4686,51.1084
647,25.8400,504,Team B,1225,555,1291,696,1258.0,693.2,63.9346,59.7820
647,25.8400,495,Team A,977,584,1031,718,1004.0,715.3,59.4047,59.9617
647,25.8400,521,Team A,999,391,1068,500,1033.5,497.8,62.1842,44.9702
647,25.8400,581,Team B,368,350,420,449,394.0,447.0,49.4057,37.7666
647,25.8400,536,Referee,907,497,959,644,933.0,641.1,58.8138,55.1001
647,25.8400,613,Team A,587,316,631,406,609.0,404.2,53.9964,34.2349
647,25.8400,676,Team A,1074,292,1108,363,1091.0,361.6,65.7641,30.9565
647,25.8400,612,Team B,741,316,779,404,760.0,402.2,57.2380,34.5074
647,25.8400,688,Team B,886,400,951,503,918.5,500.9,59.8825,44.5131
647,25.8400,691,Team B,19,430,43,551,31.0,548.6,43.1991,45.2974
647,25.8400,694,Team B,1396,276,1431,374,1413.5,372.0,73.7507,33.5459
648,25.8800,69,Team A,1402,440,1448,553,1425.0,550.7,69.4234,51.0300
648,25.8800,504,Team B,1226,554,1292,694,1259.0,691.2,63.9557,59.7104
648,25.8800,495,Team A,977,584,1032,718,1004.5,715.3,59.4188,59.9529
648,25.8800,521,Team A,997,388,1066,500,1031.5,497.8,62.1478,44.9488
648,25.8800,581,Team B,369,351,419,450,394.0,448.0,49.3892,37.8491
648,25.8800,536,Referee,910,501,959,643,934.5,640.2,58.8224,55.1400
648,25.8800,613,Team A,583,319,628,409,605.5,407.2,53.8953,34.4151
648,25.8800,676,Team A,1071,291,1108,364,1089.5,362.5,65.6950,31.0994
648,25.8800,612,Team B,743,316,781,403,762.0,401.3,57.2914,34.4817
648,25.8800,688,Team B,880,403,945,506,912.5,503.9,59.7178,44.7934
648,25.8800,691,Team B,19,431,44,549,31.5,546.6,43.1847,45.1461
648,25.8800,694,Team B,1398,278,1433,374,1415.5,372.1,73.7628,33.5830
649,25.9200,69,Team A,1400,438,1446,553,1423.0,550.7,69.3810,50.9915
649,25.9200,504,Team B,1228,555,1295,693,1261.5,690.2,63.9974,59.6548
649,25.9200,495,Team A,973,584,1027,715,1000.0,712.4,59.3938,59.8398
649,25.9200,521,Team A,996,387,1063,502,1029.5,499.7,62.0933,45.0363
649,25.9200,581,Team B,369,352,420,453,394.5,451.0,49.3918,38.0533
649,25.9200,536,Referee,909,503,958,643,933.5,640.2,58.8151,55.1550
649,25.9200,613,Team A,580,321,625,411,602.5,409.2,53.8114,34.6086
649,25.9200,676,Team A,1071,292,1107,363,1089.0,361.6,65.6715,31.0847
649,25.9200,612,Team B,747,318,784,404,765.5,402.3,57.3550,34.5459
649,25.9200,688,Team B,876,408,941,510,908.5,508.0,59.5797,45.1013
649,25.9200,691,Team B,19,435,44,549,31.5,546.7,43.1793,45.0893
649,25.9200,694,Team B,1401,278,1437,376,1419.0,374.0,73.7850,33.7484
650,25.9600,69,Team A,1396,435,1442,552,1419.0,549.7,69.3273,50.9169
650,25.9600,504,Team B,1234,555,1298,691,1266.0,688.3,64.0759,59.5759
650,25.9600,495,Team A,970,581,1025,715,997.5,712.3,59.3594,59.7862
650,25.9600,521,Team A,995,388,1059,502,1027.0,499.7,62.0403,45.0662
650,25.9600,581,Team B,369,351,420,453,394.5,451.0,49.3928,38.1338
650,25.9600,536,Referee,906,504,955,641,930.5,638.3,58.7897,55.0787
650,25.9600,613,Team A,575,321,618,411,596.5,409.2,53.6998,34.6730
650,25.9600,676,Team A,1068,291,1105,364,1086.5,362.5,65.6128,31.1440
650,25.9600,612,Team B,750,319,787,405,768.5,403.3,57.4160,34.6435
650,25.9600,688,Team B,873,411,936,511,904.5,509.0,59.4701,45.2675
650,25.9600,691,Team B,16,436,43,549,29.5,546.7,43.1567,45.0631
650,25.9600,694,Team B,1401,279,1437,376,1419.0,374.1,73.7936,33.8160
650,25.9600,698,Team B,1060,450,1095,499,1077.5,498.0,63.0804,45.1477
651,26.0000,69,Team A,1388,434,1435,551,1411.5,548.7,69.2249,50.8205
651,26.0000,504,Team B,1236,555,1298,688,1267.0,685.3,64.1402,59.4437
651,26.0000,495,Team A,968,577,1024,714,996.0,711.3,59.3358,59.7255
651,26.0000,521,Team A,994,390,1055,503,1024.5,500.7,61.9802,45.1249
651,26.0000,581,Team B,368,350,419,453,393.5,450.9,49.3812,38.1627
651,26.0000,536,Referee,903,504,953,640,928.0,637.3,58.7577,55.0040
651,26.0000,613,Team A,570,321,613,411,591.5,409.2,53.5901,34.6879
651,26.0000,676,Team A,1064,292,1101,363,1082.5,361.6,65.5407,31.0882
651,26.0000,612,Team B,752,319,789,406,770.5,404.3,57.4624,34.7507
651,26.0000,688,Team B,872,413,933,509,902.5,507.1,59.4130,45.2314
651,26.0000,691,Team B,14,435,44,550,29.0,547.7,43.1471,45.0957
651,26.0000,694,Team B,1400,279,1436,376,1418.0,374.1,73.7813,33.8407
651,26.0000,698,Team B,1060,450,1095,498,1077.5,497.0,63.0887,45.0964
652,26.0400,69,Team A,1382,434,1429,549,1405.5,546.7,69.1334,50.6741
652,26.0400,504,Team B,1238,555,1296,683,1267.0,680.4,64.2037,59.2177
652,26.0400,495,Team A,966,573,1022,713,994.0,710.2,59.3115,59.6605
652,26.0400,521,Team A,990,394,1049,505,1019.5,502.8,61.8787,45.2415
652,26.0400,581,Team B,367,349,418,453,392.5,450.9,49.3646,38.1709
652,26.0400,536,Referee,901,506,952,642,926.5,639.3,58.7198,55.0476
652,26.0400,613,Team A,564,321,605,409,584.5,407.2,53.4588,34.5534
652,26.0400,676,Team A,1060,291,1097,365,1078.5,363.5,65.4284,31.1997
652,26.0400,612,Team B,755,318,792,406,773.5,404.2,57.5215,34.7990
652,26.0400,688,Team B,867,412,928,508,897.5,506.1,59.3354,45.1538
652,26.0400,691,Team B,13,434,45,550,29.0,547.7,43.1432,45.1078
652,26.0400,694,Team B,1399,278,1435,378,1417.0,376.0,73.7236,33.9882
652,26.0400,698,Team B,1058,451,1092,499,1075.0,498.0,63.0521,45.1220
653,26.0800,69,Team A,1376,434,1424,550,1400.0,547.7,69.0165,50.6469
653,26.0800,504,Team B,1236,553,1295,686,1265.5,683.3,64.1910,59.2260
653,26.0800,495,Team A,966,569,1022,711,994.0,708.2,59.3113,59.5657
653,26.0800,521,Team A,988,397,1044,505,1016.0,502.8,61.7943,45.2826
653,26.0800,581,Team B,367,347,417,452,392.0,449.9,49.3508,38.1146
653,26.0800,536,Referee,901,510,951,644,926.0,641.3,58.6901,55.1423
653,26.0800,613,Team A,558,320,600,411,579.0,409.2,53.3314,34.6117
653,26.0800,676,Team A,1057,290,1094,366,1075.5,364.5,65.3271,31.3080
653,26.0800,612,Team B,755,317,793,407,774.0,405.2,57.5471,34.8817
653,26.0800,688,Team B,862,412,925,511,893.5,509.0,59.2393,45.2627
653,26.0800,691,Team B,11,435,45,550,28.0,547.7,43.1315,45.1114
653,26.0800,694,Team B,1399,280,1434,377,1416.5,375.1,73.7106,33.9782
653,26.0800,698,Team B,1058,451,1091,498,1074.5,497.1,63.0395,45.0797
654,26.1200,69,Team A,1372,438,1419,551,1395.5,548.7,68.9012,50.6737
654,26.1200,504,Team B,1233,552,1293,687,1263.0,684.3,64.1523,59.2568
654,26.1200,495,Team A,967,565,1024,708,995.5,705.1,59.3402,59.4293
654,26.1200,521,Team A,985,397,1040,505,1012.5,502.8,61.7172,45.2903
654,26.1200,581,Team B,366,347,415,453,390.5,450.9,49.3284,38.1450
654,26.1200,536,Referee,901,512,952,645,926.5,642.3,58.6788,55.2206
654,26.1200,613,Team A,551,318,595,413,573.0,411.1,53.1995,34.7441
654,26.1200,676,Team A,1056,288,1093,363,1074.5,361.5,65.3069,31.1302
654,26.1200,612,Team B,757,316,794,406,775.5,404.2,57.5826,34.8532
654,26.1200,688,Team B,858,411,923,515,890.5,512.9,59.1432,45.4960
654,26.1200,691,Team B,12,438,47,550,29.5,547.8,43.1424,45.1189
654,26.1200,694,Team B,1397,281,1432,377,1414.5,375.1,73.6737,33.9709
654,26.1200,698,Team B,1056,450,1090,498,1073.0,497.0,63.0157,45.0580
655,26.1600,69,Team A,1369,441,1416,552,1392.5,549.8,68.8054,50.7251
655,26.1600,504,Team B,1233,551,1292,686,1262.5,683.3,64.1392,59.2325
655,26.1600,495,Team A,968,564,1025,706,996.5,703.2,59.3711,59.3099
655,26.1600,521,Team A,982,397,1035,503,1008.5,500.9,61.6513,45.1822
655,26.1600,581,Team B,366,347,415,453,390.5,450.9,49.3194,38.1572
655,26.1600,536,Referee,900,511,952,645,926.0,642.3,58.6691,55.2499
655,26.1600,613,Team A,545,319,590,413,567.5,411.1,53.0756,34.7865
655,26.1600,676,Team A,1056,286,1092,361,1074.0,359.5,65.3151,30.9100
655,26.1600,612,Team B,758,314,796,407,777.0,405.1,57.6122,34.9062
655,26.1600,688,Team B,857,410,924,516,890.5,513.9,59.0994,45.6376
655,26.1600,691,Team B,9,435,47,551,28.0,548.7,43.1358,45.1608
655,26.1600,694,Team B,1397,289,1430,379,1413.5,377.2,73.6031,34.1181
656,26.2000,69,Team A,1365,442,1414,552,1389.5,549.8,68.7297,50.7386
656,26.2000,504,Team B,1232,551,1289,684,1260.5,681.3,64.1280,59.1482
656,26.2000,495,Team A,968,563,1025,706,996.5,703.1,59.3836,59.2614
656,26.2000,521,Team A,979,398,1029,502,1004.0,499.9,61.5762,45.0780
656,26.2000,581,Team B,366,347,414,454,390.0,451.9,49.3110,38.2170
656,26.2000,536,Referee,900,511,950,642,925.0,639.4,58.6682,55.1461
656,26.2000,613,Team A,540,320,587,413,563.5,411.1,52.9743,34.7960
656,26.2000,676,Team A,1055,285,1091,362,1073.0,360.5,65.2918,30.8909
656,26.2000,612,Team B,759,313,798,407,778.5,405.1,57.6443,34.9294
656,26.2000,688,Team B,857,410,925,519,891.0,516.8,59.0718,45.8425
656,26.2000,691,Team B,5,432,44,550,24.5,547.6,43.0923,45.1222
656,26.2000,694,Team B,1396,295,1428,381,1412.0,379.3,73.5123,34.3221
657,26.2400,69,Team A,1363,443,1414,553,1388.5,550.8,68.6752,50.7879
657,26.2400,504,Team B,1232,553,1287,682,1259.5,679.4,64.1277,59.0436
657,26.2400,495,Team A,968,565,1025,707,996.5,704.2,59.3837,59.2768
657,26.2400,521,Team A,976,399,1026,502,1001.0,499.9,61.5088,45.0300
657,26.2400,581,Team B,365,347,412,454,388.5,451.9,49.2896,38.2377
657,26.2400,536,Referee,897,512,946,641,921.5,638.4,58.6353,55.0588
657,26.2400,613,Team A,536,321,584,414,560.0,412.1,52.8872,34.8556
657,26.2400,676,Team A,1052,288,1087,362,1069.5,360.5,65.2291,30.8799
657,26.2400,612,Team B,761,313,798,406,779.5,404.1,57.6757,34.8773
657,26.2400,688,Team B,855,413,923,525,889.0,522.8,59.0048,46.2139
657,26.2400,691,Team B,0,430,40,547,20.0,544.7,43.0142,44.9594
657,26.2400,694,Team B,1395,298,1426,381,1410.5,379.3,73.4515,34.4044
658,26.2800,69,Team A,1359,442,1410,552,1384.5,549.8,68.6158,50.7504
658,26.2800,504,Team B,1231,553,1286,681,1258.5,678.4,64.1245,58.9643
658,26.2800,495,Team A,968,568,1025,708,996.5,705.2,59.3789,59.3183
658,26.2800,521,Team A,973,398,1022,501,997.5,498.9,61.4458,44.9501
658,26.2800,581,Team B,364,348,410,454,387.0,451.9,49.2632,38.2438
658,26.2800,536,Referee,893,514,940,637,916.5,634.5,58.5871,54.8609
658,26.2800,613,Team A,532,324,581,414,556.5,412.2,52.8072,34.8756
658,26.2800,676,Team A,1049,287,1083,364,1066.0,362.5,65.1286,31.0109
658,26.2800,612,Team B,762,314,800,407,781.0,405.1,57.7033,34.9247
658,26.2800,688,Team B,855,418,920,526,887.5,523.8,58.9544,46.4118
658,26.2800,691,Team B,0,428,33,546,16.5,543.6,42.9419,44.8394
658,26.2800,694,Team B,1393,300,1424,383,1408.5,381.3,73.3588,34.5747
659,26.3200,69,Team A,1356,443,1406,551,1381.0,548.8,68.5602,50.6814
659,26.3200,504,Team B,1229,551,1283,682,1256.0,679.4,64.0897,58.9595
659,26.3200,495,Team A,967,570,1025,710,996.0,707.2,59.3625,59.4014
659,26.3200,521,Team A,971,398,1020,503,995.5,500.9,61.3816,45.0150
659,26.3200,581,Team B,363,349,408,455,385.5,452.9,49.2359,38.3000
659,26.3200,536,Referee,889,515,936,640,912.5,637.5,58.5124,54.8866
659,26.3200,613,Team A,526,325,575,415,550.5,413.2,52.6967,34.9338
659,26.3200,676,Team A,1046,290,1080,364,1063.0,362.5,65.0427,31.0611
659,26.3200,612,Team B,763,314,800,408,781.5,406.1,57.7161,35.0083
659,26.3200,688,Team B,855,421,917,526,886.0,523.9,58.9162,46.4903
659,26.3200,694,Team B,1391,298,1423,385,1407.0,383.3,73.2630,34.7750
660,26.3600,69,Team A,1353,442,1402,550,1377.5,547.8,68.5065,50.5978
660,26.3600,504,Team B,1225,551,1279,683,1252.0,680.4,64.0262,58.9821
660,26.3600,495,Team A,966,572,1025,710,995.5,707.2,59.3509,59.4348
660,26.3600,521,Team A,967,397,1016,504,991.5,501.9,61.2997,45.0808
660,26.3600,581,Team B,362,349,406,454,384.0,451.9,49.2058,38.2633
660,26.3600,536,Referee,885,515,931,639,908.0,636.5,58.4394,54.8477
660,26.3600,613,Team A,521,323,569,414,545.0,412.2,52.5830,34.8808
660,26.3600,676,Team A,1043,294,1075,365,1059.0,363.6,64.9362,31.1501
660,26.3600,612,Team B,764,314,801,408,782.5,406.1,57.7346,35.0440
660,26.3600,688,Team B,856,421,916,525,886.0,522.9,58.9061,46.4735
660,26.3600,694,Team B,1389,295,1423,385,1406.0,383.2,73.2103,34.8484
660,26.3600,691,Team B,0,424,27,548,13.5,545.5,42.8914,44.8718
661,26.4000,69,Team A,1347,441,1396,551,1371.5,548.8,68.3995,50.5933
661,26.4000,504,Team B,1222,550,1274,682,1248.0,679.4,63.9663,58.9451
661,26.4000,495,Team A,963,571,1022,708,992.5,705.3,59.3257,59.3734
661,26.4000,521,Team A,964,399,1011,504,987.5,501.9,61.2172,45.0993
661,26.4000,581,Team B,359,349,403,455,381.0,452.9,49.1592,38.2980
661,26.4000,536,Referee,880,517,926,641,903.0,638.5,58.3489,54.8971
661,26.4000,613,Team A,515,322,566,418,540.5,416.1,52.4755,35.0950
661,26.4000,676,Team A,1039,293,1072,364,1055.5,362.6,64.8527,31.1047
661,26.4000,612,Team B,764,315,801,411,782.5,409.1,57.7267,35.2492
661,26.4000,688,Team B,857,420,915,524,886.0,521.9,58.9074,46.4176
661,26.4000,694,Team B,1387,297,1419,382,1403.0,380.3,73.1963,34.6652
662,26.4400,69,Team A,1341,440,1389,551,1365.0,548.8,68.2768,50.5735
662,26.4400,504,Team B,1220,550,1271,681,1245.5,678.4,63.9235,58.8889
662,26.4400,495,Team A,960,570,1019,706,989.5,703.3,59.2950,59.2740
662,26.4400,521,Team A,960,399,1006,503,983.0,500.9,61.1356,45.0449
662,26.4400,581,Team A,357,350,400,454,378.5,451.9,49.1094,38.2516
662,26.4400,536,Referee,877,519,922,641,899.5,638.6,58.2758,54.9096
662,26.4400,613,Team A,510,323,560,419,535.0,417.1,52.3612,35.2313
662,26.4400,676,Team A,1036,293,1069,364,1052.5,362.6,64.7744,31.0799
662,26.4400,612,Team B,764,316,801,411,782.5,409.1,57.7235,35.3325
662,26.4400,688,Team B,856,420,914,525,885.0,522.9,58.8908,46.4410
662,26.4400,694,Team B,1384,298,1415,379,1399.5,377.4,73.1903,34.3752
663,26.4800,69,Team A,1334,439,1381,551,1357.5,548.8,68.1354,50.5448
663,26.4800,504,Team B,1215,546,1266,681,1240.5,678.3,63.8543,58.8506
663,26.4800,495,Team A,956,566,1016,707,986.0,704.2,59.2437,59.2561
663,26.4800,521,Team A,956,398,1002,502,979.0,499.9,61.0605,44.9615
663,26.4800,581,Team A,354,350,396,455,375.0,452.9,49.0490,38.2813
663,26.4800,536,Referee,872,519,917,639,894.5,636.6,58.2025,54.8263
663,26.4800,613,Team A,507,322,556,420,531.5,418.0,52.2699,35.3381
663,26.4800,676,Team A,1031,294,1065,366,1048.0,364.6,64.6535,31.2051
663,26.4800,612,Team B,764,317,800,411,782.0,409.1,57.7154,35.3660
663,26.4800,688,Team B,854,419,911,526,882.5,523.9,58.8495,46.4914
663,26.4800,694,Team B,1380,301,1412,383,1396.0,381.4,73.0602,34.5344
664,26.5200,69,Team A,1328,440,1375,552,1351.5,549.8,67.9936,50.5642
664,26.5200,504,Team B,1211,543,1262,680,1236.5,677.3,63.7923,58.7877
664,26.5200,495,Team A,951,564,1010,704,980.5,701.2,59.1822,59.1334
664,26.5200,521,Team A,953,397,998,502,975.5,499.9,60.9874,44.9185
664,26.5200,581,Team A,351,351,393,456,372.0,453.9,48.9905,38.3436
664,26.5200,536,Referee,868,517,914,639,891.0,636.6,58.1365,54.7828
664,26.5200,613,Team A,502,323,551,420,526.5,418.1,52.1697,35.3712
664,26.5200,676,Team A,1025,293,1058,364,1041.5,362.6,64.5302,31.0958
664,26.5200,612,Team B,764,315,800,411,782.0,409.1,57.7123,35.3769
664,26.5200,688,Team B,852,422,908,528,880.0,525.9,58.7928,46.6044
664,26.5200,694,Team B,1373,299,1407,385,1390.0,383.3,72.8807,34.7192
665,26.5600,69,Team A,1322,439,1369,551,1345.5,548.8,67.8744,50.5094
665,26.5600,504,Team B,1209,543,1259,680,1234.0,677.3,63.7411,58.7561
665,26.5600,495,Team A,946,563,1004,704,975.0,701.2,59.1029,59.0698
665,26.5600,521,Team A,948,395,994,502,971.0,499.9,60.9028,44.8881
665,26.5600,581,Team A,348,352,390,456,369.0,453.9,48.9314,38.3631
665,26.5600,536,Referee,863,515,909,638,886.0,635.5,58.0619,54.7133
665,26.5600,613,Team A,497,322,546,422,521.5,420.0,52.0645,35.4941
665,26.5600,676,Team A,1018,294,1051,365,1034.5,363.6,64.3654,31.1101
665,26.5600,612,Team B,764,314,800,411,782.0,409.1,57.7112,35.3799
665,26.5600,688,Team B,852,423,908,531,880.0,528.8,58.7548,46.7938
665,26.5600,694,Team B,1368,298,1403,386,1385.5,384.2,72.7223,34.8499
666,26.6000,69,Team A,1313,438,1361,551,1337.0,548.7,67.7224,50.4643
666,26.6000,504,Team B,1204,542,1254,679,1229.0,676.3,63.6754,58.6946
666,26.6000,495,Team A,942,560,999,702,970.5,699.2,59.0355,58.9639
666,26.6000,521,Team A,941,396,987,503,964.0,500.9,60.7760,44.9106
666,26.6000,581,Team A,345,352,386,455,365.5,452.9,48.8646,38.3074
666,26.6000,536,Referee,856,508,905,636,880.5,633.4,57.9830,54.5901
666,26.6000,613,Team A,492,321,541,422,516.5,420.0,51.9591,35.5311
666,26.6000,676,Team A,1011,293,1044,363,1027.5,361.6,64.2168,30.9551
666,26.6000,612,Team B,764,313,800,411,782.0,409.0,57.7109,35.3799
666,26.6000,688,Team B,850,421,907,533,878.5,530.8,58.7121,46.9588
666,26.6000,694,Team B,1364,298,1400,388,1382.0,386.2,72.5703,35.0311
667,26.6400,69,Team A,1305,438,1356,554,1330.5,551.7,67.5493,50.5660
667,26.6400,504,Team B,1199,542,1248,679,1223.5,676.3,63.5913,58.6558
667,26.6400,495,Team A,939,561,993,698,966.0,695.3,58.9812,58.7757
667,26.6400,521,Team A,935,397,981,505,958.0,502.8,60.6383,45.0072
667,26.6400,581,Team A,342,353,381,454,361.5,452.0,48.7889,38.2217
667,26.6400,536,Referee,852,512,900,636,876.0,633.5,57.9038,54.5327
667,26.6400,613,Team A,487,322,536,423,511.5,421.0,51.8529,35.5969
667,26.6400,676,Team A,1007,293,1037,360,1022.0,358.7,64.1070,30.6639
667,26.6400,612,Team B,763,314,798,410,780.5,408.1,57.6955,35.3147
667,26.6400,688,Team B,850,424,903,531,876.5,528.9,58.6812,46.9279
667,26.6400,694,Team B,1360,303,1394,389,1377.0,387.3,72.4139,35.1668
668,26.6800,69,Team A,1299,440,1350,553,1324.5,550.7,67.4170,50.5472
668,26.6800,504,Team B,1193,541,1242,677,1217.5,674.3,63.5089,58.5536
668,26.6800,495,Team A,934,562,987,696,960.5,693.3,58.9131,58.6194
668,26.6800,521,Team A,930,398,976,505,953.0,502.9,60.5217,45.0346
668,26.6800,581,Team A,337,352,377,455,357.0,452.9,48.7065,38.2324
668,26.6800,536,Referee,848,507,899,639,873.5,636.4,57.8343,54.6140
668,26.6800,613,Team A,484,325,531,423,507.5,421.0,51.7598,35.6183
668,26.6800,676,Team A,1000,295,1032,363,1016.0,361.6,63.9416,30.7544
668,26.6800,612,Team B,763,316,797,411,780.0,409.1,57.6775,35.3532
668,26.6800,688,Team B,850,424,901,526,875.5,524.0,58.6822,46.6740
668,26.6800,694,Team B,1353,305,1387,391,1370.0,389.3,72.2097,35.3431
669,26.7200,69,Team A,1294,441,1346,554,1320.0,551.7,67.2982,50.5744
669,26.7200,504,Team B,1188,541,1237,677,1212.5,674.3,63.4233,58.4998
669,26.7200,495,Team A,930,562,983,695,956.5,692.3,58.8502,58.5127
669,26.7200,521,Team A,926,398,972,504,949.0,501.9,60.4324,44.9851
669,26.7200,581,Team A,333,352,373,456,353.0,453.9,48.6276,38.2837
669,26.7200,536,Referee,844,509,894,638,869.0,635.4,57.7631,54.5988
669,26.7200,613,Team A,480,327,526,423,503.0,421.1,51.6657,35.6196
669,26.7200,676,Team A,994,294,1026,362,1010.0,360.6,63.7966,30.7039
669,26.7200,612,Team B,761,316,796,414,778.5,412.0,57.6353,35.5533
669,26.7200,688,Team B,852,427,899,523,875.5,521.1,58.6976,46.4306
669,26.7200,694,Team B,1347,301,1383,392,1365.0,390.2,72.0364,35.4638
669,26.7200,706,Team B,1874,419,1916,538,1895.0,535.6,79.9721,51.9410
670,26.7600,69,Team A,1288,441,1340,552,1314.0,549.8,67.1985,50.4784
670,26.7600,504,Team B,1184,542,1233,676,1208.5,673.3,63.3539,58.4334
670,26.7600,495,Team A,926,561,978,694,952.0,691.3,58.7843,58.4240
670,26.7600,521,Team A,921,398,968,506,944.5,503.8,60.3289,45.0553
670,26.7600,581,Team A,328,352,369,458,348.5,455.9,48.5459,38.4054
670,26.7600,536,Referee,839,508,889,637,864.0,634.4,57.6861,54.5414
670,26.7600,613,Team A,474,326,520,424,497.0,422.0,51.5519,35.6663
670,26.7600,676,Team A,988,294,1022,362,1005.0,360.6,63.6642,30.6728
670,26.7600,612,Team B,760,316,795,414,777.5,412.0,57.6051,35.6312
670,26.7600,688,Team B,853,426,897,517,875.0,515.2,58.7286,46.0388
670,26.7600,694,Team B,1342,300,1379,393,1360.5,391.1,71.8825,35.5674
670,26.7600,706,Team B,1868,421,1910,538,1889.0,535.7,79.8899,51.9258
671,26.8000,69,Team A,1282,440,1333,551,1307.5,548.8,67.0900,50.3763
671,26.8000,504,Team B,1180,542,1228,675,1204.0,672.3,63.2857,58.3598
671,26.8000,495,Team A,922,559,975,694,948.5,691.3,58.7231,58.3783
671,26.8000,521,Team A,915,399,963,510,939.0,507.8,60.1955,45.2716
671,26.8000,581,Team A,324,352,365,458,344.5,455.9,48.4659,38.4454
671,26.8000,536,Referee,835,507,885,636,860.0,633.4,57.6173,54.4696
671,26.8000,613,Team A,468,325,515,424,491.5,422.0,51.4371,35.6718
671,26.8000,676,Team A,980,295,1015,365,997.5,363.6,63.4694,30.8612
671,26.8000,612,Team B,760,316,796,414,778.0,412.0,57.5996,35.6634
671,26.8000,688,Team B,853,424,896,513,874.5,511.2,58.7559,45.6818
671,26.8000,694,Team B,1337,300,1374,393,1355.5,391.1,71.7451,35.5968
671,26.8000,706,Team B,1859,424,1900,539,1879.5,536.7,79.7072,51.9429
672,26.8400,69,Team A,1275,440,1326,551,1300.5,548.8,66.9609,50.3171
672,26.8400,504,Team B,1174,542,1222,674,1198.0,671.4,63.2023,58.2794
672,26.8400,495,Team A,918,561,969,692,943.5,689.4,58.6568,58.2804
672,26.8400,521,Team A,910,398,958,509,934.0,506.8,60.0875,45.2948
672,26.8400,581,Team A,320,353,360,457,340.0,454.9,48.3789,38.3973
672,26.8400,536,Referee,829,508,879,636,854.0,633.4,57.5268,54.4268
672,26.8400,613,Team A,462,325,509,425,485.5,423.0,51.3154,35.7213
672,26.8400,676,Team A,972,296,1008,367,990.0,365.6,63.2608,31.0645
672,26.8400,612,Team B,759,317,794,413,776.5,411.1,57.5823,35.6117
672,26.8400,688,Team B,849,424,897,522,873.0,520.0,58.7028,45.9762
672,26.8400,694,Team B,1334,303,1370,395,1352.0,393.2,71.6033,35.7388
672,26.8400,706,Team B,1848,423,1888,536,1868.0,533.7,79.5384,51.7738
673,26.8800,69,Team A,1268,441,1316,551,1292.0,548.8,66.8053,50.2722
673,26.8800,504,Team B,1170,542,1218,672,1194.0,669.4,63.1406,58.1659
673,26.8800,495,Team A,913,562,965,691,939.0,688.4,58.5893,58.1964
673,26.8800,521,Team A,905,397,952,506,928.5,503.8,59.9956,45.1390
673,26.8800,581,Team A,315,355,354,458,334.5,455.9,48.2810,38.4238
673,26.8800,536,Referee,824,508,872,634,848.0,631.5,57.4352,54.3181
673,26.8800,613,Team A,458,325,505,428,481.5,425.9,51.2160,35.9123
673,26.8800,676,Team A,963,295,998,366,980.5,364.6,63.0473,31.0523
673,26.8800,612,Team B,758,319,793,414,775.5,412.1,57.5568,35.6539
673,26.8800,688,Team B,845,426,897,538,871.0,535.8,58.5782,46.8538
673,26.8800,694,Team B,1329,310,1364,396,1346.5,394.3,71.4450,35.8588
673,26.8800,706,Team B,1839,425,1880,538,1859.5,535.7,79.3158,51.7790
674,26.9200,69,Team A,1260,441,1308,553,1284.0,550.8,66.6251,50.3246
674,26.9200,504,Team B,1166,541,1213,670,1189.5,667.4,63.0825,58.0368
674,26.9200,495,Team A,909,563,961,692,935.0,689.4,58.5179,58.1878
674,26.9200,521,Team A,900,397,947,506,923.5,503.8,59.8978,45.0644
674,26.9200,581,Team A,311,357,349,459,330.0,457.0,48.1906,38.4822
674,26.9200,536,Referee,816,506,866,635,841.0,632.4,57.3215,54.2941
674,26.9200,613,Team A,453,326,499,427,476.0,425.0,51.1075,35.9182
674,26.9200,676,Team A,954,297,989,364,971.5,362.7,62.8478,30.8877
674,26.9200,612,Team B,756,320,791,414,773.5,412.1,57.5199,35.6675
674,26.9200,688,Team B,842,429,895,545,868.5,542.7,58.4653,47.5270
674,26.9200,694,Team B,1323,311,1358,397,1340.5,395.3,71.2750,35.9605
674,26.9200,706,Team B,1830,422,1874,538,1852.0,535.7,79.1268,51.7568
675,26.9600,69,Team A,1253,440,1300,552,1276.5,549.8,66.4721,50.2795
675,26.9600,504,Team B,1161,540,1209,670,1185.0,667.4,63.0118,57.9728
675,26.9600,495,Team A,904,563,957,691,930.5,688.4,58.4484,58.1388
675,26.9600,521,Team A,896,399,940,505,918.0,502.9,59.7973,44.9728
675,26.9600,581,Team A,306,358,345,460,325.5,458.0,48.1034,38.5520
675,26.9600,536,Referee,810,506,859,636,834.5,633.4,57.2043,54.3067
675,26.9600,613,Team A,449,326,495,428,472.0,426.0,51.0141,35.9717
675,26.9600,676,Team A,945,298,979,365,962.0,363.7,62.6186,30.8743
675,26.9600,612,Team B,753,321,788,414,770.5,412.1,57.4650,35.6675
675,26.9600,688,Team B,842,432,889,535,865.5,532.9,58.4329,47.3254
675,26.9600,694,Team B,1318,309,1354,400,1336.0,398.2,71.0924,36.1868
675,26.9600,706,Team B,1817,418,1863,538,1840.0,535.6,78.8912,51.7102
676,27.0000,69,Team A,1246,440,1292,551,1269.0,548.8,66.3297,50.1962
676,27.0000,504,Team B,1156,538,1203,667,1179.5,664.4,62.9464,57.8241
676,27.0000,495,Team A,899,564,951,692,925.0,689.4,58.3613,58.1405
676,27.0000,521,Team A,891,396,934,503,912.5,500.9,59.7020,44.8185
676,27.0000,581,Team A,302,358,341,460,321.5,458.0,48.0215,38.5712
676,27.0000,536,Referee,805,510,853,637,829.0,634.5,57.0961,54.3394
676,27.0000,613,Team A,445,327,491,430,468.0,427.9,50.9268,36.1048
676,27.0000,676,Team A,938,298,971,363,954.5,361.7,62.4349,30.7093
676,27.0000,612,Team B,751,321,787,414,769.0,412.1,57.4230,35.6642
676,27.0000,688,Team B,839,433,886,538,862.5,535.9,58.3705,47.3793
676,27.0000,694,Team B,1314,309,1349,398,1331.5,396.2,70.9837,36.1338
676,27.0000,706,Team B,1805,417,1854,537,1829.5,534.6,78.6752,51.6134
677,27.0400,69,Team A,1239,441,1285,551,1262.0,548.8,66.1874,50.1456
677,27.0400,504,Team B,1151,537,1196,664,1173.5,661.5,62.8773,57.6402
677,27.0400,495,Team A,893,559,948,692,920.5,689.3,58.2818,58.1264
677,27.0400,521,Team A,884,396,928,506,906.0,503.8,59.5673,44.8925
677,27.0400,581,Team A,298,358,338,461,318.0,458.9,47.9496,38.6264
677,27.0400,536,Referee,798,510,845,636,821.5,633.5,56.9780,54.2958
677,27.0400,613,Team A,441,328,487,431,464.0,428.9,50.8422,36.2099
677,27.0400,676,Team A,931,299,964,362,947.5,360.7,62.2672,30.5578
677,27.0400,612,Team B,751,321,787,413,769.0,411.2,57.4111,35.6003
677,27.0400,688,Team B,838,435,885,543,861.5,540.8,58.3100,47.6332
677,27.0400,694,Team B,1309,310,1343,397,1326.0,395.3,70.8733,36.0341
677,27.0400,706,Team B,1794,420,1844,538,1819.0,535.6,78.4276,51.5955
678,27.0800,69,Team A,1232,441,1278,551,1255.0,548.8,66.0454,50.1072
678,27.0800,504,Team B,1145,535,1192,667,1168.5,664.4,62.7765,57.6604
678,27.0800,495,Team A,887,554,943,689,915.0,686.3,58.2074,58.0004
678,27.0800,521,Team A,879,396,923,508,901.0,505.8,59.4413,45.0104
678,27.0800,581,Team A,294,358,335,463,314.5,460.9,47.8839,38.7505
678,27.0800,536,Referee,793,508,840,637,816.5,634.4,56.8753,54.3026
678,27.0800,613,Team A,438,329,483,432,460.5,429.9,50.7650,36.3047
678,27.0800,676,Team A,923,300,957,367,940.0,365.7,62.0455,30.8400
678,27.0800,612,Team B,752,320,788,412,770.0,410.2,57.4245,35.5130
678,27.0800,688,Team B,837,434,886,550,861.5,547.7,58.2533,48.0557
678,27.0800,694,Team B,1303,310,1338,398,1320.5,396.2,70.7312,36.0475
678,27.0800,706,Team B,1778,423,1827,540,1802.5,537.7,78.0693,51.6392
679,27.1200,69,Team A,1225,443,1273,552,1249.0,549.8,65.9057,50.1238
679,27.1200,504,Team B,1140,534,1186,668,1163.0,665.3,62.6715,57.6895
679,27.1200,495,Team A,882,553,937,690,909.5,687.3,58.1186,57.9700
679,27.1200,521,Team A,874,395,917,506,895.5,503.8,59.3355,44.9427
679,27.1200,581,Team A,289,358,329,462,309.0,459.9,47.7911,38.7334
679,27.1200,536,Referee,785,507,832,636,808.5,633.4,56.7542,54.2467
679,27.1200,613,Team B,434,330,478,432,456.0,430.0,50.6783,36.3341
679,27.1200,676,Team A,916,297,954,368,935.0,366.6,61.8758,31.0086
679,27.1200,612,Team B,753,319,789,413,771.0,411.1,57.4385,35.5418
679,27.1200,688,Team B,836,435,885,555,860.5,552.6,58.1960,48.4501
679,27.1200,694,Team B,1297,309,1332,398,1314.5,396.2,70.5850,36.0370
679,27.1200,706,Team B,1767,424,1816,538,1791.5,535.7,77.8157,51.5323
680,27.1600,69,Team A,1219,442,1269,552,1244.0,549.8,65.7895,50.1165
680,27.1600,504,Team B,1135,532,1182,667,1158.5,664.3,62.5889,57.6522
680,27.1600,495,Team A,875,551,930,690,902.5,687.2,58.0132,57.9390
680,27.1600,521,Team A,871,398,912,506,891.5,503.8,59.2442,44.9089
680,27.1600,581,Team A,284,358,324,462,304.0,459.9,47.6954,38.7157
680,27.1600,536,Referee,778,509,826,637,802.0,634.4,56.6347,54.2480
680,27.1600,613,Team B,431,329,475,431,453.0,429.0,50.6061,36.2790
680,27.1600,676,Team A,907,299,944,368,925.5,366.6,61.6692,31.0583
680,27.1600,612,Team B,754,319,789,413,771.5,411.1,57.4508,35.5544
680,27.1600,688,Team B,836,439,884,557,860.0,554.6,58.1580,48.7005
680,27.1600,694,Team B,1293,309,1328,398,1310.5,396.2,70.4668,36.0231
680,27.1600,706,Team B,1756,424,1805,538,1780.5,535.7,77.5675,51.4586
681,27.2000,69,Team A,1214,442,1266,552,1240.0,549.8,65.6945,50.1032
681,27.2000,504,Team B,1129,534,1175,665,1152.0,662.4,62.5002,57.5499
681,27.2000,495,Team A,870,551,925,691,897.5,688.2,57.9172,57.9486
681,27.2000,521,Team A,868,398,909,509,888.5,506.8,59.1550,45.0386
681,27.2000,581,Team A,278,357,320,463,299.0,460.9,47.6008,38.7514
681,27.2000,536,Referee,775,512,823,636,799.0,633.5,56.5586,54.2053
681,27.2000,613,Team B,429,329,473,431,451.0,429.0,50.5524,36.2526
681,27.2000,676,Team A,903,299,941,370,922.0,368.6,61.5190,31.2118
681,27.2000,612,Team B,755,320,790,414,772.5,412.1,57.4641,35.6255
681,27.2000,688,Team B,836,441,882,558,859.0,555.7,58.1266,48.8449
681,27.2000,694,Team B,1287,313,1322,401,1304.5,399.2,70.2833,36.2071
681,27.2000,706,Team B,1745,425,1794,539,1769.5,536.7,77.3033,51.4466
682,27.2400,69,Team A,1210,442,1263,551,1236.5,548.8,65.6238,50.0431
682,27.2400,504,Team B,1123,535,1170,665,1146.5,662.4,62.4064,57.4956
682,27.2400,495,Team A,866,550,921,690,893.5,687.2,57.8427,57.9073
682,27.2400,521,Team A,868,398,903,494,885.5,492.1,59.1653,44.3207
682,27.2400,581,Team A,274,357,314,462,294.0,459.9,47.5023,38.7000
682,27.2400,536,Referee,771,509,821,636,796.0,633.5,56.4972,54.1785
682,27.2400,613,Team B,427,329,471,432,449.0,429.9,50.5064,36.2969
682,27.2400,676,Team A,892,304,927,370,909.5,368.7,61.2770,31.2532
682,27.2400,612,Team B,756,319,790,414,773.0,412.1,57.4762,35.6538
682,27.2400,688,Team B,837,446,882,561,859.5,558.7,58.1058,49.0426
682,27.2400,694,Team B,1281,317,1315,402,1298.0,400.3,70.0973,36.3361
682,27.2400,706,Team B,1735,423,1786,541,1760.5,538.6,77.0431,51.5090
683,27.2800,69,Team A,1204,443,1257,552,1230.5,549.8,65.5132,50.0502
683,27.2800,504,Team B,1120,535,1167,666,1143.5,663.4,62.3306,57.5022
683,27.2800,495,Team A,863,550,917,689,890.0,686.2,57.7817,57.8476
683,27.2800,521,Team A,865,397,897,483,881.0,481.3,59.1757,43.4458
683,27.2800,581,Team A,269,358,310,462,289.5,459.9,47.4103,38.6708
683,27.2800,536,Referee,768,508,820,635,794.0,632.5,56.4550,54.1238
683,27.2800,613,Team B,426,328,469,432,447.5,429.9,50.4694,36.3101
683,27.2800,676,Team A,884,303,919,370,901.5,368.7,61.0647,31.2510
683,27.2800,612,Team B,757,319,791,414,774.0,412.1,57.4944,35.6673
683,27.2800,688,Team B,836,451,880,564,858.0,561.7,58.0666,49.2558
683,27.2800,694,Team B,1275,317,1310,402,1292.5,400.3,69.9415,36.3744
683,27.2800,706,Team B,1723,421,1777,541,1750.0,538.6,76.8008,51.5027
684,27.3200,69,Team A,1197,441,1250,552,1223.5,549.8,65.3848,50.0330
684,27.3200,504,Team B,1116,535,1166,673,1141.0,670.2,62.2287,57.7489
684,27.3200,495,Team A,860,552,913,687,886.5,684.3,57.7296,57.7473
684,27.3200,521,Team A,861,396,891,477,876.0,475.4,59.1515,42.7626
684,27.3200,581,Team A,265,358,306,464,285.5,461.9,47.3317,38.7598
684,27.3200,536,Referee,762,506,815,636,788.5,633.4,56.3779,54.1251
684,27.3200,613,Team B,425,328,468,431,446.5,428.9,50.4419,36.2541
684,27.3200,676,Team A,875,301,910,370,892.5,368.6,60.8501,31.2278
684,27.3200,612,Team B,758,319,792,413,775.0,411.1,57.5199,35.6124
684,27.3200,688,Team B,837,453,880,564,858.5,561.8,58.0563,49.3442
684,27.3200,694,Team B,1270,316,1306,404,1288.0,402.2,69.7835,36.5085
684,27.3200,706,Team B,1711,419,1767,539,1739.0,536.6,76.5942,51.3733
685,27.3600,69,Team A,1190,439,1242,552,1216.0,549.7,65.2433,50.0049
685,27.3600,504,Team B,1113,534,1163,669,1138.0,666.3,62.1823,57.6964
685,27.3600,495,Team A,856,551,910,687,883.0,684.3,57.6738,57.6977
685,27.3600,521,Team A,857,398,885,471,871.0,469.5,59.1128,42.1550
685,27.3600,581,Team A,261,359,301,465,281.0,462.9,47.2504,38.8413
685,27.3600,536,Referee,758,508,810,635,784.0,632.5,56.3032,54.0779
685,27.3600,613,Team B,425,328,468,432,446.5,429.9,50.4312,36.2909
685,27.3600,676,Team A,869,303,903,370,886.0,368.7,60.6703,31.2073
685,27.3600,612,Team B,758,321,792,413,775.0,411.2,57.5299,35.5930
685,27.3600,688,Team B,839,455,881,564,860.0,561.8,58.0691,49.3850
685,27.3600,694,Team B,1266,314,1302,403,1284.0,401.2,69.6766,36.4845
685,27.3600,706,Team B,1700,421,1757,540,1728.5,537.6,76.3547,51.3415
686,27.4000,69,Team A,1186,438,1236,552,1211.0,549.7,65.1266,49.9798
686,27.4000,504,Team B,1110,532,1159,666,1134.5,663.3,62.1464,57.5572
686,27.4000,495,Team A,854,553,907,687,880.5,684.3,57.6264,57.6731
686,27.4000,521,Team A,850,398,882,480,866.0,478.4,58.9844,42.3851
686,27.4000,581,Team A,256,358,298,467,277.0,464.8,47.1765,38.9726
686,27.4000,536,Referee,753,506,805,634,779.0,631.4,56.2245,54.0068
686,27.4000,613,Team B,426,329,468,433,447.0,430.9,50.4335,36.3669
686,27.4000,676,Team A,864,302,898,370,881.0,368.6,60.5265,31.1869
686,27.4000,612,Team B,758,321,793,414,775.5,412.1,57.5357,35.6489
686,27.4000,688,Team B,840,449,886,568,863.0,565.6,58.0907,49.5797
686,27.4000,694,Team B,1262,314,1299,407,1280.5,405.1,69.5244,36.7270
686,27.4000,706,Team B,1691,423,1749,541,1720.0,538.6,76.1289,51.3541
687,27.4400,69,Team A,1180,439,1228,553,1204.0,550.7,64.9863,49.9982
687,27.4400,504,Team B,1105,531,1153,662,1129.0,659.4,62.0998,57.3420
687,27.4400,495,Team A,850,555,902,685,876.0,682.4,57.5695,57.5841
687,27.4400,581,Team A,253,359,295,466,274.0,463.9,47.1095,38.9656
687,27.4400,536,Referee,747,504,800,635,773.5,632.4,56.1329,54.0016
687,27.4400,613,Team B,426,331,468,433,447.0,431.0,50.4345,36.3997
687,27.4400,676,Team A,858,300,895,371,876.5,369.6,60.3971,31.2364
687,27.4400,612,Team B,758,321,794,416,776.0,414.1,57.5349,35.7971
687,27.4400,688,Team B,834,416,892,569,863.0,565.9,58.0979,49.6719
687,27.4400,694,Team B,1257,316,1294,407,1275.5,405.2,69.3897,36.8145
687,27.4400,706,Team B,1681,426,1740,544,1710.5,541.6,75.8619,51.4761
688,27.4800,69,Team A,1175,440,1221,552,1198.0,549.8,64.8669,49.9454
688,27.4800,504,Team B,1100,531,1146,661,1123.0,658.4,62.0241,57.2042
688,27.4800,495,Team A,844,551,898,684,871.0,681.3,57.5006,57.4984
688,27.4800,581,Team A,250,359,291,466,270.5,463.9,47.0422,38.9551
688,27.4800,536,Referee,742,504,794,635,768.0,632.4,56.0391,53.9861
688,27.4800,613,Team B,425,333,467,434,446.0,432.0,50.4228,36.4719
688,27.4800,676,Team A,853,300,890,371,871.5,369.6,60.2735,31.2453
688,27.4800,612,Team B,760,323,796,417,778.0,415.1,57.5562,35.9254
688,27.4800,688,Team B,832,404,892,567,862.0,563.7,58.0995,49.6076
688,27.4800,694,Team B,1252,318,1288,408,1270.0,406.2,69.2405,36.9036
688,27.4800,706,Team B,1669,426,1727,544,1698.0,541.6,75.5916,51.4903
689,27.5200,69,Team A,1168,439,1215,555,1191.5,552.7,64.7145,50.0430
689,27.5200,504,Team B,1097,529,1142,659,1119.5,656.4,61.9698,57.0658
689,27.5200,495,Team A,840,555,892,683,866.0,680.4,57.4262,57.4197
689,27.5200,581,Team A,246,361,288,468,267.0,465.9,46.9801,39.0539
689,27.5200,536,Referee,738,504,789,635,763.5,632.4,55.9549,53.9688
689,27.5200,613,Team B,425,334,467,435,446.0,433.0,50.4186,36.5608
689,27.5200,676,Team A,846,300,883,370,864.5,368.6,60.1308,31.1637
689,27.5200,612,Team B,763,324,798,415,780.5,413.2,57.6077,35.8593
689,27.5200,688,Team B,834,418,890,569,862.0,566.0,58.0900,49.6824
689,27.5200,694,Team B,1247,317,1284,410,1265.5,408.1,69.0874,37.0559
689,27.5200,706,Team B,1655,426,1712,544,1683.5,541.6,75.2942,51.4558
690,27.5600,69,Team A,1161,440,1209,555,1185.0,552.7,64.5756,50.0663
690,27.5600,504,Team B,1093,527,1139,659,1116.0,656.4,61.9112,56.9999
690,27.5600,495,Team A,835,555,887,682,861.0,679.5,57.3499,57.3409
690,27.5600,581,Team A,243,361,286,470,264.5,467.8,46.9317,39.1958
690,27.5600,536,Referee,732,504,783,634,757.5,631.4,55.8618,53.9089
690,27.5600,613,Team B,424,334,465,436,444.5,434.0,50.3987,36.6516
690,27.5600,676,Team A,836,299,874,371,855.0,369.6,59.9306,31.1793
690,27.5600,612,Team B,764,324,799,416,781.5,414.2,57.6367,35.8974
690,27.5600,688,Team B,841,440,890,573,865.5,570.3,58.1057,49.9153
690,27.5600,694,Team B,1244,318,1281,409,1262.5,407.2,68.9961,37.0465
690,27.5600,706,Team B,1646,424,1703,544,1674.5,541.6,75.0586,51.4153
690,27.5600,521,Team A,827,398,872,518,849.5,515.6,58.5371,44.3795
691,27.6000,69,Team A,1156,441,1205,556,1180.5,553.7,64.4573,50.1101
691,27.6000,504,Team B,1088,526,1133,659,1110.5,656.3,61.8296,56.9587
691,27.6000,495,Team A,831,554,883,682,857.0,679.4,57.2793,57.2988
691,27.6000,581,Team A,241,362,282,469,261.5,466.9,46.8751,39.1933
691,27.6000,536,Referee,728,504,779,634,753.5,631.4,55.7830,53.8751
691,27.6000,613,Team B,421,334,463,438,442.0,435.9,50.3608,36.7993
691,27.6000,676,Team A,828,301,865,371,846.5,369.6,59.7287,31.1702
691,27.6000,612,Team B,765,324,800,416,782.5,414.2,57.6616,35.9148
691,27.6000,688,Team B,845,452,891,579,868.0,576.5,58.1122,50.2845
691,27.6000,694,Team B,1243,321,1278,407,1260.5,405.3,68.9576,36.9127
691,27.6000,706,Team B,1636,422,1694,544,1665.0,541.6,74.8413,51.3709
691,27.6000,521,Team A,821,397,868,524,844.5,521.5,58.2705,45.4560
692,27.6400,69,Team A,1151,442,1200,555,1175.5,552.7,64.3587,50.0705
692,27.6400,504,Team B,1084,526,1128,658,1106.0,655.4,61.7556,56.8942
692,27.6400,495,Team A,825,555,876,682,850.5,679.5,57.1859,57.2665
692,27.6400,581,Team A,237,362,278,469,257.5,466.9,46.8063,39.1836
692,27.6400,536,Referee,724,504,775,635,749.5,632.4,55.7073,53.8901
692,27.6400,613,Team B,419,334,462,438,440.5,435.9,50.3272,36.8551
692,27.6400,676,Team A,821,304,857,373,839.0,371.6,59.5271,31.2942
692,27.6400,612,Team B,767,323,801,415,784.0,413.2,57.6967,35.8617
692,27.6400,688,Team B,846,460,891,577,868.5,574.7,58.1285,50.3544
692,27.6400,694,Team B,1239,322,1274,409,1256.5,407.3,68.8557,36.9800
692,27.6400,706,Team B,1623,420,1684,542,1653.5,539.6,74.6376,51.2261
693,27.6800,69,Team A,1149,441,1199,556,1174.0,553.7,64.2929,50.0951
693,27.6800,504,Team B,1078,528,1122,659,1100.0,656.4,61.6560,56.8910
693,27.6800,495,Team A,820,555,869,679,844.5,676.5,57.0986,57.1336
693,27.6800,581,Team A,233,361,274,470,253.5,467.8,46.7354,39.2238
693,27.6800,536,Referee,722,505,772,634,747.0,631.4,55.6538,53.8525
693,27.6800,613,Team B,418,335,461,438,439.5,435.9,50.3015,36.8764
693,27.6800,676,Team A,815,305,850,373,832.5,371.6,59.3538,31.3312
693,27.6800,612,Team B,769,323,803,415,786.0,413.2,57.7374,35.8449
693,27.6800,688,Team B,849,463,895,577,872.0,574.7,58.1739,50.3937
693,27.6800,694,Team B,1235,322,1269,408,1252.0,406.3,68.7633,36.9316
693,27.6800,706,Team B,1612,420,1675,541,1643.5,538.6,74.4419,51.0937
693,27.6800,521,Team A,816,398,857,507,836.5,504.8,58.1485,45.0312
694,27.7200,69,Team A,1145,441,1196,555,1170.5,552.7,64.2334,50.0507
694,27.7200,504,Team B,1076,529,1119,656,1097.5,653.5,61.6081,56.7743
694,27.7200,495,Team A,815,552,865,678,840.0,675.5,57.0221,57.0319
694,27.7200,581,Team A,228,361,269,470,248.5,467.8,46.6495,39.2290
694,27.7200,536,Referee,719,504,770,635,744.5,632.4,55.6038,53.8688
694,27.7200,613,Team B,418,334,460,438,439.0,435.9,50.2851,36.8827
694,27.7200,676,Team A,808,305,843,375,825.5,373.6,59.1724,31.4697
694,27.7200,612,Team B,773,328,806,417,789.5,415.2,57.7897,35.9768
694,27.7200,688,Team B,850,465,897,577,873.5,574.8,58.2086,50.4149
694,27.7200,694,Team B,1231,322,1266,410,1248.5,408.2,68.6480,37.0325
694,27.7200,706,Team B,1604,422,1667,541,1635.5,538.6,74.2589,51.0208
694,27.7200,521,Team A,816,399,849,485,832.5,483.3,58.1574,43.7217
695,27.7600,69,Team A,1140,442,1191,555,1165.5,552.7,64.1497,50.0211
695,27.7600,504,Team B,1070,528,1115,658,1092.5,655.4,61.5239,56.7874
695,27.7600,495,Team A,811,550,861,679,836.0,676.4,56.9482,57.0151
695,27.7600,581,Team A,225,360,265,470,245.0,467.8,46.5748,39.2224
695,27.7600,536,Referee,716,504,767,634,741.5,631.4,55.5554,53.8297
695,27.7600,613,Team B,419,334,460,438,439.5,435.9,50.2846,36.8863
695,27.7600,688,Team B,847,465,896,578,871.5,575.7,58.1957,50.4614
695,27.7600,694,Team B,1227,320,1263,411,1245.0,409.2,68.5381,37.1260
695,27.7600,706,Team B,1597,425,1660,543,1628.5,540.6,74.0626,51.0690
695,27.7600,521,Team A,809,399,849,504,829.0,501.9,58.0270,44.1695
696,27.8000,69,Team A,1135,442,1185,555,1160.0,552.7,64.0507,49.9951
696,27.8000,504,Team B,1067,528,1111,659,1089.0,656.4,61.4471,56.8202
696,27.8000,495,Team A,808,551,857,676,832.5,673.5,56.8934,56.8947
696,27.8000,581,Team A,222,361,261,470,241.5,467.8,46.5047,39.2133
696,27.8000,536,Referee,712,503,762,632,737.0,629.4,55.4947,53.7254
696,27.8000,613,Team B,419,335,460,438,439.5,435.9,50.2845,36.8889
696,27.8000,688,Team B,841,462,891,577,866.0,574.7,58.1338,50.4208
696,27.8000,694,Team B,1222,320,1259,413,1240.5,411.1,68.4021,37.2802
696,27.8000,706,Team B,1589,427,1650,542,1619.5,539.7,73.8824,51.0187
696,27.8000,521,Team A,805,399,846,508,825.5,505.8,57.9143,44.5412
696,27.8000,714,Team B,773,303,839,404,806.0,402.0,58.3142,34.7058
697,27.8400,69,Team A,1130,444,1179,555,1154.5,552.8,63.9452,49.9724
697,27.8400,504,Team B,1064,527,1109,658,1086.5,655.4,61.3962,56.7896
697,27.8400,495,Team A,805,551,854,678,829.5,675.5,56.8347,56.9097
697,27.8400,581,Team A,219,364,258,471,238.5,468.9,46.4454,39.2601
697,27.8400,536,Referee,708,502,760,633,734.0,630.4,55.4368,53.7140
697,27.8400,613,Team B,419,335,459,439,439.0,436.9,50.2787,36.9471
697,27.8400,688,Team B,837,460,887,577,862.0,574.7,58.0645,50.3929
697,27.8400,694,Team B,1219,321,1256,413,1237.5,411.2,68.3042,37.3359
697,27.8400,706,Team B,1578,430,1638,543,1608.0,540.7,73.6454,51.0168
697,27.8400,521,Team A,799,400,842,512,820.5,509.8,57.7911,44.8781
697,27.8400,714,Team B,767,302,836,408,801.5,405.9,58.2314,34.9499
698,27.8800,69,Team A,1124,442,1172,558,1148.0,555.7,63.8012,50.0803
698,27.8800,504,Team B,1061,527,1105,654,1083.0,651.5,61.3629,56.6215
698,27.8800,495,Team A,799,550,851,680,825.0,677.4,56.7598,56.9742
698,27.8800,581,Team A,216,367,253,470,234.5,467.9,46.3729,39.2198
698,27.8800,536,Referee,707,501,758,633,732.5,630.4,55.3982,53.7051
698,27.8800,613,Team B,419,334,459,439,439.0,436.9,50.2764,36.9691
698,27.8800,688,Team B,832,459,883,579,857.5,576.6,57.9781,50.4557
698,27.8800,694,Team B,1216,322,1252,412,1234.0,410.2,68.2275,37.2873
698,27.8800,706,Team B,1564,429,1625,547,1594.5,544.6,73.3169,51.1643
698,27.8800,521,Team A,795,401,838,514,816.5,511.7,57.6852,45.1031
698,27.8800,676,Team A,780,305,818,383,799.0,381.4,58.6791,32.0150
699,27.9200,69,Team A,1117,442,1165,561,1141.0,558.6,63.6363,50.2401
699,27.9200,504,Team B,1056,527,1100,651,1078.0,648.5,61.3145,56.4306
699,27.9200,495,Team A,794,551,847,680,820.5,677.4,56.6847,56.9896
699,27.9200,581,Team A,211,368,250,473,230.5,470.9,46.3073,39.3567
699,27.9200,536,Referee,704,501,757,634,730.5,631.3,55.3594,53.7350
699,27.9200,613,Team B,419,336,459,440,439.0,437.9,50.2760,37.0383
699,27.9200,688,Team B,829,461,879,579,854.0,576.6,57.9044,50.4740
699,27.9200,694,Team B,1211,324,1246,411,1228.5,409.3,68.1301,37.1933
699,27.9200,706,Team B,1555,427,1618,550,1586.5,547.5,73.0393,51.3381
699,27.9200,521,Team A,791,404,834,515,812.5,512.8,57.5907,45.2358
699,27.9200,676,Team A,771,303,815,391,793.0,389.2,58.3539,32.7530
700,27.9600,69,Team A,1112,443,1159,562,1135.5,559.6,63.4972,50.3355
700,27.9600,504,Team B,1052,525,1096,651,1074.0,648.5,61.2530,56.3425
700,27.9600,495,Team A,790,549,843,677,816.5,674.4,56.6243,56.8788
700,27.9600,581,Team A,207,370,247,476,227.0,473.9,46.2506,39.5656
700,27.9600,536,Referee,703,499,755,632,729.0,629.3,55.3336,53.6648
700,27.9600,613,Team B,420,338,458,441,439.0,438.9,50.2763,37.1263
700,27.9600,688,Team B,826,463,875,581,850.5,578.6,57.8273,50.5600
700,27.9600,694,Team B,1207,329,1240,410,1223.5,408.4,68.0308,37.0861
700,27.9600,706,Team B,1545,426,1609,550,1577.0,547.5,72.8075,51.3807
700,27.9600,521,Team A,787,407,830,518,808.5,515.8,57.4923,45.4295
700,27.9600,676,Team A,764,304,803,385,783.5,383.4,58.1250,32.6283
700,27.9600,714,Team B,762,305,829,408,795.5,405.9,58.1170,35.0380
701,28.0000,69,Team A,1107,443,1153,562,1130.0,559.6,63.3768,50.3596
701,28.0000,504,Team B,1048,523,1092,652,1070.0,649.4,61.1802,56.3326
701,28.0000,495,Team A,786,550,840,676,813.0,673.5,56.5681,56.7913
701,28.0000,581,Team A,202,370,244,476,223.0,473.9,46.1823,39.6405
701,28.0000,536,Referee,700,498,753,632,726.5,629.3,55.2974,53.6299
701,28.0000,613,Team B,420,339,458,441,439.0,439.0,50.2764,37.1627
701,28.0000,688,Team B,823,466,872,587,847.5,584.6,57.7381,50.8444
701,28.0000,694,Team B,1201,329,1235,416,1218.0,414.3,67.8340,37.4118
701,28.0000,706,Team B,1531,425,1596,547,1563.5,544.6,72.5863,51.2217
701,28.0000,521,Team A,784,407,826,517,805.0,514.8,57.4158,45.4496
701,28.0000,676,Team A,756,308,790,379,773.0,377.6,57.9190,32.1547
701,28.0000,612,Team B,790,323,821,405,805.5,403.4,58.0898,35.3033
702,28.0400,69,Team A,1099,443,1145,561,1122.0,558.6,63.2422,50.3041
702,28.0400,504,Team B,1041,524,1084,649,1062.5,646.5,61.0890,56.1989
702,28.0400,495,Team A,782,550,838,677,810.0,674.5,56.5124,56.7842
702,28.0400,581,Team A,199,372,241,478,220.0,475.9,46.1273,39.7719
702,28.0400,536,Referee,698,497,750,631,724.0,628.3,55.2596,53.5704
702,28.0400,613,Team B,419,340,458,443,438.5,440.9,50.2713,37.2926
702,28.0400,688,Team B,820,466,869,589,844.5,586.5,57.6612,51.0350
702,28.0400,694,Team B,1196,329,1232,419,1214.0,417.2,67.6599,37.7210
702,28.0400,706,Team B,1521,424,1586,545,1553.5,542.6,72.3992,51.0372
702,28.0400,521,Team A,780,405,823,516,801.5,513.8,57.3481,45.3981
702,28.0400,676,Team A,750,311,781,378,765.5,376.7,57.7368,31.8850
702,28.0400,719,Team B,1852,754,1903,916,1877.5,912.8,70.7524,72.8887
702,28.0400,720,Referee,576,239,610,304,593.0,302.7,53.9489,21.6549
702,28.0400,612,Team B,790,323,822,409,806.0,407.3,58.1947,35.2895
703,28.0800,69,Team A,1094,443,1142,563,1118.0,560.6,63.1258,50.3609
703,28.0800,504,Team B,1035,525,1078,652,1056.5,649.5,60.9712,56.2423
703,28.0800,495,Team A,776,551,832,678,804.0,675.5,56.4270,56.8026
703,28.0800,581,Team A,195,372,238,478,216.5,475.9,46.0656,39.8168
703,28.0800,536,Referee,695,496,745,627,720.0,624.4,55.2129,53.3811
703,28.0800,613,Team B,419,342,458,443,438.5,441.0,50.2692,37.3470
703,28.0800,688,Team B,815,467,865,590,840.0,587.5,57.5769,51.1429
703,28.0800,694,Team B,1190,328,1228,421,1209.0,419.1,67.4942,37.9563
703,28.0800,706,Team B,1515,427,1578,542,1546.5,539.7,72.2769,50.8073
703,28.0800,521,Team A,775,403,819,518,797.0,515.7,57.2597,45.4627
703,28.0800,676,Team A,742,312,773,379,757.5,377.7,57.5472,31.8297
703,28.0800,719,Team B,1844,752,1897,917,1870.5,913.7,70.6798,72.8920
703,28.0800,720,Referee,572,237,607,305,589.5,303.6,53.8940,21.7282
703,28.0800,612,Team B,791,323,824,410,807.5,408.3,58.2514,35.3506
704,28.1200,69,Team A,1088,444,1136,563,1112.0,560.6,63.0086,50.3692
704,28.1200,504,Team B,1029,527,1072,653,1050.5,650.5,60.8547,56.2829
704,28.1200,495,Team A,770,551,827,679,798.5,676.4,56.3349,56.8316
704,28.1200,581,Team A,191,372,234,477,212.5,474.9,45.9922,39.7733
704,28.1200,536,Referee,690,496,740,626,715.0,623.4,55.1446,53.2543
704,28.1200,613,Team B,418,342,457,443,437.5,441.0,50.2562,37.3666
704,28.1200,688,Team B,812,467,862,590,837.0,587.5,57.5102,51.1787
704,28.1200,694,Team B,1184,330,1222,426,1203.0,424.1,67.2808,38.3480
704,28.1200,706,Team B,1503,430,1564,542,1533.5,539.8,72.0608,50.6830
704,28.1200,521,Team A,771,405,813,519,792.0,516.7,57.1611,45.5273
704,28.1200,676,Team A,735,311,766,379,750.5,377.6,57.3740,31.7913
704,28.1200,719,Team B,1828,755,1880,912,1854.0,908.9,70.5474,72.7375
704,28.1200,720,Referee,569,237,604,306,586.5,304.6,53.8247,21.8349
704,28.1200,612,Team B,794,324,824,406,809.0,404.4,58.3163,35.1258
705,28.1600,69,Team A,1082,444,1132,562,1107.0,559.6,62.9107,50.3152
705,28.1600,504,Team B,1023,527,1066,654,1044.5,651.5,60.7391,56.3208
705,28.1600,495,Team A,763,551,818,676,790.5,673.5,56.2269,56.7177
705,28.1600,581,Team A,184,372,228,477,206.0,474.9,45.8890,39.7418
705,28.1600,536,Referee,686,496,737,627,711.5,624.4,55.0785,53.2340
705,28.1600,613,Team B,418,342,457,443,437.5,441.0,50.2510,37.3744
705,28.1600,688,Team B,809,466,859,591,834.0,588.5,57.4468,51.2267
705,28.1600,694,Team B,1178,331,1216,428,1197.0,426.1,67.0864,38.6140
705,28.1600,706,Team B,1491,432,1550,544,1520.5,541.8,71.7800,50.6935
705,28.1600,521,Team A,765,405,807,517,786.0,514.8,57.0589,45.4409
705,28.1600,676,Team A,727,311,760,381,743.5,379.6,57.1980,31.8969
705,28.1600,719,Team B,1829,761,1883,918,1856.0,914.9,70.4553,72.8202
705,28.1600,612,Team B,795,324,825,407,810.0,405.3,58.3502,35.1018
706,28.2000,69,Team A,1077,445,1127,561,1102.0,558.7,62.8202,50.2372
706,28.2000,504,Team B,1017,525,1060,652,1038.5,649.5,60.6409,56.2453
706,28.2000,495,Team A,756,549,810,676,783.0,673.5,56.1089,56.6523
706,28.2000,581,Team A,178,372,222,479,200.0,476.9,45.7866,39.8217
706,28.2000,536,Referee,683,496,733,627,708.0,624.4,55.0157,53.2173
706,28.2000,613,Team B,418,342,457,444,437.5,442.0,50.2494,37.4350
706,28.2000,688,Team B,805,466,855,594,830.0,591.4,57.3659,51.3612
706,28.2000,694,Team B,1173,331,1212,430,1192.5,428.0,66.9217,38.8315
706,28.2000,706,Team B,1476,432,1535,546,1505.5,543.7,71.4497,50.7502
706,28.2000,521,Team A,760,405,802,518,781.0,515.7,56.9551,45.4433
706,28.2000,676,Team A,719,310,755,385,737.0,383.5,57.0193,32.1937
706,28.2000,719,Team B,1819,758,1873,913,1846.0,909.9,70.3750,72.7120
706,28.2000,612,Team B,796,325,827,413,811.5,411.2,58.3507,35.4759
707,28.2400,69,Team A,1071,445,1123,563,1097.0,560.6,62.7104,50.2824
707,28.2400,504,Team B,1009,527,1055,654,1032.0,651.5,60.5218,56.2740
707,28.2400,495,Team A,747,547,801,676,774.0,673.4,55.9719,56.6026
707,28.2400,581,Team A,171,372,215,478,193.0,475.9,45.6629,39.7858
707,28.2400,536,Referee,680,497,730,629,705.0,626.4,54.9547,53.2818
707,28.2400,613,Team B,417,342,457,444,437.0,442.0,50.2427,37.4581
707,28.2400,688,Team B,803,465,854,596,828.5,593.4,57.3096,51.4935
707,28.2400,694,Team B,1170,333,1207,429,1188.5,427.1,66.8112,38.8503
707,28.2400,706,Team B,1466,431,1525,549,1495.5,546.6,71.1512,50.8837
707,28.2400,521,Team A,754,403,795,518,774.5,515.7,56.8372,45.4266
707,28.2400,676,Team A,712,309,749,385,730.5,383.5,56.8585,32.2970
707,28.2400,719,Team B,1821,756,1879,915,1850.0,911.8,70.3609,72.7239
707,28.2400,612,Team B,797,325,830,416,813.5,414.2,58.3612,35.8174
708,28.2800,69,Team A,1065,446,1115,561,1090.0,558.7,62.5991,50.1944
708,28.2800,504,Team B,1005,528,1050,654,1027.5,651.5,60.4266,56.2748
708,28.2800,495,Team A,742,548,794,677,768.0,674.4,55.8545,56.6040
708,28.2800,581,Team A,165,372,208,478,186.5,475.9,45.5399,39.7574
708,28.2800,536,Referee,677,496,728,629,702.5,626.3,54.9045,53.3007
708,28.2800,613,Team B,416,341,456,445,436.0,442.9,50.2283,37.5214
708,28.2800,688,Team B,801,465,852,597,826.5,594.4,57.2615,51.5829
708,28.2800,694,Team B,1166,335,1204,431,1185.0,429.1,66.6940,38.9736
708,28.2800,706,Team B,1457,430,1517,550,1487.0,547.6,70.9117,50.9593
708,28.2800,521,Team A,750,404,789,517,769.5,514.7,56.7349,45.3600
708,28.2800,676,Team A,703,313,740,387,721.5,385.5,56.6616,32.4583
708,28.2800,719,Team B,1818,754,1877,914,1847.5,910.8,70.3423,72.6984
708,28.2800,612,Team B,798,326,831,417,814.5,415.2,58.3732,36.0197
709,28.3200,69,Team A,1056,444,1106,561,1081.0,558.7,62.4494,50.1345
709,28.3200,504,Team B,1002,527,1050,657,1026.0,654.4,60.3566,56.3810
709,28.3200,495,Team A,737,550,788,678,762.5,675.4,55.7500,56.6279
709,28.3200,581,Team A,158,372,202,482,180.0,479.8,45.4319,39.9419
709,28.3200,536,Referee,674,495,725,626,699.5,623.4,54.8601,53.1836
709,28.3200,613,Team B,417,341,456,446,436.5,443.9,50.2291,37.6050
709,28.3200,688,Team B,801,466,851,597,826.0,594.4,57.2368,51.6182
709,28.3200,694,Team B,1162,338,1199,431,1180.5,429.1,66.5836,39.0156
709,28.3200,706,Team B,1446,429,1507,550,1476.5,547.6,70.6843,50.9604
709,28.3200,521,Team A,745,405,783,517,764.0,514.8,56.6291,45.3211
709,28.3200,676,Team A,693,313,729,387,711.0,385.5,56.4392,32.5002
709,28.3200,719,Team B,1807,753,1866,909,1836.5,905.9,70.2817,72.5443
709,28.3200,612,Team B,799,326,833,417,816.0,415.2,58.3981,36.1040
709,28.3200,721,Team B,1896,378,1917,488,1906.5,485.8,82.0677,47.7281
710,28.3600,69,Team A,1051,444,1100,561,1075.5,558.7,62.3252,50.0966
710,28.3600,504,Team B,998,526,1047,657,1022.5,654.4,60.2920,56.4138
710,28.3600,495,Team A,732,551,782,678,757.0,675.5,55.6534,56.6246
710,28.3600,581,Team A,154,373,197,483,175.5,480.8,45.3418,40.0592
710,28.3600,536,Referee,670,496,720,625,695.0,622.4,54.7979,53.0876
710,28.3600,613,Team B,417,342,456,446,436.5,443.9,50.2294,37.6396
710,28.3600,688,Team B,803,469,851,597,827.0,594.4,57.2375,51.6374
710,28.3600,694,Team B,1158,340,1194,432,1176.0,430.2,66.4647,39.0846
710,28.3600,706,Team B,1435,429,1498,549,1466.5,546.6,70.4807,50.8881
710,28.3600,521,Team A,741,407,778,517,759.5,514.8,56.5337,45.2968
710,28.3600,676,Team A,684,316,719,387,701.5,385.6,56.2203,32.5007
710,28.3600,719,Team B,1792,754,1848,907,1820.0,903.9,70.1257,72.3938
710,28.3600,612,Team B,799,326,834,417,816.5,415.2,58.4147,36.1388
710,28.3600,721,Team B,1893,381,1914,487,1903.5,484.9,82.0457,47.6693
711,28.4000,69,Team A,1046,442,1094,561,1070.0,558.6,62.2114,50.0657
711,28.4000,504,Team B,994,525,1044,657,1019.0,654.4,60.2295,56.4173
711,28.4000,495,Team A,728,551,777,677,752.5,674.5,55.5726,56.5771
711,28.4000,581,Team A,151,373,194,483,172.5,480.8,45.2721,40.0996
711,28.4000,536,Referee,667,498,717,624,692.0,621.5,54.7439,53.0044
711,28.4000,613,Team B,419,343,457,445,438.0,443.0,50.2473,37.6007
711,28.4000,688,Team B,804,472,850,596,827.0,593.5,57.2414,51.6062
711,28.4000,694,Team B,1154,338,1190,432,1172.0,430.1,66.3619,39.0999
711,28.4000,706,Team B,1427,428,1491,548,1459.0,545.6,70.3183,50.7920
711,28.4000,521,Team A,736,406,776,521,756.0,518.7,56.4403,45.4727
711,28.4000,676,Team A,677,317,711,387,694.0,385.6,56.0303,32.4862
711,28.4000,719,Team B,1783,751,1839,907,1811.0,903.9,69.9820,72.3085
711,28.4000,612,Team B,801,327,836,416,818.5,414.2,58.4536,36.0964
711,28.4000,721,Team A,1893,382,1913,485,1903.0,482.9,82.0753,47.5379
712,28.4400,69,Team A,1041,442,1087,562,1064.0,559.6,62.0887,50.0827
712,28.4400,504,Team B,991,526,1040,655,1015.5,652.4,60.1784,56.3371
712,28.4400,495,Team A,723,551,774,678,748.5,675.5,55.4980,56.5835
712,28.4400,581,Team A,148,374,190,483,169.0,480.8,45.2050,40.1093
712,28.4400,536,Referee,664,498,713,623,688.5,620.5,54.6881,52.9235
712,28.4400,613,Team B,422,344,460,445,441.0,443.0,50.2911,37.5928
712,28.4400,688,Team B,804,472,850,596,827.0,593.5,57.2429,51.5937
712,28.4400,694,Team B,1150,336,1187,435,1168.5,433.0,66.2385,39.2760
712,28.4400,706,Team B,1416,429,1478,547,1447.0,544.6,70.1152,50.6762
712,28.4400,521,Team A,733,406,773,520,753.0,517.7,56.3713,45.4873
712,28.4400,676,Team A,672,318,705,387,688.5,385.6,55.8793,32.4700
712,28.4400,719,Team B,1773,747,1831,908,1802.0,904.8,69.8344,72.2720
712,28.4400,612,Team B,804,328,840,416,822.0,414.2,58.5159,36.0886
712,28.4400,721,Team A,1890,382,1911,485,1900.5,482.9,82.0507,47.4783
713,28.4800,69,Team A,1037,444,1082,561,1059.5,558.7,61.9938,50.0353
713,28.4800,504,Team B,985,526,1034,656,1009.5,653.4,60.0897,56.3266
713,28.4800,495,Team A,721,551,771,677,746.0,674.5,55.4459,56.5447
713,28.4800,581,Team A,146,376,188,483,167.0,480.9,45.1559,40.1109
713,28.4800,536,Referee,661,498,711,625,686.0,622.5,54.6355,52.9633
713,28.4800,613,Team B,422,345,461,447,441.5,445.0,50.3155,37.7062
713,28.4800,688,Team B,805,474,849,595,827.0,592.6,57.2472,51.5489
713,28.4800,694,Team B,1148,337,1184,435,1166.0,433.0,66.1543,39.3415
713,28.4800,706,Team B,1410,429,1470,545,1440.0,542.7,69.9714,50.5186
713,28.4800,521,Team A,729,406,769,518,749.0,515.8,56.3038,45.3860
713,28.4800,676,Team A,664,314,700,388,682.0,386.5,55.7272,32.5107
713,28.4800,719,Team B,1767,745,1824,908,1795.5,904.7,69.7167,72.2394
713,28.4800,721,Team A,1885,381,1907,485,1896.0,482.9,81.9757,47.4407
714,28.5200,69,Team A,1032,444,1076,562,1054.0,559.6,61.8848,50.0471
714,28.5200,504,Team B,979,524,1027,653,1003.0,650.4,60.0018,56.1939
714,28.5200,495,Team A,717,550,768,675,742.5,672.5,55.3952,56.4491
714,28.5200,581,Team A,143,377,185,484,164.0,481.9,45.1066,40.1582
714,28.5200,536,Referee,658,496,709,625,683.5,622.4,54.5886,52.9716
714,28.5200,613,Team B,423,346,462,447,442.5,445.0,50.3375,37.7550
714,28.5200,688,Team B,806,474,849,595,827.5,592.6,57.2544,51.5323
714,28.5200,694,Team B,1145,337,1181,434,1163.0,432.1,66.0904,39.3003
714,28.5200,706,Team B,1399,430,1457,545,1428.0,542.7,69.7629,50.4245
714,28.5200,521,Team A,725,406,766,518,745.5,515.8,56.2358,45.3372
714,28.5200,676,Team A,657,315,692,387,674.5,385.6,55.5679,32.4458
714,28.5200,719,Team B,1758,744,1816,908,1787.0,904.7,69.5928,72.2037
714,28.5200,721,Team A,1881,381,1904,487,1892.5,484.9,81.8490,47.5233
714,28.5200,612,Team B,806,326,843,418,824.5,416.2,58.5633,36.2128
715,28.5600,69,Team A,1027,443,1072,561,1049.5,558.6,61.7957,49.9948
715,28.5600,504,Team B,975,520,1023,651,999.0,648.4,59.9354,56.0537
715,28.5600,495,Team A,715,550,767,675,741.0,672.5,55.3600,56.4073
715,28.5600,581,Team A,137,377,179,486,158.0,483.8,45.0274,40.2679
715,28.5600,536,Referee,656,495,707,625,681.5,622.4,54.5491,52.9692
715,28.5600,613,Team B,423,345,463,448,443.0,445.9,50.3527,37.8313
715,28.5600,688,Team B,807,474,851,595,829.0,592.6,57.2736,51.5293
715,28.5600,694,Team B,1142,336,1178,433,1160.0,431.1,66.0347,39.2150
715,28.5600,706,Team B,1389,431,1443,542,1416.0,539.8,69.5659,50.2161
715,28.5600,521,Team A,722,406,764,518,743.0,515.8,56.1793,45.3116
715,28.5600,676,Team A,652,315,687,387,669.5,385.6,55.4362,32.4092
715,28.5600,719,Team B,1746,743,1806,908,1776.0,904.7,69.4438,72.1601
715,28.5600,721,Team A,1877,380,1901,489,1889.0,486.8,81.7027,47.6524
715,28.5600,612,Team B,810,326,846,419,828.0,417.1,58.6234,36.3323
716,28.6000,69,Team A,1023,443,1068,562,1045.5,559.6,61.7067,50.0085
716,28.6000,504,Team B,971,522,1017,650,994.0,647.4,59.8612,55.9493
716,28.6000,495,Team A,712,548,764,672,738.0,669.5,55.3234,56.2751
716,28.6000,581,Team A,134,378,175,485,154.5,482.9,44.9529,40.2534
716,28.6000,536,Referee,653,494,704,623,678.5,620.4,54.5064,52.8820
716,28.6000,613,Team B,421,345,464,449,442.5,446.9,50.3531,37.9176
716,28.6000,688,Team B,809,472,855,595,832.0,592.5,57.3142,51.5338
716,28.6000,694,Team B,1138,339,1174,437,1156.0,435.0,65.9119,39.4151
716,28.6000,706,Team B,1382,430,1437,546,1409.5,543.7,69.3569,50.3007
716,28.6000,521,Team A,719,407,762,518,740.5,515.8,56.1273,45.2964
716,28.6000,676,Team A,645,315,680,386,662.5,384.6,55.2919,32.3130
716,28.6000,719,Team B,1737,745,1800,908,1768.5,904.7,69.3160,72.1240
716,28.6000,721,Team A,1871,380,1895,489,1883.0,486.8,81.5574,47.6871
716,28.6000,612,Team B,813,328,848,419,830.5,417.2,58.6806,36.3883
717,28.6400,69,Team A,1017,444,1064,564,1040.5,561.6,61.5992,50.0911
717,28.6400,504,Team B,966,522,1010,647,988.0,644.5,59.7837,55.7805
717,28.6400,495,Team A,705,545,758,672,731.5,669.5,55.2442,56.2042
717,28.6400,581,Team A,129,378,169,484,149.0,481.9,44.8576,40.1839
717,28.6400,536,Referee,649,491,700,622,674.5,619.4,54.4499,52.7957
717,28.6400,613,Team B,420,344,463,446,441.5,444.0,50.3399,37.7779
717,28.6400,688,Team B,809,472,857,596,833.0,593.5,57.3374,51.5796
717,28.6400,694,Team B,1133,341,1169,440,1151.0,438.0,65.7608,39.6638
717,28.6400,706,Team B,1372,429,1429,547,1400.5,544.6,69.1492,50.3560
717,28.6400,521,Team A,715,408,758,517,736.5,514.8,56.0629,45.2329
717,28.6400,676,Team A,639,316,675,386,657.0,384.6,55.1594,32.2642
717,28.6400,719,Team B,1731,746,1798,909,1764.5,905.7,69.2198,72.1227
717,28.6400,721,Team A,1866,378,1891,487,1878.5,484.8,81.4800,47.5791
717,28.6400,612,Team B,816,328,850,419,833.0,417.2,58.7370,36.4164
718,28.6800,69,Team A,1014,445,1061,563,1037.5,560.6,61.5280,50.0731
718,28.6800,504,Team B,961,523,1005,648,983.0,645.5,59.6947,55.7386
718,28.6800,495,Team A,700,547,752,672,726.0,669.5,55.1576,56.1638
718,28.6800,581,Team A,123,378,164,484,143.5,481.9,44.7581,40.1442
718,28.6800,536,Referee,646,489,698,622,672.0,619.3,54.4014,52.7536
718,28.6800,613,Team B,419,344,462,445,440.5,443.0,50.3220,37.6626
718,28.6800,688,Team B,808,473,857,597,832.5,594.5,57.3373,51.6388
718,28.6800,694,Team B,1128,342,1164,439,1146.0,437.1,65.6423,39.6930
718,28.6800,706,Team B,1362,428,1422,549,1392.0,546.6,68.9368,50.4469
718,28.6800,521,Team A,711,407,755,516,733.0,513.8,55.9995,45.1491
718,28.6800,676,Team A,629,315,665,385,647.0,383.6,54.9739,32.1553
718,28.6800,719,Team B,1726,746,1796,909,1761.0,905.7,69.1497,72.1130
718,28.6800,721,Team A,1863,377,1889,486,1876.0,483.8,81.4359,47.4741
718,28.6800,612,Team B,818,330,851,418,834.5,416.2,58.7852,36.3717
719,28.7200,69,Team A,1011,447,1059,564,1035.0,561.7,61.4636,50.1058
719,28.7200,504,Team B,955,522,999,648,977.0,645.5,59.5961,55.7059
719,28.7200,495,Team A,691,545,743,671,717.0,668.5,55.0356,56.0886
719,28.7200,581,Team A,117,377,157,486,137.0,483.8,44.6540,40.2169
719,28.7200,536,Referee,643,489,695,623,669.0,620.3,54.3488,52.7687
719,28.7200,613,Team B,419,343,462,445,440.5,443.0,50.3148,37.6154
719,28.7200,688,Team B,809,472,860,593,834.5,590.6,57.3748,51.5006
719,28.7200,694,Team B,1125,341,1161,441,1143.0,439.0,65.5326,39.8147
719,28.7200,706,Team B,1353,429,1414,550,1383.5,547.6,68.7345,50.5076
719,28.7200,521,Team A,706,406,751,517,728.5,514.8,55.9183,45.1529
719,28.7200,676,Team A,620,316,656,387,638.0,385.6,54.7721,32.2273
719,28.7200,719,Team B,1722,746,1795,910,1758.5,906.7,69.0904,72.1257
719,28.7200,721,Team A,1859,376,1886,487,1872.5,484.8,81.3455,47.4749
719,28.7200,612,Team B,820,329,854,418,837.0,416.2,58.8381,36.3582
720,28.7600,69,Team A,1008,448,1055,563,1031.5,560.7,61.4037,50.0666
720,28.7600,504,Team B,952,521,998,650,975.0,647.4,59.5258,55.7615
720,28.7600,495,Team A,684,544,737,675,710.5,672.4,54.9135,56.1843
720,28.7600,581,Team A,110,376,151,486,130.5,483.8,44.5399,40.2309
720,28.7600,536,Referee,640,490,692,623,666.0,620.3,54.2966,52.7683
720,28.7600,613,Team B,418,343,461,445,439.5,443.0,50.2998,37.5943
720,28.7600,688,Team B,809,472,862,591,835.5,588.6,57.4085,51.3643
720,28.7600,694,Team B,1122,339,1159,442,1140.5,439.9,65.4443,39.9139
720,28.7600,706,Team B,1340,429,1402,551,1371.0,548.6,68.4874,50.5447
720,28.7600,521,Team A,701,407,745,518,723.0,515.8,55.8182,45.1911
720,28.7600,676,Team A,611,318,647,390,629.0,388.6,54.5619,32.4383
720,28.7600,719,Team B,1719,745,1795,912,1757.0,908.7,69.0360,72.1723
720,28.7600,721,Team A,1855,376,1885,488,1870.0,485.8,81.2508,47.5217
720,28.7600,612,Team B,821,328,855,418,838.0,416.2,58.8728,36.3539
721,28.8000,69,Team A,1002,447,1049,561,1025.5,558.7,61.3234,49.9457
721,28.8000,504,Team B,950,521,996,649,973.0,646.4,59.4816,55.7415
721,28.8000,495,Team A,678,543,729,673,703.5,670.4,54.7996,56.1338
721,28.8000,581,Team A,102,376,144,487,123.0,484.8,44.4152,40.2720
721,28.8000,536,Referee,639,490,690,621,664.5,618.4,54.2640,52.6859
721,28.8000,613,Team B,419,343,462,446,440.5,443.9,50.3064,37.6452
721,28.8000,688,Team B,810,471,865,590,837.5,587.6,57.4480,51.2719
721,28.8000,694,Team B,1119,339,1157,441,1138.0,439.0,65.3854,39.8885
721,28.8000,706,Team B,1338,430,1399,551,1368.5,548.6,68.3574,50.5539
721,28.8000,521,Team A,694,407,738,519,716.0,516.8,55.6934,45.2385
721,28.8000,676,Team A,603,318,638,390,620.5,388.6,54.3638,32.5046
721,28.8000,719,Team B,1708,746,1781,908,1744.5,904.8,68.9360,72.0668
721,28.8000,721,Team A,1853,376,1885,488,1869.0,485.8,81.1985,47.5376
721,28.8000,612,Team B,822,326,859,418,840.5,416.2,58.9204,36.3553
722,28.8400,69,Team A,996,446,1044,563,1020.0,560.7,61.2145,49.9717
722,28.8400,504,Team B,945,522,991,650,968.0,647.4,59.4064,55.7589
722,28.8400,495,Team A,672,540,723,673,697.5,670.3,54.6946,56.0968
722,28.8400,581,Team A,94,376,135,486,114.5,483.8,44.2667,40.2185
722,28.8400,536,Referee,636,491,686,618,661.0,615.5,54.2203,52.5269
722,28.8400,613,Team B,421,342,462,445,441.5,442.9,50.3208,37.6094
722,28.8400,688,Team B,812,471,871,590,841.5,587.6,57.5077,51.2448
722,28.8400,694,Team B,1115,335,1153,439,1134.0,436.9,65.3292,39.7452
722,28.8400,706,Team B,1329,429,1389,550,1359.0,547.6,68.1998,50.4857
722,28.8400,521,Team A,687,407,730,518,708.5,515.8,55.5590,45.1908
722,28.8400,676,Team A,594,315,629,388,611.5,386.5,54.1687,32.3759
722,28.8400,719,Team B,1707,744,1780,909,1743.5,905.7,68.8787,72.0441
722,28.8400,721,Team A,1851,376,1884,487,1867.5,484.8,81.1782,47.4862
722,28.8400,612,Team B,823,326,861,418,842.0,416.2,58.9596,36.3592
723,28.8800,69,Team A,989,446,1036,563,1012.5,560.7,61.0841,49.9632
723,28.8800,504,Team B,941,524,987,648,964.0,645.5,59.3439,55.6828
723,28.8800,495,Team A,664,539,715,672,689.5,669.3,54.5753,56.0262
723,28.8800,581,Team A,86,376,127,487,106.5,484.8,44.1230,40.2315
723,28.8800,536,Referee,631,490,682,619,656.5,616.4,54.1541,52.4912
723,28.8800,613,Team B,420,342,461,448,440.5,445.9,50.3156,37.7641
723,28.8800,688,Team B,812,470,876,591,844.0,588.6,57.5551,51.2812
723,28.8800,694,Team B,1110,335,1149,440,1129.5,437.9,65.2346,39.7363
723,28.8800,706,Team B,1320,429,1377,549,1348.5,546.6,68.0184,50.3848
723,28.8800,521,Team A,679,405,722,517,700.5,514.8,55.4150,45.1019
723,28.8800,676,Team A,585,314,622,390,603.5,388.5,53.9790,32.4383
723,28.8800,719,Team B,1698,742,1770,909,1734.0,905.7,68.7706,72.0094
723,28.8800,721,Team A,1847,374,1883,486,1865.0,483.8,81.1571,47.4028
723,28.8800,612,Team B,821,325,860,417,840.5,415.2,58.9612,36.2941
724,28.9200,69,Team A,981,445,1027,563,1004.0,560.6,60.9338,49.9376
724,28.9200,504,Team B,935,525,980,646,957.5,643.6,59.2601,55.5620
724,28.9200,495,Team A,659,544,709,672,684.0,669.4,54.4729,55.9882
724,28.9200,581,Team A,77,377,120,488,98.5,485.8,43.9817,40.2721
724,28.9200,536,Referee,628,489,677,615,652.5,612.5,54.0934,52.3077
724,28.9200,613,Team B,418,341,459,448,438.5,445.9,50.2893,37.8205
724,28.9200,688,Team B,798,470,864,594,831.0,591.5,57.4199,51.3889
724,28.9200,694,Team B,1107,338,1145,439,1126.0,437.0,65.1588,39.6685
724,28.9200,706,Team B,1311,429,1368,549,1339.5,546.6,67.8348,50.3208
724,28.9200,521,Team A,673,406,715,518,694.0,515.8,55.2788,45.1007
724,28.9200,676,Team A,577,313,614,388,595.5,386.5,53.8003,32.3129
724,28.9200,719,Team B,1691,743,1761,910,1726.0,906.7,68.6467,71.9982
724,28.9200,721,Team A,1844,373,1881,485,1862.5,482.8,81.1352,47.3074
724,28.9200,612,Team B,822,323,861,414,841.5,412.2,58.9935,36.0806
725,28.9600,69,Team A,974,443,1021,566,997.5,563.5,60.7803,50.0421
725,28.9600,504,Team B,930,523,975,647,952.5,644.5,59.1694,55.5370
725,28.9600,495,Team A,652,542,704,673,678.0,670.4,54.3707,55.9927
725,28.9600,581,Team A,69,377,113,487,91.0,484.8,43.8377,40.2207
725,28.9600,536,Referee,625,490,675,616,650.0,613.5,54.0411,52.2689
725,28.9600,613,Team B,419,339,459,445,439.0,442.9,50.2834,37.6705
725,28.9600,688,Team B,794,470,861,594,827.5,591.5,57.3276,51.4233
725,28.9600,694,Team B,1104,340,1142,443,1123.0,440.9,65.0456,39.8729
725,28.9600,706,Team B,1305,424,1364,551,1334.5,548.5,67.6790,50.3691
725,28.9600,521,Team A,666,406,708,519,687.0,516.7,55.1402,45.1324
725,28.9600,676,Team A,568,310,607,388,587.5,386.4,53.6219,32.2418
725,28.9600,719,Team B,1686,743,1755,912,1720.5,908.6,68.5310,72.0255
725,28.9600,721,Team A,1841,373,1878,484,1859.5,481.8,81.1053,47.2069
725,28.9600,612,Team B,823,322,864,414,843.5,412.2,59.0335,35.9985
726,29.0000,69,Team A,972,444,1018,567,995.0,564.5,60.6839,50.1227
726,29.0000,504,Team B,926,524,972,649,949.0,646.5,59.0869,55.5937
726,29.0000,495,Team A,647,542,701,675,674.0,672.3,54.2866,56.0558
726,29.0000,581,Team A,63,376,109,489,86.0,486.7,43.7342,40.2913
726,29.0000,536,Referee,623,490,674,617,648.5,614.5,54.0028,52.2895
726,29.0000,613,Team B,421,339,460,443,440.5,440.9,50.2985,37.4990
726,29.0000,688,Team B,793,470,861,597,827.0,594.5,57.2738,51.5602
726,29.0000,694,Team B,1103,341,1141,443,1122.0,441.0,64.9865,39.9535
726,29.0000,706,Team B,1297,422,1357,552,1327.0,549.4,67.5142,50.4127
726,29.0000,521,Team A,662,406,705,519,683.5,516.7,55.0442,45.1367
726,29.0000,676,Team A,560,311,600,390,580.0,388.4,53.4467,32.3309
726,29.0000,719,Team B,1681,745,1752,917,1716.5,913.6,68.4070,72.1414
726,29.0000,721,Team A,1841,373,1879,483,1860.0,480.8,81.1230,47.1141
726,29.0000,612,Team B,826,321,867,414,846.5,412.1,59.0902,35.9711
727,29.0400,69,Team A,969,443,1015,567,992.0,564.5,60.6109,50.1464
727,29.0400,504,Team B,918,523,965,652,941.5,649.4,58.9617,55.7082
727,29.0400,495,Team A,643,545,699,677,671.0,674.4,54.2196,56.1467
727,29.0400,581,Team A,57,377,104,489,80.5,486.8,43.6323,40.3087
727,29.0400,536,Referee,618,487,675,635,646.5,632.0,53.9357,52.9922
727,29.0400,613,Team B,422,338,462,445,442.0,442.9,50.3237,37.5473
727,29.0400,688,Team B,793,468,862,597,827.5,594.4,57.2578,51.6146
727,29.0400,694,Team B,1103,342,1140,443,1121.5,441.0,64.9558,39.9857
727,29.0400,706,Team B,1290,422,1351,550,1320.5,547.4,67.3901,50.3214
727,29.0400,521,Team A,657,406,700,518,678.5,515.8,54.9503,45.0779
727,29.0400,676,Team A,550,312,589,391,569.5,389.4,53.2351,32.4115
727,29.0400,719,Team B,1675,747,1747,920,1711.0,916.5,68.2833,72.2427
727,29.0400,721,Team A,1841,373,1880,485,1860.5,482.8,81.0926,47.1864
727,29.0400,612,Team B,830,319,870,414,850.0,412.1,59.1603,35.9656
727,29.0400,725,Referee,504,227,555,296,529.5,294.6,52.3859,20.3184
728,29.0800,69,Team A,965,444,1011,567,988.0,564.5,60.5357,50.1468
728,29.0800,504,Team B,914,522,961,651,937.5,648.4,58.8746,55.7061
728,29.0800,495,Team A,628,503,703,678,665.5,674.5,54.1384,56.1748
728,29.0800,581,Team A,52,375,101,490,76.5,487.7,43.5522,40.3563
728,29.0800,613,Team B,421,337,463,444,442.0,441.9,50.3333,37.5081
728,29.0800,688,Team B,794,468,861,594,827.5,591.5,57.2629,51.5119
728,29.0800,694,Team B,1102,342,1139,443,1120.5,441.0,64.9300,39.9961
728,29.0800,706,Team B,1286,422,1347,548,1316.5,545.5,67.3128,50.1824
728,29.0800,521,Team A,651,405,696,517,673.5,514.8,54.8573,44.9926
728,29.0800,676,Team A,542,311,581,391,561.5,389.4,53.0443,32.4255
728,29.0800,719,Team B,1670,750,1746,923,1708.0,919.5,68.1822,72.3448
728,29.0800,721,Team A,1841,372,1880,487,1860.5,484.7,81.0365,47.3217
728,29.0800,612,Team B,834,318,873,414,853.5,412.1,59.2358,35.9700
728,29.0800,725,Referee,505,229,553,294,529.0,292.7,52.3808,20.1512
729,29.1200,69,Team A,961,445,1009,570,985.0,567.5,60.4531,50.2722
729,29.1200,504,Team B,910,523,957,656,933.5,653.3,58.7755,55.8807
729,29.1200,495,Team A,630,525,697,678,663.5,674.9,54.0855,56.1971
729,29.1200,581,Team A,45,372,96,489,70.5,486.7,43.4490,40.3081
729,29.1200,613,Team B,420,336,462,444,441.0,441.8,50.3250,37.4891
729,29.1200,688,Team B,793,467,858,590,825.5,587.5,57.2585,51.2980
729,29.1200,694,Team B,1101,341,1138,444,1119.5,441.9,64.8960,40.0554
729,29.1200,706,Team B,1281,421,1341,545,1311.0,542.5,67.2467,49.9727
729,29.1200,521,Team A,648,406,695,518,671.5,515.8,54.7943,45.0037
729,29.1200,676,Team A,533,312,571,391,552.0,389.4,52.8420,32.4125
729,29.1200,719,Team B,1668,751,1746,924,1707.0,920.5,68.1246,72.4061
729,29.1200,721,Team A,1841,371,1879,487,1860.0,484.7,81.0072,47.3733
729,29.1200,612,Team B,837,318,876,416,856.5,414.0,59.2941,36.1036
730,29.1600,69,Team A,958,444,1005,568,981.5,565.5,60.3920,50.2248
730,29.1600,504,Team B,906,522,954,656,930.0,653.3,58.6996,55.9410
730,29.1600,495,Team A,618,497,697,678,657.5,674.4,54.0063,56.1713
730,29.1600,581,Team A,35,372,87,489,61.0,486.7,43.3034,40.2685
730,29.1600,613,Team B,417,335,462,445,439.5,442.8,50.3038,37.5344
730,29.1600,688,Team B,792,468,856,588,824.0,585.6,57.2479,51.1255
730,29.1600,694,Team B,1100,340,1137,443,1118.5,440.9,64.8793,40.0167
730,29.1600,706,Team B,1276,424,1334,545,1305.0,542.6,67.1456,49.8760
730,29.1600,521,Team A,642,406,692,524,667.0,521.6,54.7025,45.2883
730,29.1600,676,Team A,525,312,562,390,543.5,388.4,52.6498,32.3238
730,29.1600,719,Team B,1664,754,1746,926,1705.0,922.6,68.0671,72.4719
730,29.1600,721,Team A,1841,372,1879,485,1860.0,482.7,81.0395,47.2876
730,29.1600,612,Team B,839,318,878,416,858.5,414.0,59.3443,36.1616
731,29.2000,69,Team A,954,444,1004,571,979.0,568.5,60.3213,50.3312
731,29.2000,504,Team B,902,521,951,659,926.5,656.2,58.6199,56.0656
731,29.2000,495,Team A,609,487,692,679,650.5,675.2,53.9046,56.1721
731,29.2000,581,Team A,23,373,75,490,49.0,487.7,43.1188,40.2793
731,29.2000,613,Team B,413,335,458,446,435.5,443.8,50.2471,37.6010
731,29.2000,688,Team B,790,467,854,588,822.0,585.6,57.2218,51.0508
731,29.2000,694,Team B,1097,338,1135,445,1116.0,442.9,64.8188,40.1101
731,29.2000,706,Team B,1269,425,1325,546,1297.0,543.6,66.9959,49.8637
731,29.2000,521,Team A,637,407,685,521,661.0,518.7,54.6037,45.2439
731,29.2000,676,Team A,515,309,554,390,534.5,388.4,52.4539,32.2654
731,29.2000,719,Team B,1662,756,1745,926,1703.5,922.6,68.0306,72.4952
731,29.2000,721,Team A,1841,373,1878,483,1859.5,480.8,81.0894,47.1449
731,29.2000,612,Team B,842,319,880,414,861.0,412.1,59.4107,36.0668
732,29.2400,69,Team A,951,444,1002,572,976.5,569.4,60.2586,50.4111
732,29.2400,504,Team B,895,518,947,660,921.0,657.2,58.5271,56.1359
732,29.2400,495,Team A,604,482,687,679,645.5,675.1,53.8150,56.1568
732,29.2400,581,Team A,13,373,64,492,38.5,489.6,42.9405,40.3633
732,29.2400,613,Team B,411,335,457,446,434.0,443.8,50.2061,37.6244
732,29.2400,688,Team B,790,467,854,587,822.0,584.6,57.2152,50.9787
732,29.2400,694,Team B,1095,336,1134,445,1114.5,442.8,64.7746,40.1414
732,29.2400,706,Team B,1260,423,1315,545,1287.5,542.6,66.8302,49.7857
732,29.2400,521,Team A,632,405,680,517,656.0,514.8,54.5156,45.0177
732,29.2400,676,Team A,508,310,547,391,527.5,389.4,52.2820,32.2943
732,29.2400,719,Team B,1660,756,1746,928,1703.0,924.6,67.9954,72.5482
732,29.2400,721,Team A,1838,373,1876,483,1857.0,480.8,81.0730,47.0808
732,29.2400,612,Team B,845,319,884,414,864.5,412.1,59.4847,36.0368
733,29.2800,69,Team A,949,445,999,570,974.0,567.5,60.2165,50.3503
733,29.2800,504,Team B,890,521,944,662,917.0,659.2,58.4399,56.2291
733,29.2800,495,Team A,607,514,675,678,641.0,674.7,53.7355,56.1275
733,29.2800,581,Team A,6,372,57,492,31.5,489.6,42.7927,40.3809
733,29.2800,613,Team B,412,334,457,445,434.5,442.8,50.1953,37.5764
733,29.2800,688,Team B,791,465,855,587,823.0,584.6,57.2237,50.9506
733,29.2800,694,Team B,1093,334,1133,446,1113.0,443.8,64.7270,40.2063
733,29.2800,706,Team B,1254,421,1309,546,1281.5,543.5,66.6803,49.7833
733,29.2800,521,Team A,628,405,675,515,651.5,512.8,54.4328,44.8186
733,29.2800,676,Team A,500,306,540,391,520.0,389.3,52.1144,32.2849
733,29.2800,719,Team B,1659,756,1747,929,1703.0,925.5,67.9733,72.5917
733,29.2800,721,Team A,1836,373,1876,483,1856.0,480.8,81.0520,47.0524
733,29.2800,612,Team B,849,318,890,413,869.5,411.1,59.5886,35.9721
734,29.3200,69,Team A,944,444,994,569,969.0,566.5,60.1485,50.2687
734,29.3200,504,Team B,888,523,943,663,915.5,660.2,58.3852,56.3005
734,29.3200,495,Team A,604,531,665,680,634.5,677.0,53.6366,56.1828
734,29.3200,581,Team A,0,373,49,491,24.5,488.6,42.6521,40.3231
734,29.3200,613,Team B,413,334,457,444,435.0,441.8,50.1966,37.5009
734,29.3200,688,Team B,790,466,855,587,822.5,584.6,57.2215,50.9390
734,29.3200,694,Team B,1091,334,1131,447,1111.0,444.7,64.6709,40.2857
734,29.3200,706,Team B,1250,420,1305,545,1277.5,542.5,66.5817,49.7247
734,29.3200,521,Team A,624,404,671,513,647.5,510.8,54.3577,44.6301
734,29.3200,676,Team A,494,306,533,389,513.5,387.3,51.9632,32.1362
734,29.3200,719,Team B,1656,756,1742,929,1699.0,925.5,67.9292,72.5989
734,29.3200,721,Team A,1837,373,1879,484,1858.0,481.8,81.0503,47.1007
734,29.3200,612,Team B,851,318,893,413,872.0,411.1,59.6641,35.9519
735,29.3600,69,Team A,940,445,990,571,965.0,568.5,60.0640,50.3145
735,29.3600,504,Team B,889,526,943,661,916.0,658.3,58.3766,56.2598
735,29.3600,495,Team A,599,538,656,681,627.5,678.1,53.5270,56.2282
735,29.3600,581,Team A,0,373,44,494,22.0,491.6,42.5847,40.4472
735,29.3600,613,Team B,414,333,457,443,435.5,440.8,50.2026,37.4132
735,29.3600,688,Team B,787,467,852,588,819.5,585.6,57.1838,50.9700
735,29.3600,694,Team B,1090,338,1129,448,1109.5,445.8,64.6174,40.3767
735,29.3600,706,Team B,1243,419,1301,544,1272.0,541.5,66.4853,49.6395
735,29.3600,521,Team A,619,405,665,512,642.0,509.9,54.2658,44.4935
735,29.3600,676,Team A,485,307,525,389,505.0,387.4,51.7906,32.0604
735,29.3600,719,Team B,1653,756,1738,931,1695.5,927.5,67.8648,72.6374
735,29.3600,721,Team A,1839,374,1882,486,1860.5,483.8,81.0408,47.2359
735,29.3600,612,Team B,854,316,897,411,875.5,409.1,59.7554,35.8232
736,29.4000,69,Team A,939,446,990,572,964.5,569.5,60.0188,50.3761
736,29.4000,504,Team B,888,527,944,662,916.0,659.3,58.3689,56.2806
736,29.4000,495,Team A,596,544,650,682,623.0,679.2,53.4378,56.2748
736,29.4000,581,Team A,0,373,40,495,20.0,492.6,42.5414,40.5432
736,29.4000,613,Team B,414,334,457,444,435.5,441.8,50.2056,37.4368
736,29.4000,688,Team B,784,468,849,587,816.5,584.6,57.1395,50.9337
736,29.4000,694,Team B,1088,341,1127,450,1107.5,447.8,64.5487,40.5277
736,29.4000,706,Team B,1237,419,1296,543,1266.5,540.5,66.3893,49.5446
736,29.4000,521,Team A,616,407,658,506,637.0,504.0,54.1834,44.1307
736,29.4000,676,Team A,478,309,516,389,497.0,387.4,51.6161,32.0161
736,29.4000,719,Team B,1648,757,1731,935,1689.5,931.4,67.7546,72.7268
736,29.4000,721,Team A,1839,374,1884,487,1861.5,484.7,81.0293,47.3465
736,29.4000,612,Team B,855,316,900,413,877.5,411.1,59.8058,35.9023
737,29.4400,69,Team A,936,446,987,573,961.5,570.5,59.9609,50.4368
737,29.4400,504,Team B,887,527,943,660,915.0,657.3,58.3640,56.2137
737,29.4400,581,Team A,0,372,36,494,18.0,491.6,42.4969,40.5257
737,29.4400,613,Team B,416,334,457,445,436.5,442.8,50.2195,37.5057
737,29.4400,688,Team A,778,467,843,585,810.5,582.6,57.0634,50.8191
737,29.4400,694,Team B,1087,342,1126,453,1106.5,450.8,64.4781,40.7595
737,29.4400,706,Team B,1232,422,1291,544,1261.5,541.6,66.2789,49.5430
737,29.4400,521,Team A,614,407,653,501,633.5,499.1,54.1198,43.7258
737,29.4400,676,Team A,470,309,509,390,489.5,388.4,51.4474,32.0485
737,29.4400,719,Team B,1644,759,1725,940,1684.5,936.4,67.6275,72.8611
737,29.4400,721,Team A,1838,373,1883,486,1860.5,483.7,81.0329,47.3332
737,29.4400,612,Team B,856,318,901,414,878.5,412.1,59.8326,36.0016
737,29.4400,536,Referee,581,487,655,684,618.0,680.1,53.5514,54.9977
738,29.4800,69,Team A,934,445,985,572,959.5,569.5,59.9207,50.4117
738,29.4800,504,Team B,883,526,938,659,910.5,656.3,58.3198,56.1384
738,29.4800,581,Team A,0,378,32,494,16.0,491.7,42.4581,40.5206
738,29.4800,613,Team B,416,334,457,447,436.5,444.7,50.2260,37.6476
738,29.4800,688,Team A,772,467,838,588,805.0,585.6,56.9616,50.8864
738,29.4800,694,Team B,1085,341,1124,453,1104.5,450.8,64.4233,40.8461
738,29.4800,706,Team B,1223,427,1277,544,1250.0,541.7,66.0928,49.5173
738,29.4800,676,Team A,462,312,500,392,481.0,390.4,51.2681,32.1786
738,29.4800,719,Team B,1641,762,1721,943,1681.0,939.4,67.5226,72.9731
738,29.4800,721,Team A,1839,373,1883,487,1861.0,484.7,81.0193,47.3829
738,29.4800,612,Team B,859,318,904,415,881.5,413.1,59.8774,36.1108
738,29.4800,536,Referee,577,485,651,685,614.0,681.0,53.3576,55.8237
739,29.5200,69,Team A,918,444,974,576,946.0,573.4,59.7296,50.5407
739,29.5200,504,Team B,879,525,935,661,907.0,658.3,58.2578,56.1717
739,29.5200,613,Team B,416,334,457,448,436.5,445.7,50.2291,37.7614
739,29.5200,688,Team A,767,463,833,587,800.0,584.5,56.8701,50.8554
739,29.5200,694,Team B,1083,342,1123,456,1103.0,453.7,64.3521,41.0497
739,29.5200,706,Team B,1221,429,1275,545,1248.0,542.7,65.9837,49.5501
739,29.5200,676,Team A,452,311,491,394,471.5,392.3,51.0722,32.3396
739,29.5200,719,Team B,1635,765,1716,946,1675.5,942.4,67.4094,73.0708
739,29.5200,721,Team A,1842,371,1886,487,1864.0,484.7,81.0582,47.4091
739,29.5200,612,Team B,863,317,906,414,884.5,412.1,59.9429,36.0974
739,29.5200,495,Team A,576,549,633,690,604.5,687.2,53.2125,56.5306
739,29.5200,521,Team A,606,407,646,503,626.0,501.1,54.0023,43.6473
740,29.5600,69,Team A,910,445,969,579,939.5,576.3,59.5637,50.7062
740,29.5600,504,Team B,876,526,933,666,904.5,663.2,58.1867,56.3607
740,29.5600,613,Team B,415,335,456,448,435.5,445.7,50.2182,37.8058
740,29.5600,688,Team A,763,457,831,585,797.0,582.4,56.8081,50.7460
740,29.5600,694,Team B,1082,344,1122,458,1102.0,455.7,64.2906,41.2446
740,29.5600,706,Team B,1214,430,1267,547,1240.5,544.7,65.8288,49.6373
740,29.5600,676,Team A,445,311,483,395,464.0,393.3,50.8963,32.4531
740,29.5600,719,Team B,1629,770,1713,952,1671.0,948.4,67.2791,73.2308
740,29.5600,721,Team A,1844,371,1887,488,1865.5,485.7,81.0732,47.4773
740,29.5600,612,Team B,866,316,908,415,887.0,413.0,59.9964,36.1591
740,29.5600,495,Team A,569,552,627,690,598.0,687.2,53.0597,56.6194
740,29.5600,521,Team A,603,409,643,507,623.0,505.0,53.9124,43.8115
741,29.6000,69,Team A,905,447,967,584,936.0,581.3,59.4317,50.9792
741,29.6000,504,Team B,871,524,928,669,899.5,666.1,58.0951,56.5303
741,29.6000,613,Team B,417,333,461,451,439.0,448.6,50.2577,37.9991
741,29.6000,688,Team A,759,453,828,586,793.5,583.3,56.7417,50.7325
741,29.6000,694,Team B,1082,346,1122,459,1102.0,456.7,64.2561,41.3815
741,29.6000,706,Team B,1207,430,1260,549,1233.5,546.6,65.6626,49.7461
741,29.6000,719,Team B,1627,774,1714,957,1670.5,953.3,67.1846,73.4029
741,29.6000,721,Team A,1845,373,1887,490,1866.0,487.7,81.0411,47.6149
741,29.6000,612,Team B,872,314,914,415,893.0,413.0,60.0996,36.1949
741,29.6000,495,Team A,565,556,624,692,594.5,689.3,52.9625,56.7182
741,29.6000,521,Team A,596,409,641,516,618.5,513.9,53.8075,44.3115
742,29.6400,69,Team A,902,449,964,584,933.0,581.3,59.3451,51.0826
742,29.6400,504,Team B,866,525,921,670,893.5,667.1,57.9932,56.6197
742,29.6400,613,Team B,419,324,468,452,443.5,449.4,50.3282,38.1324
742,29.6400,688,Team A,756,454,824,586,790.0,583.4,56.6767,50.7194
742,29.6400,694,Team B,1081,347,1121,463,1101.0,460.7,64.1909,41.6599
742,29.6400,706,Team B,1203,429,1256,551,1229.5,548.6,65.5288,49.8700
742,29.6400,719,Team B,1627,777,1717,960,1672.0,956.3,67.1370,73.5411
742,29.6400,721,Team A,1844,373,1887,493,1865.5,490.6,80.9550,47.8277
742,29.6400,612,Team B,876,314,918,418,897.0,415.9,60.1744,36.4056
742,29.6400,495,Team A,563,557,624,693,593.5,690.3,52.9130,56.7903
742,29.6400,734,Team B,1875,514,1917,665,1896.0,662.0,76.2174,60.8071
742,29.6400,536,Referee,589,490,643,636,616.0,633.1,53.3647,54.3730
743,29.6800,69,Team A,902,451,964,585,933.0,582.3,59.3051,51.1682
743,29.6800,504,Team B,864,527,917,670,890.5,667.1,57.9218,56.6495
743,29.6800,613,Team B,417,322,467,453,442.0,450.4,50.3387,38.2365
743,29.6800,688,Team A,753,454,821,588,787.0,585.3,56.6110,50.7912
743,29.6800,694,Team B,1081,349,1122,464,1101.5,461.7,64.1615,41.8307
743,29.6800,706,Team B,1196,429,1253,557,1224.5,554.4,65.3588,50.1794
743,29.6800,719,Team B,1627,781,1720,964,1673.5,960.3,67.1005,73.6870
743,29.6800,721,Team A,1844,374,1887,495,1865.5,492.6,80.8763,48.0193
743,29.6800,612,Team B,880,314,922,418,901.0,415.9,60.2585,36.4990
743,29.6800,495,Team A,561,558,624,696,592.5,693.2,52.8804,56.9201
743,29.6800,734,Team B,1870,516,1912,667,1891.0,664.0,76.1281,60.8660
743,29.6800,536,Referee,591,490,644,631,617.5,628.2,53.3899,53.6042
744,29.7200,69,Team A,901,452,963,585,932.0,582.3,59.2778,51.2008
744,29.7200,504,Team B,863,529,914,670,888.5,667.2,57.8726,56.6579
744,29.7200,613,Team B,414,321,465,454,439.5,451.3,50.3131,38.3277
744,29.7200,688,Team A,749,454,816,589,782.5,586.3,56.5322,50.8510
744,29.7200,694,Team B,1082,352,1122,465,1102.0,462.7,64.1464,41.9594
744,29.7200,706,Team B,1190,428,1249,558,1219.5,555.4,65.2218,50.3343
744,29.7200,719,Team B,1624,783,1719,968,1671.5,964.3,67.0391,73.8257
744,29.7200,721,Team A,1843,375,1888,498,1865.5,495.5,80.7791,48.2542
744,29.7200,612,Team B,885,316,927,418,906.0,416.0,60.3597,36.5504
744,29.7200,495,Team A,558,557,622,696,590.0,693.2,52.8435,56.9653
744,29.7200,734,Team B,1864,520,1906,667,1885.0,664.1,76.0215,60.8755
744,29.7200,536,Referee,590,488,643,629,616.5,626.2,53.3926,53.2153
744,29.7200,521,Team A,576,420,631,555,603.5,552.3,53.5314,46.3177
745,29.7600,69,Team A,899,453,962,587,930.5,584.3,59.2398,51.2956
745,29.7600,504,Team B,861,531,911,675,886.0,672.1,57.8081,56.8346
745,29.7600,613,Team B,410,319,462,455,436.0,452.3,50.2611,38.4103
745,29.7600,688,Team A,745,455,810,591,777.5,588.3,56.4395,50.9474
745,29.7600,694,Team B,1082,357,1121,468,1101.5,465.8,64.1047,42.1818
745,29.7600,706,Team B,1183,427,1245,561,1214.0,558.3,65.0740,50.5159
745,29.7600,719,Team B,1621,785,1716,969,1668.5,965.3,66.9815,73.8955
745,29.7600,721,Team A,1841,377,1888,501,1864.5,498.5,80.6604,48.5035
745,29.7600,612,Team B,887,316,930,420,908.5,417.9,60.4199,36.7007
745,29.7600,495,Team A,552,556,617,697,584.5,694.2,52.7750,57.0036
745,29.7600,734,Team B,1860,522,1903,669,1881.5,666.1,75.9075,60.9421
745,29.7600,536,Referee,590,491,642,629,616.0,626.2,53.3885,53.0610
745,29.7600,521,Team A,569,421,627,567,598.0,564.1,53.3432,47.6418
746,29.8000,69,Team A,896,458,958,589,927.0,586.4,59.1750,51.4134
746,29.8000,504,Team B,858,535,906,676,882.0,673.2,57.7377,56.9336
746,29.8000,613,Team B,408,327,458,456,433.0,453.4,50.2048,38.5018
746,29.8000,688,Team A,741,455,805,593,773.0,590.2,56.3470,51.0585
746,29.8000,694,Team B,1081,359,1120,469,1100.5,466.8,64.0652,42.3257
746,29.8000,706,Team B,1179,431,1240,562,1209.5,559.4,64.9515,50.6253
746,29.8000,719,Team B,1618,789,1712,973,1665.0,969.3,66.8990,74.0002
746,29.8000,721,Team A,1839,380,1888,502,1863.5,499.6,80.5759,48.6554
746,29.8000,612,Team B,887,316,932,424,909.5,421.8,60.4293,37.0094
746,29.8000,495,Team A,543,556,609,698,576.0,695.2,52.6655,57.0326
746,29.8000,734,Team B,1859,524,1904,675,1881.5,672.0,75.7720,61.1824
746,29.8000,536,Referee,589,491,642,631,615.5,628.2,53.3789,53.0754
746,29.8000,521,Team A,567,422,619,556,593.0,553.3,53.2284,47.6717
747,29.8400,69,Team A,894,464,956,592,925.0,589.4,59.1113,51.5865
747,29.8400,504,Team B,853,536,903,680,878.0,677.1,57.6540,57.1050
747,29.8400,613,Team B,401,331,453,456,427.0,453.5,50.1102,38.5297
747,29.8400,688,Team A,737,455,801,594,769.0,591.2,56.2634,51.1348
747,29.8400,694,Team B,1079,360,1119,473,1099.0,470.7,63.9926,42.6003
747,29.8400,706,Team B,1176,437,1236,565,1206.0,562.4,64.8330,50.7990
747,29.8400,719,Team B,1613,793,1705,978,1659.0,974.3,66.7789,74.1328
747,29.8400,721,Team A,1838,381,1889,506,1863.5,503.5,80.4564,48.9229
747,29.8400,612,Team B,886,316,931,425,908.5,422.8,60.4126,37.1917
747,29.8400,495,Team A,536,561,601,705,568.5,702.1,52.5443,57.2662
747,29.8400,734,Team B,1859,525,1906,679,1882.5,675.9,75.6700,61.4222
747,29.8400,536,Referee,587,491,640,632,613.5,629.2,53.3533,53.1149
747,29.8400,521,Team A,562,422,613,556,587.5,553.3,53.1220,47.6707
748,29.8800,69,Team A,893,466,955,596,924.0,593.4,59.0547,51.8214
748,29.8800,504,Team B,849,537,900,682,874.5,679.1,57.5779,57.2357
748,29.8800,613,Team B,407,338,455,456,431.0,453.6,50.1205,38.5577
748,29.8800,688,Team A,734,456,796,594,765.0,591.2,56.1866,51.1564
748,29.8800,694,Team B,1078,360,1119,476,1098.5,473.7,63.9296,42.8722
748,29.8800,706,Team B,1169,440,1227,567,1198.0,564.5,64.6728,50.9390
748,29.8800,719,Team B,1608,796,1698,984,1653.0,980.2,66.6374,74.2961
748,29.8800,721,Team A,1838,383,1891,508,1864.5,505.5,80.3795,49.1370
748,29.8800,612,Team B,886,319,932,427,909.0,424.8,60.3983,37.3914
748,29.8800,495,Team A,532,561,595,707,563.5,704.1,52.4468,57.4147
748,29.8800,734,Team B,1863,528,1910,682,1886.5,678.9,75.6300,61.6358
748,29.8800,536,Referee,586,491,639,633,612.5,630.2,53.3314,53.1667
748,29.8800,521,Team A,558,423,609,557,583.5,554.3,53.0341,47.7066
748,29.8800,676,Team A,379,327,419,414,399.0,412.3,50.0075,33.5819
749,29.9200,69,Team A,893,468,955,599,924.0,596.4,59.0172,52.0411
749,29.9200,504,Team B,849,537,901,685,875.0,682.0,57.5415,57.3939
749,29.9200,613,Team A,408,340,456,459,432.0,456.6,50.1383,38.7403
749,29.9200,688,Team A,731,456,792,593,761.5,590.3,56.1211,51.1148
749,29.9200,694,Team B,1077,360,1119,479,1098.0,476.6,63.8706,43.1418
749,29.9200,706,Team B,1160,441,1218,570,1189.0,567.4,64.4764,51.1047
749,29.9200,719,Team B,1605,798,1694,992,1649.5,988.1,66.4955,74.5171
749,29.9200,721,Team A,1839,384,1894,511,1866.5,508.5,80.3131,49.3815
749,29.9200,612,Team B,888,318,934,428,911.0,425.8,60.4125,37.5354
749,29.9200,495,Team A,526,561,589,710,557.5,707.0,52.3490,57.5599
749,29.9200,734,Team B,1864,530,1912,682,1888.0,679.0,75.6306,61.7269
749,29.9200,536,Referee,586,491,640,636,613.0,633.1,53.3237,53.3037
749,29.9200,521,Team A,554,424,606,561,580.0,558.3,52.9556,47.8921
749,29.9200,676,Team A,370,327,413,420,391.5,418.1,49.5649,34.3843
750,29.9600,69,Team A,893,469,954,598,923.5,595.4,59.0015,52.0873
750,29.9600,504,Team B,848,538,901,686,874.5,683.0,57.5181,57.4914
750,29.9600,613,Team A,409,342,457,458,433.0,455.7,50.1569,38.7623
750,29.9600,688,Team A,728,456,790,594,759.0,591.2,56.0647,51.1337
750,29.9600,694,Team B,1077,360,1118,477,1097.5,474.7,63.8587,43.1405
750,29.9600,706,Team B,1155,442,1211,572,1183.0,569.4,64.3102,51.2440
750,29.9600,719,Team B,1601,801,1690,996,1645.5,992.1,66.3775,74.6778
750,29.9600,721,Team A,1842,385,1896,511,1869.0,508.5,80.3211,49.4875
750,29.9600,612,Team B,889,316,937,429,913.0,426.7,60.4383,37.6558
750,29.9600,495,Team A,521,562,583,712,552.0,709.0,52.2567,57.6720
750,29.9600,734,Team B,1867,529,1915,684,1891.0,680.9,75.6360,61.8403
750,29.9600,536,Referee,585,490,640,636,612.5,633.1,53.3155,53.3565
750,29.9600,521,Team A,550,424,601,562,575.5,559.2,52.8739,48.0001
750,29.9600,676,Team A,361,325,405,421,383.0,419.1,49.2834,34.7454
