frame_number,timestamp,detection_id,class_name,confidence,x1,y1,x2,y2,center_x,center_y,bottom_center_x,bottom_center_y
1,0.000,1,person,0.8553,1437,488,1501,600,1469.0,544.0,1469.0,600.0
1,0.000,2,person,0.8018,1406,666,1474,815,1440.0,740.5,1440.0,815.0
1,0.000,3,person,0.7764,799,463,852,568,825.5,515.5,825.5,568.0
1,0.000,4,person,0.7594,459,327,496,418,477.5,372.5,477.5,418.0
1,0.000,5,person,0.7523,293,598,370,746,331.5,672.0,331.5,746.0
1,0.000,6,person,0.7025,1648,516,1702,626,1675.0,571.0,1675.0,626.0
1,0.000,7,person,0.6947,1043,427,1097,536,1070.0,481.5,1070.0,536.0
1,0.000,8,person,0.6556,840,325,899,427,869.5,376.0,869.5,427.0
1,0.000,9,person,0.6298,1169,311,1201,401,1185.0,356.0,1185.0,401.0
1,0.000,10,person,0.6159,61,250,90,335,75.5,292.5,75.5,335.0
1,0.000,11,person,0.5977,661,302,699,389,680.0,345.5,680.0,389.0
1,0.000,12,person,0.5495,1382,338,1427,452,1404.5,395.0,1404.5,452.0
1,0.000,13,person,0.5492,969,264,1024,364,996.5,314.0,996.5,364.0
1,0.000,14,person,0.5336,1519,401,1563,509,1541.0,455.0,1541.0,509.0
1,0.000,15,person,0.4949,1239,373,1303,469,1271.0,421.0,1271.0,469.0
1,0.000,16,person,0.4577,1056,426,1097,526,1076.5,476.0,1076.5,526.0
1,0.000,17,person,0.3735,1768,259,1802,339,1785.0,299.0,1785.0,339.0
1,0.000,18,person,0.3215,1523,402,1563,459,1543.0,430.5,1543.0,459.0
1,0.000,19,person,0.3094,981,269,1030,363,1005.5,316.0,1005.5,363.0
2,0.040,1,person,0.8403,1403,660,1472,817,1437.5,738.5,1437.5,817.0
2,0.040,2,person,0.8342,1429,483,1502,598,1465.5,540.5,1465.5,598.0
2,0.040,3,person,0.8304,797,467,841,566,819.0,516.5,819.0,566.0
2,0.040,4,person,0.7818,1635,514,1695,626,1665.0,570.0,1665.0,626.0
2,0.040,5,person,0.7279,295,597,363,746,329.0,671.5,329.0,746.0
2,0.040,6,person,0.7264,442,327,487,419,464.5,373.0,464.5,419.0
2,0.040,7,person,0.7029,1034,430,1091,532,1062.5,481.0,1062.5,532.0
2,0.040,8,person,0.6838,838,325,890,429,864.0,377.0,864.0,429.0
2,0.040,9,person,0.6776,1369,346,1410,449,1389.5,397.5,1389.5,449.0
2,0.040,10,person,0.5987,652,300,688,389,670.0,344.5,670.0,389.0
2,0.040,11,person,0.5574,1236,370,1293,470,1264.5,420.0,1264.5,470.0
2,0.040,12,person,0.5348,48,252,82,334,65.0,293.0,65.0,334.0
2,0.040,13,person,0.5209,1369,330,1418,451,1393.5,390.5,1393.5,451.0
2,0.040,14,person,0.4626,1513,400,1559,490,1536.0,445.0,1536.0,490.0
2,0.040,15,person,0.4436,1513,399,1558,457,1535.5,428.0,1535.5,457.0
2,0.040,16,person,0.4421,1157,315,1199,402,1178.0,358.5,1178.0,402.0
2,0.040,17,person,0.4408,1255,371,1294,469,1274.5,420.0,1274.5,469.0
2,0.040,18,person,0.4052,961,270,1004,360,982.5,315.0,982.5,360.0
2,0.040,19,person,0.3841,842,329,881,424,861.5,376.5,861.5,424.0
2,0.040,20,person,0.3144,963,270,1020,362,991.5,316.0,991.5,362.0
2,0.040,21,person,0.3009,1754,263,1786,341,1770.0,302.0,1770.0,341.0
2,0.040,22,person,0.2730,1512,410,1544,509,1528.0,459.5,1528.0,509.0
2,0.040,23,person,0.2520,1511,443,1539,511,1525.0,477.0,1525.0,511.0
3,0.080,1,person,0.8969,1622,516,1692,626,1657.0,571.0,1657.0,626.0
3,0.080,2,person,0.8457,1421,481,1511,600,1466.0,540.5,1466.0,600.0
3,0.080,3,person,0.8432,1398,659,1476,814,1437.0,736.5,1437.0,814.0
3,0.080,4,person,0.7672,295,596,369,748,332.0,672.0,332.0,748.0
3,0.080,5,person,0.7608,831,325,877,428,854.0,376.5,854.0,428.0
3,0.080,6,person,0.7219,788,467,832,567,810.0,517.0,810.0,567.0
3,0.080,7,person,0.7143,435,329,477,419,456.0,374.0,456.0,419.0
3,0.080,8,person,0.7138,33,249,73,337,53.0,293.0,53.0,337.0
3,0.080,9,person,0.7042,1031,431,1082,534,1056.5,482.5,1056.5,534.0
3,0.080,10,person,0.6835,1141,318,1199,405,1170.0,361.5,1170.0,405.0
3,0.080,11,person,0.6781,648,300,677,388,662.5,344.0,662.5,388.0
3,0.080,12,person,0.6624,1229,369,1283,470,1256.0,419.5,1256.0,470.0
3,0.080,13,person,0.6230,1505,398,1551,506,1528.0,452.0,1528.0,506.0
3,0.080,14,person,0.5875,1356,328,1406,448,1381.0,388.0,1381.0,448.0
3,0.080,15,person,0.5740,955,267,988,355,971.5,311.0,971.5,355.0
3,0.080,16,person,0.4262,978,272,1013,364,995.5,318.0,995.5,364.0
3,0.080,17,person,0.3482,953,266,1015,363,984.0,314.5,984.0,363.0
3,0.080,18,person,0.2617,1743,264,1772,335,1757.5,299.5,1757.5,335.0
3,0.080,19,person,0.2601,963,279,1014,365,988.5,322.0,988.5,365.0
4,0.120,1,person,0.8908,1614,518,1692,627,1653.0,572.5,1653.0,627.0
4,0.120,2,person,0.8276,416,330,469,421,442.5,375.5,442.5,421.0
4,0.120,3,person,0.8261,1417,486,1510,602,1463.5,544.0,1463.5,602.0
4,0.120,4,person,0.8158,1393,657,1470,808,1431.5,732.5,1431.5,808.0
4,0.120,5,person,0.7936,292,599,354,750,323.0,674.5,323.0,750.0
4,0.120,6,person,0.7752,777,467,825,565,801.0,516.0,801.0,565.0
4,0.120,7,person,0.7484,1030,434,1074,534,1052.0,484.0,1052.0,534.0
4,0.120,8,person,0.7286,832,327,869,425,850.5,376.0,850.5,425.0
4,0.120,9,person,0.7192,22,251,65,337,43.5,294.0,43.5,337.0
4,0.120,10,person,0.7045,1225,369,1275,470,1250.0,419.5,1250.0,470.0
4,0.120,11,person,0.6212,1499,395,1546,501,1522.5,448.0,1522.5,501.0
4,0.120,12,person,0.6191,638,299,666,388,652.0,343.5,652.0,388.0
4,0.120,13,person,0.5367,1130,316,1194,403,1162.0,359.5,1162.0,403.0
4,0.120,14,person,0.5205,1344,352,1378,445,1361.0,398.5,1361.0,445.0
4,0.120,15,person,0.4568,1342,337,1384,448,1363.0,392.5,1363.0,448.0
4,0.120,16,person,0.3927,968,272,1007,365,987.5,318.5,987.5,365.0
4,0.120,17,person,0.3665,949,267,977,360,963.0,313.5,963.0,360.0
4,0.120,18,person,0.2786,1128,348,1199,405,1163.5,376.5,1163.5,405.0
4,0.120,19,person,0.2730,1726,267,1759,343,1742.5,305.0,1742.5,343.0
5,0.160,1,person,0.9035,1606,520,1697,627,1651.5,573.5,1651.5,627.0
5,0.160,2,person,0.8251,1386,659,1462,805,1424.0,732.0,1424.0,805.0
5,0.160,3,person,0.8071,281,598,347,752,314.0,675.0,314.0,752.0
5,0.160,4,person,0.7978,770,469,820,571,795.0,520.0,795.0,571.0
5,0.160,5,person,0.7950,404,332,462,425,433.0,378.5,433.0,425.0
5,0.160,6,person,0.7520,824,326,859,427,841.5,376.5,841.5,427.0
5,0.160,7,person,0.7264,1030,434,1069,535,1049.5,484.5,1049.5,535.0
5,0.160,8,person,0.6942,1214,368,1265,469,1239.5,418.5,1239.5,469.0
5,0.160,9,person,0.6888,1416,492,1496,600,1456.0,546.0,1456.0,600.0
5,0.160,10,person,0.6573,934,273,965,358,949.5,315.5,949.5,358.0
5,0.160,11,person,0.6057,630,302,658,389,644.0,345.5,644.0,389.0
5,0.160,12,person,0.5838,1488,397,1538,502,1513.0,449.5,1513.0,502.0
5,0.160,13,person,0.5782,1330,332,1374,443,1352.0,387.5,1352.0,443.0
5,0.160,14,person,0.5735,12,254,54,333,33.0,293.5,33.0,333.0
5,0.160,15,person,0.5729,1446,491,1497,601,1471.5,546.0,1471.5,601.0
5,0.160,16,person,0.5021,1122,318,1180,401,1151.0,359.5,1151.0,401.0
5,0.160,17,person,0.3969,961,276,999,365,980.0,320.5,980.0,365.0
5,0.160,18,person,0.3808,1713,267,1744,340,1728.5,303.5,1728.5,340.0
5,0.160,19,person,0.2697,1453,489,1492,565,1472.5,527.0,1472.5,565.0
5,0.160,20,person,0.2574,1137,317,1176,393,1156.5,355.0,1156.5,393.0
6,0.200,1,person,0.8753,1596,518,1689,629,1642.5,573.5,1642.5,629.0
6,0.200,2,person,0.8547,270,599,340,751,305.0,675.0,305.0,751.0
6,0.200,3,person,0.8497,1420,488,1489,603,1454.5,545.5,1454.5,603.0
6,0.200,4,person,0.8442,1382,666,1458,812,1420.0,739.0,1420.0,812.0
6,0.200,5,person,0.8226,391,334,443,426,417.0,380.0,417.0,426.0
6,0.200,6,person,0.7553,617,299,651,392,634.0,345.5,634.0,392.0
6,0.200,7,person,0.7523,1205,372,1256,471,1230.5,421.5,1230.5,471.0
6,0.200,8,person,0.7304,759,467,810,575,784.5,521.0,784.5,575.0
6,0.200,9,person,0.7018,1021,432,1063,535,1042.0,483.5,1042.0,535.0
6,0.200,10,person,0.6767,815,325,849,427,832.0,376.0,832.0,427.0
6,0.200,11,person,0.5950,1698,268,1732,341,1715.0,304.5,1715.0,341.0
6,0.200,12,person,0.5505,1321,344,1356,443,1338.5,393.5,1338.5,443.0
6,0.200,13,person,0.5430,1320,327,1364,443,1342.0,385.0,1342.0,443.0
6,0.200,14,person,0.4925,1484,399,1530,498,1507.0,448.5,1507.0,498.0
6,0.200,15,person,0.4754,922,268,955,360,938.5,314.0,938.5,360.0
6,0.200,16,person,0.4718,945,272,989,366,967.0,319.0,967.0,366.0
6,0.200,17,person,0.4263,1113,320,1174,406,1143.5,363.0,1143.5,406.0
6,0.200,18,person,0.4161,11,253,42,315,26.5,284.0,26.5,315.0
6,0.200,19,person,0.2999,7,255,45,325,26.0,290.0,26.0,325.0
7,0.240,1,person,0.8487,257,601,331,748,294.0,674.5,294.0,748.0
7,0.240,2,person,0.8337,1376,671,1444,808,1410.0,739.5,1410.0,808.0
7,0.240,3,person,0.8282,1592,522,1676,629,1634.0,575.5,1634.0,629.0
7,0.240,4,person,0.8152,1432,492,1485,603,1458.5,547.5,1458.5,603.0
7,0.240,5,person,0.7762,752,464,802,588,777.0,526.0,777.0,588.0
7,0.240,6,person,0.7587,807,325,846,429,826.5,377.0,826.5,429.0
7,0.240,7,person,0.7558,378,334,435,430,406.5,382.0,406.5,430.0
7,0.240,8,person,0.7538,1197,374,1246,471,1221.5,422.5,1221.5,471.0
7,0.240,9,person,0.7196,1006,430,1055,541,1030.5,485.5,1030.5,541.0
7,0.240,10,person,0.6762,605,302,644,394,624.5,348.0,624.5,394.0
7,0.240,11,person,0.6552,1309,327,1349,442,1329.0,384.5,1329.0,442.0
7,0.240,12,person,0.6036,1481,401,1523,499,1502.0,450.0,1502.0,499.0
7,0.240,13,person,0.5210,909,276,944,358,926.5,317.0,926.5,358.0
7,0.240,14,person,0.5035,946,279,981,366,963.5,322.5,963.5,366.0
7,0.240,15,person,0.4593,1111,321,1167,405,1139.0,363.0,1139.0,405.0
7,0.240,16,person,0.3910,0,263,31,331,15.5,297.0,15.5,331.0
7,0.240,17,person,0.3013,1686,272,1717,345,1701.5,308.5,1701.5,345.0
8,0.280,1,person,0.8652,1595,519,1668,630,1631.5,574.5,1631.5,630.0
8,0.280,2,person,0.8441,247,602,326,747,286.5,674.5,286.5,747.0
8,0.280,3,person,0.8441,747,475,796,591,771.5,533.0,771.5,591.0
8,0.280,4,person,0.8073,1368,672,1440,811,1404.0,741.5,1404.0,811.0
8,0.280,5,person,0.7793,1438,488,1481,608,1459.5,548.0,1459.5,608.0
8,0.280,6,person,0.7526,994,433,1050,543,1022.0,488.0,1022.0,543.0
8,0.280,7,person,0.7434,798,326,838,431,818.0,378.5,818.0,431.0
8,0.280,8,person,0.7366,368,335,418,428,393.0,381.5,393.0,428.0
8,0.280,9,person,0.6999,591,304,639,395,615.0,349.5,615.0,395.0
8,0.280,10,person,0.6743,1186,377,1240,471,1213.0,424.0,1213.0,471.0
8,0.280,11,person,0.6416,1477,402,1518,488,1497.5,445.0,1497.5,488.0
8,0.280,12,person,0.5693,932,276,971,367,951.5,321.5,951.5,367.0
8,0.280,13,person,0.5677,899,272,937,360,918.0,316.0,918.0,360.0
8,0.280,14,person,0.5166,1673,272,1704,345,1688.5,308.5,1688.5,345.0
8,0.280,15,person,0.5138,1299,351,1328,441,1313.5,396.0,1313.5,441.0
8,0.280,16,person,0.4723,1110,320,1162,407,1136.0,363.5,1136.0,407.0
8,0.280,17,person,0.4361,1295,341,1333,440,1314.0,390.5,1314.0,440.0
9,0.320,1,person,0.8410,1599,523,1666,634,1632.5,578.5,1632.5,634.0
9,0.320,2,person,0.8327,985,433,1049,544,1017.0,488.5,1017.0,544.0
9,0.320,3,person,0.8234,1365,671,1431,810,1398.0,740.5,1398.0,810.0
9,0.320,4,person,0.8172,236,607,318,756,277.0,681.5,277.0,756.0
9,0.320,5,person,0.7803,1435,486,1479,605,1457.0,545.5,1457.0,605.0
9,0.320,6,person,0.7629,361,335,408,428,384.5,381.5,384.5,428.0
9,0.320,7,person,0.7465,738,481,785,597,761.5,539.0,761.5,597.0
9,0.320,8,person,0.7322,1174,372,1233,474,1203.5,423.0,1203.5,474.0
9,0.320,9,person,0.7111,793,330,833,432,813.0,381.0,813.0,432.0
9,0.320,10,person,0.6825,1283,344,1321,441,1302.0,392.5,1302.0,441.0
9,0.320,11,person,0.6774,583,306,632,396,607.5,351.0,607.5,396.0
9,0.320,12,person,0.5726,929,288,964,371,946.5,329.5,946.5,371.0
9,0.320,13,person,0.5414,1471,404,1510,473,1490.5,438.5,1490.5,473.0
9,0.320,14,person,0.5061,1659,277,1692,346,1675.5,311.5,1675.5,346.0
9,0.320,15,person,0.4360,581,333,632,399,606.5,366.0,606.5,399.0
9,0.320,16,person,0.4311,891,273,931,363,911.0,318.0,911.0,363.0
9,0.320,17,person,0.3411,1119,322,1156,374,1137.5,348.0,1137.5,374.0
9,0.320,18,person,0.3373,1108,321,1160,408,1134.0,364.5,1134.0,408.0
10,0.360,1,person,0.8783,222,608,311,764,266.5,686.0,266.5,764.0
10,0.360,2,person,0.8510,978,437,1043,546,1010.5,491.5,1010.5,546.0
10,0.360,3,person,0.8371,1361,668,1425,812,1393.0,740.0,1393.0,812.0
10,0.360,4,person,0.8227,732,487,779,595,755.5,541.0,755.5,595.0
10,0.360,5,person,0.7907,1605,527,1662,636,1633.5,581.5,1633.5,636.0
10,0.360,6,person,0.7713,353,338,396,430,374.5,384.0,374.5,430.0
10,0.360,7,person,0.7657,1431,489,1476,607,1453.5,548.0,1453.5,607.0
10,0.360,8,person,0.7352,787,332,823,431,805.0,381.5,805.0,431.0
10,0.360,9,person,0.6922,1168,372,1226,476,1197.0,424.0,1197.0,476.0
10,0.360,10,person,0.6635,569,313,621,402,595.0,357.5,595.0,402.0
10,0.360,11,person,0.6239,879,280,918,360,898.5,320.0,898.5,360.0
10,0.360,12,person,0.5607,1463,406,1502,504,1482.5,455.0,1482.5,504.0
10,0.360,13,person,0.5317,1648,285,1679,346,1663.5,315.5,1663.5,346.0
10,0.360,14,person,0.5152,921,286,960,368,940.5,327.0,940.5,368.0
10,0.360,15,person,0.4570,1275,351,1308,441,1291.5,396.0,1291.5,441.0
10,0.360,16,person,0.3753,1099,325,1149,410,1124.0,367.5,1124.0,410.0
10,0.360,17,person,0.2889,1110,324,1155,376,1132.5,350.0,1132.5,376.0
10,0.360,18,person,0.2814,1457,408,1495,501,1476.0,454.5,1476.0,501.0
10,0.360,19,person,0.2732,1275,346,1329,440,1302.0,393.0,1302.0,440.0
11,0.400,1,person,0.8656,213,610,301,763,257.0,686.5,257.0,763.0
11,0.400,2,person,0.8614,720,489,771,598,745.5,543.5,745.5,598.0
11,0.400,3,person,0.8327,1603,524,1659,636,1631.0,580.0,1631.0,636.0
11,0.400,4,person,0.8086,973,439,1035,548,1004.0,493.5,1004.0,548.0
11,0.400,5,person,0.7990,1357,670,1420,811,1388.5,740.5,1388.5,811.0
11,0.400,6,person,0.7664,349,336,388,432,368.5,384.0,368.5,432.0
11,0.400,7,person,0.7663,1427,492,1474,610,1450.5,551.0,1450.5,610.0
11,0.400,8,person,0.7165,560,309,611,404,585.5,356.5,585.5,404.0
11,0.400,9,person,0.6718,1169,372,1218,474,1193.5,423.0,1193.5,474.0
11,0.400,10,person,0.6659,781,333,818,435,799.5,384.0,799.5,435.0
11,0.400,11,person,0.6509,1456,406,1496,505,1476.0,455.5,1476.0,505.0
11,0.400,12,person,0.6120,1259,349,1299,442,1279.0,395.5,1279.0,442.0
11,0.400,13,person,0.6056,873,275,916,360,894.5,317.5,894.5,360.0
11,0.400,14,person,0.4616,904,285,952,373,928.0,329.0,928.0,373.0
11,0.400,15,person,0.4454,1094,327,1138,414,1116.0,370.5,1116.0,414.0
11,0.400,16,person,0.4386,1636,276,1668,348,1652.0,312.0,1652.0,348.0
11,0.400,17,person,0.3691,993,438,1033,538,1013.0,488.0,1013.0,538.0
11,0.400,18,person,0.3100,1100,325,1150,413,1125.0,369.0,1125.0,413.0
12,0.440,1,person,0.8529,206,608,291,761,248.5,684.5,248.5,761.0
12,0.440,2,person,0.8378,710,491,764,598,737.0,544.5,737.0,598.0
12,0.440,3,person,0.8164,1350,671,1423,811,1386.5,741.0,1386.5,811.0
12,0.440,4,person,0.7965,1422,493,1472,610,1447.0,551.5,1447.0,610.0
12,0.440,5,person,0.7819,1598,532,1657,639,1627.5,585.5,1627.5,639.0
12,0.440,6,person,0.7249,970,441,1031,550,1000.5,495.5,1000.5,550.0
12,0.440,7,person,0.6754,774,338,812,433,793.0,385.5,793.0,433.0
12,0.440,8,person,0.6443,1246,348,1291,443,1268.5,395.5,1268.5,443.0
12,0.440,9,person,0.6371,344,339,378,434,361.0,386.5,361.0,434.0
12,0.440,10,person,0.6192,1167,373,1213,478,1190.0,425.5,1190.0,478.0
12,0.440,11,person,0.6077,550,310,602,404,576.0,357.0,576.0,404.0
12,0.440,12,person,0.5654,1448,405,1489,493,1468.5,449.0,1468.5,493.0
12,0.440,13,person,0.5605,1623,274,1654,351,1638.5,312.5,1638.5,351.0
12,0.440,14,person,0.5148,867,279,906,362,886.5,320.5,886.5,362.0
12,0.440,15,person,0.5082,1088,325,1144,420,1116.0,372.5,1116.0,420.0
12,0.440,16,person,0.4860,551,339,601,404,576.0,371.5,576.0,404.0
12,0.440,17,person,0.4589,890,292,953,378,921.5,335.0,921.5,378.0
12,0.440,18,person,0.3884,993,442,1031,528,1012.0,485.0,1012.0,528.0
12,0.440,19,person,0.3474,861,280,923,366,892.0,323.0,892.0,366.0
13,0.480,1,person,0.8445,1344,671,1410,811,1377.0,741.0,1377.0,811.0
13,0.480,2,person,0.8199,204,611,279,765,241.5,688.0,241.5,765.0
13,0.480,3,person,0.8012,1589,538,1653,643,1621.0,590.5,1621.0,643.0
13,0.480,4,person,0.7611,1417,496,1469,613,1443.0,554.5,1443.0,613.0
13,0.480,5,person,0.7591,699,495,758,610,728.5,552.5,728.5,610.0
13,0.480,6,person,0.6712,769,343,808,434,788.5,388.5,788.5,434.0
13,0.480,7,person,0.6601,986,441,1024,548,1005.0,494.5,1005.0,548.0
13,0.480,8,person,0.6453,547,315,589,405,568.0,360.0,568.0,405.0
13,0.480,9,person,0.6432,1159,373,1207,478,1183.0,425.5,1183.0,478.0
13,0.480,10,person,0.6191,973,440,1021,553,997.0,496.5,997.0,553.0
13,0.480,11,person,0.6015,339,344,366,439,352.5,391.5,352.5,439.0
13,0.480,12,person,0.5836,860,285,895,367,877.5,326.0,877.5,367.0
13,0.480,13,person,0.5799,1450,409,1479,489,1464.5,449.0,1464.5,489.0
13,0.480,14,person,0.5552,1610,281,1641,352,1625.5,316.5,1625.5,352.0
13,0.480,15,person,0.5496,1236,350,1275,443,1255.5,396.5,1255.5,443.0
13,0.480,16,person,0.4537,902,293,946,379,924.0,336.0,924.0,379.0
13,0.480,17,person,0.4399,988,442,1024,507,1006.0,474.5,1006.0,507.0
13,0.480,18,person,0.3804,905,293,941,364,923.0,328.5,923.0,364.0
13,0.480,19,person,0.3367,1236,349,1290,446,1263.0,397.5,1263.0,446.0
13,0.480,20,person,0.3254,1082,326,1140,418,1111.0,372.0,1111.0,418.0
14,0.520,1,person,0.8692,1338,671,1403,814,1370.5,742.5,1370.5,814.0
14,0.520,2,person,0.8205,690,501,755,613,722.5,557.0,722.5,613.0
14,0.520,3,person,0.7732,199,614,269,764,234.0,689.0,234.0,764.0
14,0.520,4,person,0.7382,976,442,1019,556,997.5,499.0,997.5,556.0
14,0.520,5,person,0.7341,542,318,579,406,560.5,362.0,560.5,406.0
14,0.520,6,person,0.7339,758,345,817,441,787.5,393.0,787.5,441.0
14,0.520,7,person,0.7221,324,344,359,442,341.5,393.0,341.5,442.0
14,0.520,8,person,0.7214,1415,503,1468,615,1441.5,559.0,1441.5,615.0
14,0.520,9,person,0.6971,855,285,889,366,872.0,325.5,872.0,366.0
14,0.520,10,person,0.6617,1584,550,1647,646,1615.5,598.0,1615.5,646.0
14,0.520,11,person,0.5936,1224,351,1277,446,1250.5,398.5,1250.5,446.0
14,0.520,12,person,0.5790,1441,413,1475,499,1458.0,456.0,1458.0,499.0
14,0.520,13,person,0.5772,893,294,939,385,916.0,339.5,916.0,385.0
14,0.520,14,person,0.5761,1150,383,1198,480,1174.0,431.5,1174.0,480.0
14,0.520,15,person,0.5667,1599,282,1631,355,1615.0,318.5,1615.0,355.0
14,0.520,16,person,0.4325,1159,375,1205,479,1182.0,427.0,1182.0,479.0
14,0.520,17,person,0.3419,1086,328,1135,412,1110.5,370.0,1110.5,412.0
14,0.520,18,person,0.3406,1095,328,1133,394,1114.0,361.0,1114.0,394.0
15,0.560,1,person,0.8451,678,503,754,622,716.0,562.5,716.0,622.0
15,0.560,2,person,0.8297,1330,673,1402,820,1366.0,746.5,1366.0,820.0
15,0.560,3,person,0.7944,1414,504,1474,620,1444.0,562.0,1444.0,620.0
15,0.560,4,person,0.7876,199,612,251,766,225.0,689.0,225.0,766.0
15,0.560,5,person,0.7066,749,347,807,444,778.0,395.5,778.0,444.0
15,0.560,6,person,0.6937,976,444,1016,554,996.0,499.0,996.0,554.0
15,0.560,7,person,0.6876,882,295,929,380,905.5,337.5,905.5,380.0
15,0.560,8,person,0.6876,1574,555,1641,654,1607.5,604.5,1607.5,654.0
15,0.560,9,person,0.6836,314,350,351,442,332.5,396.0,332.5,442.0
15,0.560,10,person,0.6566,536,318,569,408,552.5,363.0,552.5,408.0
15,0.560,11,person,0.6207,844,287,882,371,863.0,329.0,863.0,371.0
15,0.560,12,person,0.5582,1145,378,1191,481,1168.0,429.5,1168.0,481.0
15,0.560,13,person,0.5169,1212,353,1267,445,1239.5,399.0,1239.5,445.0
15,0.560,14,person,0.4611,1438,414,1470,506,1454.0,460.0,1454.0,506.0
15,0.560,15,person,0.4296,1588,282,1618,355,1603.0,318.5,1603.0,355.0
15,0.560,16,person,0.4255,754,346,796,433,775.0,389.5,775.0,433.0
15,0.560,17,person,0.3394,1081,334,1130,419,1105.5,376.5,1105.5,419.0
15,0.560,18,person,0.3043,1091,335,1127,401,1109.0,368.0,1109.0,401.0
16,0.600,1,person,0.8606,1409,503,1480,619,1444.5,561.0,1444.5,619.0
16,0.600,2,person,0.8525,673,509,747,627,710.0,568.0,710.0,627.0
16,0.600,3,person,0.8194,1570,565,1645,660,1607.5,612.5,1607.5,660.0
16,0.600,4,person,0.8143,299,349,350,448,324.5,398.5,324.5,448.0
16,0.600,5,person,0.8050,1321,679,1399,822,1360.0,750.5,1360.0,822.0
16,0.600,6,person,0.7742,740,348,798,448,769.0,398.0,769.0,448.0
16,0.600,7,person,0.7620,199,613,241,768,220.0,690.5,220.0,768.0
16,0.600,8,person,0.6658,964,447,1010,556,987.0,501.5,987.0,556.0
16,0.600,9,person,0.6579,833,288,873,373,853.0,330.5,853.0,373.0
16,0.600,10,person,0.6301,527,320,558,411,542.5,365.5,542.5,411.0
16,0.600,11,person,0.6179,884,295,926,377,905.0,336.0,905.0,377.0
16,0.600,12,person,0.6022,1577,279,1609,356,1593.0,317.5,1593.0,356.0
16,0.600,13,person,0.5687,973,446,1010,542,991.5,494.0,991.5,542.0
16,0.600,14,person,0.5232,1141,381,1189,484,1165.0,432.5,1165.0,484.0
16,0.600,15,person,0.5212,1208,360,1260,445,1234.0,402.5,1234.0,445.0
16,0.600,16,person,0.4590,1080,342,1121,417,1100.5,379.5,1100.5,417.0
16,0.600,17,person,0.4404,1432,414,1466,486,1449.0,450.0,1449.0,486.0
16,0.600,18,person,0.3039,1088,340,1121,409,1104.5,374.5,1104.5,409.0
17,0.640,1,person,0.8905,1404,502,1477,621,1440.5,561.5,1440.5,621.0
17,0.640,2,person,0.8325,1568,568,1646,665,1607.0,616.5,1607.0,665.0
17,0.640,3,person,0.8166,670,514,743,634,706.5,574.0,706.5,634.0
17,0.640,4,person,0.8024,1313,682,1387,826,1350.0,754.0,1350.0,826.0
17,0.640,5,person,0.7960,192,620,235,774,213.5,697.0,213.5,774.0
17,0.640,6,person,0.7908,288,355,347,454,317.5,404.5,317.5,454.0
17,0.640,7,person,0.7400,692,513,743,636,717.5,574.5,717.5,636.0
17,0.640,8,person,0.7089,953,451,1005,559,979.0,505.0,979.0,559.0
17,0.640,9,person,0.7015,730,351,787,451,758.5,401.0,758.5,451.0
17,0.640,10,person,0.6828,523,321,550,412,536.5,366.5,536.5,412.0
17,0.640,11,person,0.5864,1427,417,1459,495,1443.0,456.0,1443.0,495.0
17,0.640,12,person,0.5807,1077,341,1117,431,1097.0,386.0,1097.0,431.0
17,0.640,13,person,0.5786,829,285,866,374,847.5,329.5,847.5,374.0
17,0.640,14,person,0.5465,1135,388,1181,488,1158.0,438.0,1158.0,488.0
17,0.640,15,person,0.4640,1201,363,1250,443,1225.5,403.0,1225.5,443.0
17,0.640,16,person,0.4581,879,298,915,389,897.0,343.5,897.0,389.0
17,0.640,17,person,0.4557,1568,282,1599,360,1583.5,321.0,1583.5,360.0
17,0.640,18,person,0.4387,970,450,1005,551,987.5,500.5,987.5,551.0
17,0.640,19,person,0.3768,1132,389,1168,489,1150.0,439.0,1150.0,489.0
17,0.640,20,person,0.2531,866,293,917,387,891.5,340.0,891.5,387.0
18,0.680,1,person,0.8871,1398,508,1471,625,1434.5,566.5,1434.5,625.0
18,0.680,2,person,0.8431,1566,571,1640,668,1603.0,619.5,1603.0,668.0
18,0.680,3,person,0.8313,1312,688,1384,827,1348.0,757.5,1348.0,827.0
18,0.680,4,person,0.8165,677,521,739,639,708.0,580.0,708.0,639.0
18,0.680,5,person,0.7875,273,359,335,454,304.0,406.5,304.0,454.0
18,0.680,6,person,0.7852,182,620,227,774,204.5,697.0,204.5,774.0
18,0.680,7,person,0.7329,943,455,1001,563,972.0,509.0,972.0,563.0
18,0.680,8,person,0.6565,823,285,861,373,842.0,329.0,842.0,373.0
18,0.680,9,person,0.6468,731,352,779,451,755.0,401.5,755.0,451.0
18,0.680,10,person,0.6039,1557,290,1589,365,1573.0,327.5,1573.0,365.0
18,0.680,11,person,0.5825,1195,363,1245,449,1220.0,406.0,1220.0,449.0
18,0.680,12,person,0.5765,868,297,904,383,886.0,340.0,886.0,383.0
18,0.680,13,person,0.5577,512,325,545,415,528.5,370.0,528.5,415.0
18,0.680,14,person,0.5404,1127,390,1192,490,1159.5,440.0,1159.5,490.0
18,0.680,15,person,0.5381,1077,345,1113,433,1095.0,389.0,1095.0,433.0
18,0.680,16,person,0.4722,1149,388,1191,490,1170.0,439.0,1170.0,490.0
18,0.680,17,person,0.4417,1417,416,1457,521,1437.0,468.5,1437.0,521.0
18,0.680,18,person,0.3889,871,297,903,351,887.0,324.0,887.0,351.0
18,0.680,19,person,0.3711,1126,399,1175,490,1150.5,444.5,1150.5,490.0
18,0.680,20,person,0.3275,1125,402,1162,490,1143.5,446.0,1143.5,490.0
19,0.720,1,person,0.8105,1399,510,1459,627,1429.0,568.5,1429.0,627.0
19,0.720,2,person,0.8056,1561,577,1626,668,1593.5,622.5,1593.5,668.0
19,0.720,3,person,0.7984,1306,683,1379,833,1342.5,758.0,1342.5,833.0
19,0.720,4,person,0.7835,266,358,324,454,295.0,406.0,295.0,454.0
19,0.720,5,person,0.7787,172,624,225,778,198.5,701.0,198.5,778.0
19,0.720,6,person,0.7407,677,529,736,641,706.5,585.0,706.5,641.0
19,0.720,7,person,0.7274,940,459,995,567,967.5,513.0,967.5,567.0
19,0.720,8,person,0.6872,726,352,769,453,747.5,402.5,747.5,453.0
19,0.720,9,person,0.6604,501,324,536,417,518.5,370.5,518.5,417.0
19,0.720,10,person,0.5909,1069,342,1112,436,1090.5,389.0,1090.5,436.0
19,0.720,11,person,0.5817,859,296,900,389,879.5,342.5,879.5,389.0
19,0.720,12,person,0.5498,814,292,852,374,833.0,333.0,833.0,374.0
19,0.720,13,person,0.4747,1184,362,1232,445,1208.0,403.5,1208.0,445.0
19,0.720,14,person,0.4575,1121,400,1160,492,1140.5,446.0,1140.5,492.0
19,0.720,15,person,0.4498,1547,290,1578,366,1562.5,328.0,1562.5,366.0
19,0.720,16,person,0.3710,1415,418,1450,503,1432.5,460.5,1432.5,503.0
19,0.720,17,person,0.3407,1123,397,1197,494,1160.0,445.5,1160.0,494.0
19,0.720,18,person,0.2740,1182,377,1225,451,1203.5,414.0,1203.5,451.0
19,0.720,19,person,0.2632,1409,417,1452,518,1430.5,467.5,1430.5,518.0
20,0.760,1,person,0.8436,1306,683,1372,832,1339.0,757.5,1339.0,832.0
20,0.760,2,person,0.8073,1399,509,1449,629,1424.0,569.0,1424.0,629.0
20,0.760,3,person,0.7812,669,528,737,643,703.0,585.5,703.0,643.0
20,0.760,4,person,0.7765,1555,579,1618,672,1586.5,625.5,1586.5,672.0
20,0.760,5,person,0.7657,159,631,231,778,195.0,704.5,195.0,778.0
20,0.760,6,person,0.7508,257,360,314,461,285.5,410.5,285.5,461.0
20,0.760,7,person,0.7231,807,291,843,379,825.0,335.0,825.0,379.0
20,0.760,8,person,0.6816,1408,421,1449,518,1428.5,469.5,1428.5,518.0
20,0.760,9,person,0.6664,492,331,537,422,514.5,376.5,514.5,422.0
20,0.760,10,person,0.6575,941,464,991,569,966.0,516.5,966.0,569.0
20,0.760,11,person,0.6093,724,354,760,456,742.0,405.0,742.0,456.0
20,0.760,12,person,0.5081,1063,341,1110,441,1086.5,391.0,1086.5,441.0
20,0.760,13,person,0.4903,1112,399,1157,494,1134.5,446.5,1134.5,494.0
20,0.760,14,person,0.4878,1538,291,1569,367,1553.5,329.0,1553.5,367.0
20,0.760,15,person,0.4569,1181,362,1221,442,1201.0,402.0,1201.0,442.0
20,0.760,16,person,0.3704,853,302,894,390,873.5,346.0,873.5,390.0
20,0.760,17,person,0.3589,859,303,893,353,876.0,328.0,876.0,353.0
20,0.760,18,person,0.2895,1132,396,1194,492,1163.0,444.0,1163.0,492.0
21,0.800,1,person,0.8694,1304,680,1370,830,1337.0,755.0,1337.0,830.0
21,0.800,2,person,0.8327,658,530,736,646,697.0,588.0,697.0,646.0
21,0.800,3,person,0.8042,147,632,229,783,188.0,707.5,188.0,783.0
21,0.800,4,person,0.7995,250,364,298,465,274.0,414.5,274.0,465.0
21,0.800,5,person,0.7405,1400,510,1444,628,1422.0,569.0,1422.0,628.0
21,0.800,6,person,0.7146,805,295,840,382,822.5,338.5,822.5,382.0
21,0.800,7,person,0.6950,478,337,531,425,504.5,381.0,504.5,425.0
21,0.800,8,person,0.6892,717,353,753,459,735.0,406.0,735.0,459.0
21,0.800,9,person,0.6719,1406,427,1446,517,1426.0,472.0,1426.0,517.0
21,0.800,10,person,0.6652,944,465,987,572,965.5,518.5,965.5,572.0
21,0.800,11,person,0.6585,1104,411,1140,494,1122.0,452.5,1122.0,494.0
21,0.800,12,person,0.5803,853,306,886,387,869.5,346.5,869.5,387.0
21,0.800,13,person,0.5791,1173,364,1209,452,1191.0,408.0,1191.0,452.0
21,0.800,14,person,0.5517,1528,297,1559,368,1543.5,332.5,1543.5,368.0
21,0.800,15,person,0.4876,1548,588,1613,678,1580.5,633.0,1580.5,678.0
21,0.800,16,person,0.4688,1064,343,1103,434,1083.5,388.5,1083.5,434.0
21,0.800,17,person,0.2576,1166,364,1213,483,1189.5,423.5,1189.5,483.0
22,0.840,1,person,0.8687,134,636,222,788,178.0,712.0,178.0,788.0
22,0.840,2,person,0.8607,1299,679,1364,826,1331.5,752.5,1331.5,826.0
22,0.840,3,person,0.7929,656,534,733,650,694.5,592.0,694.5,650.0
22,0.840,4,person,0.7762,712,354,747,457,729.5,405.5,729.5,457.0
22,0.840,5,person,0.7375,1099,413,1137,497,1118.0,455.0,1118.0,497.0
22,0.840,6,person,0.7338,247,367,288,467,267.5,417.0,267.5,467.0
22,0.840,7,person,0.7194,467,337,520,428,493.5,382.5,493.5,428.0
22,0.840,8,person,0.6853,1397,514,1438,629,1417.5,571.5,1417.5,629.0
22,0.840,9,person,0.6845,945,465,983,573,964.0,519.0,964.0,573.0
22,0.840,10,person,0.6733,802,295,834,383,818.0,339.0,818.0,383.0
22,0.840,11,person,0.6313,1404,430,1444,520,1424.0,475.0,1424.0,520.0
22,0.840,12,person,0.5995,1520,297,1550,372,1535.0,334.5,1535.0,372.0
22,0.840,13,person,0.5564,1542,590,1610,680,1576.0,635.0,1576.0,680.0
22,0.840,14,person,0.4898,836,314,881,394,858.5,354.0,858.5,394.0
22,0.840,15,person,0.4723,1168,365,1200,428,1184.0,396.5,1184.0,428.0
22,0.840,16,person,0.4362,1067,348,1100,434,1083.5,391.0,1083.5,434.0
22,0.840,17,person,0.4361,844,313,878,382,861.0,347.5,861.0,382.0
22,0.840,18,person,0.4162,1163,366,1198,455,1180.5,410.5,1180.5,455.0
22,0.840,19,person,0.3396,1058,348,1104,441,1081.0,394.5,1081.0,441.0
23,0.880,1,person,0.8754,123,643,210,793,166.5,718.0,166.5,793.0
23,0.880,2,person,0.8612,1296,681,1357,823,1326.5,752.0,1326.5,823.0
23,0.880,3,person,0.7738,705,358,742,459,723.5,408.5,723.5,459.0
23,0.880,4,person,0.7634,1393,511,1435,630,1414.0,570.5,1414.0,630.0
23,0.880,5,person,0.7603,458,335,514,429,486.0,382.0,486.0,429.0
23,0.880,6,person,0.7353,1092,409,1127,501,1109.5,455.0,1109.5,501.0
23,0.880,7,person,0.7212,941,467,982,577,961.5,522.0,961.5,577.0
23,0.880,8,person,0.6877,244,368,276,468,260.0,418.0,260.0,468.0
23,0.880,9,person,0.6753,651,536,732,657,691.5,596.5,691.5,657.0
23,0.880,10,person,0.6502,1398,436,1444,520,1421.0,478.0,1421.0,520.0
23,0.880,11,person,0.6420,1510,302,1543,374,1526.5,338.0,1526.5,374.0
23,0.880,12,person,0.6000,683,536,732,658,707.5,597.0,707.5,658.0
23,0.880,13,person,0.5435,794,302,828,388,811.0,345.0,811.0,388.0
23,0.880,14,person,0.5250,840,314,873,382,856.5,348.0,856.5,382.0
23,0.880,15,person,0.5054,1059,350,1098,437,1078.5,393.5,1078.5,437.0
23,0.880,16,person,0.3224,1537,593,1606,684,1571.5,638.5,1571.5,684.0
24,0.920,1,person,0.8771,1289,682,1351,820,1320.0,751.0,1320.0,820.0
24,0.920,2,person,0.8452,110,643,203,796,156.5,719.5,156.5,796.0
24,0.920,3,person,0.7883,1528,599,1604,697,1566.0,648.0,1566.0,697.0
24,0.920,4,person,0.7821,1390,509,1432,629,1411.0,569.0,1411.0,629.0
24,0.920,5,person,0.7687,932,468,980,582,956.0,525.0,956.0,582.0
24,0.920,6,person,0.7581,453,341,502,431,477.5,386.0,477.5,431.0
24,0.920,7,person,0.7444,1084,414,1121,501,1102.5,457.5,1102.5,501.0
24,0.920,8,person,0.6888,698,362,738,461,718.0,411.5,718.0,461.0
24,0.920,9,person,0.6745,684,537,732,661,708.0,599.0,708.0,661.0
24,0.920,10,person,0.6474,237,369,268,471,252.5,420.0,252.5,471.0
24,0.920,11,person,0.6401,1504,299,1536,377,1520.0,338.0,1520.0,377.0
24,0.920,12,person,0.5838,787,301,824,391,805.5,346.0,805.5,391.0
24,0.920,13,person,0.5594,1396,444,1441,513,1418.5,478.5,1418.5,513.0
24,0.920,14,person,0.5396,835,312,870,390,852.5,351.0,852.5,390.0
24,0.920,15,person,0.5287,660,537,731,663,695.5,600.0,695.5,663.0
24,0.920,16,person,0.4480,1061,350,1102,424,1081.5,387.0,1081.5,424.0
24,0.920,17,person,0.3653,1140,376,1185,454,1162.5,415.0,1162.5,454.0
24,0.920,18,person,0.3325,1121,395,1179,498,1150.0,446.5,1150.0,498.0
24,0.920,19,person,0.3087,1156,375,1185,433,1170.5,404.0,1170.5,433.0
24,0.920,20,person,0.2728,1055,350,1100,445,1077.5,397.5,1077.5,445.0
24,0.920,21,person,0.2532,1125,400,1164,458,1144.5,429.0,1144.5,458.0
25,0.960,1,person,0.8678,1286,682,1348,821,1317.0,751.5,1317.0,821.0
25,0.960,2,person,0.8401,1521,600,1595,708,1558.0,654.0,1558.0,708.0
25,0.960,3,person,0.7836,102,643,182,801,142.0,722.0,142.0,801.0
25,0.960,4,person,0.7637,923,471,978,585,950.5,528.0,950.5,585.0
25,0.960,5,person,0.7121,1387,500,1432,630,1409.5,565.0,1409.5,630.0
25,0.960,6,person,0.7119,227,373,260,478,243.5,425.5,243.5,478.0
25,0.960,7,person,0.6794,692,365,731,464,711.5,414.5,711.5,464.0
25,0.960,8,person,0.6642,446,342,489,433,467.5,387.5,467.5,433.0
25,0.960,9,person,0.6543,685,544,728,665,706.5,604.5,706.5,665.0
25,0.960,10,person,0.6351,774,299,823,399,798.5,349.0,798.5,399.0
25,0.960,11,person,0.6022,1118,375,1178,501,1148.0,438.0,1148.0,501.0
25,0.960,12,person,0.5799,1074,415,1111,502,1092.5,458.5,1092.5,502.0
25,0.960,13,person,0.5449,1496,298,1526,377,1511.0,337.5,1511.0,377.0
25,0.960,14,person,0.5234,1386,447,1435,632,1410.5,539.5,1410.5,632.0
25,0.960,15,person,0.4089,831,315,865,387,848.0,351.0,848.0,387.0
25,0.960,16,person,0.4059,669,543,729,668,699.0,605.5,699.0,668.0
25,0.960,17,person,0.3713,835,316,861,377,848.0,346.5,848.0,377.0
25,0.960,18,person,0.3614,1059,351,1099,413,1079.0,382.0,1079.0,413.0
25,0.960,19,person,0.3319,1388,446,1437,528,1412.5,487.0,1412.5,528.0
25,0.960,20,person,0.3012,1391,446,1436,506,1413.5,476.0,1413.5,506.0
25,0.960,21,person,0.2762,1057,350,1101,437,1079.0,393.5,1079.0,437.0
26,1.000,1,person,0.8562,1511,606,1583,714,1547.0,660.0,1547.0,714.0
26,1.000,2,person,0.8284,1281,685,1342,825,1311.5,755.0,1311.5,825.0
26,1.000,3,person,0.8181,916,476,977,587,946.5,531.5,946.5,587.0
26,1.000,4,person,0.7840,98,646,175,805,136.5,725.5,136.5,805.0
26,1.000,5,person,0.7509,684,369,730,468,707.0,418.5,707.0,468.0
26,1.000,6,person,0.7225,216,379,251,476,233.5,427.5,233.5,476.0
26,1.000,7,person,0.7095,1119,378,1171,500,1145.0,439.0,1145.0,500.0
26,1.000,8,person,0.7073,682,550,726,670,704.0,610.0,704.0,670.0
26,1.000,9,person,0.6499,1381,516,1433,633,1407.0,574.5,1407.0,633.0
26,1.000,10,person,0.6403,441,344,480,435,460.5,389.5,460.5,435.0
26,1.000,11,person,0.5914,1380,454,1434,634,1407.0,544.0,1407.0,634.0
26,1.000,12,person,0.5807,1488,306,1519,379,1503.5,342.5,1503.5,379.0
26,1.000,13,person,0.5606,1063,408,1106,506,1084.5,457.0,1084.5,506.0
26,1.000,14,person,0.4903,1058,350,1105,506,1081.5,428.0,1081.5,506.0
26,1.000,15,person,0.4773,666,548,724,668,695.0,608.0,695.0,668.0
26,1.000,16,person,0.4718,767,309,814,399,790.5,354.0,790.5,399.0
26,1.000,17,person,0.3253,1056,354,1095,413,1075.5,383.5,1075.5,413.0
26,1.000,18,person,0.2731,1058,354,1101,430,1079.5,392.0,1079.5,430.0
26,1.000,19,person,0.2726,1387,450,1432,531,1409.5,490.5,1409.5,531.0
26,1.000,20,person,0.2662,1389,450,1428,514,1408.5,482.0,1408.5,514.0
26,1.000,21,person,0.2627,825,317,861,392,843.0,354.5,843.0,392.0
27,1.040,1,person,0.8366,1498,611,1573,714,1535.5,662.5,1535.5,714.0
27,1.040,2,person,0.8260,1277,690,1338,827,1307.5,758.5,1307.5,827.0
27,1.040,3,person,0.8213,908,478,974,594,941.0,536.0,941.0,594.0
27,1.040,4,person,0.8014,100,647,158,806,129.0,726.5,129.0,806.0
27,1.040,5,person,0.7865,1376,513,1435,636,1405.5,574.5,1405.5,636.0
27,1.040,6,person,0.7679,677,375,732,474,704.5,424.5,704.5,474.0
27,1.040,7,person,0.7267,204,380,251,481,227.5,430.5,227.5,481.0
27,1.040,8,person,0.6905,678,551,725,675,701.5,613.0,701.5,675.0
27,1.040,9,person,0.6656,436,347,470,438,453.0,392.5,453.0,438.0
27,1.040,10,person,0.6348,1114,383,1162,503,1138.0,443.0,1138.0,503.0
27,1.040,11,person,0.5913,1059,396,1096,506,1077.5,451.0,1077.5,506.0
27,1.040,12,person,0.5460,1477,306,1512,383,1494.5,344.5,1494.5,383.0
27,1.040,13,person,0.5458,1056,355,1097,507,1076.5,431.0,1076.5,507.0
27,1.040,14,person,0.5206,759,311,804,400,781.5,355.5,781.5,400.0
27,1.040,15,person,0.4267,791,311,857,399,824.0,355.0,824.0,399.0
27,1.040,16,person,0.3050,1384,451,1427,529,1405.5,490.0,1405.5,529.0
27,1.040,17,person,0.2529,1055,355,1095,451,1075.0,403.0,1075.0,451.0
28,1.080,1,person,0.8866,1273,691,1337,831,1305.0,761.0,1305.0,831.0
28,1.080,2,person,0.8424,905,481,969,595,937.0,538.0,937.0,595.0
28,1.080,3,person,0.8203,1372,516,1437,643,1404.5,579.5,1404.5,643.0
28,1.080,4,person,0.8063,99,651,146,807,122.5,729.0,122.5,807.0
28,1.080,5,person,0.7934,192,385,251,484,221.5,434.5,221.5,484.0
28,1.080,6,person,0.7916,675,551,725,677,700.0,614.0,700.0,677.0
28,1.080,7,person,0.7675,671,378,730,473,700.5,425.5,700.5,473.0
28,1.080,8,person,0.6963,430,346,461,440,445.5,393.0,445.5,440.0
28,1.080,9,person,0.6912,1493,615,1569,721,1531.0,668.0,1531.0,721.0
28,1.080,10,person,0.6505,1110,384,1163,504,1136.5,444.0,1136.5,504.0
28,1.080,11,person,0.5734,1051,385,1089,509,1070.0,447.0,1070.0,509.0
28,1.080,12,person,0.5567,1470,303,1503,386,1486.5,344.5,1486.5,386.0
28,1.080,13,person,0.4867,814,313,848,398,831.0,355.5,831.0,398.0
28,1.080,14,person,0.4818,758,308,801,402,779.5,355.0,779.5,402.0
28,1.080,15,person,0.4502,1383,456,1423,532,1403.0,494.0,1403.0,532.0
28,1.080,16,person,0.4370,1049,358,1093,511,1071.0,434.5,1071.0,511.0
28,1.080,17,person,0.2992,798,310,850,401,824.0,355.5,824.0,401.0
28,1.080,18,person,0.2756,1052,358,1093,444,1072.5,401.0,1072.5,444.0
29,1.120,1,person,0.8977,1267,691,1336,833,1301.5,762.0,1301.5,833.0
29,1.120,2,person,0.8596,1485,624,1559,723,1522.0,673.5,1522.0,723.0
29,1.120,3,person,0.8378,908,485,967,598,937.5,541.5,937.5,598.0
29,1.120,4,person,0.8069,175,384,243,489,209.0,436.5,209.0,489.0
29,1.120,5,person,0.8039,671,557,726,680,698.5,618.5,698.5,680.0
29,1.120,6,person,0.7880,662,377,726,476,694.0,426.5,694.0,476.0
29,1.120,7,person,0.7870,1107,385,1162,509,1134.5,447.0,1134.5,509.0
29,1.120,8,person,0.7830,92,655,141,814,116.5,734.5,116.5,814.0
29,1.120,9,person,0.7754,1369,525,1433,643,1401.0,584.0,1401.0,643.0
29,1.120,10,person,0.7289,422,348,452,440,437.0,394.0,437.0,440.0
29,1.120,11,person,0.6591,1462,312,1497,386,1479.5,349.0,1479.5,386.0
29,1.120,12,person,0.6111,1045,411,1080,511,1062.5,461.0,1062.5,511.0
29,1.120,13,person,0.5715,1044,358,1085,512,1064.5,435.0,1064.5,512.0
29,1.120,14,person,0.5016,758,308,800,409,779.0,358.5,779.0,409.0
29,1.120,15,person,0.4226,800,316,848,402,824.0,359.0,824.0,402.0
29,1.120,16,person,0.3875,760,308,849,405,804.5,356.5,804.5,405.0
29,1.120,17,person,0.3052,1047,361,1090,422,1068.5,391.5,1068.5,422.0
29,1.120,18,person,0.2964,923,485,964,595,943.5,540.0,943.5,595.0
30,1.160,1,person,0.9129,1472,626,1555,731,1513.5,678.5,1513.5,731.0
30,1.160,2,person,0.8736,1264,692,1337,833,1300.5,762.5,1300.5,833.0
30,1.160,3,person,0.8332,84,654,137,815,110.5,734.5,110.5,815.0
30,1.160,4,person,0.8331,1359,543,1423,645,1391.0,594.0,1391.0,645.0
30,1.160,5,person,0.8078,167,390,229,491,198.0,440.5,198.0,491.0
30,1.160,6,person,0.8022,652,383,717,478,684.5,430.5,684.5,478.0
30,1.160,7,person,0.7831,663,559,728,687,695.5,623.0,695.5,687.0
30,1.160,8,person,0.7722,907,487,961,602,934.0,544.5,934.0,602.0
30,1.160,9,person,0.7426,416,355,448,445,432.0,400.0,432.0,445.0
30,1.160,10,person,0.6227,1101,386,1161,514,1131.0,450.0,1131.0,514.0
30,1.160,11,person,0.5975,1037,416,1074,511,1055.5,463.5,1055.5,511.0
30,1.160,12,person,0.5610,1451,317,1490,390,1470.5,353.5,1470.5,390.0
30,1.160,13,person,0.5518,808,325,837,404,822.5,364.5,822.5,404.0
30,1.160,14,person,0.5281,755,309,798,403,776.5,356.0,776.5,403.0
30,1.160,15,person,0.5185,1380,466,1418,539,1399.0,502.5,1399.0,539.0
30,1.160,16,person,0.5032,922,488,960,599,941.0,543.5,941.0,599.0
30,1.160,17,person,0.2946,1047,365,1087,420,1067.0,392.5,1067.0,420.0
31,1.200,1,person,0.8691,1265,693,1338,837,1301.5,765.0,1301.5,837.0
31,1.200,2,person,0.8630,1456,635,1548,737,1502.0,686.0,1502.0,737.0
31,1.200,3,person,0.8588,644,390,709,487,676.5,438.5,676.5,487.0
31,1.200,4,person,0.8520,1352,540,1421,648,1386.5,594.0,1386.5,648.0
31,1.200,5,person,0.8207,77,660,135,820,106.0,740.0,106.0,820.0
31,1.200,6,person,0.8193,657,561,731,691,694.0,626.0,694.0,691.0
31,1.200,7,person,0.7816,157,397,220,498,188.5,447.5,188.5,498.0
31,1.200,8,person,0.7456,916,489,958,606,937.0,547.5,937.0,606.0
31,1.200,9,person,0.7292,1102,386,1162,518,1132.0,452.0,1132.0,518.0
31,1.200,10,person,0.6962,406,355,440,449,423.0,402.0,423.0,449.0
31,1.200,11,person,0.6602,1032,423,1065,514,1048.5,468.5,1048.5,514.0
31,1.200,12,person,0.5778,1442,320,1482,394,1462.0,357.0,1462.0,394.0
31,1.200,13,person,0.5117,803,325,833,408,818.0,366.5,818.0,408.0
31,1.200,14,person,0.3718,758,310,832,411,795.0,360.5,795.0,411.0
31,1.200,15,person,0.3717,1382,470,1416,530,1399.0,500.0,1399.0,530.0
31,1.200,16,person,0.3617,753,313,791,412,772.0,362.5,772.0,412.0
31,1.200,17,person,0.2843,750,307,813,412,781.5,359.5,781.5,412.0
31,1.200,18,person,0.2739,794,320,833,409,813.5,364.5,813.5,409.0
32,1.240,1,person,0.8652,1437,638,1535,748,1486.0,693.0,1486.0,748.0
32,1.240,2,person,0.8379,61,668,136,827,98.5,747.5,98.5,827.0
32,1.240,3,person,0.8352,656,564,742,694,699.0,629.0,699.0,694.0
32,1.240,4,person,0.8168,637,393,701,486,669.0,439.5,669.0,486.0
32,1.240,5,person,0.8149,1264,699,1332,841,1298.0,770.0,1298.0,841.0
32,1.240,6,person,0.8057,1351,545,1415,653,1383.0,599.0,1383.0,653.0
32,1.240,7,person,0.7398,397,357,443,453,420.0,405.0,420.0,453.0
32,1.240,8,person,0.7372,915,488,955,608,935.0,548.0,935.0,608.0
32,1.240,9,person,0.7316,149,396,205,500,177.0,448.0,177.0,500.0
32,1.240,10,person,0.7078,1102,388,1162,522,1132.0,455.0,1132.0,522.0
32,1.240,11,person,0.6628,1023,420,1060,514,1041.5,467.0,1041.5,514.0
32,1.240,12,person,0.6210,1426,320,1476,400,1451.0,360.0,1451.0,400.0
32,1.240,13,person,0.5231,798,320,829,410,813.5,365.0,813.5,410.0
32,1.240,14,person,0.4701,749,318,782,400,765.5,359.0,765.5,400.0
32,1.240,15,person,0.3626,1378,476,1415,555,1396.5,515.5,1396.5,555.0
32,1.240,16,person,0.3531,741,317,780,410,760.5,363.5,760.5,410.0
32,1.240,17,person,0.3111,1381,477,1414,538,1397.5,507.5,1397.5,538.0
33,1.280,1,person,0.8681,1429,641,1521,755,1475.0,698.0,1475.0,755.0
33,1.280,2,person,0.8418,50,669,129,835,89.5,752.0,89.5,835.0
33,1.280,3,person,0.7916,1351,540,1410,659,1380.5,599.5,1380.5,659.0
33,1.280,4,person,0.7525,632,392,692,489,662.0,440.5,662.0,489.0
33,1.280,5,person,0.7443,1262,703,1330,844,1296.0,773.5,1296.0,844.0
33,1.280,6,person,0.7398,141,399,193,502,167.0,450.5,167.0,502.0
33,1.280,7,person,0.7357,385,362,435,457,410.0,409.5,410.0,457.0
33,1.280,8,person,0.7152,1420,326,1469,406,1444.5,366.0,1444.5,406.0
33,1.280,9,person,0.7125,656,573,741,699,698.5,636.0,698.5,699.0
33,1.280,10,person,0.7070,790,324,825,415,807.5,369.5,807.5,415.0
33,1.280,11,person,0.7043,911,491,951,609,931.0,550.0,931.0,609.0
33,1.280,12,person,0.6541,1017,425,1048,515,1032.5,470.0,1032.5,515.0
33,1.280,13,person,0.6306,1097,391,1157,522,1127.0,456.5,1127.0,522.0
33,1.280,14,person,0.5847,154,397,189,502,171.5,449.5,171.5,502.0
33,1.280,15,person,0.5370,746,323,773,404,759.5,363.5,759.5,404.0
33,1.280,16,person,0.4968,1372,480,1415,563,1393.5,521.5,1393.5,563.0
33,1.280,17,person,0.4542,738,322,774,415,756.0,368.5,756.0,415.0
33,1.280,18,person,0.4092,731,321,775,432,753.0,376.5,753.0,432.0
34,1.320,1,person,0.8756,1423,646,1504,761,1463.5,703.5,1463.5,761.0
34,1.320,2,person,0.8565,39,674,116,841,77.5,757.5,77.5,841.0
34,1.320,3,person,0.7482,632,392,681,492,656.5,442.0,656.5,492.0
34,1.320,4,person,0.7432,1353,538,1405,658,1379.0,598.0,1379.0,658.0
34,1.320,5,person,0.7131,375,365,423,457,399.0,411.0,399.0,457.0
34,1.320,6,person,0.6863,1257,706,1328,848,1292.5,777.0,1292.5,848.0
34,1.320,7,person,0.6794,674,575,732,702,703.0,638.5,703.0,702.0
34,1.320,8,person,0.6762,1010,427,1043,520,1026.5,473.5,1026.5,520.0
34,1.320,9,person,0.6758,139,399,180,503,159.5,451.0,159.5,503.0
34,1.320,10,person,0.6612,909,497,947,612,928.0,554.5,928.0,612.0
34,1.320,11,person,0.6561,695,576,732,703,713.5,639.5,713.5,703.0
34,1.320,12,person,0.6484,734,318,770,414,752.0,366.0,752.0,414.0
34,1.320,13,person,0.6183,787,327,818,417,802.5,372.0,802.5,417.0
34,1.320,14,person,0.5883,1413,325,1464,404,1438.5,364.5,1438.5,404.0
34,1.320,15,person,0.5866,1091,391,1150,520,1120.5,455.5,1120.5,520.0
34,1.320,16,person,0.3621,721,314,776,425,748.5,369.5,748.5,425.0
34,1.320,17,person,0.3364,1037,388,1077,468,1057.0,428.0,1057.0,468.0
34,1.320,18,person,0.3328,1365,483,1411,562,1388.0,522.5,1388.0,562.0
35,1.360,1,person,0.8716,25,678,109,846,67.0,762.0,67.0,846.0
35,1.360,2,person,0.8028,1414,651,1486,766,1450.0,708.5,1450.0,766.0
35,1.360,3,person,0.7283,1249,711,1319,853,1284.0,782.0,1284.0,853.0
35,1.360,4,person,0.7235,1353,540,1400,658,1376.5,599.0,1376.5,658.0
35,1.360,5,person,0.7011,366,367,416,462,391.0,414.5,391.0,462.0
35,1.360,6,person,0.7011,695,585,727,711,711.0,648.0,711.0,711.0
35,1.360,7,person,0.6997,906,501,945,615,925.5,558.0,925.5,615.0
35,1.360,8,person,0.6949,631,394,672,494,651.5,444.0,651.5,494.0
35,1.360,9,person,0.6817,1407,328,1455,403,1431.0,365.5,1431.0,403.0
35,1.360,10,person,0.6816,136,401,171,507,153.5,454.0,153.5,507.0
35,1.360,11,person,0.6693,1002,423,1031,517,1016.5,470.0,1016.5,517.0
35,1.360,12,person,0.5753,734,318,770,414,752.0,366.0,752.0,414.0
35,1.360,13,person,0.5683,781,330,813,418,797.0,374.0,797.0,418.0
35,1.360,14,person,0.4792,1089,388,1145,524,1117.0,456.0,1117.0,524.0
35,1.360,15,person,0.4745,1034,390,1073,467,1053.5,428.5,1053.5,467.0
35,1.360,16,person,0.3472,1365,487,1409,569,1387.0,528.0,1387.0,569.0
35,1.360,17,person,0.2778,744,319,812,417,778.0,368.0,778.0,417.0
35,1.360,18,person,0.2769,1104,383,1147,518,1125.5,450.5,1125.5,518.0
35,1.360,19,person,0.2527,1249,708,1346,850,1297.5,779.0,1297.5,850.0
35,1.360,20,person,0.2519,680,583,729,713,704.5,648.0,704.5,713.0
36,1.400,1,person,0.8470,1407,654,1475,768,1441.0,711.0,1441.0,768.0
36,1.400,2,person,0.8459,16,680,101,843,58.5,761.5,58.5,843.0
36,1.400,3,person,0.7620,359,370,404,465,381.5,417.5,381.5,465.0
36,1.400,4,person,0.7614,1241,716,1329,856,1285.0,786.0,1285.0,856.0
36,1.400,5,person,0.7537,626,394,666,499,646.0,446.5,646.0,499.0
36,1.400,6,person,0.7220,1350,539,1398,663,1374.0,601.0,1374.0,663.0
36,1.400,7,person,0.7160,132,405,164,509,148.0,457.0,148.0,509.0
36,1.400,8,person,0.6718,905,504,943,617,924.0,560.5,924.0,617.0
36,1.400,9,person,0.6326,992,426,1025,522,1008.5,474.0,1008.5,522.0
36,1.400,10,person,0.6038,679,585,728,713,703.5,649.0,703.5,713.0
36,1.400,11,person,0.5908,1402,335,1447,403,1424.5,369.0,1424.5,403.0
36,1.400,12,person,0.5548,724,319,806,420,765.0,369.5,765.0,420.0
36,1.400,13,person,0.5134,1029,392,1066,476,1047.5,434.0,1047.5,476.0
36,1.400,14,person,0.5127,726,320,775,419,750.5,369.5,750.5,419.0
36,1.400,15,person,0.5087,1087,390,1144,521,1115.5,455.5,1115.5,521.0
36,1.400,16,person,0.4203,726,321,759,416,742.5,368.5,742.5,416.0
36,1.400,17,person,0.3387,1365,490,1406,565,1385.5,527.5,1385.5,565.0
36,1.400,18,person,0.3237,691,586,727,698,709.0,642.0,709.0,698.0
36,1.400,19,person,0.2895,780,330,810,421,795.0,375.5,795.0,421.0
37,1.440,1,person,0.8585,1395,663,1470,777,1432.5,720.0,1432.5,777.0
37,1.440,2,person,0.8209,12,681,90,841,51.0,761.0,51.0,841.0
37,1.440,3,person,0.7867,346,367,396,465,371.0,416.0,371.0,465.0
37,1.440,4,person,0.7815,1233,719,1326,859,1279.5,789.0,1279.5,859.0
37,1.440,5,person,0.7409,622,394,659,497,640.5,445.5,640.5,497.0
37,1.440,6,person,0.7395,681,586,731,716,706.0,651.0,706.0,716.0
37,1.440,7,person,0.7234,1347,549,1398,664,1372.5,606.5,1372.5,664.0
37,1.440,8,person,0.6868,900,510,938,621,919.0,565.5,919.0,621.0
37,1.440,9,person,0.6629,1030,395,1063,480,1046.5,437.5,1046.5,480.0
37,1.440,10,person,0.6455,985,426,1018,519,1001.5,472.5,1001.5,519.0
37,1.440,11,person,0.6184,725,326,758,418,741.5,372.0,741.5,418.0
37,1.440,12,person,0.5849,122,413,153,514,137.5,463.5,137.5,514.0
37,1.440,13,person,0.5620,1393,335,1444,407,1418.5,371.0,1418.5,407.0
37,1.440,14,person,0.5463,773,337,804,419,788.5,378.0,788.5,419.0
37,1.440,15,person,0.4875,765,334,806,423,785.5,378.5,785.5,423.0
37,1.440,16,person,0.4528,1081,436,1127,528,1104.0,482.0,1104.0,528.0
37,1.440,17,person,0.2707,1083,435,1118,499,1100.5,467.0,1100.5,499.0
37,1.440,18,person,0.2638,1112,394,1141,472,1126.5,433.0,1126.5,472.0
38,1.480,1,person,0.9115,1384,663,1463,784,1423.5,723.5,1423.5,784.0
38,1.480,2,person,0.8282,1230,720,1328,862,1279.0,791.0,1279.0,862.0
38,1.480,3,person,0.7871,678,585,733,718,705.5,651.5,705.5,718.0
38,1.480,4,person,0.7843,9,684,82,842,45.5,763.0,45.5,842.0
38,1.480,5,person,0.7595,348,370,381,466,364.5,418.0,364.5,466.0
38,1.480,6,person,0.7562,615,395,652,500,633.5,447.5,633.5,500.0
38,1.480,7,person,0.7408,976,425,1008,518,992.0,471.5,992.0,518.0
38,1.480,8,person,0.7380,1344,552,1395,666,1369.5,609.0,1369.5,666.0
38,1.480,9,person,0.7301,900,512,937,624,918.5,568.0,918.5,624.0
38,1.480,10,person,0.7290,109,409,149,516,129.0,462.5,129.0,516.0
38,1.480,11,person,0.7054,722,331,752,418,737.0,374.5,737.0,418.0
38,1.480,12,person,0.6845,764,336,805,426,784.5,381.0,784.5,426.0
38,1.480,13,person,0.6133,1389,346,1434,412,1411.5,379.0,1411.5,412.0
38,1.480,14,person,0.5905,1077,437,1121,533,1099.0,485.0,1099.0,533.0
38,1.480,15,person,0.4401,1022,396,1058,481,1040.0,438.5,1040.0,481.0
38,1.480,16,person,0.4266,1110,399,1139,463,1124.5,431.0,1124.5,463.0
38,1.480,17,person,0.3170,1364,499,1411,560,1387.5,529.5,1387.5,560.0
38,1.480,18,person,0.2841,1088,413,1138,534,1113.0,473.5,1113.0,534.0
39,1.520,1,person,0.9056,1378,666,1460,788,1419.0,727.0,1419.0,788.0
39,1.520,2,person,0.8566,670,587,735,721,702.5,654.0,702.5,721.0
39,1.520,3,person,0.8442,5,686,58,846,31.5,766.0,31.5,846.0
39,1.520,4,person,0.8286,1226,718,1335,860,1280.5,789.0,1280.5,860.0
39,1.520,5,person,0.7986,1336,554,1392,669,1364.0,611.5,1364.0,669.0
39,1.520,6,person,0.7913,94,411,155,521,124.5,466.0,124.5,521.0
39,1.520,7,person,0.7736,340,372,375,467,357.5,419.5,357.5,467.0
39,1.520,8,person,0.7058,610,396,647,502,628.5,449.0,628.5,502.0
39,1.520,9,person,0.6780,717,331,748,422,732.5,376.5,732.5,422.0
39,1.520,10,person,0.6529,968,424,1000,521,984.0,472.5,984.0,521.0
39,1.520,11,person,0.6488,896,512,936,626,916.0,569.0,916.0,626.0
39,1.520,12,person,0.5863,1074,432,1116,533,1095.0,482.5,1095.0,533.0
39,1.520,13,person,0.5551,1380,337,1427,413,1403.5,375.0,1403.5,413.0
39,1.520,14,person,0.4990,1014,394,1053,481,1033.5,437.5,1033.5,481.0
39,1.520,15,person,0.4922,761,337,804,428,782.5,382.5,782.5,428.0
39,1.520,16,person,0.3916,1350,555,1397,669,1373.5,612.0,1373.5,669.0
39,1.520,17,person,0.3432,1100,403,1137,532,1118.5,467.5,1118.5,532.0
39,1.520,18,person,0.2874,1099,401,1136,468,1117.5,434.5,1117.5,468.0
39,1.520,19,person,0.2831,1360,506,1404,551,1382.0,528.5,1382.0,551.0
39,1.520,20,person,0.2656,1074,410,1137,533,1105.5,471.5,1105.5,533.0
40,1.560,1,person,0.9137,1370,668,1460,796,1415.0,732.0,1415.0,796.0
40,1.560,2,person,0.8440,670,588,739,728,704.5,658.0,704.5,728.0
40,1.560,3,person,0.8373,1331,559,1389,670,1360.0,614.5,1360.0,670.0
40,1.560,4,person,0.8322,80,416,152,524,116.0,470.0,116.0,524.0
40,1.560,5,person,0.7987,1229,712,1324,861,1276.5,786.5,1276.5,861.0
40,1.560,6,person,0.7536,333,371,367,469,350.0,420.0,350.0,469.0
40,1.560,7,person,0.7281,0,688,48,853,24.0,770.5,24.0,853.0
40,1.560,8,person,0.7154,600,401,644,504,622.0,452.5,622.0,504.0
40,1.560,9,person,0.6802,709,335,746,423,727.5,379.0,727.5,423.0
40,1.560,10,person,0.6725,955,430,991,520,973.0,475.0,973.0,520.0
40,1.560,11,person,0.6487,890,516,933,629,911.5,572.5,911.5,629.0
40,1.560,12,person,0.6373,1372,343,1421,415,1396.5,379.0,1396.5,415.0
40,1.560,13,person,0.5822,1007,396,1044,485,1025.5,440.5,1025.5,485.0
40,1.560,14,person,0.4776,1068,433,1107,530,1087.5,481.5,1087.5,530.0
40,1.560,15,person,0.4630,755,342,799,429,777.0,385.5,777.0,429.0
40,1.560,16,person,0.4340,759,342,788,424,773.5,383.0,773.5,424.0
40,1.560,17,person,0.3622,1106,400,1136,463,1121.0,431.5,1121.0,463.0
41,1.600,1,person,0.8975,1367,672,1457,803,1412.0,737.5,1412.0,803.0
41,1.600,2,person,0.8685,669,592,748,732,708.5,662.0,708.5,732.0
41,1.600,3,person,0.8354,1235,710,1313,863,1274.0,786.5,1274.0,863.0
41,1.600,4,person,0.8270,1324,564,1382,673,1353.0,618.5,1353.0,673.0
41,1.600,5,person,0.8175,594,401,639,506,616.5,453.5,616.5,506.0
41,1.600,6,person,0.8141,70,418,141,525,105.5,471.5,105.5,525.0
41,1.600,7,person,0.7010,1368,338,1411,420,1389.5,379.0,1389.5,420.0
41,1.600,8,person,0.6931,1002,395,1040,491,1021.0,443.0,1021.0,491.0
41,1.600,9,person,0.6902,882,513,931,631,906.5,572.0,906.5,631.0
41,1.600,10,person,0.6867,701,337,740,424,720.5,380.5,720.5,424.0
41,1.600,11,person,0.6796,950,425,982,520,966.0,472.5,966.0,520.0
41,1.600,12,person,0.6409,326,371,358,472,342.0,421.5,342.0,472.0
41,1.600,13,person,0.5992,1060,434,1106,534,1083.0,484.0,1083.0,534.0
41,1.600,14,person,0.5508,0,688,37,854,18.5,771.0,18.5,854.0
41,1.600,15,person,0.4882,747,346,796,434,771.5,390.0,771.5,434.0
41,1.600,16,person,0.4454,1103,399,1133,464,1118.0,431.5,1118.0,464.0
41,1.600,17,person,0.3810,750,344,786,428,768.0,386.0,768.0,428.0
41,1.600,18,person,0.3489,1354,511,1401,563,1377.5,537.0,1377.5,563.0
41,1.600,19,person,0.3467,1099,399,1135,487,1117.0,443.0,1117.0,487.0
42,1.640,1,person,0.8903,1362,678,1449,807,1405.5,742.5,1405.5,807.0
42,1.640,2,person,0.8632,670,596,741,732,705.5,664.0,705.5,732.0
42,1.640,3,person,0.8278,1228,710,1310,867,1269.0,788.5,1269.0,867.0
42,1.640,4,person,0.8268,1317,566,1378,679,1347.5,622.5,1347.5,679.0
42,1.640,5,person,0.8250,55,422,131,527,93.0,474.5,93.0,527.0
42,1.640,6,person,0.7893,874,520,930,633,902.0,576.5,902.0,633.0
42,1.640,7,person,0.7381,316,377,349,475,332.5,426.0,332.5,475.0
42,1.640,8,person,0.6622,691,336,737,425,714.0,380.5,714.0,425.0
42,1.640,9,person,0.6602,587,405,639,507,613.0,456.0,613.0,507.0
42,1.640,10,person,0.6337,1054,434,1104,533,1079.0,483.5,1079.0,533.0
42,1.640,11,person,0.5614,1357,346,1400,416,1378.5,381.0,1378.5,416.0
42,1.640,12,person,0.5418,745,344,775,429,760.0,386.5,760.0,429.0
42,1.640,13,person,0.5368,939,428,973,520,956.0,474.0,956.0,520.0
42,1.640,14,person,0.5219,738,343,786,433,762.0,388.0,762.0,433.0
42,1.640,15,person,0.4596,1101,399,1132,463,1116.5,431.0,1116.5,463.0
42,1.640,16,person,0.4592,1096,399,1134,487,1115.0,443.0,1115.0,487.0
42,1.640,17,person,0.4478,0,692,29,862,14.5,777.0,14.5,862.0
42,1.640,18,person,0.4264,995,396,1034,490,1014.5,443.0,1014.5,490.0
43,1.680,1,person,0.8837,1359,685,1442,811,1400.5,748.0,1400.5,811.0
43,1.680,2,person,0.8501,865,520,928,635,896.5,577.5,896.5,635.0
43,1.680,3,person,0.8440,1230,721,1304,867,1267.0,794.0,1267.0,867.0
43,1.680,4,person,0.8288,670,604,733,737,701.5,670.5,701.5,737.0
43,1.680,5,person,0.8282,1310,573,1374,682,1342.0,627.5,1342.0,682.0
43,1.680,6,person,0.7630,46,422,110,532,78.0,477.0,78.0,532.0
43,1.680,7,person,0.7450,577,411,640,513,608.5,462.0,608.5,513.0
43,1.680,8,person,0.6809,1047,437,1102,537,1074.5,487.0,1074.5,537.0
43,1.680,9,person,0.6649,305,376,347,475,326.0,425.5,326.0,475.0
43,1.680,10,person,0.6410,730,348,780,434,755.0,391.0,755.0,434.0
43,1.680,11,person,0.6332,928,424,965,520,946.5,472.0,946.5,520.0
43,1.680,12,person,0.6093,1353,345,1395,417,1374.0,381.0,1374.0,417.0
43,1.680,13,person,0.6021,681,342,735,428,708.0,385.0,708.0,428.0
43,1.680,14,person,0.5901,985,398,1029,494,1007.0,446.0,1007.0,494.0
43,1.680,15,person,0.4431,740,349,775,431,757.5,390.0,757.5,431.0
43,1.680,16,person,0.4134,1100,398,1131,466,1115.5,432.0,1115.5,466.0
43,1.680,17,person,0.3975,1094,399,1136,486,1115.0,442.5,1115.0,486.0
43,1.680,18,person,0.2552,0,690,19,862,9.5,776.0,9.5,862.0
43,1.680,19,person,0.2521,680,344,753,433,716.5,388.5,716.5,433.0
44,1.720,1,person,0.8209,1303,571,1366,681,1334.5,626.0,1334.5,681.0
44,1.720,2,person,0.7973,856,525,919,640,887.5,582.5,887.5,640.0
44,1.720,3,person,0.7647,675,607,727,740,701.0,673.5,701.0,740.0
44,1.720,4,person,0.7610,38,422,100,531,69.0,476.5,69.0,531.0
44,1.720,5,person,0.7482,1206,719,1303,855,1254.5,787.0,1254.5,855.0
44,1.720,6,person,0.7477,567,413,626,511,596.5,462.0,596.5,511.0
44,1.720,7,person,0.7120,679,339,725,430,702.0,384.5,702.0,430.0
44,1.720,8,person,0.6913,294,382,338,479,316.0,430.5,316.0,479.0
44,1.720,9,person,0.6794,1345,692,1436,815,1390.5,753.5,1390.5,815.0
44,1.720,10,person,0.6611,919,426,957,521,938.0,473.5,938.0,521.0
44,1.720,11,person,0.6605,979,398,1020,499,999.5,448.5,999.5,499.0
44,1.720,12,person,0.6534,1040,441,1093,537,1066.5,489.0,1066.5,537.0
44,1.720,13,person,0.6184,1346,343,1383,419,1364.5,381.0,1364.5,419.0
44,1.720,14,person,0.5175,738,347,767,435,752.5,391.0,752.5,435.0
44,1.720,15,person,0.4597,1089,407,1140,495,1114.5,451.0,1114.5,495.0
44,1.720,16,person,0.3508,1098,407,1133,479,1115.5,443.0,1115.5,479.0
45,1.760,1,person,0.8250,1300,574,1357,683,1328.5,628.5,1328.5,683.0
45,1.760,2,person,0.7523,1200,723,1333,851,1266.5,787.0,1266.5,851.0
45,1.760,3,person,0.7487,683,610,727,741,705.0,675.5,705.0,741.0
45,1.760,4,person,0.7395,848,526,911,641,879.5,583.5,879.5,641.0
45,1.760,5,person,0.7368,558,412,615,513,586.5,462.5,586.5,513.0
45,1.760,6,person,0.7222,1330,698,1426,819,1378.0,758.5,1378.0,819.0
45,1.760,7,person,0.7086,1333,344,1376,424,1354.5,384.0,1354.5,424.0
45,1.760,8,person,0.6867,679,342,719,430,699.0,386.0,699.0,430.0
45,1.760,9,person,0.6813,1028,438,1084,538,1056.0,488.0,1056.0,538.0
45,1.760,10,person,0.6788,282,382,328,480,305.0,431.0,305.0,480.0
45,1.760,11,person,0.6691,31,424,83,534,57.0,479.0,57.0,534.0
45,1.760,12,person,0.6471,909,424,944,519,926.5,471.5,926.5,519.0
45,1.760,13,person,0.5684,724,348,761,435,742.5,391.5,742.5,435.0
45,1.760,14,person,0.5411,1093,408,1125,492,1109.0,450.0,1109.0,492.0
45,1.760,15,person,0.5200,1242,726,1333,854,1287.5,790.0,1287.5,854.0
45,1.760,16,person,0.4595,969,402,1014,502,991.5,452.0,991.5,502.0
46,1.800,1,person,0.8054,538,418,608,519,573.0,468.5,573.0,519.0
46,1.800,2,person,0.7875,679,612,727,744,703.0,678.0,703.0,744.0
46,1.800,3,person,0.7645,1297,575,1351,685,1324.0,630.0,1324.0,685.0
46,1.800,4,person,0.7335,847,528,903,646,875.0,587.0,875.0,646.0
46,1.800,5,person,0.7236,1022,437,1077,539,1049.5,488.0,1049.5,539.0
46,1.800,6,person,0.6810,266,384,314,483,290.0,433.5,290.0,483.0
46,1.800,7,person,0.6734,29,423,69,537,49.0,480.0,49.0,537.0
46,1.800,8,person,0.6707,1325,338,1366,425,1345.5,381.5,1345.5,425.0
46,1.800,9,person,0.6697,898,423,934,522,916.0,472.5,916.0,522.0
46,1.800,10,person,0.6584,1201,729,1330,858,1265.5,793.5,1265.5,858.0
46,1.800,11,person,0.6243,1326,703,1416,823,1371.0,763.0,1371.0,823.0
46,1.800,12,person,0.6048,960,411,1011,508,985.5,459.5,985.5,508.0
46,1.800,13,person,0.5676,1082,410,1122,500,1102.0,455.0,1102.0,500.0
46,1.800,14,person,0.5188,665,349,706,429,685.5,389.0,685.5,429.0
46,1.800,15,person,0.5053,715,348,757,442,736.0,395.0,736.0,442.0
46,1.800,16,person,0.3476,1324,531,1384,671,1354.0,601.0,1354.0,671.0
46,1.800,17,person,0.2794,862,529,901,630,881.5,579.5,881.5,630.0
46,1.800,18,person,0.2611,1324,530,1384,630,1354.0,580.0,1354.0,630.0
47,1.840,1,person,0.8519,531,415,597,524,564.0,469.5,564.0,524.0
47,1.840,2,person,0.8183,669,613,728,752,698.5,682.5,698.5,752.0
47,1.840,3,person,0.7752,847,527,895,648,871.0,587.5,871.0,648.0
47,1.840,4,person,0.7698,1019,437,1071,543,1045.0,490.0,1045.0,543.0
47,1.840,5,person,0.7622,252,388,306,484,279.0,436.0,279.0,484.0
47,1.840,6,person,0.7377,1292,578,1341,689,1316.5,633.5,1316.5,689.0
47,1.840,7,person,0.6989,1078,409,1116,500,1097.0,454.5,1097.0,500.0
47,1.840,8,person,0.6856,1316,345,1358,425,1337.0,385.0,1337.0,425.0
47,1.840,9,person,0.6825,1202,734,1328,860,1265.0,797.0,1265.0,860.0
47,1.840,10,person,0.6733,1310,706,1406,826,1358.0,766.0,1358.0,826.0
47,1.840,11,person,0.6700,22,430,55,538,38.5,484.0,38.5,538.0
47,1.840,12,person,0.6422,667,347,703,432,685.0,389.5,685.0,432.0
47,1.840,13,person,0.5517,883,427,920,523,901.5,475.0,901.5,523.0
47,1.840,14,person,0.5403,951,409,1001,506,976.0,457.5,976.0,506.0
47,1.840,15,person,0.5069,1326,536,1383,638,1354.5,587.0,1354.5,638.0
47,1.840,16,person,0.4708,856,528,894,632,875.0,580.0,875.0,632.0
47,1.840,17,person,0.4622,715,350,751,434,733.0,392.0,733.0,434.0
48,1.880,1,person,0.8676,662,617,731,754,696.5,685.5,696.5,754.0
48,1.880,2,person,0.8210,524,417,589,523,556.5,470.0,556.5,523.0
48,1.880,3,person,0.8044,1285,573,1335,693,1310.0,633.0,1310.0,693.0
48,1.880,4,person,0.7729,1016,438,1065,545,1040.5,491.5,1040.5,545.0
48,1.880,5,person,0.7424,660,346,697,436,678.5,391.0,678.5,436.0
48,1.880,6,person,0.7369,1074,407,1112,502,1093.0,454.5,1093.0,502.0
48,1.880,7,person,0.7292,242,388,293,489,267.5,438.5,267.5,489.0
48,1.880,8,person,0.7165,843,533,886,651,864.5,592.0,864.5,651.0
48,1.880,9,person,0.6695,1305,718,1398,831,1351.5,774.5,1351.5,831.0
48,1.880,10,person,0.6476,940,413,989,510,964.5,461.5,964.5,510.0
48,1.880,11,person,0.6286,1309,345,1350,427,1329.5,386.0,1329.5,427.0
48,1.880,12,person,0.6162,1208,744,1326,865,1267.0,804.5,1267.0,865.0
48,1.880,13,person,0.5999,874,431,913,526,893.5,478.5,893.5,526.0
48,1.880,14,person,0.5881,13,430,47,542,30.0,486.0,30.0,542.0
48,1.880,15,person,0.5484,711,350,745,438,728.0,394.0,728.0,438.0
48,1.880,16,person,0.4419,1324,538,1380,634,1352.0,586.0,1352.0,634.0
48,1.880,17,person,0.2647,695,348,746,439,720.5,393.5,720.5,439.0
49,1.920,1,person,0.8827,656,622,734,760,695.0,691.0,695.0,760.0
49,1.920,2,person,0.8192,1279,578,1331,695,1305.0,636.5,1305.0,695.0
49,1.920,3,person,0.8188,1220,746,1309,860,1264.5,803.0,1264.5,860.0
49,1.920,4,person,0.7528,521,419,577,525,549.0,472.0,549.0,525.0
49,1.920,5,person,0.7485,229,393,281,490,255.0,441.5,255.0,490.0
49,1.920,6,person,0.7409,842,536,879,654,860.5,595.0,860.5,654.0
49,1.920,7,person,0.6643,1072,407,1107,508,1089.5,457.5,1089.5,508.0
49,1.920,8,person,0.6360,1300,349,1342,427,1321.0,388.0,1321.0,427.0
49,1.920,9,person,0.6300,653,347,690,438,671.5,392.5,671.5,438.0
49,1.920,10,person,0.6161,1017,441,1055,547,1036.0,494.0,1036.0,547.0
49,1.920,11,person,0.6157,865,433,902,530,883.5,481.5,883.5,530.0
49,1.920,12,person,0.6104,0,437,36,544,18.0,490.5,18.0,544.0
49,1.920,13,person,0.5969,1306,723,1387,835,1346.5,779.0,1346.5,835.0
49,1.920,14,person,0.5756,932,416,980,512,956.0,464.0,956.0,512.0
49,1.920,15,person,0.5711,690,352,738,443,714.0,397.5,714.0,443.0
49,1.920,16,person,0.3718,1312,546,1385,649,1348.5,597.5,1348.5,649.0
50,1.960,1,person,0.8814,653,628,734,762,693.5,695.0,693.5,762.0
50,1.960,2,person,0.7436,1221,745,1295,862,1258.0,803.5,1258.0,862.0
50,1.960,3,person,0.7322,1271,580,1325,699,1298.0,639.5,1298.0,699.0
50,1.960,4,person,0.7288,516,416,566,526,541.0,471.0,541.0,526.0
50,1.960,5,person,0.7266,837,539,871,654,854.0,596.5,854.0,654.0
50,1.960,6,person,0.7222,1010,443,1051,548,1030.5,495.5,1030.5,548.0
50,1.960,7,person,0.7150,1067,410,1103,509,1085.0,459.5,1085.0,509.0
50,1.960,8,person,0.6836,1297,729,1377,845,1337.0,787.0,1337.0,845.0
50,1.960,9,person,0.6634,223,392,267,490,245.0,441.0,245.0,490.0
50,1.960,10,person,0.6508,0,432,32,547,16.0,489.5,16.0,547.0
50,1.960,11,person,0.6351,1292,351,1333,430,1312.5,390.5,1312.5,430.0
50,1.960,12,person,0.5818,856,431,888,532,872.0,481.5,872.0,532.0
50,1.960,13,person,0.5655,694,354,731,451,712.5,402.5,712.5,451.0
50,1.960,14,person,0.5619,646,346,683,438,664.5,392.0,664.5,438.0
50,1.960,15,person,0.4574,919,418,977,517,948.0,467.5,948.0,517.0
50,1.960,16,person,0.4124,1315,550,1380,648,1347.5,599.0,1347.5,648.0
50,1.960,17,person,0.2983,1262,727,1311,856,1286.5,791.5,1286.5,856.0
51,2.000,1,person,0.8146,1213,732,1295,865,1254.0,798.5,1254.0,865.0
51,2.000,2,person,0.8045,1264,583,1319,703,1291.5,643.0,1291.5,703.0
51,2.000,3,person,0.7830,653,634,731,768,692.0,701.0,692.0,768.0
51,2.000,4,person,0.7375,1007,442,1043,550,1025.0,496.0,1025.0,550.0
51,2.000,5,person,0.7131,514,420,556,530,535.0,475.0,535.0,530.0
51,2.000,6,person,0.7016,213,393,253,492,233.0,442.5,233.0,492.0
51,2.000,7,person,0.6702,638,347,679,441,658.5,394.0,658.5,441.0
51,2.000,8,person,0.6542,1059,414,1098,511,1078.5,462.5,1078.5,511.0
51,2.000,9,person,0.6302,1286,729,1338,834,1312.0,781.5,1312.0,834.0
51,2.000,10,person,0.6131,829,536,867,658,848.0,597.0,848.0,658.0
51,2.000,11,person,0.6078,685,357,725,446,705.0,401.5,705.0,446.0
51,2.000,12,person,0.5646,1281,353,1326,438,1303.5,395.5,1303.5,438.0
51,2.000,13,person,0.5546,1307,555,1381,656,1344.0,605.5,1344.0,656.0
51,2.000,14,person,0.5154,1287,731,1362,844,1324.5,787.5,1324.5,844.0
51,2.000,15,person,0.4710,909,420,960,516,934.5,468.0,934.5,516.0
51,2.000,16,person,0.4667,0,434,19,550,9.5,492.0,9.5,550.0
51,2.000,17,person,0.3746,845,433,877,529,861.0,481.0,861.0,529.0
51,2.000,18,person,0.3490,0,435,31,553,15.5,494.0,15.5,553.0
52,2.040,1,person,0.8445,1253,585,1311,706,1282.0,645.5,1282.0,706.0
52,2.040,2,person,0.7665,1207,745,1268,867,1237.5,806.0,1237.5,867.0
52,2.040,3,person,0.7621,815,544,867,668,841.0,606.0,841.0,668.0
52,2.040,4,person,0.7093,1002,443,1039,551,1020.5,497.0,1020.5,551.0
52,2.040,5,person,0.7023,1053,420,1093,517,1073.0,468.5,1073.0,517.0
52,2.040,6,person,0.6963,639,347,673,441,656.0,394.0,656.0,441.0
52,2.040,7,person,0.6882,207,392,238,496,222.5,444.0,222.5,496.0
52,2.040,8,person,0.6834,1301,561,1364,663,1332.5,612.0,1332.5,663.0
52,2.040,9,person,0.6791,675,638,719,776,697.0,707.0,697.0,776.0
52,2.040,10,person,0.6769,503,421,548,529,525.5,475.0,525.5,529.0
52,2.040,11,person,0.6156,1273,732,1357,862,1315.0,797.0,1315.0,862.0
52,2.040,12,person,0.6057,1275,733,1336,858,1305.5,795.5,1305.5,858.0
52,2.040,13,person,0.6053,833,432,868,548,850.5,490.0,850.5,548.0
52,2.040,14,person,0.5880,1274,356,1318,442,1296.0,399.0,1296.0,442.0
52,2.040,15,person,0.5761,659,635,719,772,689.0,703.5,689.0,772.0
52,2.040,16,person,0.4799,673,364,719,447,696.0,405.5,696.0,447.0
52,2.040,17,person,0.4450,901,419,949,513,925.0,466.0,925.0,513.0
52,2.040,18,person,0.3577,681,365,717,440,699.0,402.5,699.0,440.0
52,2.040,19,person,0.3345,1277,733,1320,855,1298.5,794.0,1298.5,855.0
53,2.080,1,person,0.8082,1261,734,1345,871,1303.0,802.5,1303.0,871.0
53,2.080,2,person,0.7888,497,420,538,534,517.5,477.0,517.5,534.0
53,2.080,3,person,0.7726,1246,588,1304,710,1275.0,649.0,1275.0,710.0
53,2.080,4,person,0.7488,810,550,865,668,837.5,609.0,837.5,668.0
53,2.080,5,person,0.7434,674,644,714,773,694.0,708.5,694.0,773.0
53,2.080,6,person,0.6846,1047,421,1094,518,1070.5,469.5,1070.5,518.0
53,2.080,7,person,0.6828,199,397,231,499,215.0,448.0,215.0,499.0
53,2.080,8,person,0.6745,1200,746,1250,872,1225.0,809.0,1225.0,872.0
53,2.080,9,person,0.6742,996,446,1039,553,1017.5,499.5,1017.5,553.0
53,2.080,10,person,0.6417,825,431,858,532,841.5,481.5,841.5,532.0
53,2.080,11,person,0.5632,636,349,666,442,651.0,395.5,651.0,442.0
53,2.080,12,person,0.5568,1265,361,1306,441,1285.5,401.0,1285.5,441.0
53,2.080,13,person,0.5212,663,368,717,448,690.0,408.0,690.0,448.0
53,2.080,14,person,0.4587,890,422,943,520,916.5,471.0,916.5,520.0
53,2.080,15,person,0.3697,1295,565,1351,667,1323.0,616.0,1323.0,667.0
53,2.080,16,person,0.3263,893,422,935,494,914.0,458.0,914.0,494.0
54,2.120,1,person,0.8490,1252,738,1328,876,1290.0,807.0,1290.0,876.0
54,2.120,2,person,0.7836,1188,744,1246,877,1217.0,810.5,1217.0,877.0
54,2.120,3,person,0.7753,799,551,864,672,831.5,611.5,831.5,672.0
54,2.120,4,person,0.7131,675,647,716,782,695.5,714.5,695.5,782.0
54,2.120,5,person,0.7047,1235,591,1300,715,1267.5,653.0,1267.5,715.0
54,2.120,6,person,0.7027,189,398,222,504,205.5,451.0,205.5,504.0
54,2.120,7,person,0.6638,490,425,529,537,509.5,481.0,509.5,537.0
54,2.120,8,person,0.6457,988,457,1039,557,1013.5,507.0,1013.5,557.0
54,2.120,9,person,0.6417,1046,424,1089,518,1067.5,471.0,1067.5,518.0
54,2.120,10,person,0.6024,1290,568,1349,674,1319.5,621.0,1319.5,674.0
54,2.120,11,person,0.5998,816,437,846,535,831.0,486.0,831.0,535.0
54,2.120,12,person,0.5851,1258,364,1301,447,1279.5,405.5,1279.5,447.0
54,2.120,13,person,0.4991,877,424,931,524,904.0,474.0,904.0,524.0
54,2.120,14,person,0.4547,629,354,663,442,646.0,398.0,646.0,442.0
54,2.120,15,person,0.4497,659,367,709,450,684.0,408.5,684.0,450.0
54,2.120,16,person,0.2969,629,354,686,449,657.5,401.5,657.5,449.0
55,2.160,1,person,0.8292,1233,734,1310,884,1271.5,809.0,1271.5,884.0
55,2.160,2,person,0.8130,1177,749,1235,883,1206.0,816.0,1206.0,883.0
55,2.160,3,person,0.8097,792,555,858,681,825.0,618.0,825.0,681.0
55,2.160,4,person,0.7657,482,430,521,543,501.5,486.5,501.5,543.0
55,2.160,5,person,0.7581,670,649,715,787,692.5,718.0,692.5,787.0
55,2.160,6,person,0.7507,178,401,215,506,196.5,453.5,196.5,506.0
55,2.160,7,person,0.7467,980,461,1041,563,1010.5,512.0,1010.5,563.0
55,2.160,8,person,0.7220,1230,595,1297,722,1263.5,658.5,1263.5,722.0
55,2.160,9,person,0.6625,1287,572,1340,677,1313.5,624.5,1313.5,677.0
55,2.160,10,person,0.6524,805,440,839,536,822.0,488.0,822.0,536.0
55,2.160,11,person,0.6512,1041,424,1084,523,1062.5,473.5,1062.5,523.0
55,2.160,12,person,0.6297,1250,364,1297,456,1273.5,410.0,1273.5,456.0
55,2.160,13,person,0.6098,626,359,659,452,642.5,405.5,642.5,452.0
55,2.160,14,person,0.5964,866,431,924,529,895.0,480.0,895.0,529.0
55,2.160,15,person,0.5223,662,369,701,451,681.5,410.0,681.5,451.0
56,2.200,1,person,0.8438,972,464,1037,565,1004.5,514.5,1004.5,565.0
56,2.200,2,person,0.7984,1163,751,1229,887,1196.0,819.0,1196.0,887.0
56,2.200,3,person,0.7953,1239,738,1308,885,1273.5,811.5,1273.5,885.0
56,2.200,4,person,0.7825,167,405,210,508,188.5,456.5,188.5,508.0
56,2.200,5,person,0.7620,1226,596,1291,724,1258.5,660.0,1258.5,724.0
56,2.200,6,person,0.7537,475,433,522,545,498.5,489.0,498.5,545.0
56,2.200,7,person,0.7236,659,654,715,791,687.0,722.5,687.0,791.0
56,2.200,8,person,0.7229,789,559,848,677,818.5,618.0,818.5,677.0
56,2.200,9,person,0.7018,797,445,832,538,814.5,491.5,814.5,538.0
56,2.200,10,person,0.6823,859,432,916,532,887.5,482.0,887.5,532.0
56,2.200,11,person,0.6618,1241,369,1287,451,1264.0,410.0,1264.0,451.0
56,2.200,12,person,0.6518,1274,575,1334,689,1304.0,632.0,1304.0,689.0
56,2.200,13,person,0.6320,1035,432,1079,527,1057.0,479.5,1057.0,527.0
56,2.200,14,person,0.5445,620,359,656,453,638.0,406.0,638.0,453.0
56,2.200,15,person,0.4519,659,370,697,459,678.0,414.5,678.0,459.0
56,2.200,16,person,0.3568,802,558,843,668,822.5,613.0,822.5,668.0
57,2.240,1,person,0.8732,1144,754,1225,892,1184.5,823.0,1184.5,892.0
57,2.240,2,person,0.8588,1218,606,1287,730,1252.5,668.0,1252.5,730.0
57,2.240,3,person,0.8098,467,440,521,550,494.0,495.0,494.0,550.0
57,2.240,4,person,0.7866,1240,742,1308,889,1274.0,815.5,1274.0,889.0
57,2.240,5,person,0.7857,965,469,1030,572,997.5,520.5,997.5,572.0
57,2.240,6,person,0.7433,160,408,204,511,182.0,459.5,182.0,511.0
57,2.240,7,person,0.7246,659,657,721,803,690.0,730.0,690.0,803.0
57,2.240,8,person,0.6870,789,561,843,682,816.0,621.5,816.0,682.0
57,2.240,9,person,0.6542,853,436,911,533,882.0,484.5,882.0,533.0
57,2.240,10,person,0.6438,1238,374,1282,451,1260.0,412.5,1260.0,451.0
57,2.240,11,person,0.6394,1031,432,1070,531,1050.5,481.5,1050.5,531.0
57,2.240,12,person,0.6343,789,445,823,541,806.0,493.0,806.0,541.0
57,2.240,13,person,0.6077,1271,584,1329,710,1300.0,647.0,1300.0,710.0
57,2.240,14,person,0.5741,614,362,651,453,632.5,407.5,632.5,453.0
57,2.240,15,person,0.3440,653,372,694,440,673.5,406.0,673.5,440.0
57,2.240,16,person,0.2870,647,372,696,461,671.5,416.5,671.5,461.0
57,2.240,17,person,0.2615,801,560,837,671,819.0,615.5,819.0,671.0
58,2.280,1,person,0.8730,1217,605,1285,732,1251.0,668.5,1251.0,732.0
58,2.280,2,person,0.8200,1135,756,1222,895,1178.5,825.5,1178.5,895.0
58,2.280,3,person,0.8034,964,476,1031,577,997.5,526.5,997.5,577.0
58,2.280,4,person,0.7940,663,663,731,807,697.0,735.0,697.0,807.0
58,2.280,5,person,0.7815,1239,755,1308,888,1273.5,821.5,1273.5,888.0
58,2.280,6,person,0.7797,463,446,514,554,488.5,500.0,488.5,554.0
58,2.280,7,person,0.7367,151,411,203,518,177.0,464.5,177.0,518.0
58,2.280,8,person,0.7034,849,437,906,537,877.5,487.0,877.5,537.0
58,2.280,9,person,0.6686,1234,374,1278,459,1256.0,416.5,1256.0,459.0
58,2.280,10,person,0.6673,798,563,838,684,818.0,623.5,818.0,684.0
58,2.280,11,person,0.6650,783,446,817,545,800.0,495.5,800.0,545.0
58,2.280,12,person,0.6536,1267,588,1328,725,1297.5,656.5,1297.5,725.0
58,2.280,13,person,0.6475,1030,431,1068,530,1049.0,480.5,1049.0,530.0
58,2.280,14,person,0.6203,615,367,650,440,632.5,403.5,632.5,440.0
58,2.280,15,person,0.4146,611,367,658,458,634.5,412.5,634.5,458.0
59,2.320,1,person,0.8827,1220,602,1286,735,1253.0,668.5,1253.0,735.0
59,2.320,2,person,0.8289,1235,762,1307,889,1271.0,825.5,1271.0,889.0
59,2.320,3,person,0.8070,672,670,731,811,701.5,740.5,701.5,811.0
59,2.320,4,person,0.7944,1133,754,1221,899,1177.0,826.5,1177.0,899.0
59,2.320,5,person,0.7637,150,415,196,518,173.0,466.5,173.0,518.0
59,2.320,6,person,0.7595,968,475,1028,578,998.0,526.5,998.0,578.0
59,2.320,7,person,0.7185,1280,594,1328,706,1304.0,650.0,1304.0,706.0
59,2.320,8,person,0.7127,461,448,524,553,492.5,500.5,492.5,553.0
59,2.320,9,person,0.7092,782,446,814,548,798.0,497.0,798.0,548.0
59,2.320,10,person,0.6576,847,437,906,541,876.5,489.0,876.5,541.0
59,2.320,11,person,0.6348,803,565,838,685,820.5,625.0,820.5,685.0
59,2.320,12,person,0.6305,1237,371,1277,461,1257.0,416.0,1257.0,461.0
59,2.320,13,person,0.5783,1031,432,1069,535,1050.0,483.5,1050.0,535.0
59,2.320,14,person,0.5705,617,370,654,444,635.5,407.0,635.5,444.0
59,2.320,15,person,0.4388,613,369,664,458,638.5,413.5,638.5,458.0
59,2.320,16,person,0.3115,148,443,199,521,173.5,482.0,173.5,521.0
59,2.320,17,person,0.2926,654,376,701,464,677.5,420.0,677.5,464.0
60,2.360,1,person,0.8682,1224,604,1289,736,1256.5,670.0,1256.5,736.0
60,2.360,2,person,0.7907,968,470,1027,578,997.5,524.0,997.5,578.0
60,2.360,3,person,0.7851,1168,752,1223,902,1195.5,827.0,1195.5,902.0
60,2.360,4,person,0.7795,687,674,734,812,710.5,743.0,710.5,812.0
60,2.360,5,person,0.7745,1128,752,1222,902,1175.0,827.0,1175.0,902.0
60,2.360,6,person,0.7680,148,416,193,521,170.5,468.5,170.5,521.0
60,2.360,7,person,0.7644,1237,769,1310,896,1273.5,832.5,1273.5,896.0
60,2.360,8,person,0.7088,1282,597,1332,717,1307.0,657.0,1307.0,717.0
60,2.360,9,person,0.6980,459,452,522,553,490.5,502.5,490.5,553.0
60,2.360,10,person,0.6789,783,447,814,546,798.5,496.5,798.5,546.0
60,2.360,11,person,0.6450,808,564,839,689,823.5,626.5,823.5,689.0
60,2.360,12,person,0.6165,1236,372,1279,459,1257.5,415.5,1257.5,459.0
60,2.360,13,person,0.6025,620,372,658,443,639.0,407.5,639.0,443.0
60,2.360,14,person,0.5857,848,431,901,541,874.5,486.0,874.5,541.0
60,2.360,15,person,0.5744,1032,433,1073,532,1052.5,482.5,1052.5,532.0
60,2.360,16,person,0.3617,654,379,712,465,683.0,422.0,683.0,465.0
61,2.400,1,person,0.8403,1134,752,1228,899,1181.0,825.5,1181.0,899.0
61,2.400,2,person,0.8356,702,674,743,812,722.5,743.0,722.5,812.0
61,2.400,3,person,0.8287,1229,602,1295,734,1262.0,668.0,1262.0,734.0
61,2.400,4,person,0.8072,976,466,1033,578,1004.5,522.0,1004.5,578.0
61,2.400,5,person,0.7944,153,415,193,515,173.0,465.0,173.0,515.0
61,2.400,6,person,0.7278,1287,596,1338,718,1312.5,657.0,1312.5,718.0
61,2.400,7,person,0.7274,786,446,815,547,800.5,496.5,800.5,547.0
61,2.400,8,person,0.7150,1239,772,1315,897,1277.0,834.5,1277.0,897.0
61,2.400,9,person,0.7091,459,452,523,553,491.0,502.5,491.0,553.0
61,2.400,10,person,0.6929,812,566,847,692,829.5,629.0,829.5,692.0
61,2.400,11,person,0.6775,1033,431,1078,531,1055.5,481.0,1055.5,531.0
61,2.400,12,person,0.6333,626,372,667,446,646.5,409.0,646.5,446.0
61,2.400,13,person,0.5854,1239,376,1281,459,1260.0,417.5,1260.0,459.0
61,2.400,14,person,0.5544,847,432,904,541,875.5,486.5,875.5,541.0
61,2.400,15,person,0.4100,660,381,721,462,690.5,421.5,690.5,462.0
62,2.440,1,person,0.8354,1141,752,1237,900,1189.0,826.0,1189.0,900.0
62,2.440,2,person,0.8019,986,461,1038,571,1012.0,516.0,1012.0,571.0
62,2.440,3,person,0.7996,156,410,193,516,174.5,463.0,174.5,516.0
62,2.440,4,person,0.7988,712,675,754,812,733.0,743.5,733.0,812.0
62,2.440,5,person,0.7466,1244,775,1321,898,1282.5,836.5,1282.5,898.0
62,2.440,6,person,0.7332,1238,601,1299,733,1268.5,667.0,1268.5,733.0
62,2.440,7,person,0.7283,1288,596,1347,723,1317.5,659.5,1317.5,723.0
62,2.440,8,person,0.7021,788,445,818,545,803.0,495.0,803.0,545.0
62,2.440,9,person,0.6780,461,448,526,554,493.5,501.0,493.5,554.0
62,2.440,10,person,0.6772,1039,428,1083,532,1061.0,480.0,1061.0,532.0
62,2.440,11,person,0.6564,1247,375,1284,457,1265.5,416.0,1265.5,457.0
62,2.440,12,person,0.6547,637,372,667,435,652.0,403.5,652.0,435.0
62,2.440,13,person,0.6426,817,571,855,690,836.0,630.5,836.0,690.0
62,2.440,14,person,0.6171,847,430,906,542,876.5,486.0,876.5,542.0
62,2.440,15,person,0.4928,634,371,673,445,653.5,408.0,653.5,445.0
62,2.440,16,person,0.2681,666,379,717,457,691.5,418.0,691.5,457.0
63,2.480,1,person,0.8156,1283,599,1355,732,1319.0,665.5,1319.0,732.0
63,2.480,2,person,0.7863,1145,751,1246,908,1195.5,829.5,1195.5,908.0
63,2.480,3,person,0.7665,1249,601,1308,734,1278.5,667.5,1278.5,734.0
63,2.480,4,person,0.7556,723,673,771,813,747.0,743.0,747.0,813.0
63,2.480,5,person,0.7546,993,460,1043,573,1018.0,516.5,1018.0,573.0
63,2.480,6,person,0.7388,164,408,197,515,180.5,461.5,180.5,515.0
63,2.480,7,person,0.7338,823,572,874,686,848.5,629.0,848.5,686.0
63,2.480,8,person,0.7205,464,445,522,555,493.0,500.0,493.0,555.0
63,2.480,9,person,0.6881,1253,776,1329,899,1291.0,837.5,1291.0,899.0
63,2.480,10,person,0.6798,791,444,822,541,806.5,492.5,806.5,541.0
63,2.480,11,person,0.6426,1045,427,1088,534,1066.5,480.5,1066.5,534.0
63,2.480,12,person,0.5913,1250,380,1292,457,1271.0,418.5,1271.0,457.0
63,2.480,13,person,0.5820,850,429,906,539,878.0,484.0,878.0,539.0
63,2.480,14,person,0.5747,645,371,676,439,660.5,405.0,660.5,439.0
64,2.520,1,person,0.8302,825,572,889,689,857.0,630.5,857.0,689.0
64,2.520,2,person,0.8102,1295,603,1357,730,1326.0,666.5,1326.0,730.0
64,2.520,3,person,0.8073,729,675,789,815,759.0,745.0,759.0,815.0
64,2.520,4,person,0.8069,1155,750,1258,908,1206.5,829.0,1206.5,908.0
64,2.520,5,person,0.7981,1258,598,1313,735,1285.5,666.5,1285.5,735.0
64,2.520,6,person,0.7852,1003,459,1051,567,1027.0,513.0,1027.0,567.0
64,2.520,7,person,0.7743,1052,428,1096,530,1074.0,479.0,1074.0,530.0
64,2.520,8,person,0.7644,165,407,200,515,182.5,461.0,182.5,515.0
64,2.520,9,person,0.7553,467,444,530,553,498.5,498.5,498.5,553.0
64,2.520,10,person,0.7362,1259,774,1338,900,1298.5,837.0,1298.5,900.0
64,2.520,11,person,0.6406,651,369,688,453,669.5,411.0,669.5,453.0
64,2.520,12,person,0.6306,850,430,908,537,879.0,483.5,879.0,537.0
64,2.520,13,person,0.5758,1258,380,1298,457,1278.0,418.5,1278.0,457.0
64,2.520,14,person,0.5682,794,445,825,541,809.5,493.0,809.5,541.0
64,2.520,15,person,0.4036,693,387,729,454,711.0,420.5,711.0,454.0
64,2.520,16,person,0.3426,690,387,741,458,715.5,422.5,715.5,458.0
65,2.560,1,person,0.8466,1266,600,1322,733,1294.0,666.5,1294.0,733.0
65,2.560,2,person,0.8228,469,440,536,552,502.5,496.0,502.5,552.0
65,2.560,3,person,0.8212,1276,770,1348,898,1312.0,834.0,1312.0,898.0
65,2.560,4,person,0.7911,1303,609,1368,732,1335.5,670.5,1335.5,732.0
65,2.560,5,person,0.7849,1169,749,1258,908,1213.5,828.5,1213.5,908.0
65,2.560,6,person,0.7726,740,674,810,819,775.0,746.5,775.0,819.0
65,2.560,7,person,0.7695,837,572,900,686,868.5,629.0,868.5,686.0
65,2.560,8,person,0.7428,1013,460,1061,565,1037.0,512.5,1037.0,565.0
65,2.560,9,person,0.7219,659,368,693,456,676.0,412.0,676.0,456.0
65,2.560,10,person,0.6918,174,408,210,513,192.0,460.5,192.0,513.0
65,2.560,11,person,0.6794,852,430,915,540,883.5,485.0,883.5,540.0
65,2.560,12,person,0.6624,797,446,828,540,812.5,493.0,812.5,540.0
65,2.560,13,person,0.6248,1060,433,1101,529,1080.5,481.0,1080.5,529.0
65,2.560,14,person,0.6039,1269,381,1306,452,1287.5,416.5,1287.5,452.0
65,2.560,15,person,0.4061,700,384,749,460,724.5,422.0,724.5,460.0
66,2.600,1,person,0.8450,846,574,904,689,875.0,631.5,875.0,689.0
66,2.600,2,person,0.8409,1288,766,1354,900,1321.0,833.0,1321.0,900.0
66,2.600,3,person,0.8177,1180,740,1260,914,1220.0,827.0,1220.0,914.0
66,2.600,4,person,0.7984,1277,600,1326,733,1301.5,666.5,1301.5,733.0
66,2.600,5,person,0.7775,1311,607,1375,731,1343.0,669.0,1343.0,731.0
66,2.600,6,person,0.7770,858,430,922,540,890.0,485.0,890.0,540.0
66,2.600,7,person,0.7626,754,678,828,817,791.0,747.5,791.0,817.0
66,2.600,8,person,0.7606,179,405,218,510,198.5,457.5,198.5,510.0
66,2.600,9,person,0.7226,1068,423,1110,529,1089.0,476.0,1089.0,529.0
66,2.600,10,person,0.7139,474,442,544,548,509.0,495.0,509.0,548.0
66,2.600,11,person,0.6868,1022,456,1068,561,1045.0,508.5,1045.0,561.0
66,2.600,12,person,0.6327,803,440,835,544,819.0,492.0,819.0,544.0
66,2.600,13,person,0.6150,667,363,706,452,686.5,407.5,686.5,452.0
66,2.600,14,person,0.5869,668,364,699,434,683.5,399.0,683.5,434.0
66,2.600,15,person,0.5413,1281,383,1314,451,1297.5,417.0,1297.5,451.0
66,2.600,16,person,0.4018,712,383,759,453,735.5,418.0,735.5,453.0
67,2.640,1,person,0.8081,768,679,835,816,801.5,747.5,801.5,816.0
67,2.640,2,person,0.8060,1189,745,1261,912,1225.0,828.5,1225.0,912.0
67,2.640,3,person,0.7822,1297,760,1364,897,1330.5,828.5,1330.5,897.0
67,2.640,4,person,0.7776,1322,607,1384,733,1353.0,670.0,1353.0,733.0
67,2.640,5,person,0.7739,189,403,234,508,211.5,455.5,211.5,508.0
67,2.640,6,person,0.7655,1285,597,1334,731,1309.5,664.0,1309.5,731.0
67,2.640,7,person,0.7487,853,576,917,688,885.0,632.0,885.0,688.0
67,2.640,8,person,0.7451,1078,428,1117,528,1097.5,478.0,1097.5,528.0
67,2.640,9,person,0.7293,482,438,549,547,515.5,492.5,515.5,547.0
67,2.640,10,person,0.6521,863,430,929,533,896.0,481.5,896.0,533.0
67,2.640,11,person,0.6450,811,432,839,534,825.0,483.0,825.0,534.0
67,2.640,12,person,0.6284,1033,459,1080,560,1056.5,509.5,1056.5,560.0
67,2.640,13,person,0.6232,677,364,711,447,694.0,405.5,694.0,447.0
67,2.640,14,person,0.5701,1292,381,1322,450,1307.0,415.5,1307.0,450.0
67,2.640,15,person,0.5665,721,378,774,456,747.5,417.0,747.5,456.0
67,2.640,16,person,0.4053,723,379,758,436,740.5,407.5,740.5,436.0
68,2.680,1,person,0.7909,863,572,922,686,892.5,629.0,892.5,686.0
68,2.680,2,person,0.7828,1194,744,1261,911,1227.5,827.5,1227.5,911.0
68,2.680,3,person,0.7751,1305,751,1378,896,1341.5,823.5,1341.5,896.0
68,2.680,4,person,0.7654,785,680,843,816,814.0,748.0,814.0,816.0
68,2.680,5,person,0.7622,1296,597,1346,730,1321.0,663.5,1321.0,730.0
68,2.680,6,person,0.7423,198,401,240,505,219.0,453.0,219.0,505.0
68,2.680,7,person,0.7253,1085,426,1127,523,1106.0,474.5,1106.0,523.0
68,2.680,8,person,0.6859,492,440,560,546,526.0,493.0,526.0,546.0
68,2.680,9,person,0.6765,686,363,722,442,704.0,402.5,704.0,442.0
68,2.680,10,person,0.6034,1337,607,1392,725,1364.5,666.0,1364.5,725.0
68,2.680,11,person,0.5915,1042,454,1087,556,1064.5,505.0,1064.5,556.0
68,2.680,12,person,0.5870,812,429,849,532,830.5,480.5,830.5,532.0
68,2.680,13,person,0.5244,868,426,937,533,902.5,479.5,902.5,533.0
68,2.680,14,person,0.4420,730,376,773,452,751.5,414.0,751.5,452.0
68,2.680,15,person,0.3890,198,401,231,492,214.5,446.5,214.5,492.0
68,2.680,16,person,0.3684,1302,379,1334,448,1318.0,413.5,1318.0,448.0
68,2.680,17,person,0.3263,1302,392,1330,449,1316.0,420.5,1316.0,449.0
69,2.720,1,person,0.8391,803,679,853,813,828.0,746.0,828.0,813.0
69,2.720,2,person,0.7821,206,400,251,502,228.5,451.0,228.5,502.0
69,2.720,3,person,0.7504,1344,606,1406,727,1375.0,666.5,1375.0,727.0
69,2.720,4,person,0.7327,1093,421,1136,520,1114.5,470.5,1114.5,520.0
69,2.720,5,person,0.7255,1208,720,1267,910,1237.5,815.0,1237.5,910.0
69,2.720,6,person,0.7168,1322,747,1384,897,1353.0,822.0,1353.0,897.0
69,2.720,7,person,0.6981,871,568,929,681,900.0,624.5,900.0,681.0
69,2.720,8,person,0.6796,1307,595,1351,731,1329.0,663.0,1329.0,731.0
69,2.720,9,person,0.6732,1050,452,1096,553,1073.0,502.5,1073.0,553.0
69,2.720,10,person,0.6163,498,440,571,543,534.5,491.5,534.5,543.0
69,2.720,11,person,0.6162,696,360,735,440,715.5,400.0,715.5,440.0
69,2.720,12,person,0.6023,745,371,777,442,761.0,406.5,761.0,442.0
69,2.720,13,person,0.5546,1314,375,1344,449,1329.0,412.0,1329.0,449.0
69,2.720,14,person,0.5397,824,425,855,526,839.5,475.5,839.5,526.0
69,2.720,15,person,0.5164,879,422,945,528,912.0,475.0,912.0,528.0
69,2.720,16,person,0.4618,742,370,782,451,762.0,410.5,762.0,451.0
69,2.720,17,person,0.3675,0,460,32,568,16.0,514.0,16.0,568.0
70,2.760,1,person,0.8013,816,678,870,818,843.0,748.0,843.0,818.0
70,2.760,2,person,0.7801,879,562,942,683,910.5,622.5,910.5,683.0
70,2.760,3,person,0.7589,1214,743,1280,909,1247.0,826.0,1247.0,909.0
70,2.760,4,person,0.7230,218,395,263,499,240.5,447.0,240.5,499.0
70,2.760,5,person,0.7096,1332,741,1399,892,1365.5,816.5,1365.5,892.0
70,2.760,6,person,0.6881,832,422,865,524,848.5,473.0,848.5,524.0
70,2.760,7,person,0.6766,1103,418,1146,519,1124.5,468.5,1124.5,519.0
70,2.760,8,person,0.6673,0,461,49,562,24.5,511.5,24.5,562.0
70,2.760,9,person,0.6563,1348,600,1413,727,1380.5,663.5,1380.5,727.0
70,2.760,10,person,0.6563,507,436,578,541,542.5,488.5,542.5,541.0
70,2.760,11,person,0.6400,887,415,953,527,920.0,471.0,920.0,527.0
70,2.760,12,person,0.6344,1062,451,1106,554,1084.0,502.5,1084.0,554.0
70,2.760,13,person,0.6186,704,360,746,437,725.0,398.5,725.0,437.0
70,2.760,14,person,0.5897,1318,593,1363,728,1340.5,660.5,1340.5,728.0
70,2.760,15,person,0.5675,1325,371,1358,448,1341.5,409.5,1341.5,448.0
70,2.760,16,person,0.4843,756,371,790,427,773.0,399.0,773.0,427.0
70,2.760,17,person,0.4377,219,395,257,460,238.0,427.5,238.0,460.0
70,2.760,18,person,0.4240,703,359,740,417,721.5,388.0,721.5,417.0
70,2.760,19,person,0.3422,751,370,794,441,772.5,405.5,772.5,441.0
70,2.760,20,person,0.2997,887,417,929,504,908.0,460.5,908.0,504.0
71,2.800,1,person,0.8587,227,394,272,499,249.5,446.5,249.5,499.0
71,2.800,2,person,0.8410,828,679,883,818,855.5,748.5,855.5,818.0
71,2.800,3,person,0.8101,887,558,952,682,919.5,620.0,919.5,682.0
71,2.800,4,person,0.7539,0,459,66,562,33.0,510.5,33.0,562.0
71,2.800,5,person,0.7528,1347,736,1417,884,1382.0,810.0,1382.0,884.0
71,2.800,6,person,0.7502,1227,742,1285,907,1256.0,824.5,1256.0,907.0
71,2.800,7,person,0.6992,711,353,754,437,732.5,395.0,732.5,437.0
71,2.800,8,person,0.6869,1070,441,1115,547,1092.5,494.0,1092.5,547.0
71,2.800,9,person,0.6600,1338,372,1368,448,1353.0,410.0,1353.0,448.0
71,2.800,10,person,0.6434,841,421,873,516,857.0,468.5,857.0,516.0
71,2.800,11,person,0.6314,1110,418,1156,517,1133.0,467.5,1133.0,517.0
71,2.800,12,person,0.6002,1356,593,1424,724,1390.0,658.5,1390.0,724.0
71,2.800,13,person,0.5865,769,367,801,432,785.0,399.5,785.0,432.0
71,2.800,14,person,0.5517,1330,587,1423,728,1376.5,657.5,1376.5,728.0
71,2.800,15,person,0.4860,893,417,953,527,923.0,472.0,923.0,527.0
71,2.800,16,person,0.4852,1328,588,1378,727,1353.0,657.5,1353.0,727.0
71,2.800,17,person,0.4691,767,366,807,448,787.0,407.0,787.0,448.0
71,2.800,18,person,0.2584,518,442,584,539,551.0,490.5,551.0,539.0
72,2.840,1,person,0.8688,841,675,898,819,869.5,747.0,869.5,819.0
72,2.840,2,person,0.8405,894,559,957,681,925.5,620.0,925.5,681.0
72,2.840,3,person,0.8111,1236,743,1298,909,1267.0,826.0,1267.0,909.0
72,2.840,4,person,0.8071,238,392,289,497,263.5,444.5,263.5,497.0
72,2.840,5,person,0.7725,1361,730,1426,881,1393.5,805.5,1393.5,881.0
72,2.840,6,person,0.7578,1077,441,1124,552,1100.5,496.5,1100.5,552.0
72,2.840,7,person,0.7305,1116,415,1162,517,1139.0,466.0,1139.0,517.0
72,2.840,8,person,0.7159,7,457,84,559,45.5,508.0,45.5,559.0
72,2.840,9,person,0.7045,900,407,952,525,926.0,466.0,926.0,525.0
72,2.840,10,person,0.7007,716,351,763,440,739.5,395.5,739.5,440.0
72,2.840,11,person,0.6944,847,422,884,516,865.5,469.0,865.5,516.0
72,2.840,12,person,0.5358,1339,588,1385,728,1362.0,658.0,1362.0,728.0
72,2.840,13,person,0.4799,1348,370,1379,446,1363.5,408.0,1363.5,446.0
72,2.840,14,person,0.4654,1340,587,1430,729,1385.0,658.0,1385.0,729.0
72,2.840,15,person,0.4600,1340,586,1405,727,1372.5,656.5,1372.5,727.0
72,2.840,16,person,0.4145,528,445,594,539,561.0,492.0,561.0,539.0
72,2.840,17,person,0.4142,777,368,814,433,795.5,400.5,795.5,433.0
72,2.840,18,person,0.3245,1362,595,1432,726,1397.0,660.5,1397.0,726.0
73,2.880,1,person,0.8409,1376,727,1432,878,1404.0,802.5,1404.0,878.0
73,2.880,2,person,0.8254,852,677,913,823,882.5,750.0,882.5,823.0
73,2.880,3,person,0.7970,21,458,100,563,60.5,510.5,60.5,563.0
73,2.880,4,person,0.7938,1248,738,1305,910,1276.5,824.0,1276.5,910.0
73,2.880,5,person,0.7917,246,394,295,496,270.5,445.0,270.5,496.0
73,2.880,6,person,0.7578,903,560,966,678,934.5,619.0,934.5,678.0
73,2.880,7,person,0.7096,1085,440,1132,548,1108.5,494.0,1108.5,548.0
73,2.880,8,person,0.6403,853,422,894,514,873.5,468.0,873.5,514.0
73,2.880,9,person,0.6388,908,406,949,522,928.5,464.0,928.5,522.0
73,2.880,10,person,0.6308,723,350,770,438,746.5,394.0,746.5,438.0
73,2.880,11,person,0.6234,1123,415,1173,515,1148.0,465.0,1148.0,515.0
73,2.880,12,person,0.5168,784,367,832,448,808.0,407.5,808.0,448.0
73,2.880,13,person,0.5156,1346,587,1428,727,1387.0,657.0,1387.0,727.0
73,2.880,14,person,0.4655,1358,368,1392,439,1375.0,403.5,1375.0,439.0
73,2.880,15,person,0.4352,724,350,765,416,744.5,383.0,744.5,416.0
73,2.880,16,person,0.4287,1346,587,1394,728,1370.0,657.5,1370.0,728.0
73,2.880,17,person,0.3825,537,445,608,539,572.5,492.0,572.5,539.0
74,2.920,1,person,0.8249,864,679,923,823,893.5,751.0,893.5,823.0
74,2.920,2,person,0.8162,40,459,116,561,78.0,510.0,78.0,561.0
74,2.920,3,person,0.7956,910,557,977,677,943.5,617.0,943.5,677.0
74,2.920,4,person,0.7870,1391,729,1446,874,1418.5,801.5,1418.5,874.0
74,2.920,5,person,0.7691,254,388,303,494,278.5,441.0,278.5,494.0
74,2.920,6,person,0.7676,1251,737,1316,906,1283.5,821.5,1283.5,906.0
74,2.920,7,person,0.6811,733,348,776,440,754.5,394.0,754.5,440.0
74,2.920,8,person,0.6607,1351,586,1437,728,1394.0,657.0,1394.0,728.0
74,2.920,9,person,0.6567,860,422,901,513,880.5,467.5,880.5,513.0
74,2.920,10,person,0.6520,0,714,35,891,17.5,802.5,17.5,891.0
74,2.920,11,person,0.5908,911,405,949,520,930.0,462.5,930.0,520.0
74,2.920,12,person,0.5880,1367,360,1400,439,1383.5,399.5,1383.5,439.0
74,2.920,13,person,0.5709,1130,418,1182,517,1156.0,467.5,1156.0,517.0
74,2.920,14,person,0.5683,1090,438,1143,546,1116.5,492.0,1116.5,546.0
74,2.920,15,person,0.4363,797,367,835,422,816.0,394.5,816.0,422.0
74,2.920,16,person,0.4277,796,367,839,444,817.5,405.5,817.5,444.0
74,2.920,17,person,0.2652,1092,440,1129,527,1110.5,483.5,1110.5,527.0
74,2.920,18,person,0.2501,546,445,606,538,576.0,491.5,576.0,538.0
75,2.960,1,person,0.8255,1400,725,1457,871,1428.5,798.0,1428.5,871.0
75,2.960,2,person,0.8159,73,459,133,558,103.0,508.5,103.0,558.0
75,2.960,3,person,0.8009,875,680,932,824,903.5,752.0,903.5,824.0
75,2.960,4,person,0.7870,917,557,987,677,952.0,617.0,952.0,677.0
75,2.960,5,person,0.7727,1257,734,1322,907,1289.5,820.5,1289.5,907.0
75,2.960,6,person,0.7665,861,423,912,517,886.5,470.0,886.5,517.0
75,2.960,7,person,0.7654,263,388,313,496,288.0,442.0,288.0,496.0
75,2.960,8,person,0.7539,0,718,43,886,21.5,802.0,21.5,886.0
75,2.960,9,person,0.7134,734,346,782,437,758.0,391.5,758.0,437.0
75,2.960,10,person,0.6997,1093,440,1153,549,1123.0,494.5,1123.0,549.0
75,2.960,11,person,0.6809,1358,585,1426,726,1392.0,655.5,1392.0,726.0
75,2.960,12,person,0.6209,1135,415,1188,518,1161.5,466.5,1161.5,518.0
75,2.960,13,person,0.6190,554,441,614,538,584.0,489.5,584.0,538.0
75,2.960,14,person,0.5485,917,405,954,520,935.5,462.5,935.5,520.0
75,2.960,15,person,0.4294,1099,439,1138,537,1118.5,488.0,1118.5,537.0
75,2.960,16,person,0.4199,803,366,846,435,824.5,400.5,824.5,435.0
75,2.960,17,person,0.4197,1379,368,1408,436,1393.5,402.0,1393.5,436.0
75,2.960,18,person,0.3422,554,440,605,511,579.5,475.5,579.5,511.0
76,3.000,1,person,0.8446,91,456,153,560,122.0,508.0,122.0,560.0
76,3.000,2,person,0.8228,1260,736,1331,908,1295.5,822.0,1295.5,908.0
76,3.000,3,person,0.8125,884,678,943,827,913.5,752.5,913.5,827.0
76,3.000,4,person,0.7946,870,423,915,514,892.5,468.5,892.5,514.0
76,3.000,5,person,0.7942,923,560,996,675,959.5,617.5,959.5,675.0
76,3.000,6,person,0.7828,1363,584,1427,726,1395.0,655.0,1395.0,726.0
76,3.000,7,person,0.7779,1097,441,1156,547,1126.5,494.0,1126.5,547.0
76,3.000,8,person,0.7647,1411,696,1468,872,1439.5,784.0,1439.5,872.0
76,3.000,9,person,0.7586,268,385,322,493,295.0,439.0,295.0,493.0
76,3.000,10,person,0.7425,0,713,56,885,28.0,799.0,28.0,885.0
76,3.000,11,person,0.7113,564,442,625,538,594.5,490.0,594.5,538.0
76,3.000,12,person,0.6756,738,349,789,436,763.5,392.5,763.5,436.0
76,3.000,13,person,0.6100,1140,416,1198,525,1169.0,470.5,1169.0,525.0
76,3.000,14,person,0.6030,1388,357,1421,438,1404.5,397.5,1404.5,438.0
76,3.000,15,person,0.5553,921,406,957,519,939.0,462.5,939.0,519.0
76,3.000,16,person,0.3636,812,368,859,445,835.5,406.5,835.5,445.0
77,3.040,1,person,0.8710,894,671,951,823,922.5,747.0,922.5,823.0
77,3.040,2,person,0.8196,102,460,178,563,140.0,511.5,140.0,563.0
77,3.040,3,person,0.8175,277,381,333,492,305.0,436.5,305.0,492.0
77,3.040,4,person,0.8073,0,712,70,883,35.0,797.5,35.0,883.0
77,3.040,5,person,0.8067,1266,737,1341,909,1303.5,823.0,1303.5,909.0
77,3.040,6,person,0.7539,931,558,1004,675,967.5,616.5,967.5,675.0
77,3.040,7,person,0.7520,1421,701,1482,872,1451.5,786.5,1451.5,872.0
77,3.040,8,person,0.7425,1371,585,1446,726,1408.5,655.5,1408.5,726.0
77,3.040,9,person,0.6901,747,351,798,437,772.5,394.0,772.5,437.0
77,3.040,10,person,0.6488,875,421,925,513,900.0,467.0,900.0,513.0
77,3.040,11,person,0.6220,925,405,964,519,944.5,462.0,944.5,519.0
77,3.040,12,person,0.6203,1149,415,1207,529,1178.0,472.0,1178.0,529.0
77,3.040,13,person,0.6152,1105,442,1171,546,1138.0,494.0,1138.0,546.0
77,3.040,14,person,0.5006,571,447,626,536,598.5,491.5,598.5,536.0
77,3.040,15,person,0.2950,1401,365,1431,441,1416.0,403.0,1416.0,441.0
77,3.040,16,person,0.2557,1109,443,1151,530,1130.0,486.5,1130.0,530.0
78,3.080,1,person,0.8815,116,460,199,560,157.5,510.0,157.5,560.0
78,3.080,2,person,0.8690,903,670,962,828,932.5,749.0,932.5,828.0
78,3.080,3,person,0.8516,5,705,84,881,44.5,793.0,44.5,881.0
78,3.080,4,person,0.8306,1275,739,1351,908,1313.0,823.5,1313.0,908.0
78,3.080,5,person,0.8150,1432,709,1501,873,1466.5,791.0,1466.5,873.0
78,3.080,6,person,0.7437,287,383,347,492,317.0,437.5,317.0,492.0
78,3.080,7,person,0.7197,1382,584,1440,722,1411.0,653.0,1411.0,722.0
78,3.080,8,person,0.7168,939,559,1016,672,977.5,615.5,977.5,672.0
78,3.080,9,person,0.7078,884,420,933,514,908.5,467.0,908.5,514.0
78,3.080,10,person,0.6912,1113,444,1182,549,1147.5,496.5,1147.5,549.0
78,3.080,11,person,0.6045,1411,356,1444,438,1427.5,397.0,1427.5,438.0
78,3.080,12,person,0.5855,934,405,976,518,955.0,461.5,955.0,518.0
78,3.080,13,person,0.5646,1155,413,1211,518,1183.0,465.5,1183.0,518.0
78,3.080,14,person,0.5169,760,353,803,435,781.5,394.0,781.5,435.0
78,3.080,15,person,0.4665,580,445,632,536,606.0,490.5,606.0,536.0
78,3.080,16,person,0.3333,1124,442,1158,516,1141.0,479.0,1141.0,516.0
78,3.080,17,person,0.2570,579,445,625,510,602.0,477.5,602.0,510.0
79,3.120,1,person,0.8517,914,673,974,829,944.0,751.0,944.0,829.0
79,3.120,2,person,0.8346,21,702,95,878,58.0,790.0,58.0,878.0
79,3.120,3,person,0.8291,131,459,222,558,176.5,508.5,176.5,558.0
79,3.120,4,person,0.8107,1279,741,1360,905,1319.5,823.0,1319.5,905.0
79,3.120,5,person,0.7959,295,382,358,489,326.5,435.5,326.5,489.0
79,3.120,6,person,0.7917,1443,717,1520,869,1481.5,793.0,1481.5,869.0
79,3.120,7,person,0.7808,1120,448,1188,549,1154.0,498.5,1154.0,549.0
79,3.120,8,person,0.7765,1393,585,1445,721,1419.0,653.0,1419.0,721.0
79,3.120,9,person,0.7707,1162,412,1216,533,1189.0,472.5,1189.0,533.0
79,3.120,10,person,0.7566,944,557,1022,673,983.0,615.0,983.0,673.0
79,3.120,11,person,0.7548,587,442,633,534,610.0,488.0,610.0,534.0
79,3.120,12,person,0.7055,890,423,945,516,917.5,469.5,917.5,516.0
79,3.120,13,person,0.5769,938,404,987,520,962.5,462.0,962.5,520.0
79,3.120,14,person,0.5353,758,354,819,437,788.5,395.5,788.5,437.0
79,3.120,15,person,0.4173,1166,410,1210,515,1188.0,462.5,1188.0,515.0
79,3.120,16,person,0.2904,1424,349,1456,436,1440.0,392.5,1440.0,436.0
79,3.120,17,person,0.2650,1127,444,1161,505,1144.0,474.5,1144.0,505.0
80,3.160,1,person,0.8872,35,701,109,874,72.0,787.5,72.0,874.0
80,3.160,2,person,0.8626,1453,716,1536,870,1494.5,793.0,1494.5,870.0
80,3.160,3,person,0.8579,1282,741,1367,908,1324.5,824.5,1324.5,908.0
80,3.160,4,person,0.8204,925,679,986,833,955.5,756.0,955.5,833.0
80,3.160,5,person,0.8154,593,435,639,537,616.0,486.0,616.0,537.0
80,3.160,6,person,0.7833,305,382,357,489,331.0,435.5,331.0,489.0
80,3.160,7,person,0.7619,150,461,244,556,197.0,508.5,197.0,556.0
80,3.160,8,person,0.7576,1127,447,1200,549,1163.5,498.0,1163.5,549.0
80,3.160,9,person,0.7282,1401,585,1468,719,1434.5,652.0,1434.5,719.0
80,3.160,10,person,0.6743,952,555,1024,671,988.0,613.0,988.0,671.0
80,3.160,11,person,0.6377,1170,414,1218,518,1194.0,466.0,1194.0,518.0
80,3.160,12,person,0.6323,900,423,950,513,925.0,468.0,925.0,513.0
80,3.160,13,person,0.4950,764,353,825,438,794.5,395.5,794.5,438.0
80,3.160,14,person,0.4801,1434,352,1469,437,1451.5,394.5,1451.5,437.0
80,3.160,15,person,0.3738,775,354,821,420,798.0,387.0,798.0,420.0
80,3.160,16,person,0.3274,944,408,994,515,969.0,461.5,969.0,515.0
80,3.160,17,person,0.3029,953,554,999,665,976.0,609.5,976.0,665.0
80,3.160,18,person,0.2837,949,408,988,500,968.5,454.0,968.5,500.0
80,3.160,19,person,0.2740,1127,417,1209,552,1168.0,484.5,1168.0,552.0
80,3.160,20,person,0.2727,950,408,978,481,964.0,444.5,964.0,481.0
81,3.200,1,person,0.8739,1460,715,1548,875,1504.0,795.0,1504.0,875.0
81,3.200,2,person,0.8342,934,677,997,834,965.5,755.5,965.5,834.0
81,3.200,3,person,0.8297,48,699,126,870,87.0,784.5,87.0,870.0
81,3.200,4,person,0.8271,1285,744,1369,908,1327.0,826.0,1327.0,908.0
81,3.200,5,person,0.8032,312,382,376,490,344.0,436.0,344.0,490.0
81,3.200,6,person,0.7671,1409,581,1468,720,1438.5,650.5,1438.5,720.0
81,3.200,7,person,0.7172,599,441,647,544,623.0,492.5,623.0,544.0
81,3.200,8,person,0.6841,1135,442,1206,549,1170.5,495.5,1170.5,549.0
81,3.200,9,person,0.6548,903,420,954,513,928.5,466.5,928.5,513.0
81,3.200,10,person,0.6128,776,354,835,436,805.5,395.0,805.5,436.0
81,3.200,11,person,0.5883,950,405,999,518,974.5,461.5,974.5,518.0
81,3.200,12,person,0.5871,958,551,1028,670,993.0,610.5,993.0,670.0
81,3.200,13,person,0.5795,1183,411,1218,509,1200.5,460.0,1200.5,509.0
81,3.200,14,person,0.4974,175,462,259,555,217.0,508.5,217.0,555.0
81,3.200,15,person,0.4710,200,462,258,550,229.0,506.0,229.0,550.0
81,3.200,16,person,0.4483,1445,348,1480,438,1462.5,393.0,1462.5,438.0
81,3.200,17,person,0.3744,1179,409,1220,545,1199.5,477.0,1199.5,545.0
81,3.200,18,person,0.3562,1165,428,1219,550,1192.0,489.0,1192.0,550.0
82,3.240,1,person,0.9197,1470,716,1559,873,1514.5,794.5,1514.5,873.0
82,3.240,2,person,0.8246,1288,748,1368,904,1328.0,826.0,1328.0,904.0
82,3.240,3,person,0.8103,60,703,138,868,99.0,785.5,99.0,868.0
82,3.240,4,person,0.7882,227,459,277,559,252.0,509.0,252.0,559.0
82,3.240,5,person,0.7741,319,388,379,490,349.0,439.0,349.0,490.0
82,3.240,6,person,0.7675,946,682,1002,833,974.0,757.5,974.0,833.0
82,3.240,7,person,0.7644,1413,580,1485,720,1449.0,650.0,1449.0,720.0
82,3.240,8,person,0.7291,605,440,652,543,628.5,491.5,628.5,543.0
82,3.240,9,person,0.7123,910,420,955,513,932.5,466.5,932.5,513.0
82,3.240,10,person,0.6473,964,549,1029,671,996.5,610.0,996.5,671.0
82,3.240,11,person,0.5979,780,350,844,435,812.0,392.5,812.0,435.0
82,3.240,12,person,0.5923,1188,414,1224,517,1206.0,465.5,1206.0,517.0
82,3.240,13,person,0.5849,956,407,1001,516,978.5,461.5,978.5,516.0
82,3.240,14,person,0.5458,1146,444,1213,547,1179.5,495.5,1179.5,547.0
82,3.240,15,person,0.5218,1455,348,1493,437,1474.0,392.5,1474.0,437.0
82,3.240,16,person,0.2587,1152,441,1183,531,1167.5,486.0,1167.5,531.0
83,3.280,1,person,0.8684,71,701,148,872,109.5,786.5,109.5,872.0
83,3.280,2,person,0.8558,1483,712,1573,874,1528.0,793.0,1528.0,874.0
83,3.280,3,person,0.8403,952,687,1013,834,982.5,760.5,982.5,834.0
83,3.280,4,person,0.8295,1292,750,1377,901,1334.5,825.5,1334.5,901.0
83,3.280,5,person,0.8136,242,460,291,561,266.5,510.5,266.5,561.0
83,3.280,6,person,0.8058,1419,578,1494,720,1456.5,649.0,1456.5,720.0
83,3.280,7,person,0.7928,325,389,390,490,357.5,439.5,357.5,490.0
83,3.280,8,person,0.7848,921,416,958,510,939.5,463.0,939.5,510.0
83,3.280,9,person,0.7116,786,352,851,437,818.5,394.5,818.5,437.0
83,3.280,10,person,0.7002,609,440,659,541,634.0,490.5,634.0,541.0
83,3.280,11,person,0.6826,1192,411,1231,517,1211.5,464.0,1211.5,517.0
83,3.280,12,person,0.6510,1152,442,1207,547,1179.5,494.5,1179.5,547.0
83,3.280,13,person,0.6485,968,549,1026,672,997.0,610.5,997.0,672.0
83,3.280,14,person,0.5250,1465,351,1508,438,1486.5,394.5,1486.5,438.0
83,3.280,15,person,0.4940,963,408,1000,511,981.5,459.5,981.5,511.0
83,3.280,16,person,0.4391,964,408,996,479,980.0,443.5,980.0,479.0
83,3.280,17,person,0.2587,1195,415,1230,550,1212.5,482.5,1212.5,550.0
84,3.320,1,person,0.8940,1493,708,1582,869,1537.5,788.5,1537.5,869.0
84,3.320,2,person,0.8694,82,703,159,873,120.5,788.0,120.5,873.0
84,3.320,3,person,0.8406,1293,753,1386,902,1339.5,827.5,1339.5,902.0
84,3.320,4,person,0.8391,961,689,1021,838,991.0,763.5,991.0,838.0
84,3.320,5,person,0.8168,1421,578,1497,720,1459.0,649.0,1459.0,720.0
84,3.320,6,person,0.7745,334,387,397,491,365.5,439.0,365.5,491.0
84,3.320,7,person,0.7698,265,460,313,562,289.0,511.0,289.0,562.0
84,3.320,8,person,0.7690,926,409,962,511,944.0,460.0,944.0,511.0
84,3.320,9,person,0.6552,973,551,1026,666,999.5,608.5,999.5,666.0
84,3.320,10,person,0.6531,610,442,669,565,639.5,503.5,639.5,565.0
84,3.320,11,person,0.6177,1198,413,1236,517,1217.0,465.0,1217.0,517.0
84,3.320,12,person,0.5492,961,405,1000,511,980.5,458.0,980.5,511.0
84,3.320,13,person,0.4811,792,352,849,436,820.5,394.0,820.5,436.0
84,3.320,14,person,0.4645,1473,354,1526,439,1499.5,396.5,1499.5,439.0
84,3.320,15,person,0.4599,1160,441,1197,544,1178.5,492.5,1178.5,544.0
84,3.320,16,person,0.3916,792,353,835,408,813.5,380.5,813.5,408.0
85,3.360,1,person,0.8584,1291,754,1394,904,1342.5,829.0,1342.5,904.0
85,3.360,2,person,0.8563,1501,710,1593,872,1547.0,791.0,1547.0,872.0
85,3.360,3,person,0.8384,89,703,172,871,130.5,787.0,130.5,871.0
85,3.360,4,person,0.8377,969,691,1028,839,998.5,765.0,998.5,839.0
85,3.360,5,person,0.7646,1424,578,1500,718,1462.0,648.0,1462.0,718.0
85,3.360,6,person,0.7337,338,386,402,489,370.0,437.5,370.0,489.0
85,3.360,7,person,0.7202,930,408,966,510,948.0,459.0,948.0,510.0
85,3.360,8,person,0.6766,278,462,333,563,305.5,512.5,305.5,563.0
85,3.360,9,person,0.6554,613,447,676,560,644.5,503.5,644.5,560.0
85,3.360,10,person,0.6535,981,554,1037,673,1009.0,613.5,1009.0,673.0
85,3.360,11,person,0.6358,1204,415,1247,513,1225.5,464.0,1225.5,513.0
85,3.360,12,person,0.6025,795,356,847,430,821.0,393.0,821.0,430.0
85,3.360,13,person,0.5786,970,407,1006,513,988.0,460.0,988.0,513.0
85,3.360,14,person,0.5568,1164,440,1209,546,1186.5,493.0,1186.5,546.0
85,3.360,15,person,0.5025,1481,356,1535,438,1508.0,397.0,1508.0,438.0
86,3.400,1,person,0.8817,972,693,1036,844,1004.0,768.5,1004.0,844.0
86,3.400,2,person,0.8421,1290,755,1399,901,1344.5,828.0,1344.5,901.0
86,3.400,3,person,0.8330,1503,708,1601,871,1552.0,789.5,1552.0,871.0
86,3.400,4,person,0.8176,98,702,176,870,137.0,786.0,137.0,870.0
86,3.400,5,person,0.7942,1429,578,1505,720,1467.0,649.0,1467.0,720.0
86,3.400,6,person,0.7794,293,460,363,563,328.0,511.5,328.0,563.0
86,3.400,7,person,0.7771,935,410,970,509,952.5,459.5,952.5,509.0
86,3.400,8,person,0.7571,345,383,410,491,377.5,437.0,377.5,491.0
86,3.400,9,person,0.6508,1206,414,1254,516,1230.0,465.0,1230.0,516.0
86,3.400,10,person,0.6457,614,445,674,553,644.0,499.0,644.0,553.0
86,3.400,11,person,0.5359,972,405,1017,517,994.5,461.0,994.5,517.0
86,3.400,12,person,0.5313,799,354,848,432,823.5,393.0,823.5,432.0
86,3.400,13,person,0.5257,1168,440,1203,534,1185.5,487.0,1185.5,534.0
86,3.400,14,person,0.5221,984,557,1041,669,1012.5,613.0,1012.5,669.0
86,3.400,15,person,0.3418,984,556,1027,660,1005.5,608.0,1005.5,660.0
86,3.400,16,person,0.2720,1490,359,1549,438,1519.5,398.5,1519.5,438.0
86,3.400,17,person,0.2663,1491,360,1528,438,1509.5,399.0,1509.5,438.0
86,3.400,18,person,0.2634,797,353,839,410,818.0,381.5,818.0,410.0
86,3.400,19,person,0.2538,341,384,399,476,370.0,430.0,370.0,476.0
87,3.440,1,person,0.8799,976,694,1043,846,1009.5,770.0,1009.5,846.0
87,3.440,2,person,0.8667,106,698,180,870,143.0,784.0,143.0,870.0
87,3.440,3,person,0.8488,1286,754,1402,898,1344.0,826.0,1344.0,898.0
87,3.440,4,person,0.8141,1507,706,1611,870,1559.0,788.0,1559.0,870.0
87,3.440,5,person,0.8040,306,457,386,564,346.0,510.5,346.0,564.0
87,3.440,6,person,0.7739,1432,575,1511,723,1471.5,649.0,1471.5,723.0
87,3.440,7,person,0.7123,937,412,973,513,955.0,462.5,955.0,513.0
87,3.440,8,person,0.6811,620,444,673,552,646.5,498.0,646.5,552.0
87,3.440,9,person,0.6760,1208,414,1259,518,1233.5,466.0,1233.5,518.0
87,3.440,10,person,0.5639,1172,441,1204,539,1188.0,490.0,1188.0,539.0
87,3.440,11,person,0.5263,985,561,1044,673,1014.5,617.0,1014.5,673.0
87,3.440,12,person,0.5042,346,382,400,487,373.0,434.5,373.0,487.0
87,3.440,13,person,0.4688,972,405,1013,508,992.5,456.5,992.5,508.0
87,3.440,14,person,0.4475,808,354,850,431,829.0,392.5,829.0,431.0
87,3.440,15,person,0.4207,1164,442,1207,547,1185.5,494.5,1185.5,547.0
87,3.440,16,person,0.3863,1499,359,1543,435,1521.0,397.0,1521.0,435.0
87,3.440,17,person,0.3814,884,376,918,439,901.0,407.5,901.0,439.0
87,3.440,18,person,0.3703,1497,364,1560,439,1528.5,401.5,1528.5,439.0
87,3.440,19,person,0.3678,1539,701,1606,870,1572.5,785.5,1572.5,870.0
87,3.440,20,person,0.3155,346,383,397,457,371.5,420.0,371.5,457.0
88,3.480,1,person,0.8796,112,694,183,863,147.5,778.5,147.5,863.0
88,3.480,2,person,0.8675,984,693,1045,847,1014.5,770.0,1014.5,847.0
88,3.480,3,person,0.8435,1282,759,1394,900,1338.0,829.5,1338.0,900.0
88,3.480,4,person,0.8303,1519,706,1619,869,1569.0,787.5,1569.0,869.0
88,3.480,5,person,0.7717,1440,575,1516,722,1478.0,648.5,1478.0,722.0
88,3.480,6,person,0.6941,330,463,403,568,366.5,515.5,366.5,568.0
88,3.480,7,person,0.6885,1213,413,1261,518,1237.0,465.5,1237.0,518.0
88,3.480,8,person,0.6775,625,444,674,553,649.5,498.5,649.5,553.0
88,3.480,9,person,0.6348,348,380,400,480,374.0,430.0,374.0,480.0
88,3.480,10,person,0.6040,1173,444,1213,549,1193.0,496.5,1193.0,549.0
88,3.480,11,person,0.5900,987,563,1055,680,1021.0,621.5,1021.0,680.0
88,3.480,12,person,0.5879,940,414,979,511,959.5,462.5,959.5,511.0
88,3.480,13,person,0.4633,966,410,1021,517,993.5,463.5,993.5,517.0
88,3.480,14,person,0.4001,809,353,851,429,830.0,391.0,830.0,429.0
88,3.480,15,person,0.3596,1511,359,1547,433,1529.0,396.0,1529.0,433.0
88,3.480,16,person,0.2674,884,379,924,445,904.0,412.0,904.0,445.0
89,3.520,1,person,0.8848,117,692,187,862,152.0,777.0,152.0,862.0
89,3.520,2,person,0.8689,1526,705,1628,871,1577.0,788.0,1577.0,871.0
89,3.520,3,person,0.8342,991,692,1050,846,1020.5,769.0,1020.5,846.0
89,3.520,4,person,0.8101,1279,762,1381,901,1330.0,831.5,1330.0,901.0
89,3.520,5,person,0.7907,1439,574,1522,721,1480.5,647.5,1480.5,721.0
89,3.520,6,person,0.7576,626,443,674,552,650.0,497.5,650.0,552.0
89,3.520,7,person,0.7547,1215,413,1264,523,1239.5,468.0,1239.5,523.0
89,3.520,8,person,0.7076,939,418,983,515,961.0,466.5,961.0,515.0
89,3.520,9,person,0.7042,1173,443,1218,551,1195.5,497.0,1195.5,551.0
89,3.520,10,person,0.6900,352,439,405,567,378.5,503.0,378.5,567.0
89,3.520,11,person,0.6200,986,568,1064,683,1025.0,625.5,1025.0,683.0
89,3.520,12,person,0.4708,810,351,854,430,832.0,390.5,832.0,430.0
89,3.520,13,person,0.4562,351,397,409,566,380.0,481.5,380.0,566.0
89,3.520,14,person,0.4339,351,379,398,462,374.5,420.5,374.5,462.0
89,3.520,15,person,0.3969,978,407,1012,511,995.0,459.0,995.0,511.0
89,3.520,16,person,0.3175,882,377,927,456,904.5,416.5,904.5,456.0
89,3.520,17,person,0.3000,1515,362,1580,440,1547.5,401.0,1547.5,440.0
89,3.520,18,person,0.2767,880,377,910,426,895.0,401.5,895.0,426.0
90,3.560,1,person,0.8744,120,687,191,856,155.5,771.5,155.5,856.0
90,3.560,2,person,0.8477,995,689,1052,847,1023.5,768.0,1023.5,847.0
90,3.560,3,person,0.8442,1533,705,1632,870,1582.5,787.5,1582.5,870.0
90,3.560,4,person,0.8384,1266,761,1363,901,1314.5,831.0,1314.5,901.0
90,3.560,5,person,0.7789,1218,415,1263,522,1240.5,468.5,1240.5,522.0
90,3.560,6,person,0.7280,367,449,412,567,389.5,508.0,389.5,567.0
90,3.560,7,person,0.7267,1442,576,1523,721,1482.5,648.5,1482.5,721.0
90,3.560,8,person,0.7183,621,445,676,554,648.5,499.5,648.5,554.0
90,3.560,9,person,0.6708,1165,444,1222,553,1193.5,498.5,1193.5,553.0
90,3.560,10,person,0.6558,936,421,989,517,962.5,469.0,962.5,517.0
90,3.560,11,person,0.6354,986,565,1069,678,1027.5,621.5,1027.5,678.0
90,3.560,12,person,0.5248,807,349,849,430,828.0,389.5,828.0,430.0
90,3.560,13,person,0.4881,357,380,399,460,378.0,420.0,378.0,460.0
90,3.560,14,person,0.4488,1516,367,1585,439,1550.5,403.0,1550.5,439.0
90,3.560,15,person,0.4336,1177,442,1216,547,1196.5,494.5,1196.5,547.0
90,3.560,16,person,0.3949,977,410,1014,516,995.5,463.0,995.5,516.0
90,3.560,17,person,0.3517,878,375,908,451,893.0,413.0,893.0,451.0
90,3.560,18,person,0.2844,987,564,1046,672,1016.5,618.0,1016.5,672.0
90,3.560,19,person,0.2596,814,354,856,431,835.0,392.5,835.0,431.0
91,3.600,1,person,0.8901,128,684,197,856,162.5,770.0,162.5,856.0
91,3.600,2,person,0.8585,1000,690,1057,851,1028.5,770.5,1028.5,851.0
91,3.600,3,person,0.8193,1259,762,1366,902,1312.5,832.0,1312.5,902.0
91,3.600,4,person,0.8148,1544,709,1639,871,1591.5,790.0,1591.5,871.0
91,3.600,5,person,0.7623,1166,449,1230,554,1198.0,501.5,1198.0,554.0
91,3.600,6,person,0.7573,1223,416,1264,520,1243.5,468.0,1243.5,520.0
91,3.600,7,person,0.6826,985,561,1068,677,1026.5,619.0,1026.5,677.0
91,3.600,8,person,0.6808,1439,574,1523,723,1481.0,648.5,1481.0,723.0
91,3.600,9,person,0.6766,380,460,425,566,402.5,513.0,402.5,566.0
91,3.600,10,person,0.6617,610,449,678,560,644.0,504.5,644.0,560.0
91,3.600,11,person,0.6411,806,349,849,437,827.5,393.0,827.5,437.0
91,3.600,12,person,0.5558,934,420,989,515,961.5,467.5,961.5,515.0
91,3.600,13,person,0.5067,632,449,678,560,655.0,504.5,655.0,560.0
91,3.600,14,person,0.4881,974,410,1013,516,993.5,463.0,993.5,516.0
91,3.600,15,person,0.4750,360,383,399,459,379.5,421.0,379.5,459.0
91,3.600,16,person,0.3768,1528,362,1594,442,1561.0,402.0,1561.0,442.0
92,3.640,1,person,0.9070,133,682,203,853,168.0,767.5,168.0,853.0
92,3.640,2,person,0.8717,1256,759,1369,902,1312.5,830.5,1312.5,902.0
92,3.640,3,person,0.8500,1548,712,1645,871,1596.5,791.5,1596.5,871.0
92,3.640,4,person,0.8144,1005,690,1062,854,1033.5,772.0,1033.5,854.0
92,3.640,5,person,0.8141,605,449,683,561,644.0,505.0,644.0,561.0
92,3.640,6,person,0.7681,394,466,455,566,424.5,516.0,424.5,566.0
92,3.640,7,person,0.7319,1169,449,1230,555,1199.5,502.0,1199.5,555.0
92,3.640,8,person,0.7160,1224,413,1261,522,1242.5,467.5,1242.5,522.0
92,3.640,9,person,0.7115,362,383,402,482,382.0,432.5,382.0,482.0
92,3.640,10,person,0.6648,985,562,1065,676,1025.0,619.0,1025.0,676.0
92,3.640,11,person,0.6462,1440,578,1522,720,1481.0,649.0,1481.0,720.0
92,3.640,12,person,0.6129,938,421,985,517,961.5,469.0,961.5,517.0
92,3.640,13,person,0.5597,806,349,848,434,827.0,391.5,827.0,434.0
92,3.640,14,person,0.5333,937,415,1022,520,979.5,467.5,979.5,520.0
92,3.640,15,person,0.4962,634,450,683,561,658.5,505.5,658.5,561.0
92,3.640,16,person,0.4801,978,414,1020,517,999.0,465.5,999.0,517.0
92,3.640,17,person,0.3393,876,381,915,461,895.5,421.0,895.5,461.0
92,3.640,18,person,0.3030,1535,371,1600,442,1567.5,406.5,1567.5,442.0
92,3.640,19,person,0.3007,871,377,922,470,896.5,423.5,896.5,470.0
93,3.680,1,person,0.9148,1252,757,1366,901,1309.0,829.0,1309.0,901.0
93,3.680,2,person,0.8869,139,679,207,849,173.0,764.0,173.0,849.0
93,3.680,3,person,0.8439,1582,711,1653,869,1617.5,790.0,1617.5,869.0
93,3.680,4,person,0.7835,363,386,403,484,383.0,435.0,383.0,484.0
93,3.680,5,person,0.7572,1010,692,1070,858,1040.0,775.0,1040.0,858.0
93,3.680,6,person,0.7380,599,452,684,561,641.5,506.5,641.5,561.0
93,3.680,7,person,0.6999,1173,448,1227,555,1200.0,501.5,1200.0,555.0
93,3.680,8,person,0.6985,808,350,848,438,828.0,394.0,828.0,438.0
93,3.680,9,person,0.6984,406,475,480,571,443.0,523.0,443.0,571.0
93,3.680,10,person,0.6850,1226,413,1261,520,1243.5,466.5,1243.5,520.0
93,3.680,11,person,0.6176,941,417,987,517,964.0,467.0,964.0,517.0
93,3.680,12,person,0.6070,984,564,1054,676,1019.0,620.0,1019.0,676.0
93,3.680,13,person,0.5906,1457,589,1518,722,1487.5,655.5,1487.5,722.0
93,3.680,14,person,0.5657,941,418,1014,518,977.5,468.0,977.5,518.0
93,3.680,15,person,0.4535,978,414,1016,518,997.0,466.0,997.0,518.0
93,3.680,16,person,0.4003,1543,391,1607,441,1575.0,416.0,1575.0,441.0
93,3.680,17,person,0.3813,871,381,913,456,892.0,418.5,892.0,456.0
93,3.680,18,person,0.3556,634,454,684,560,659.0,507.0,659.0,560.0
93,3.680,19,person,0.3278,980,564,1035,676,1007.5,620.0,1007.5,676.0
93,3.680,20,person,0.3214,1429,570,1489,703,1459.0,636.5,1459.0,703.0
93,3.680,21,person,0.2826,1431,566,1475,698,1453.0,632.0,1453.0,698.0
94,3.720,1,person,0.8823,1253,758,1363,900,1308.0,829.0,1308.0,900.0
94,3.720,2,person,0.8381,146,676,213,844,179.5,760.0,179.5,844.0
94,3.720,3,person,0.8191,420,472,491,573,455.5,522.5,455.5,573.0
94,3.720,4,person,0.8136,1571,712,1657,869,1614.0,790.5,1614.0,869.0
94,3.720,5,person,0.7863,1015,698,1075,857,1045.0,777.5,1045.0,857.0
94,3.720,6,person,0.7648,594,456,692,564,643.0,510.0,643.0,564.0
94,3.720,7,person,0.7503,361,391,406,490,383.5,440.5,383.5,490.0
94,3.720,8,person,0.6983,944,416,1017,521,980.5,468.5,980.5,521.0
94,3.720,9,person,0.6704,808,355,846,443,827.0,399.0,827.0,443.0
94,3.720,10,person,0.6593,1227,415,1262,527,1244.5,471.0,1244.5,527.0
94,3.720,11,person,0.6523,1465,594,1513,722,1489.0,658.0,1489.0,722.0
94,3.720,12,person,0.6064,1178,449,1222,556,1200.0,502.5,1200.0,556.0
94,3.720,13,person,0.5535,1551,361,1613,443,1582.0,402.0,1582.0,443.0
94,3.720,14,person,0.5471,982,414,1019,518,1000.5,466.0,1000.5,518.0
94,3.720,15,person,0.4944,979,562,1043,676,1011.0,619.0,1011.0,676.0
94,3.720,16,person,0.3954,870,384,910,451,890.0,417.5,890.0,451.0
94,3.720,17,person,0.3743,1433,572,1482,704,1457.5,638.0,1457.5,704.0
94,3.720,18,person,0.2797,1173,449,1210,561,1191.5,505.0,1191.5,561.0
95,3.760,1,person,0.8336,1590,713,1668,866,1629.0,789.5,1629.0,866.0
95,3.760,2,person,0.8223,1018,702,1084,862,1051.0,782.0,1051.0,862.0
95,3.760,3,person,0.8187,431,477,496,572,463.5,524.5,463.5,572.0
95,3.760,4,person,0.8165,152,682,227,844,189.5,763.0,189.5,844.0
95,3.760,5,person,0.8071,1254,760,1357,901,1305.5,830.5,1305.5,901.0
95,3.760,6,person,0.7917,598,460,699,563,648.5,511.5,648.5,563.0
95,3.760,7,person,0.7498,361,391,412,489,386.5,440.0,386.5,489.0
95,3.760,8,person,0.6947,1232,420,1268,524,1250.0,472.0,1250.0,524.0
95,3.760,9,person,0.6651,1181,449,1224,557,1202.5,503.0,1202.5,557.0
95,3.760,10,person,0.6573,977,562,1044,676,1010.5,619.0,1010.5,676.0
95,3.760,11,person,0.6246,811,356,845,445,828.0,400.5,828.0,445.0
95,3.760,12,person,0.6231,948,416,1022,522,985.0,469.0,985.0,522.0
95,3.760,13,person,0.6120,1560,356,1620,442,1590.0,399.0,1590.0,442.0
95,3.760,14,person,0.6034,1466,590,1511,722,1488.5,656.0,1488.5,722.0
95,3.760,15,person,0.5537,948,416,988,518,968.0,467.0,968.0,518.0
95,3.760,16,person,0.5156,985,415,1022,519,1003.5,467.0,1003.5,519.0
95,3.760,17,person,0.4675,1254,761,1308,903,1281.0,832.0,1281.0,903.0
95,3.760,18,person,0.4152,1446,584,1510,722,1478.0,653.0,1478.0,722.0
95,3.760,19,person,0.3615,866,384,919,461,892.5,422.5,892.5,461.0
95,3.760,20,person,0.3437,1561,389,1620,442,1590.5,415.5,1590.5,442.0
96,3.800,1,person,0.8918,1614,710,1675,862,1644.5,786.0,1644.5,862.0
96,3.800,2,person,0.8315,160,679,231,842,195.5,760.5,195.5,842.0
96,3.800,3,person,0.8245,600,459,702,564,651.0,511.5,651.0,564.0
96,3.800,4,person,0.8120,1015,704,1094,866,1054.5,785.0,1054.5,866.0
96,3.800,5,person,0.7699,362,393,423,489,392.5,441.0,392.5,489.0
96,3.800,6,person,0.7621,443,476,505,572,474.0,524.0,474.0,572.0
96,3.800,7,person,0.7108,1233,419,1276,525,1254.5,472.0,1254.5,525.0
96,3.800,8,person,0.6872,1184,449,1228,559,1206.0,504.0,1206.0,559.0
96,3.800,9,person,0.6750,1253,763,1306,903,1279.5,833.0,1279.5,903.0
96,3.800,10,person,0.6590,975,560,1041,678,1008.0,619.0,1008.0,678.0
96,3.800,11,person,0.6275,813,358,846,443,829.5,400.5,829.5,443.0
96,3.800,12,person,0.6271,1463,582,1519,722,1491.0,652.0,1491.0,722.0
96,3.800,13,person,0.5981,1575,361,1627,442,1601.0,401.5,1601.0,442.0
96,3.800,14,person,0.5164,1440,578,1519,722,1479.5,650.0,1479.5,722.0
96,3.800,15,person,0.5094,954,416,1015,521,984.5,468.5,984.5,521.0
96,3.800,16,person,0.4954,955,416,995,518,975.0,467.0,975.0,518.0
96,3.800,17,person,0.4408,986,415,1031,519,1008.5,467.0,1008.5,519.0
96,3.800,18,person,0.3373,961,415,1031,522,996.0,468.5,996.0,522.0
96,3.800,19,person,0.3340,868,382,913,449,890.5,415.5,890.5,449.0
96,3.800,20,person,0.2903,1437,565,1473,660,1455.0,612.5,1455.0,660.0
96,3.800,21,person,0.2526,1253,765,1338,901,1295.5,833.0,1295.5,901.0
96,3.800,22,person,0.2521,868,383,925,467,896.5,425.0,896.5,467.0
97,3.840,1,person,0.8703,1624,708,1688,862,1656.0,785.0,1656.0,862.0
97,3.840,2,person,0.8574,168,680,238,840,203.0,760.0,203.0,840.0
97,3.840,3,person,0.8014,1025,707,1098,866,1061.5,786.5,1061.5,866.0
97,3.840,4,person,0.8009,456,478,516,578,486.0,528.0,486.0,578.0
97,3.840,5,person,0.7872,612,456,702,571,657.0,513.5,657.0,571.0
97,3.840,6,person,0.7404,979,558,1044,679,1011.5,618.5,1011.5,679.0
97,3.840,7,person,0.7211,1248,764,1323,900,1285.5,832.0,1285.5,900.0
97,3.840,8,person,0.7210,369,394,432,489,400.5,441.5,400.5,489.0
97,3.840,9,person,0.7051,1234,417,1282,524,1258.0,470.5,1258.0,524.0
97,3.840,10,person,0.6761,1187,447,1226,559,1206.5,503.0,1206.5,559.0
97,3.840,11,person,0.6342,814,359,851,443,832.5,401.0,832.5,443.0
97,3.840,12,person,0.6115,1591,354,1637,443,1614.0,398.5,1614.0,443.0
97,3.840,13,person,0.5959,1460,587,1525,722,1492.5,654.5,1492.5,722.0
97,3.840,14,person,0.4812,961,415,999,515,980.0,465.0,980.0,515.0
97,3.840,15,person,0.3869,1441,562,1474,652,1457.5,607.0,1457.5,652.0
97,3.840,16,person,0.3862,961,413,1016,518,988.5,465.5,988.5,518.0
97,3.840,17,person,0.3648,1440,561,1468,633,1454.0,597.0,1454.0,633.0
97,3.840,18,person,0.3527,866,383,929,472,897.5,427.5,897.5,472.0
97,3.840,19,person,0.3355,457,480,512,554,484.5,517.0,484.5,554.0
97,3.840,20,person,0.3149,867,381,918,454,892.5,417.5,892.5,454.0
97,3.840,21,person,0.3019,989,414,1038,517,1013.5,465.5,1013.5,517.0
97,3.840,22,person,0.2525,1443,586,1520,714,1481.5,650.0,1481.5,714.0
97,3.840,23,person,0.2510,970,413,1040,522,1005.0,467.5,1005.0,522.0
98,3.880,1,person,0.9020,174,685,249,839,211.5,762.0,211.5,839.0
98,3.880,2,person,0.8489,1640,706,1698,861,1669.0,783.5,1669.0,861.0
98,3.880,3,person,0.8141,1031,706,1109,867,1070.0,786.5,1070.0,867.0
98,3.880,4,person,0.8105,1241,762,1318,904,1279.5,833.0,1279.5,904.0
98,3.880,5,person,0.7967,628,458,703,571,665.5,514.5,665.5,571.0
98,3.880,6,person,0.7704,984,558,1048,681,1016.0,619.5,1016.0,681.0
98,3.880,7,person,0.7273,372,393,438,487,405.0,440.0,405.0,487.0
98,3.880,8,person,0.7066,469,477,528,582,498.5,529.5,498.5,582.0
98,3.880,9,person,0.6833,1236,417,1289,527,1262.5,472.0,1262.5,527.0
98,3.880,10,person,0.6659,1474,587,1537,722,1505.5,654.5,1505.5,722.0
98,3.880,11,person,0.6532,1604,349,1643,442,1623.5,395.5,1623.5,442.0
98,3.880,12,person,0.6417,815,359,856,445,835.5,402.0,835.5,445.0
98,3.880,13,person,0.5953,966,410,1041,524,1003.5,467.0,1003.5,524.0
98,3.880,14,person,0.5776,1195,447,1228,559,1211.5,503.0,1211.5,559.0
98,3.880,15,person,0.4638,469,476,520,556,494.5,516.0,494.5,556.0
98,3.880,16,person,0.4343,1442,560,1488,678,1465.0,619.0,1465.0,678.0
98,3.880,17,person,0.3945,1440,562,1477,651,1458.5,606.5,1458.5,651.0
98,3.880,18,person,0.3216,966,415,1009,520,987.5,467.5,987.5,520.0
98,3.880,19,person,0.3123,867,377,898,430,882.5,403.5,882.5,430.0
98,3.880,20,person,0.2990,1442,561,1471,631,1456.5,596.0,1456.5,631.0
98,3.880,21,person,0.2827,866,376,933,468,899.5,422.0,899.5,468.0
98,3.880,22,person,0.2525,866,377,907,444,886.5,410.5,886.5,444.0
99,3.920,1,person,0.8916,181,685,259,838,220.0,761.5,220.0,838.0
99,3.920,2,person,0.8483,1649,705,1710,860,1679.5,782.5,1679.5,860.0
99,3.920,3,person,0.8414,1234,764,1328,907,1281.0,835.5,1281.0,907.0
99,3.920,4,person,0.8245,1035,705,1119,866,1077.0,785.5,1077.0,866.0
99,3.920,5,person,0.7964,480,477,540,581,510.0,529.0,510.0,581.0
99,3.920,6,person,0.7819,632,460,708,572,670.0,516.0,670.0,572.0
99,3.920,7,person,0.7793,1469,589,1544,723,1506.5,656.0,1506.5,723.0
99,3.920,8,person,0.7543,1241,415,1300,529,1270.5,472.0,1270.5,529.0
99,3.920,9,person,0.7043,986,558,1052,680,1019.0,619.0,1019.0,680.0
99,3.920,10,person,0.6824,375,393,421,483,398.0,438.0,398.0,483.0
99,3.920,11,person,0.6654,1194,449,1241,559,1217.5,504.0,1217.5,559.0
99,3.920,12,person,0.6215,1444,560,1490,685,1467.0,622.5,1467.0,685.0
99,3.920,13,person,0.6139,816,358,860,448,838.0,403.0,838.0,448.0
99,3.920,14,person,0.5398,973,410,1032,524,1002.5,467.0,1002.5,524.0
99,3.920,15,person,0.4348,1616,353,1656,442,1636.0,397.5,1636.0,442.0
99,3.920,16,person,0.4225,376,394,446,488,411.0,441.0,411.0,488.0
99,3.920,17,person,0.3722,867,377,903,440,885.0,408.5,885.0,440.0
99,3.920,18,person,0.3102,865,377,915,449,890.0,413.0,890.0,449.0
100,3.960,1,person,0.8782,187,683,272,836,229.5,759.5,229.5,836.0
100,3.960,2,person,0.8697,1663,707,1720,861,1691.5,784.0,1691.5,861.0
100,3.960,3,person,0.8418,1037,709,1121,868,1079.0,788.5,1079.0,868.0
100,3.960,4,person,0.8385,1230,762,1329,909,1279.5,835.5,1279.5,909.0
100,3.960,5,person,0.8080,1474,593,1555,725,1514.5,659.0,1514.5,725.0
100,3.960,6,person,0.7519,490,478,549,582,519.5,530.0,519.5,582.0
100,3.960,7,person,0.7383,990,559,1054,683,1022.0,621.0,1022.0,683.0
100,3.960,8,person,0.7202,1252,417,1308,530,1280.0,473.5,1280.0,530.0
100,3.960,9,person,0.6802,1195,449,1252,560,1223.5,504.5,1223.5,560.0
100,3.960,10,person,0.6335,975,414,1032,522,1003.5,468.0,1003.5,522.0
100,3.960,11,person,0.6302,1445,558,1488,688,1466.5,623.0,1466.5,688.0
100,3.960,12,person,0.6152,820,358,859,445,839.5,401.5,839.5,445.0
100,3.960,13,person,0.5865,639,462,707,574,673.0,518.0,673.0,574.0
100,3.960,14,person,0.4868,383,392,433,485,408.0,438.5,408.0,485.0
100,3.960,15,person,0.4801,381,392,423,472,402.0,432.0,402.0,472.0
100,3.960,16,person,0.4191,868,381,906,442,887.0,411.5,887.0,442.0
100,3.960,17,person,0.3989,1629,340,1666,441,1647.5,390.5,1647.5,441.0
100,3.960,18,person,0.3528,975,413,1055,523,1015.0,468.0,1015.0,523.0
100,3.960,19,person,0.2918,1448,560,1481,674,1464.5,617.0,1464.5,674.0
101,4.000,1,person,0.9076,1672,706,1728,861,1700.0,783.5,1700.0,861.0
101,4.000,2,person,0.8599,195,684,281,838,238.0,761.0,238.0,838.0
101,4.000,3,person,0.8527,1228,762,1328,909,1278.0,835.5,1278.0,909.0
101,4.000,4,person,0.8308,1481,591,1566,722,1523.5,656.5,1523.5,722.0
101,4.000,5,person,0.7787,1053,712,1122,867,1087.5,789.5,1087.5,867.0
101,4.000,6,person,0.7339,1193,450,1260,560,1226.5,505.0,1226.5,560.0
101,4.000,7,person,0.6923,984,415,1037,519,1010.5,467.0,1010.5,519.0
101,4.000,8,person,0.6858,500,476,560,581,530.0,528.5,530.0,581.0
101,4.000,9,person,0.6812,1259,418,1311,526,1285.0,472.0,1285.0,526.0
101,4.000,10,person,0.6466,992,561,1054,682,1023.0,621.5,1023.0,682.0
101,4.000,11,person,0.6358,823,358,861,451,842.0,404.5,842.0,451.0
101,4.000,12,person,0.5892,651,463,685,547,668.0,505.0,668.0,547.0
101,4.000,13,person,0.5836,1446,558,1486,675,1466.0,616.5,1466.0,675.0
101,4.000,14,person,0.5501,874,381,905,442,889.5,411.5,889.5,442.0
101,4.000,15,person,0.5146,1642,355,1677,444,1659.5,399.5,1659.5,444.0
101,4.000,16,person,0.4650,994,560,1037,678,1015.5,619.0,1015.5,678.0
101,4.000,17,person,0.4565,500,477,544,549,522.0,513.0,522.0,549.0
101,4.000,18,person,0.3968,1450,558,1484,656,1467.0,607.0,1467.0,656.0
101,4.000,19,person,0.3585,644,462,705,576,674.5,519.0,674.5,576.0
101,4.000,20,person,0.3234,385,394,433,464,409.0,429.0,409.0,464.0
102,4.040,1,person,0.8868,200,680,288,835,244.0,757.5,244.0,835.0
102,4.040,2,person,0.8440,1686,709,1740,860,1713.0,784.5,1713.0,860.0
102,4.040,3,person,0.8253,1491,590,1572,720,1531.5,655.0,1531.5,720.0
102,4.040,4,person,0.8235,508,474,571,581,539.5,527.5,539.5,581.0
102,4.040,5,person,0.7929,1227,763,1325,915,1276.0,839.0,1276.0,915.0
102,4.040,6,person,0.7783,1060,711,1126,872,1093.0,791.5,1093.0,872.0
102,4.040,7,person,0.7231,1199,454,1267,560,1233.0,507.0,1233.0,560.0
102,4.040,8,person,0.7024,829,360,861,448,845.0,404.0,845.0,448.0
102,4.040,9,person,0.6801,988,414,1046,517,1017.0,465.5,1017.0,517.0
102,4.040,10,person,0.6782,1228,760,1282,917,1255.0,838.5,1255.0,917.0
102,4.040,11,person,0.6516,1267,416,1313,525,1290.0,470.5,1290.0,525.0
102,4.040,12,person,0.6151,1652,344,1690,441,1671.0,392.5,1671.0,441.0
102,4.040,13,person,0.6107,998,561,1041,675,1019.5,618.0,1019.5,675.0
102,4.040,14,person,0.5981,1452,556,1491,685,1471.5,620.5,1471.5,685.0
102,4.040,15,person,0.5143,874,384,906,448,890.0,416.0,890.0,448.0
102,4.040,16,person,0.5122,651,461,694,562,672.5,511.5,672.5,562.0
102,4.040,17,person,0.3338,1455,558,1487,666,1471.0,612.0,1471.0,666.0
102,4.040,18,person,0.3271,872,384,912,464,892.0,424.0,892.0,464.0
102,4.040,19,person,0.2883,650,462,713,574,681.5,518.0,681.5,574.0
102,4.040,20,person,0.2707,385,394,438,468,411.5,431.0,411.5,468.0
103,4.080,1,person,0.8926,205,679,294,835,249.5,757.0,249.5,835.0
103,4.080,2,person,0.8575,1697,710,1752,857,1724.5,783.5,1724.5,857.0
103,4.080,3,person,0.8466,1493,592,1581,720,1537.0,656.0,1537.0,720.0
103,4.080,4,person,0.7849,1226,765,1313,914,1269.5,839.5,1269.5,914.0
103,4.080,5,person,0.7833,1064,705,1127,871,1095.5,788.0,1095.5,871.0
103,4.080,6,person,0.7360,653,458,705,570,679.0,514.0,679.0,570.0
103,4.080,7,person,0.7159,831,359,864,449,847.5,404.0,847.5,449.0
103,4.080,8,person,0.6750,516,472,580,581,548.0,526.5,548.0,581.0
103,4.080,9,person,0.6666,1206,452,1273,560,1239.5,506.0,1239.5,560.0
103,4.080,10,person,0.6618,994,410,1051,517,1022.5,463.5,1022.5,517.0
103,4.080,11,person,0.6110,1459,556,1496,685,1477.5,620.5,1477.5,685.0
103,4.080,12,person,0.5984,998,564,1047,684,1022.5,624.0,1022.5,684.0
103,4.080,13,person,0.5708,1275,417,1317,526,1296.0,471.5,1296.0,526.0
103,4.080,14,person,0.5590,1226,764,1283,916,1254.5,840.0,1254.5,916.0
103,4.080,15,person,0.5474,1664,349,1700,441,1682.0,395.0,1682.0,441.0
103,4.080,16,person,0.4987,517,474,568,552,542.5,513.0,542.5,552.0
103,4.080,17,person,0.4745,388,392,442,483,415.0,437.5,415.0,483.0
103,4.080,18,person,0.3095,862,381,927,463,894.5,422.0,894.5,463.0
104,4.120,1,person,0.8701,1706,710,1763,860,1734.5,785.0,1734.5,860.0
104,4.120,2,person,0.8240,208,670,297,829,252.5,749.5,252.5,829.0
104,4.120,3,person,0.7909,526,474,587,579,556.5,526.5,556.5,579.0
104,4.120,4,person,0.7872,1220,765,1289,917,1254.5,841.0,1254.5,917.0
104,4.120,5,person,0.7800,1074,706,1131,867,1102.5,786.5,1102.5,867.0
104,4.120,6,person,0.7673,1504,587,1587,721,1545.5,654.0,1545.5,721.0
104,4.120,7,person,0.7614,1213,456,1280,560,1246.5,508.0,1246.5,560.0
104,4.120,8,person,0.7551,1000,409,1057,518,1028.5,463.5,1028.5,518.0
104,4.120,9,person,0.7196,1280,422,1319,525,1299.5,473.5,1299.5,525.0
104,4.120,10,person,0.6981,1463,560,1514,687,1488.5,623.5,1488.5,687.0
104,4.120,11,person,0.6979,659,456,705,567,682.0,511.5,682.0,567.0
104,4.120,12,person,0.6532,1673,344,1712,441,1692.5,392.5,1692.5,441.0
104,4.120,13,person,0.6056,837,359,868,445,852.5,402.0,852.5,445.0
104,4.120,14,person,0.5767,1000,565,1052,681,1026.0,623.0,1026.0,681.0
104,4.120,15,person,0.5708,393,388,450,483,421.5,435.5,421.5,483.0
104,4.120,16,person,0.3368,857,375,930,466,893.5,420.5,893.5,466.0
104,4.120,17,person,0.3013,400,411,452,484,426.0,447.5,426.0,484.0
104,4.120,18,person,0.2940,874,373,926,462,900.0,417.5,900.0,462.0
105,4.160,1,person,0.8653,214,666,294,826,254.0,746.0,254.0,826.0
105,4.160,2,person,0.8421,1714,707,1771,859,1742.5,783.0,1742.5,859.0
105,4.160,3,person,0.8380,533,471,598,582,565.5,526.5,565.5,582.0
105,4.160,4,person,0.8329,1214,763,1288,914,1251.0,838.5,1251.0,914.0
105,4.160,5,person,0.8063,663,453,711,568,687.0,510.5,687.0,568.0
105,4.160,6,person,0.7551,1012,408,1067,523,1039.5,465.5,1039.5,523.0
105,4.160,7,person,0.7448,1080,707,1139,870,1109.5,788.5,1109.5,870.0
105,4.160,8,person,0.7142,1507,590,1593,718,1550.0,654.0,1550.0,718.0
105,4.160,9,person,0.7011,1287,419,1324,521,1305.5,470.0,1305.5,521.0
105,4.160,10,person,0.6501,838,358,873,445,855.5,401.5,855.5,445.0
105,4.160,11,person,0.6501,998,563,1070,682,1034.0,622.5,1034.0,682.0
105,4.160,12,person,0.6327,395,383,461,485,428.0,434.0,428.0,485.0
105,4.160,13,person,0.5847,1465,555,1511,686,1488.0,620.5,1488.0,686.0
105,4.160,14,person,0.5549,1222,452,1280,558,1251.0,505.0,1251.0,558.0
105,4.160,15,person,0.5548,1686,349,1722,441,1704.0,395.0,1704.0,441.0
105,4.160,16,person,0.3620,877,370,934,462,905.5,416.0,905.5,462.0
105,4.160,17,person,0.3487,1223,450,1266,553,1244.5,501.5,1244.5,553.0
105,4.160,18,person,0.3407,1505,590,1566,718,1535.5,654.0,1535.5,718.0
105,4.160,19,person,0.2856,406,403,462,486,434.0,444.5,434.0,486.0
105,4.160,20,person,0.2823,1000,562,1052,674,1026.0,618.0,1026.0,674.0
105,4.160,21,person,0.2747,877,371,906,427,891.5,399.0,891.5,427.0
106,4.200,1,person,0.8682,222,659,290,825,256.0,742.0,256.0,825.0
106,4.200,2,person,0.8233,1727,706,1779,859,1753.0,782.5,1753.0,859.0
106,4.200,3,person,0.8088,667,450,716,570,691.5,510.0,691.5,570.0
106,4.200,4,person,0.7887,1208,756,1294,910,1251.0,833.0,1251.0,910.0
106,4.200,5,person,0.7862,542,474,605,583,573.5,528.5,573.5,583.0
106,4.200,6,person,0.7535,1509,588,1591,715,1550.0,651.5,1550.0,715.0
106,4.200,7,person,0.7495,1087,706,1141,867,1114.0,786.5,1114.0,867.0
106,4.200,8,person,0.7298,1290,418,1330,522,1310.0,470.0,1310.0,522.0
106,4.200,9,person,0.6442,1695,339,1733,439,1714.0,389.0,1714.0,439.0
106,4.200,10,person,0.6353,997,563,1070,687,1033.5,625.0,1033.5,687.0
106,4.200,11,person,0.6092,1019,406,1072,521,1045.5,463.5,1045.5,521.0
106,4.200,12,person,0.5915,1231,450,1280,555,1255.5,502.5,1255.5,555.0
106,4.200,13,person,0.5568,399,385,464,484,431.5,434.5,431.5,484.0
106,4.200,14,person,0.5552,1468,551,1512,675,1490.0,613.0,1490.0,675.0
106,4.200,15,person,0.5274,839,354,881,444,860.0,399.0,860.0,444.0
106,4.200,16,person,0.4658,841,355,873,436,857.0,395.5,857.0,436.0
106,4.200,17,person,0.4647,1230,450,1266,551,1248.0,500.5,1248.0,551.0
106,4.200,18,person,0.4139,840,356,900,448,870.0,402.0,870.0,448.0
106,4.200,19,person,0.2812,863,375,947,464,905.0,419.5,905.0,464.0
106,4.200,20,person,0.2707,1002,562,1054,664,1028.0,613.0,1028.0,664.0
107,4.240,1,person,0.8574,548,475,615,584,581.5,529.5,581.5,584.0
107,4.240,2,person,0.8258,1521,587,1581,716,1551.0,651.5,1551.0,716.0
107,4.240,3,person,0.8253,227,655,291,817,259.0,736.0,259.0,817.0
107,4.240,4,person,0.8231,1294,417,1336,523,1315.0,470.0,1315.0,523.0
107,4.240,5,person,0.8204,1202,753,1298,913,1250.0,833.0,1250.0,913.0
107,4.240,6,person,0.8099,1733,705,1791,858,1762.0,781.5,1762.0,858.0
107,4.240,7,person,0.7464,1089,707,1147,869,1118.0,788.0,1118.0,869.0
107,4.240,8,person,0.7073,669,451,720,571,694.5,511.0,694.5,571.0
107,4.240,9,person,0.6881,1706,335,1743,436,1724.5,385.5,1724.5,436.0
107,4.240,10,person,0.5991,1234,445,1280,553,1257.0,499.0,1257.0,553.0
107,4.240,11,person,0.5733,1023,405,1075,524,1049.0,464.5,1049.0,524.0
107,4.240,12,person,0.5573,407,385,468,480,437.5,432.5,437.5,480.0
107,4.240,13,person,0.5561,1001,563,1052,683,1026.5,623.0,1026.5,683.0
107,4.240,14,person,0.5527,1467,548,1517,679,1492.0,613.5,1492.0,679.0
107,4.240,15,person,0.5093,843,350,897,441,870.0,395.5,870.0,441.0
107,4.240,16,person,0.4872,1007,562,1043,673,1025.0,617.5,1025.0,673.0
107,4.240,17,person,0.4836,844,351,873,426,858.5,388.5,858.5,426.0
107,4.240,18,person,0.4309,844,351,882,436,863.0,393.5,863.0,436.0
107,4.240,19,person,0.3201,1470,547,1509,664,1489.5,605.5,1489.5,664.0
107,4.240,20,person,0.2683,407,386,448,451,427.5,418.5,427.5,451.0
108,4.280,1,person,0.8614,231,650,295,814,263.0,732.0,263.0,814.0
108,4.280,2,person,0.8508,1189,752,1296,909,1242.5,830.5,1242.5,909.0
108,4.280,3,person,0.8473,556,477,628,582,592.0,529.5,592.0,582.0
108,4.280,4,person,0.8416,1529,585,1580,717,1554.5,651.0,1554.5,717.0
108,4.280,5,person,0.7829,1744,703,1801,858,1772.5,780.5,1772.5,858.0
108,4.280,6,person,0.7624,1299,419,1345,525,1322.0,472.0,1322.0,525.0
108,4.280,7,person,0.7179,673,453,723,570,698.0,511.5,698.0,570.0
108,4.280,8,person,0.7170,1239,443,1278,552,1258.5,497.5,1258.5,552.0
108,4.280,9,person,0.6988,1097,711,1164,873,1130.5,792.0,1130.5,873.0
108,4.280,10,person,0.6849,1472,543,1515,669,1493.5,606.0,1493.5,669.0
108,4.280,11,person,0.6513,1718,338,1753,439,1735.5,388.5,1735.5,439.0
108,4.280,12,person,0.6321,845,347,883,435,864.0,391.0,864.0,435.0
108,4.280,13,person,0.6254,1004,562,1061,684,1032.5,623.0,1032.5,684.0
108,4.280,14,person,0.6216,1033,405,1082,517,1057.5,461.0,1057.5,517.0
108,4.280,15,person,0.6028,843,345,895,438,869.0,391.5,869.0,438.0
108,4.280,16,person,0.4558,409,384,458,474,433.5,429.0,433.5,474.0
108,4.280,17,person,0.3123,1468,541,1529,676,1498.5,608.5,1498.5,676.0
108,4.280,18,person,0.2660,410,386,450,437,430.0,411.5,430.0,437.0
109,4.320,1,person,0.8743,560,477,636,583,598.0,530.0,598.0,583.0
109,4.320,2,person,0.8691,1178,750,1295,906,1236.5,828.0,1236.5,906.0
109,4.320,3,person,0.8599,239,647,297,810,268.0,728.5,268.0,810.0
109,4.320,4,person,0.7961,1750,704,1810,857,1780.0,780.5,1780.0,857.0
109,4.320,5,person,0.7811,1243,442,1282,551,1262.5,496.5,1262.5,551.0
109,4.320,6,person,0.7776,1529,585,1582,713,1555.5,649.0,1555.5,713.0
109,4.320,7,person,0.7486,680,452,724,570,702.0,511.0,702.0,570.0
109,4.320,8,person,0.7125,1038,402,1082,515,1060.0,458.5,1060.0,515.0
109,4.320,9,person,0.7101,1100,718,1171,873,1135.5,795.5,1135.5,873.0
109,4.320,10,person,0.7075,1004,560,1053,681,1028.5,620.5,1028.5,681.0
109,4.320,11,person,0.6920,1303,419,1353,524,1328.0,471.5,1328.0,524.0
109,4.320,12,person,0.6635,1472,540,1518,670,1495.0,605.0,1495.0,670.0
109,4.320,13,person,0.6291,414,386,463,473,438.5,429.5,438.5,473.0
109,4.320,14,person,0.6289,846,348,890,435,868.0,391.5,868.0,435.0
109,4.320,15,person,0.6100,1728,336,1765,435,1746.5,385.5,1746.5,435.0
109,4.320,16,person,0.2919,842,348,904,437,873.0,392.5,873.0,437.0
110,4.360,1,person,0.9017,245,647,301,803,273.0,725.0,273.0,803.0
110,4.360,2,person,0.8704,564,474,644,579,604.0,526.5,604.0,579.0
110,4.360,3,person,0.8165,1181,749,1289,907,1235.0,828.0,1235.0,907.0
110,4.360,4,person,0.7907,1758,701,1819,854,1788.5,777.5,1788.5,854.0
110,4.360,5,person,0.7542,1534,586,1592,711,1563.0,648.5,1563.0,711.0
110,4.360,6,person,0.7399,1104,720,1177,873,1140.5,796.5,1140.5,873.0
110,4.360,7,person,0.7248,1244,439,1290,552,1267.0,495.5,1267.0,552.0
110,4.360,8,person,0.6980,996,557,1054,683,1025.0,620.0,1025.0,683.0
110,4.360,9,person,0.6862,418,383,462,472,440.0,427.5,440.0,472.0
110,4.360,10,person,0.6721,682,453,726,569,704.0,511.0,704.0,569.0
110,4.360,11,person,0.6610,1473,537,1517,669,1495.0,603.0,1495.0,669.0
110,4.360,12,person,0.6475,1307,415,1355,518,1331.0,466.5,1331.0,518.0
110,4.360,13,person,0.6112,1043,403,1085,511,1064.0,457.0,1064.0,511.0
110,4.360,14,person,0.6027,848,349,889,439,868.5,394.0,868.5,439.0
110,4.360,15,person,0.5148,1473,534,1535,672,1504.0,603.0,1504.0,672.0
110,4.360,16,person,0.4789,1736,334,1772,434,1754.0,384.0,1754.0,434.0
110,4.360,17,person,0.4530,1182,751,1242,911,1212.0,831.0,1212.0,911.0
110,4.360,18,person,0.3035,846,346,901,449,873.5,397.5,873.5,449.0
111,4.400,1,person,0.8646,566,474,654,580,610.0,527.0,610.0,580.0
111,4.400,2,person,0.8625,249,647,306,803,277.5,725.0,277.5,803.0
111,4.400,3,person,0.7746,1537,587,1600,711,1568.5,649.0,1568.5,711.0
111,4.400,4,person,0.7557,1763,704,1831,854,1797.0,779.0,1797.0,854.0
111,4.400,5,person,0.7288,682,454,736,569,709.0,511.5,709.0,569.0
111,4.400,6,person,0.7266,1744,330,1784,432,1764.0,381.0,1764.0,432.0
111,4.400,7,person,0.6984,1182,751,1241,908,1211.5,829.5,1211.5,908.0
111,4.400,8,person,0.6948,419,382,467,473,443.0,427.5,443.0,473.0
111,4.400,9,person,0.6806,1249,441,1294,550,1271.5,495.5,1271.5,550.0
111,4.400,10,person,0.6711,1003,553,1057,674,1030.0,613.5,1030.0,674.0
111,4.400,11,person,0.6708,1107,723,1183,875,1145.0,799.0,1145.0,875.0
111,4.400,12,person,0.6574,1312,413,1365,521,1338.5,467.0,1338.5,521.0
111,4.400,13,person,0.6102,1049,403,1091,513,1070.0,458.0,1070.0,513.0
111,4.400,14,person,0.6068,1477,538,1515,663,1496.0,600.5,1496.0,663.0
111,4.400,15,person,0.6048,849,349,885,441,867.0,395.0,867.0,441.0
111,4.400,16,person,0.5185,848,348,898,445,873.0,396.5,873.0,445.0
111,4.400,17,person,0.4158,1474,536,1525,669,1499.5,602.5,1499.5,669.0
111,4.400,18,person,0.3381,1180,752,1276,910,1228.0,831.0,1228.0,910.0
111,4.400,19,person,0.2910,0,395,15,498,7.5,446.5,7.5,498.0
111,4.400,20,person,0.2852,848,347,923,447,885.5,397.0,885.5,447.0
112,4.440,1,person,0.8594,569,474,655,579,612.0,526.5,612.0,579.0
112,4.440,2,person,0.8552,252,643,312,799,282.0,721.0,282.0,799.0
112,4.440,3,person,0.8037,1534,587,1611,707,1572.5,647.0,1572.5,707.0
112,4.440,4,person,0.7735,1755,335,1793,429,1774.0,382.0,1774.0,429.0
112,4.440,5,person,0.7602,1773,705,1841,854,1807.0,779.5,1807.0,854.0
112,4.440,6,person,0.7579,680,453,746,572,713.0,512.5,713.0,572.0
112,4.440,7,person,0.7094,1004,551,1057,666,1030.5,608.5,1030.5,666.0
112,4.440,8,person,0.7074,420,380,471,470,445.5,425.0,445.5,470.0
112,4.440,9,person,0.6923,1179,751,1230,907,1204.5,829.0,1204.5,907.0
112,4.440,10,person,0.6714,1252,441,1298,549,1275.0,495.0,1275.0,549.0
112,4.440,11,person,0.6673,1319,414,1368,521,1343.5,467.5,1343.5,521.0
112,4.440,12,person,0.6632,1476,538,1514,667,1495.0,602.5,1495.0,667.0
112,4.440,13,person,0.5930,1054,402,1093,511,1073.5,456.5,1073.5,511.0
112,4.440,14,person,0.5267,851,350,894,440,872.5,395.0,872.5,440.0
112,4.440,15,person,0.4972,1107,725,1170,872,1138.5,798.5,1138.5,872.0
112,4.440,16,person,0.4673,0,389,27,492,13.5,440.5,13.5,492.0
113,4.480,1,person,0.8754,570,475,655,579,612.5,527.0,612.5,579.0
113,4.480,2,person,0.8157,1531,586,1617,707,1574.0,646.5,1574.0,707.0
113,4.480,3,person,0.8066,253,641,317,797,285.0,719.0,285.0,797.0
113,4.480,4,person,0.7967,1776,703,1850,852,1813.0,777.5,1813.0,852.0
113,4.480,5,person,0.7804,679,454,752,568,715.5,511.0,715.5,568.0
113,4.480,6,person,0.7573,1005,547,1057,664,1031.0,605.5,1031.0,664.0
113,4.480,7,person,0.7493,1169,749,1234,902,1201.5,825.5,1201.5,902.0
113,4.480,8,person,0.6873,421,377,481,472,451.0,424.5,451.0,472.0
113,4.480,9,person,0.6823,1325,413,1366,514,1345.5,463.5,1345.5,514.0
113,4.480,10,person,0.6773,1763,324,1800,429,1781.5,376.5,1781.5,429.0
113,4.480,11,person,0.6697,1478,536,1517,665,1497.5,600.5,1497.5,665.0
113,4.480,12,person,0.6378,851,350,901,439,876.0,394.5,876.0,439.0
113,4.480,13,person,0.6356,1057,404,1099,512,1078.0,458.0,1078.0,512.0
113,4.480,14,person,0.6241,1256,440,1298,544,1277.0,492.0,1277.0,544.0
113,4.480,15,person,0.5075,1108,724,1163,873,1135.5,798.5,1135.5,873.0
113,4.480,16,person,0.5032,0,383,33,493,16.5,438.0,16.5,493.0
114,4.520,1,person,0.8615,572,472,654,578,613.0,525.0,613.0,578.0
114,4.520,2,person,0.8452,254,637,323,798,288.5,717.5,288.5,798.0
114,4.520,3,person,0.8365,676,453,757,564,716.5,508.5,716.5,564.0
114,4.520,4,person,0.8240,1542,587,1623,705,1582.5,646.0,1582.5,705.0
114,4.520,5,person,0.7979,1010,546,1056,663,1033.0,604.5,1033.0,663.0
114,4.520,6,person,0.7692,1783,703,1859,850,1821.0,776.5,1821.0,850.0
114,4.520,7,person,0.7635,419,373,486,469,452.5,421.0,452.5,469.0
114,4.520,8,person,0.7529,1061,398,1103,509,1082.0,453.5,1082.0,509.0
114,4.520,9,person,0.7430,1160,745,1235,900,1197.5,822.5,1197.5,900.0
114,4.520,10,person,0.7249,1774,327,1810,425,1792.0,376.0,1792.0,425.0
114,4.520,11,person,0.7022,849,348,901,442,875.0,395.0,875.0,442.0
114,4.520,12,person,0.7021,1329,413,1370,513,1349.5,463.0,1349.5,513.0
114,4.520,13,person,0.6420,1261,440,1297,544,1279.0,492.0,1279.0,544.0
114,4.520,14,person,0.6378,1479,536,1519,663,1499.0,599.5,1499.0,663.0
114,4.520,15,person,0.4964,0,376,41,491,20.5,433.5,20.5,491.0
114,4.520,16,person,0.4168,1109,723,1159,864,1134.0,793.5,1134.0,864.0
114,4.520,17,person,0.2544,1108,722,1155,815,1131.5,768.5,1131.5,815.0
115,4.560,1,person,0.8504,680,452,759,564,719.5,508.0,719.5,564.0
115,4.560,2,person,0.8372,256,635,328,789,292.0,712.0,292.0,789.0
115,4.560,3,person,0.7927,1791,703,1865,850,1828.0,776.5,1828.0,850.0
115,4.560,4,person,0.7809,573,469,649,573,611.0,521.0,611.0,573.0
115,4.560,5,person,0.7805,1011,541,1050,658,1030.5,599.5,1030.5,658.0
115,4.560,6,person,0.7631,1538,585,1630,703,1584.0,644.0,1584.0,703.0
115,4.560,7,person,0.7287,1140,738,1234,897,1187.0,817.5,1187.0,897.0
115,4.560,8,person,0.6926,1335,408,1369,513,1352.0,460.5,1352.0,513.0
115,4.560,9,person,0.6924,419,372,488,466,453.5,419.0,453.5,466.0
115,4.560,10,person,0.6881,849,346,901,452,875.0,399.0,875.0,452.0
115,4.560,11,person,0.6853,1064,395,1111,505,1087.5,450.0,1087.5,505.0
115,4.560,12,person,0.6828,1781,329,1818,424,1799.5,376.5,1799.5,424.0
115,4.560,13,person,0.6309,1264,437,1297,541,1280.5,489.0,1280.5,541.0
115,4.560,14,person,0.6011,1481,533,1520,656,1500.5,594.5,1500.5,656.0
115,4.560,15,person,0.5634,0,374,49,492,24.5,433.0,24.5,492.0
115,4.560,16,person,0.4214,420,372,463,462,441.5,417.0,441.5,462.0
115,4.560,17,person,0.3581,1108,720,1156,824,1132.0,772.0,1132.0,824.0
116,4.600,1,person,0.8611,260,632,334,786,297.0,709.0,297.0,786.0
116,4.600,2,person,0.8197,576,466,650,572,613.0,519.0,613.0,572.0
116,4.600,3,person,0.7894,1803,705,1867,844,1835.0,774.5,1835.0,844.0
116,4.600,4,person,0.7704,1008,540,1048,652,1028.0,596.0,1028.0,652.0
116,4.600,5,person,0.7556,5,372,58,483,31.5,427.5,31.5,483.0
116,4.600,6,person,0.7456,679,448,761,560,720.0,504.0,720.0,560.0
116,4.600,7,person,0.7430,1338,406,1372,510,1355.0,458.0,1355.0,510.0
116,4.600,8,person,0.7177,1116,724,1234,895,1175.0,809.5,1175.0,895.0
116,4.600,9,person,0.7081,1068,395,1115,506,1091.5,450.5,1091.5,506.0
116,4.600,10,person,0.6541,1790,327,1825,423,1807.5,375.0,1807.5,423.0
116,4.600,11,person,0.6447,1266,435,1301,540,1283.5,487.5,1283.5,540.0
116,4.600,12,person,0.6360,421,371,459,464,440.0,417.5,440.0,464.0
116,4.600,13,person,0.6339,848,342,890,426,869.0,384.0,869.0,426.0
116,4.600,14,person,0.5957,1482,528,1525,655,1503.5,591.5,1503.5,655.0
116,4.600,15,person,0.4779,1539,582,1631,698,1585.0,640.0,1585.0,698.0
116,4.600,16,person,0.3461,1482,528,1516,637,1499.0,582.5,1499.0,637.0
116,4.600,17,person,0.3219,418,371,474,465,446.0,418.0,446.0,465.0
117,4.640,1,person,0.8506,263,626,340,783,301.5,704.5,301.5,783.0
117,4.640,2,person,0.8260,577,464,656,574,616.5,519.0,616.5,574.0
117,4.640,3,person,0.7773,1805,703,1874,843,1839.5,773.0,1839.5,843.0
117,4.640,4,person,0.7751,1111,718,1229,894,1170.0,806.0,1170.0,894.0
117,4.640,5,person,0.7513,1797,322,1836,420,1816.5,371.0,1816.5,420.0
117,4.640,6,person,0.7305,11,371,61,481,36.0,426.0,36.0,481.0
117,4.640,7,person,0.7272,1338,404,1376,507,1357.0,455.5,1357.0,507.0
117,4.640,8,person,0.7109,1266,430,1309,542,1287.5,486.0,1287.5,542.0
117,4.640,9,person,0.7065,1008,538,1052,655,1030.0,596.5,1030.0,655.0
117,4.640,10,person,0.6982,1069,394,1123,505,1096.0,449.5,1096.0,505.0
117,4.640,11,person,0.6341,421,371,457,461,439.0,416.0,439.0,461.0
117,4.640,12,person,0.6122,844,336,889,445,866.5,390.5,866.5,445.0
117,4.640,13,person,0.5846,1482,524,1530,653,1506.0,588.5,1506.0,653.0
117,4.640,14,person,0.5838,1542,585,1626,696,1584.0,640.5,1584.0,696.0
117,4.640,15,person,0.5463,681,449,755,558,718.0,503.5,718.0,558.0
117,4.640,16,person,0.4438,419,371,487,463,453.0,417.0,453.0,463.0
117,4.640,17,person,0.4052,1113,726,1193,896,1153.0,811.0,1153.0,896.0
117,4.640,18,person,0.3916,681,450,724,557,702.5,503.5,702.5,557.0
118,4.680,1,person,0.8420,265,620,332,778,298.5,699.0,298.5,778.0
118,4.680,2,person,0.7835,576,463,661,573,618.5,518.0,618.5,573.0
118,4.680,3,person,0.7454,1339,401,1381,504,1360.0,452.5,1360.0,504.0
118,4.680,4,person,0.7452,1110,716,1216,895,1163.0,805.5,1163.0,895.0
118,4.680,5,person,0.7324,1807,704,1864,836,1835.5,770.0,1835.5,836.0
118,4.680,6,person,0.7301,1005,534,1054,652,1029.5,593.0,1029.5,652.0
118,4.680,7,person,0.7085,1265,430,1315,541,1290.0,485.5,1290.0,541.0
118,4.680,8,person,0.7027,1079,393,1122,501,1100.5,447.0,1100.5,501.0
118,4.680,9,person,0.7010,1803,316,1842,418,1822.5,367.0,1822.5,418.0
118,4.680,10,person,0.6829,0,519,41,654,20.5,586.5,20.5,654.0
118,4.680,11,person,0.6669,418,369,472,460,445.0,414.5,445.0,460.0
118,4.680,12,person,0.6335,844,336,898,439,871.0,387.5,871.0,439.0
118,4.680,13,person,0.6296,18,369,72,483,45.0,426.0,45.0,483.0
118,4.680,14,person,0.4571,1479,517,1527,649,1503.0,583.0,1503.0,649.0
118,4.680,15,person,0.4382,681,450,748,552,714.5,501.0,714.5,552.0
118,4.680,16,person,0.4292,1535,577,1613,690,1574.0,633.5,1574.0,690.0
118,4.680,17,person,0.3386,1479,518,1548,651,1513.5,584.5,1513.5,651.0
118,4.680,18,person,0.3163,680,448,727,542,703.5,495.0,703.5,542.0
118,4.680,19,person,0.3035,1111,717,1185,897,1148.0,807.0,1148.0,897.0
119,4.720,1,person,0.8464,266,615,326,773,296.0,694.0,296.0,773.0
119,4.720,2,person,0.8032,578,460,659,573,618.5,516.5,618.5,573.0
119,4.720,3,person,0.8026,23,368,87,477,55.0,422.5,55.0,477.0
119,4.720,4,person,0.7589,1262,426,1322,538,1292.0,482.0,1292.0,538.0
119,4.720,5,person,0.7578,1812,310,1849,415,1830.5,362.5,1830.5,415.0
119,4.720,6,person,0.7405,1808,706,1862,832,1835.0,769.0,1835.0,832.0
119,4.720,7,person,0.7332,0,519,52,652,26.0,585.5,26.0,652.0
119,4.720,8,person,0.7194,1341,400,1386,504,1363.5,452.0,1363.5,504.0
119,4.720,9,person,0.6946,995,531,1053,644,1024.0,587.5,1024.0,644.0
119,4.720,10,person,0.6923,419,370,465,455,442.0,412.5,442.0,455.0
119,4.720,11,person,0.6914,1107,709,1204,892,1155.5,800.5,1155.5,892.0
119,4.720,12,person,0.6652,1082,392,1128,499,1105.0,445.5,1105.0,499.0
119,4.720,13,person,0.6184,848,334,896,437,872.0,385.5,872.0,437.0
119,4.720,14,person,0.6082,1473,513,1533,647,1503.0,580.0,1503.0,647.0
119,4.720,15,person,0.5589,678,448,735,541,706.5,494.5,706.5,541.0
119,4.720,16,person,0.5408,1536,573,1603,691,1569.5,632.0,1569.5,691.0
119,4.720,17,person,0.5127,1110,713,1175,894,1142.5,803.5,1142.5,894.0
119,4.720,18,person,0.4067,680,450,726,530,703.0,490.0,703.0,530.0
120,4.760,1,person,0.8380,269,609,326,768,297.5,688.5,297.5,768.0
120,4.760,2,person,0.7901,577,460,653,571,615.0,515.5,615.0,571.0
120,4.760,3,person,0.7754,29,371,93,470,61.0,420.5,61.0,470.0
120,4.760,4,person,0.7662,1803,708,1868,835,1835.5,771.5,1835.5,835.0
120,4.760,5,person,0.7561,1266,423,1325,538,1295.5,480.5,1295.5,538.0
120,4.760,6,person,0.7410,2,512,61,645,31.5,578.5,31.5,645.0
120,4.760,7,person,0.7218,1816,310,1853,417,1834.5,363.5,1834.5,417.0
120,4.760,8,person,0.7021,1340,394,1392,504,1366.0,449.0,1366.0,504.0
120,4.760,9,person,0.6917,845,334,905,441,875.0,387.5,875.0,441.0
120,4.760,10,person,0.6801,983,529,1054,643,1018.5,586.0,1018.5,643.0
120,4.760,11,person,0.6500,1525,569,1613,692,1569.0,630.5,1569.0,692.0
120,4.760,12,person,0.6332,1092,704,1181,888,1136.5,796.0,1136.5,888.0
120,4.760,13,person,0.6215,846,336,890,433,868.0,384.5,868.0,433.0
120,4.760,14,person,0.6167,1084,392,1133,497,1108.5,444.5,1108.5,497.0
120,4.760,15,person,0.6035,1474,514,1514,641,1494.0,577.5,1494.0,641.0
120,4.760,16,person,0.5600,418,368,468,456,443.0,412.0,443.0,456.0
120,4.760,17,person,0.5514,674,444,737,548,705.5,496.0,705.5,548.0
120,4.760,18,person,0.3644,676,445,724,530,700.0,487.5,700.0,530.0
120,4.760,19,person,0.3379,418,369,464,434,441.0,401.5,441.0,434.0
120,4.760,20,person,0.3052,676,445,716,499,696.0,472.0,696.0,499.0
120,4.760,21,person,0.2973,956,531,1055,645,1005.5,588.0,1005.5,645.0
121,4.800,1,person,0.8526,272,606,329,763,300.5,684.5,300.5,763.0
121,4.800,2,person,0.7739,1534,566,1614,687,1574.0,626.5,1574.0,687.0
121,4.800,3,person,0.7738,583,459,642,569,612.5,514.0,612.5,569.0
121,4.800,4,person,0.7664,975,528,1053,642,1014.0,585.0,1014.0,642.0
121,4.800,5,person,0.7594,1803,707,1870,831,1836.5,769.0,1836.5,831.0
121,4.800,6,person,0.7531,0,512,80,641,40.0,576.5,40.0,641.0
121,4.800,7,person,0.7456,1089,719,1165,885,1127.0,802.0,1127.0,885.0
121,4.800,8,person,0.7378,670,443,747,552,708.5,497.5,708.5,552.0
121,4.800,9,person,0.7255,36,370,103,467,69.5,418.5,69.5,467.0
121,4.800,10,person,0.7219,1269,425,1326,538,1297.5,481.5,1297.5,538.0
121,4.800,11,person,0.7197,839,333,894,433,866.5,383.0,866.5,433.0
121,4.800,12,person,0.6880,1343,395,1395,502,1369.0,448.5,1369.0,502.0
121,4.800,13,person,0.6730,1824,310,1860,411,1842.0,360.5,1842.0,411.0
121,4.800,14,person,0.6612,1476,513,1512,641,1494.0,577.0,1494.0,641.0
121,4.800,15,person,0.6609,419,360,474,453,446.5,406.5,446.5,453.0
121,4.800,16,person,0.6469,1089,394,1137,496,1113.0,445.0,1113.0,496.0
122,4.840,1,person,0.8559,276,602,330,754,303.0,678.0,303.0,754.0
122,4.840,2,person,0.8162,668,438,747,550,707.5,494.0,707.5,550.0
122,4.840,3,person,0.8083,8,510,96,635,52.0,572.5,52.0,635.0
122,4.840,4,person,0.8046,1530,563,1614,685,1572.0,624.0,1572.0,685.0
122,4.840,5,person,0.7914,1794,703,1879,833,1836.5,768.0,1836.5,833.0
122,4.840,6,person,0.7820,586,458,642,569,614.0,513.5,614.0,569.0
122,4.840,7,person,0.7716,828,333,900,435,864.0,384.0,864.0,435.0
122,4.840,8,person,0.7571,970,526,1052,643,1011.0,584.5,1011.0,643.0
122,4.840,9,person,0.7437,1083,733,1167,881,1125.0,807.0,1125.0,881.0
122,4.840,10,person,0.7420,35,363,112,466,73.5,414.5,73.5,466.0
122,4.840,11,person,0.7215,1273,424,1328,537,1300.5,480.5,1300.5,537.0
122,4.840,12,person,0.7113,420,356,481,453,450.5,404.5,450.5,453.0
122,4.840,13,person,0.7047,1346,393,1396,503,1371.0,448.0,1371.0,503.0
122,4.840,14,person,0.6907,1830,312,1866,412,1848.0,362.0,1848.0,412.0
122,4.840,15,person,0.6072,1473,510,1513,638,1493.0,574.0,1493.0,638.0
122,4.840,16,person,0.5610,1093,391,1142,495,1117.5,443.0,1117.5,495.0
122,4.840,17,person,0.3448,420,388,484,455,452.0,421.5,452.0,455.0
122,4.840,18,person,0.3439,992,526,1053,636,1022.5,581.0,1022.5,636.0
122,4.840,19,person,0.3177,9,560,96,635,52.5,597.5,52.5,635.0
122,4.840,20,person,0.2915,670,434,712,527,691.0,480.5,691.0,527.0
122,4.840,21,person,0.2585,1275,425,1314,527,1294.5,476.0,1294.5,527.0
123,4.880,1,person,0.8330,1527,559,1613,679,1570.0,619.0,1570.0,679.0
123,4.880,2,person,0.8285,1077,701,1165,879,1121.0,790.0,1121.0,879.0
123,4.880,3,person,0.8264,33,510,113,634,73.0,572.0,73.0,634.0
123,4.880,4,person,0.8183,278,602,330,746,304.0,674.0,304.0,746.0
123,4.880,5,person,0.8119,1795,697,1882,828,1838.5,762.5,1838.5,828.0
123,4.880,6,person,0.7787,586,458,648,565,617.0,511.5,617.0,565.0
123,4.880,7,person,0.7776,668,432,748,544,708.0,488.0,708.0,544.0
123,4.880,8,person,0.7363,826,329,902,435,864.0,382.0,864.0,435.0
123,4.880,9,person,0.7306,968,527,1054,641,1011.0,584.0,1011.0,641.0
123,4.880,10,person,0.7152,1347,394,1392,501,1369.5,447.5,1369.5,501.0
123,4.880,11,person,0.6955,1836,308,1871,408,1853.5,358.0,1853.5,408.0
123,4.880,12,person,0.6682,1278,426,1321,532,1299.5,479.0,1299.5,532.0
123,4.880,13,person,0.6585,1472,511,1512,635,1492.0,573.0,1492.0,635.0
123,4.880,14,person,0.6137,419,354,482,451,450.5,402.5,450.5,451.0
123,4.880,15,person,0.5333,993,526,1054,638,1023.5,582.0,1023.5,638.0
123,4.880,16,person,0.5290,51,364,124,467,87.5,415.5,87.5,467.0
123,4.880,17,person,0.5224,1100,390,1147,494,1123.5,442.0,1123.5,494.0
123,4.880,18,person,0.4199,57,387,124,465,90.5,426.0,90.5,465.0
123,4.880,19,person,0.2711,45,363,103,431,74.0,397.0,74.0,431.0
123,4.880,20,person,0.2701,1009,526,1054,625,1031.5,575.5,1031.5,625.0
124,4.920,1,person,0.8563,1057,708,1164,872,1110.5,790.0,1110.5,872.0
124,4.920,2,person,0.8248,1524,559,1609,672,1566.5,615.5,1566.5,672.0
124,4.920,3,person,0.8159,59,511,138,630,98.5,570.5,98.5,630.0
124,4.920,4,person,0.8120,284,598,334,743,309.0,670.5,309.0,743.0
124,4.920,5,person,0.8086,587,459,659,563,623.0,511.0,623.0,563.0
124,4.920,6,person,0.7839,1798,693,1885,827,1841.5,760.0,1841.5,827.0
124,4.920,7,person,0.7636,1839,307,1874,407,1856.5,357.0,1856.5,407.0
124,4.920,8,person,0.7441,832,325,899,430,865.5,377.5,865.5,430.0
124,4.920,9,person,0.7092,1002,526,1055,637,1028.5,581.5,1028.5,637.0
124,4.920,10,person,0.7058,52,356,127,461,89.5,408.5,89.5,461.0
124,4.920,11,person,0.6800,1348,395,1390,498,1369.0,446.5,1369.0,498.0
124,4.920,12,person,0.6685,668,433,753,539,710.5,486.0,710.5,539.0
124,4.920,13,person,0.6221,419,354,471,451,445.0,402.5,445.0,451.0
124,4.920,14,person,0.5771,1279,422,1316,527,1297.5,474.5,1297.5,527.0
124,4.920,15,person,0.4975,1472,508,1511,626,1491.5,567.0,1491.5,626.0
124,4.920,16,person,0.4610,1113,388,1152,488,1132.5,438.0,1132.5,488.0
124,4.920,17,person,0.3880,670,434,717,532,693.5,483.0,693.5,532.0
124,4.920,18,person,0.2952,1093,383,1128,489,1110.5,436.0,1110.5,489.0
125,4.960,1,person,0.8476,586,458,664,561,625.0,509.5,625.0,561.0
125,4.960,2,person,0.8140,1799,692,1882,828,1840.5,760.0,1840.5,828.0
125,4.960,3,person,0.8036,69,515,168,627,118.5,571.0,118.5,627.0
125,4.960,4,person,0.7863,1045,711,1162,866,1103.5,788.5,1103.5,866.0
125,4.960,5,person,0.7819,278,594,342,738,310.0,666.0,310.0,738.0
125,4.960,6,person,0.7812,62,348,130,459,96.0,403.5,96.0,459.0
125,4.960,7,person,0.7330,1844,306,1882,405,1863.0,355.5,1863.0,405.0
125,4.960,8,person,0.7008,1349,394,1390,492,1369.5,443.0,1369.5,492.0
125,4.960,9,person,0.6874,1280,420,1319,529,1299.5,474.5,1299.5,529.0
125,4.960,10,person,0.6862,1008,522,1062,636,1035.0,579.0,1035.0,636.0
125,4.960,11,person,0.6722,1525,559,1603,671,1564.0,615.0,1564.0,671.0
125,4.960,12,person,0.6477,1525,558,1571,670,1548.0,614.0,1548.0,670.0
125,4.960,13,person,0.6269,1468,500,1515,629,1491.5,564.5,1491.5,629.0
125,4.960,14,person,0.6075,829,323,889,424,859.0,373.5,859.0,424.0
125,4.960,15,person,0.5944,668,431,711,525,689.5,478.0,689.5,525.0
125,4.960,16,person,0.5674,424,353,474,448,449.0,400.5,449.0,448.0
125,4.960,17,person,0.4597,1100,705,1162,860,1131.0,782.5,1131.0,860.0
125,4.960,18,person,0.3973,667,432,749,544,708.0,488.0,708.0,544.0
125,4.960,19,person,0.3941,1096,379,1129,488,1112.5,433.5,1112.5,488.0
125,4.960,20,person,0.3857,1123,389,1158,487,1140.5,438.0,1140.5,487.0
125,4.960,21,person,0.3710,424,353,465,424,444.5,388.5,444.5,424.0
126,5.000,1,person,0.8998,583,452,669,556,626.0,504.0,626.0,556.0
126,5.000,2,person,0.8709,274,596,348,735,311.0,665.5,311.0,735.0
126,5.000,3,person,0.8078,69,346,131,456,100.0,401.0,100.0,456.0
126,5.000,4,person,0.7206,1011,517,1069,633,1040.0,575.0,1040.0,633.0
126,5.000,5,person,0.7119,1848,310,1885,401,1866.5,355.5,1866.5,401.0
126,5.000,6,person,0.7119,1095,699,1169,837,1132.0,768.0,1132.0,837.0
126,5.000,7,person,0.7015,1796,693,1872,828,1834.0,760.5,1834.0,828.0
126,5.000,8,person,0.6696,1517,559,1564,668,1540.5,613.5,1540.5,668.0
126,5.000,9,person,0.6683,1281,418,1322,527,1301.5,472.5,1301.5,527.0
126,5.000,10,person,0.6630,1350,387,1393,491,1371.5,439.0,1371.5,491.0
126,5.000,11,person,0.6561,1048,715,1109,867,1078.5,791.0,1078.5,867.0
126,5.000,12,person,0.6418,669,427,721,530,695.0,478.5,695.0,530.0
126,5.000,13,person,0.6071,1467,497,1516,620,1491.5,558.5,1491.5,620.0
126,5.000,14,person,0.5929,77,515,193,631,135.0,573.0,135.0,631.0
126,5.000,15,person,0.5621,1129,387,1162,484,1145.5,435.5,1145.5,484.0
126,5.000,16,person,0.5532,1518,559,1589,669,1553.5,614.0,1553.5,669.0
126,5.000,17,person,0.5392,670,429,709,525,689.5,477.0,689.5,525.0
126,5.000,18,person,0.5368,829,322,884,426,856.5,374.0,856.5,426.0
126,5.000,19,person,0.5191,429,352,477,440,453.0,396.0,453.0,440.0
126,5.000,20,person,0.4606,1099,375,1134,487,1116.5,431.0,1116.5,487.0
126,5.000,21,person,0.3050,428,350,465,416,446.5,383.0,446.5,416.0
126,5.000,22,person,0.2936,1112,387,1161,488,1136.5,437.5,1136.5,488.0
126,5.000,23,person,0.2767,837,324,877,412,857.0,368.0,857.0,412.0
126,5.000,24,person,0.2525,1095,385,1152,489,1123.5,437.0,1123.5,489.0
127,5.040,1,person,0.8515,278,593,354,729,316.0,661.0,316.0,729.0
127,5.040,2,person,0.7784,1511,556,1570,670,1540.5,613.0,1540.5,670.0
127,5.040,3,person,0.7490,1093,698,1173,835,1133.0,766.5,1133.0,835.0
127,5.040,4,person,0.7285,82,340,133,451,107.5,395.5,107.5,451.0
127,5.040,5,person,0.7264,1012,513,1074,626,1043.0,569.5,1043.0,626.0
127,5.040,6,person,0.7186,1047,715,1106,862,1076.5,788.5,1076.5,862.0
127,5.040,7,person,0.6999,1787,692,1862,822,1824.5,757.0,1824.5,822.0
127,5.040,8,person,0.6774,583,449,670,554,626.5,501.5,626.5,554.0
127,5.040,9,person,0.6753,830,319,878,426,854.0,372.5,854.0,426.0
127,5.040,10,person,0.6619,431,351,474,442,452.5,396.5,452.5,442.0
127,5.040,11,person,0.6587,667,424,725,528,696.0,476.0,696.0,528.0
127,5.040,12,person,0.6581,1855,304,1891,400,1873.0,352.0,1873.0,400.0
127,5.040,13,person,0.6519,1282,413,1324,526,1303.0,469.5,1303.0,526.0
127,5.040,14,person,0.6326,1465,489,1512,618,1488.5,553.5,1488.5,618.0
127,5.040,15,person,0.6206,1351,385,1397,489,1374.0,437.0,1374.0,489.0
127,5.040,16,person,0.5661,94,516,203,620,148.5,568.0,148.5,620.0
127,5.040,17,person,0.5583,1100,375,1145,486,1122.5,430.5,1122.5,486.0
127,5.040,18,person,0.4681,670,426,713,519,691.5,472.5,691.5,519.0
127,5.040,19,person,0.4454,1133,387,1167,482,1150.0,434.5,1150.0,482.0
127,5.040,20,person,0.4260,581,448,633,554,607.0,501.0,607.0,554.0
127,5.040,21,person,0.3976,433,350,466,426,449.5,388.0,449.5,426.0
127,5.040,22,person,0.3949,1102,374,1134,483,1118.0,428.5,1118.0,483.0
127,5.040,23,person,0.3436,1019,514,1060,622,1039.5,568.0,1039.5,622.0
128,5.080,1,person,0.7970,1507,553,1569,666,1538.0,609.5,1538.0,666.0
128,5.080,2,person,0.7937,277,588,368,726,322.5,657.0,322.5,726.0
128,5.080,3,person,0.7824,113,513,213,620,163.0,566.5,163.0,620.0
128,5.080,4,person,0.7290,1045,713,1096,861,1070.5,787.0,1070.5,861.0
128,5.080,5,person,0.7266,1088,696,1171,824,1129.5,760.0,1129.5,824.0
128,5.080,6,person,0.7124,664,419,720,533,692.0,476.0,692.0,533.0
128,5.080,7,person,0.7021,1460,488,1515,617,1487.5,552.5,1487.5,617.0
128,5.080,8,person,0.6992,1019,512,1073,627,1046.0,569.5,1046.0,627.0
128,5.080,9,person,0.6939,93,336,140,445,116.5,390.5,116.5,445.0
128,5.080,10,person,0.6907,581,451,634,552,607.5,501.5,607.5,552.0
128,5.080,11,person,0.6585,432,346,476,429,454.0,387.5,454.0,429.0
128,5.080,12,person,0.6428,1104,375,1144,485,1124.0,430.0,1124.0,485.0
128,5.080,13,person,0.6161,1860,301,1897,398,1878.5,349.5,1878.5,398.0
128,5.080,14,person,0.6001,1349,380,1398,490,1373.5,435.0,1373.5,490.0
128,5.080,15,person,0.5987,1137,386,1173,477,1155.0,431.5,1155.0,477.0
128,5.080,16,person,0.5720,1782,689,1859,815,1820.5,752.0,1820.5,815.0
128,5.080,17,person,0.5282,1284,414,1328,519,1306.0,466.5,1306.0,519.0
128,5.080,18,person,0.5028,839,324,881,425,860.0,374.5,860.0,425.0
128,5.080,19,person,0.4749,819,321,880,425,849.5,373.0,849.5,425.0
128,5.080,20,person,0.4295,669,419,709,519,689.0,469.0,689.0,519.0
128,5.080,21,person,0.3332,1023,512,1061,621,1042.0,566.5,1042.0,621.0
128,5.080,22,person,0.3271,1797,691,1856,783,1826.5,737.0,1826.5,783.0
129,5.120,1,person,0.8068,288,587,378,722,333.0,654.5,333.0,722.0
129,5.120,2,person,0.7922,1505,546,1571,660,1538.0,603.0,1538.0,660.0
129,5.120,3,person,0.7333,580,451,632,551,606.0,501.0,606.0,551.0
129,5.120,4,person,0.7315,1036,707,1094,855,1065.0,781.0,1065.0,855.0
129,5.120,5,person,0.7275,434,344,488,443,461.0,393.5,461.0,443.0
129,5.120,6,person,0.6771,1022,511,1066,621,1044.0,566.0,1044.0,621.0
129,5.120,7,person,0.6716,1786,688,1859,818,1822.5,753.0,1822.5,818.0
129,5.120,8,person,0.6661,132,515,227,619,179.5,567.0,179.5,619.0
129,5.120,9,person,0.6558,1142,384,1178,473,1160.0,428.5,1160.0,473.0
129,5.120,10,person,0.6434,659,418,726,534,692.5,476.0,692.5,534.0
129,5.120,11,person,0.6274,1454,488,1507,616,1480.5,552.0,1480.5,616.0
129,5.120,12,person,0.6249,103,335,150,444,126.5,389.5,126.5,444.0
129,5.120,13,person,0.6023,1106,376,1150,481,1128.0,428.5,1128.0,481.0
129,5.120,14,person,0.5919,1080,689,1156,830,1118.0,759.5,1118.0,830.0
129,5.120,15,person,0.5850,0,525,21,630,10.5,577.5,10.5,630.0
129,5.120,16,person,0.5780,1352,377,1400,489,1376.0,433.0,1376.0,489.0
129,5.120,17,person,0.5714,1865,305,1899,397,1882.0,351.0,1882.0,397.0
129,5.120,18,person,0.5466,1288,415,1333,518,1310.5,466.5,1310.5,518.0
129,5.120,19,person,0.5162,1079,690,1129,841,1104.0,765.5,1104.0,841.0
129,5.120,20,person,0.4954,838,322,879,419,858.5,370.5,858.5,419.0
129,5.120,21,person,0.4352,667,417,712,525,689.5,471.0,689.5,525.0
129,5.120,22,person,0.4303,579,448,623,535,601.0,491.5,601.0,535.0
129,5.120,23,person,0.3974,806,328,848,421,827.0,374.5,827.0,421.0
129,5.120,24,person,0.3448,435,344,475,414,455.0,379.0,455.0,414.0
129,5.120,25,person,0.3037,1795,693,1857,789,1826.0,741.0,1826.0,789.0
130,5.160,1,person,0.8689,1502,543,1577,658,1539.5,600.5,1539.5,658.0
130,5.160,2,person,0.8146,298,584,377,717,337.5,650.5,337.5,717.0
130,5.160,3,person,0.7763,1025,704,1098,851,1061.5,777.5,1061.5,851.0
130,5.160,4,person,0.7674,660,415,731,531,695.5,473.0,695.5,531.0
130,5.160,5,person,0.7638,577,450,643,546,610.0,498.0,610.0,546.0
130,5.160,6,person,0.7319,1782,685,1861,820,1821.5,752.5,1821.5,820.0
130,5.160,7,person,0.6685,1020,511,1068,618,1044.0,564.5,1044.0,618.0
130,5.160,8,person,0.6677,0,514,35,634,17.5,574.0,17.5,634.0
130,5.160,9,person,0.6553,1147,385,1183,474,1165.0,429.5,1165.0,474.0
130,5.160,10,person,0.6352,1354,376,1400,487,1377.0,431.5,1377.0,487.0
130,5.160,11,person,0.6153,1084,692,1134,826,1109.0,759.0,1109.0,826.0
130,5.160,12,person,0.6144,114,332,154,441,134.0,386.5,134.0,441.0
130,5.160,13,person,0.6050,842,321,883,416,862.5,368.5,862.5,416.0
130,5.160,14,person,0.5832,1111,374,1146,478,1128.5,426.0,1128.5,478.0
130,5.160,15,person,0.5809,436,341,494,441,465.0,391.0,465.0,441.0
130,5.160,16,person,0.5470,145,511,236,621,190.5,566.0,190.5,621.0
130,5.160,17,person,0.5440,1460,488,1504,607,1482.0,547.5,1482.0,607.0
130,5.160,18,person,0.5273,1293,414,1333,517,1313.0,465.5,1313.0,517.0
130,5.160,19,person,0.5158,1870,304,1903,396,1886.5,350.0,1886.5,396.0
130,5.160,20,person,0.3731,1870,299,1919,394,1894.5,346.5,1894.5,394.0
130,5.160,21,person,0.3392,811,322,841,401,826.0,361.5,826.0,401.0
130,5.160,22,person,0.3384,437,341,475,408,456.0,374.5,456.0,408.0
130,5.160,23,person,0.3312,818,320,885,418,851.5,369.0,851.5,418.0
130,5.160,24,person,0.3268,806,322,870,418,838.0,370.0,838.0,418.0
131,5.200,1,person,0.8866,1497,544,1577,656,1537.0,600.0,1537.0,656.0
131,5.200,2,person,0.8246,310,575,376,714,343.0,644.5,343.0,714.0
131,5.200,3,person,0.8092,1781,684,1861,822,1821.0,753.0,1821.0,822.0
131,5.200,4,person,0.7933,1019,698,1102,844,1060.5,771.0,1060.5,844.0
131,5.200,5,person,0.7045,1083,693,1135,830,1109.0,761.5,1109.0,830.0
131,5.200,6,person,0.6955,0,512,48,638,24.0,575.0,24.0,638.0
131,5.200,7,person,0.6890,1153,380,1189,469,1171.0,424.5,1171.0,469.0
131,5.200,8,person,0.6367,1358,377,1399,483,1378.5,430.0,1378.5,483.0
131,5.200,9,person,0.6222,576,447,645,538,610.5,492.5,610.5,538.0
131,5.200,10,person,0.6169,839,319,887,408,863.0,363.5,863.0,408.0
131,5.200,11,person,0.6153,122,333,167,441,144.5,387.0,144.5,441.0
131,5.200,12,person,0.6051,1017,510,1069,617,1043.0,563.5,1043.0,617.0
131,5.200,13,person,0.5986,1873,300,1913,394,1893.0,347.0,1893.0,394.0
131,5.200,14,person,0.5932,1112,372,1147,474,1129.5,423.0,1129.5,474.0
131,5.200,15,person,0.5695,154,504,252,618,203.0,561.0,203.0,618.0
131,5.200,16,person,0.5475,1293,410,1331,515,1312.0,462.5,1312.0,515.0
131,5.200,17,person,0.4945,436,338,487,438,461.5,388.0,461.5,438.0
131,5.200,18,person,0.4847,1024,511,1059,612,1041.5,561.5,1041.5,612.0
131,5.200,19,person,0.4721,1462,488,1509,605,1485.5,546.5,1485.5,605.0
131,5.200,20,person,0.4478,808,322,839,412,823.5,367.0,823.5,412.0
131,5.200,21,person,0.4270,438,338,477,425,457.5,381.5,457.5,425.0
131,5.200,22,person,0.3776,664,409,702,486,683.0,447.5,683.0,486.0
131,5.200,23,person,0.3473,663,409,735,529,699.0,469.0,699.0,529.0
132,5.240,1,person,0.8188,1003,695,1098,843,1050.5,769.0,1050.5,843.0
132,5.240,2,person,0.8169,315,572,373,711,344.0,641.5,344.0,711.0
132,5.240,3,person,0.8084,1077,694,1139,831,1108.0,762.5,1108.0,831.0
132,5.240,4,person,0.7807,1782,682,1860,821,1821.0,751.5,1821.0,821.0
132,5.240,5,person,0.7716,575,441,658,544,616.5,492.5,616.5,544.0
132,5.240,6,person,0.7558,1492,540,1574,651,1533.0,595.5,1533.0,651.0
132,5.240,7,person,0.7402,0,511,60,636,30.0,573.5,30.0,636.0
132,5.240,8,person,0.6700,1361,374,1399,479,1380.0,426.5,1380.0,479.0
132,5.240,9,person,0.6528,1160,378,1194,467,1177.0,422.5,1177.0,467.0
132,5.240,10,person,0.6252,1113,371,1152,472,1132.5,421.5,1132.5,472.0
132,5.240,11,person,0.6016,841,314,897,407,869.0,360.5,869.0,407.0
132,5.240,12,person,0.5902,1013,507,1079,615,1046.0,561.0,1046.0,615.0
132,5.240,13,person,0.5832,131,334,177,434,154.0,384.0,154.0,434.0
132,5.240,14,person,0.5534,1295,410,1331,516,1313.0,463.0,1313.0,516.0
132,5.240,15,person,0.5165,665,405,732,518,698.5,461.5,698.5,518.0
132,5.240,16,person,0.4942,159,501,257,616,208.0,558.5,208.0,616.0
132,5.240,17,person,0.4852,440,341,476,428,458.0,384.5,458.0,428.0
132,5.240,18,person,0.4588,668,405,699,487,683.5,446.0,683.5,487.0
132,5.240,19,person,0.4257,1462,505,1571,655,1516.5,580.0,1516.5,655.0
132,5.240,20,person,0.3963,1462,494,1524,652,1493.0,573.0,1493.0,652.0
132,5.240,21,person,0.3696,809,320,846,410,827.5,365.0,827.5,410.0
132,5.240,22,person,0.3070,1879,288,1918,391,1898.5,339.5,1898.5,391.0
132,5.240,23,person,0.3048,159,501,226,570,192.5,535.5,192.5,570.0
132,5.240,24,person,0.2602,1022,507,1059,591,1040.5,549.0,1040.5,591.0
133,5.280,1,person,0.8313,989,693,1095,841,1042.0,767.0,1042.0,841.0
133,5.280,2,person,0.8299,577,439,661,544,619.0,491.5,619.0,544.0
133,5.280,3,person,0.8130,1071,694,1144,820,1107.5,757.0,1107.5,820.0
133,5.280,4,person,0.8071,320,566,372,710,346.0,638.0,346.0,710.0
133,5.280,5,person,0.8043,9,511,82,632,45.5,571.5,45.5,632.0
133,5.280,6,person,0.7380,1782,682,1853,821,1817.5,751.5,1817.5,821.0
133,5.280,7,person,0.7359,1166,377,1200,467,1183.0,422.0,1183.0,467.0
133,5.280,8,person,0.6992,1366,376,1400,478,1383.0,427.0,1383.0,478.0
133,5.280,9,person,0.6777,1297,407,1336,511,1316.5,459.0,1316.5,511.0
133,5.280,10,person,0.6720,1012,503,1087,616,1049.5,559.5,1049.5,616.0
133,5.280,11,person,0.6610,1462,498,1537,654,1499.5,576.0,1499.5,654.0
133,5.280,12,person,0.6511,835,312,902,405,868.5,358.5,868.5,405.0
133,5.280,13,person,0.6115,1461,493,1571,652,1516.0,572.5,1516.0,652.0
133,5.280,14,person,0.5983,137,334,194,433,165.5,383.5,165.5,433.0
133,5.280,15,person,0.5699,665,407,739,510,702.0,458.5,702.0,510.0
133,5.280,16,person,0.5466,442,337,479,436,460.5,386.5,460.5,436.0
133,5.280,17,person,0.5033,1118,368,1156,469,1137.0,418.5,1137.0,469.0
133,5.280,18,person,0.4958,1885,288,1919,391,1902.0,339.5,1902.0,391.0
133,5.280,19,person,0.3851,164,502,266,611,215.0,556.5,215.0,611.0
133,5.280,20,person,0.3720,667,407,700,500,683.5,453.5,683.5,500.0
133,5.280,21,person,0.3448,441,334,496,436,468.5,385.0,468.5,436.0
133,5.280,22,person,0.3310,1474,534,1568,655,1521.0,594.5,1521.0,655.0
133,5.280,23,person,0.3176,805,324,837,403,821.0,363.5,821.0,403.0
134,5.320,1,person,0.8132,1786,681,1849,818,1817.5,749.5,1817.5,818.0
134,5.320,2,person,0.7897,1067,691,1151,811,1109.0,751.0,1109.0,811.0
134,5.320,3,person,0.7843,324,563,378,706,351.0,634.5,351.0,706.0
134,5.320,4,person,0.7619,577,438,661,539,619.0,488.5,619.0,539.0
134,5.320,5,person,0.7184,20,516,101,630,60.5,573.0,60.5,630.0
134,5.320,6,person,0.6656,146,333,206,429,176.0,381.0,176.0,429.0
134,5.320,7,person,0.6644,447,341,483,430,465.0,385.5,465.0,430.0
134,5.320,8,person,0.6633,1367,374,1399,475,1383.0,424.5,1383.0,475.0
134,5.320,9,person,0.6507,1463,526,1531,649,1497.0,587.5,1497.0,649.0
134,5.320,10,person,0.6414,1171,376,1208,467,1189.5,421.5,1189.5,467.0
134,5.320,11,person,0.6256,1301,405,1340,516,1320.5,460.5,1320.5,516.0
134,5.320,12,person,0.6150,1013,501,1095,616,1054.0,558.5,1054.0,616.0
134,5.320,13,person,0.6083,987,693,1044,840,1015.5,766.5,1015.5,840.0
134,5.320,14,person,0.6002,989,692,1068,839,1028.5,765.5,1028.5,839.0
134,5.320,15,person,0.5885,1481,532,1531,648,1506.0,590.0,1506.0,648.0
134,5.320,16,person,0.5584,1123,362,1168,472,1145.5,417.0,1145.5,472.0
134,5.320,17,person,0.5549,666,406,727,513,696.5,459.5,696.5,513.0
134,5.320,18,person,0.5479,844,311,879,396,861.5,353.5,861.5,396.0
134,5.320,19,person,0.4569,1460,483,1518,647,1489.0,565.0,1489.0,647.0
134,5.320,20,person,0.4087,839,310,883,411,861.0,360.5,861.0,411.0
134,5.320,21,person,0.4033,668,407,699,510,683.5,458.5,683.5,510.0
134,5.320,22,person,0.4028,802,324,839,405,820.5,364.5,820.5,405.0
134,5.320,23,person,0.2839,1889,293,1919,388,1904.0,340.5,1904.0,388.0
134,5.320,24,person,0.2524,1802,689,1848,815,1825.0,752.0,1825.0,815.0
134,5.320,25,person,0.2500,841,310,901,411,871.0,360.5,871.0,411.0
135,5.360,1,person,0.8008,1794,680,1843,812,1818.5,746.0,1818.5,812.0
135,5.360,2,person,0.7360,331,560,384,703,357.5,631.5,357.5,703.0
135,5.360,3,person,0.7070,842,312,882,413,862.0,362.5,862.0,413.0
135,5.360,4,person,0.7035,1367,373,1404,475,1385.5,424.0,1385.5,475.0
135,5.360,5,person,0.6962,32,514,116,624,74.0,569.0,74.0,624.0
135,5.360,6,person,0.6792,578,437,659,538,618.5,487.5,618.5,538.0
135,5.360,7,person,0.6785,449,338,492,427,470.5,382.5,470.5,427.0
135,5.360,8,person,0.6505,1492,534,1538,643,1515.0,588.5,1515.0,643.0
135,5.360,9,person,0.6330,996,695,1038,834,1017.0,764.5,1017.0,834.0
135,5.360,10,person,0.6279,1177,373,1212,465,1194.5,419.0,1194.5,465.0
135,5.360,11,person,0.5991,843,311,898,412,870.5,361.5,870.5,412.0
135,5.360,12,person,0.5921,1063,689,1154,810,1108.5,749.5,1108.5,810.0
135,5.360,13,person,0.5787,148,328,223,426,185.5,377.0,185.5,426.0
135,5.360,14,person,0.5691,666,407,728,517,697.0,462.0,697.0,517.0
135,5.360,15,person,0.5545,1303,401,1348,515,1325.5,458.0,1325.5,515.0
135,5.360,16,person,0.5413,576,436,636,539,606.0,487.5,606.0,539.0
135,5.360,17,person,0.4945,1459,477,1498,601,1478.5,539.0,1478.5,601.0
135,5.360,18,person,0.4866,1018,499,1092,613,1055.0,556.0,1055.0,613.0
135,5.360,19,person,0.4581,1123,359,1173,472,1148.0,415.5,1148.0,472.0
135,5.360,20,person,0.4511,797,324,833,402,815.0,363.0,815.0,402.0
135,5.360,21,person,0.3545,1897,295,1919,390,1908.0,342.5,1908.0,390.0
135,5.360,22,person,0.3465,670,408,702,494,686.0,451.0,686.0,494.0
135,5.360,23,person,0.3273,1020,497,1068,605,1044.0,551.0,1044.0,605.0
135,5.360,24,person,0.2732,997,696,1085,834,1041.0,765.0,1041.0,834.0
135,5.360,25,person,0.2691,1126,359,1155,467,1140.5,413.0,1140.5,467.0
136,5.400,1,person,0.7796,1793,680,1845,810,1819.0,745.0,1819.0,810.0
136,5.400,2,person,0.7720,43,516,133,624,88.0,570.0,88.0,624.0
136,5.400,3,person,0.7611,335,558,388,699,361.5,628.5,361.5,699.0
136,5.400,4,person,0.7449,159,325,234,427,196.5,376.0,196.5,427.0
136,5.400,5,person,0.7222,844,313,883,408,863.5,360.5,863.5,408.0
136,5.400,6,person,0.7033,991,700,1036,836,1013.5,768.0,1013.5,836.0
136,5.400,7,person,0.6708,580,433,629,536,604.5,484.5,604.5,536.0
136,5.400,8,person,0.6632,1462,515,1533,641,1497.5,578.0,1497.5,641.0
136,5.400,9,person,0.6620,1368,373,1408,473,1388.0,423.0,1388.0,473.0
136,5.400,10,person,0.6499,1182,377,1221,465,1201.5,421.0,1201.5,465.0
136,5.400,11,person,0.6305,1061,684,1116,817,1088.5,750.5,1088.5,817.0
136,5.400,12,person,0.6188,1122,357,1172,469,1147.0,413.0,1147.0,469.0
136,5.400,13,person,0.5977,667,407,716,513,691.5,460.0,691.5,513.0
136,5.400,14,person,0.5514,1022,498,1087,612,1054.5,555.0,1054.5,612.0
136,5.400,15,person,0.5302,456,337,499,428,477.5,382.5,477.5,428.0
136,5.400,16,person,0.5203,1305,399,1353,513,1329.0,456.0,1329.0,513.0
136,5.400,17,person,0.4641,795,321,828,399,811.5,360.0,811.5,399.0
136,5.400,18,person,0.3985,1023,497,1068,611,1045.5,554.0,1045.5,611.0
136,5.400,19,person,0.3209,1457,477,1520,615,1488.5,546.0,1488.5,615.0
136,5.400,20,person,0.3070,1063,686,1152,816,1107.5,751.0,1107.5,816.0
136,5.400,21,person,0.3016,1306,401,1341,498,1323.5,449.5,1323.5,498.0
136,5.400,22,person,0.2765,1457,473,1496,595,1476.5,534.0,1476.5,595.0
136,5.400,23,person,0.2759,1128,358,1160,470,1144.0,414.0,1144.0,470.0
136,5.400,24,person,0.2697,1457,473,1494,557,1475.5,515.0,1475.5,557.0
137,5.440,1,person,0.7680,980,694,1041,834,1010.5,764.0,1010.5,834.0
137,5.440,2,person,0.7415,340,559,394,693,367.0,626.0,367.0,693.0
137,5.440,3,person,0.7276,1371,370,1417,474,1394.0,422.0,1394.0,474.0
137,5.440,4,person,0.7133,583,432,630,535,606.5,483.5,606.5,535.0
137,5.440,5,person,0.7122,1791,680,1848,809,1819.5,744.5,1819.5,809.0
137,5.440,6,person,0.6918,1479,526,1540,641,1509.5,583.5,1509.5,641.0
137,5.440,7,person,0.6594,53,517,149,622,101.0,569.5,101.0,622.0
137,5.440,8,person,0.6531,844,311,888,405,866.0,358.0,866.0,405.0
137,5.440,9,person,0.6451,1130,358,1172,466,1151.0,412.0,1151.0,466.0
137,5.440,10,person,0.6441,791,317,826,400,808.5,358.5,808.5,400.0
137,5.440,11,person,0.6336,1190,377,1225,463,1207.5,420.0,1207.5,463.0
137,5.440,12,person,0.6239,1064,685,1120,812,1092.0,748.5,1092.0,812.0
137,5.440,13,person,0.6179,169,326,237,422,203.0,374.0,203.0,422.0
137,5.440,14,person,0.5739,666,399,719,507,692.5,453.0,692.5,507.0
137,5.440,15,person,0.5341,1308,397,1360,510,1334.0,453.5,1334.0,510.0
137,5.440,16,person,0.5064,1023,495,1093,614,1058.0,554.5,1058.0,614.0
137,5.440,17,person,0.4863,669,398,708,498,688.5,448.0,688.5,498.0
137,5.440,18,person,0.4530,457,335,499,418,478.0,376.5,478.0,418.0
137,5.440,19,person,0.4463,1028,495,1059,603,1043.5,549.0,1043.5,603.0
137,5.440,20,person,0.4281,1026,497,1072,609,1049.0,553.0,1049.0,609.0
137,5.440,21,person,0.3977,1310,399,1346,504,1328.0,451.5,1328.0,504.0
137,5.440,22,person,0.3249,1064,688,1142,810,1103.0,749.0,1103.0,810.0
137,5.440,23,person,0.3058,1456,470,1495,532,1475.5,501.0,1475.5,532.0
137,5.440,24,person,0.3044,785,313,838,403,811.5,358.0,811.5,403.0
137,5.440,25,person,0.2929,1449,511,1541,638,1495.0,574.5,1495.0,638.0
138,5.480,1,person,0.8368,970,689,1049,824,1009.5,756.5,1009.5,824.0
138,5.480,2,person,0.8223,1785,678,1854,811,1819.5,744.5,1819.5,811.0
138,5.480,3,person,0.8180,340,561,400,693,370.0,627.0,370.0,693.0
138,5.480,4,person,0.8117,584,431,637,534,610.5,482.5,610.5,534.0
138,5.480,5,person,0.7838,1476,526,1544,640,1510.0,583.0,1510.0,640.0
138,5.480,6,person,0.7334,1195,375,1232,463,1213.5,419.0,1213.5,463.0
138,5.480,7,person,0.6862,183,319,243,419,213.0,369.0,213.0,419.0
138,5.480,8,person,0.6810,58,514,165,618,111.5,566.0,111.5,618.0
138,5.480,9,person,0.6722,1060,688,1122,810,1091.0,749.0,1091.0,810.0
138,5.480,10,person,0.6637,1312,401,1363,511,1337.5,456.0,1337.5,511.0
138,5.480,11,person,0.5877,1027,493,1081,606,1054.0,549.5,1054.0,606.0
138,5.480,12,person,0.5750,847,311,893,402,870.0,356.5,870.0,402.0
138,5.480,13,person,0.5649,793,317,828,401,810.5,359.0,810.5,401.0
138,5.480,14,person,0.5494,1373,369,1421,474,1397.0,421.5,1397.0,474.0
138,5.480,15,person,0.5387,671,400,722,508,696.5,454.0,696.5,508.0
138,5.480,16,person,0.5001,1135,357,1182,464,1158.5,410.5,1158.5,464.0
138,5.480,17,person,0.4484,460,335,511,429,485.5,382.0,485.5,429.0
138,5.480,18,person,0.4458,672,398,710,501,691.0,449.5,691.0,501.0
138,5.480,19,person,0.3831,1030,493,1062,592,1046.0,542.5,1046.0,592.0
138,5.480,20,person,0.3658,1460,467,1494,521,1477.0,494.0,1477.0,521.0
138,5.480,21,person,0.3395,1316,400,1350,507,1333.0,453.5,1333.0,507.0
138,5.480,22,person,0.3237,199,492,318,602,258.5,547.0,258.5,602.0
138,5.480,23,person,0.2595,463,354,513,434,488.0,394.0,488.0,434.0
139,5.520,1,person,0.8819,962,680,1049,823,1005.5,751.5,1005.5,823.0
139,5.520,2,person,0.8325,1783,676,1856,809,1819.5,742.5,1819.5,809.0
139,5.520,3,person,0.8198,582,428,646,533,614.0,480.5,614.0,533.0
139,5.520,4,person,0.7949,666,396,737,506,701.5,451.0,701.5,506.0
139,5.520,5,person,0.7481,342,553,409,690,375.5,621.5,375.5,690.0
139,5.520,6,person,0.7467,1466,509,1549,635,1507.5,572.0,1507.5,635.0
139,5.520,7,person,0.6775,1055,687,1119,807,1087.0,747.0,1087.0,807.0
139,5.520,8,person,0.6167,463,330,516,429,489.5,379.5,489.5,429.0
139,5.520,9,person,0.6166,798,318,827,396,812.5,357.0,812.5,396.0
139,5.520,10,person,0.6127,56,516,176,616,116.0,566.0,116.0,616.0
139,5.520,11,person,0.5989,194,315,245,413,219.5,364.0,219.5,413.0
139,5.520,12,person,0.5862,1374,368,1427,468,1400.5,418.0,1400.5,468.0
139,5.520,13,person,0.5855,1202,374,1237,458,1219.5,416.0,1219.5,458.0
139,5.520,14,person,0.5725,1032,491,1076,599,1054.0,545.0,1054.0,599.0
139,5.520,15,person,0.5608,847,304,891,390,869.0,347.0,869.0,390.0
139,5.520,16,person,0.5243,1318,400,1364,509,1341.0,454.5,1341.0,509.0
139,5.520,17,person,0.4234,1142,359,1176,462,1159.0,410.5,1159.0,462.0
139,5.520,18,person,0.3568,216,491,320,594,268.0,542.5,268.0,594.0
139,5.520,19,person,0.3142,215,492,288,587,251.5,539.5,251.5,587.0
140,5.560,1,person,0.8967,953,678,1050,819,1001.5,748.5,1001.5,819.0
140,5.560,2,person,0.8249,1784,675,1860,811,1822.0,743.0,1822.0,811.0
140,5.560,3,person,0.8217,583,424,656,528,619.5,476.0,619.5,528.0
140,5.560,4,person,0.8093,346,551,417,686,381.5,618.5,381.5,686.0
140,5.560,5,person,0.7595,1464,512,1549,631,1506.5,571.5,1506.5,631.0
140,5.560,6,person,0.7484,1049,685,1127,813,1088.0,749.0,1088.0,813.0
140,5.560,7,person,0.6891,797,316,831,399,814.0,357.5,814.0,399.0
140,5.560,8,person,0.6319,65,515,191,613,128.0,564.0,128.0,613.0
140,5.560,9,person,0.6295,851,305,897,391,874.0,348.0,874.0,391.0
140,5.560,10,person,0.6216,202,311,248,409,225.0,360.0,225.0,409.0
140,5.560,11,person,0.6205,1032,487,1078,603,1055.0,545.0,1055.0,603.0
140,5.560,12,person,0.6200,668,395,739,501,703.5,448.0,703.5,501.0
140,5.560,13,person,0.5491,1381,370,1426,466,1403.5,418.0,1403.5,466.0
140,5.560,14,person,0.5228,466,328,517,425,491.5,376.5,491.5,425.0
140,5.560,15,person,0.5208,1321,399,1367,507,1344.0,453.0,1344.0,507.0
140,5.560,16,person,0.4123,1209,377,1247,455,1228.0,416.0,1228.0,455.0
140,5.560,17,person,0.3539,1460,472,1547,631,1503.5,551.5,1503.5,631.0
140,5.560,18,person,0.3337,1146,365,1188,462,1167.0,413.5,1167.0,462.0
140,5.560,19,person,0.3301,671,396,713,488,692.0,442.0,692.0,488.0
140,5.560,20,person,0.3300,224,489,285,580,254.5,534.5,254.5,580.0
140,5.560,21,person,0.2835,1462,476,1520,634,1491.0,555.0,1491.0,634.0
141,5.600,1,person,0.8591,356,547,426,678,391.0,612.5,391.0,678.0
141,5.600,2,person,0.8585,582,424,659,525,620.5,474.5,620.5,525.0
141,5.600,3,person,0.7921,1049,684,1127,811,1088.0,747.5,1088.0,811.0
141,5.600,4,person,0.7527,953,680,1045,821,999.0,750.5,999.0,821.0
141,5.600,5,person,0.7400,1789,679,1859,812,1824.0,745.5,1824.0,812.0
141,5.600,6,person,0.7050,1030,486,1085,608,1057.5,547.0,1057.5,608.0
141,5.600,7,person,0.6805,71,511,195,609,133.0,560.0,133.0,609.0
141,5.600,8,person,0.6668,854,305,892,390,873.0,347.5,873.0,390.0
141,5.600,9,person,0.6537,1385,366,1421,465,1403.0,415.5,1403.0,465.0
141,5.600,10,person,0.6433,1326,401,1365,504,1345.5,452.5,1345.5,504.0
141,5.600,11,person,0.6205,1463,471,1547,632,1505.0,551.5,1505.0,632.0
141,5.600,12,person,0.6175,472,328,519,423,495.5,375.5,495.5,423.0
141,5.600,13,person,0.6173,796,312,834,391,815.0,351.5,815.0,391.0
141,5.600,14,person,0.5883,1214,375,1257,457,1235.5,416.0,1235.5,457.0
141,5.600,15,person,0.5835,216,308,258,410,237.0,359.0,237.0,410.0
141,5.600,16,person,0.5504,1461,469,1523,632,1492.0,550.5,1492.0,632.0
141,5.600,17,person,0.5440,235,489,311,593,273.0,541.0,273.0,593.0
141,5.600,18,person,0.5098,671,392,748,491,709.5,441.5,709.5,491.0
141,5.600,19,person,0.4691,1154,361,1184,453,1169.0,407.0,1169.0,453.0
141,5.600,20,person,0.4081,673,392,723,486,698.0,439.0,698.0,486.0
141,5.600,21,person,0.3843,1788,679,1834,813,1811.0,746.0,1811.0,813.0
141,5.600,22,person,0.3205,675,392,712,480,693.5,436.0,693.5,480.0
142,5.640,1,person,0.8327,577,421,663,522,620.0,471.5,620.0,522.0
142,5.640,2,person,0.7794,1787,678,1850,812,1818.5,745.0,1818.5,812.0
142,5.640,3,person,0.7559,367,542,433,676,400.0,609.0,400.0,676.0
142,5.640,4,person,0.7086,1032,482,1092,602,1062.0,542.0,1062.0,602.0
142,5.640,5,person,0.6929,77,507,199,609,138.0,558.0,138.0,609.0
142,5.640,6,person,0.6829,1050,685,1108,817,1079.0,751.0,1079.0,817.0
142,5.640,7,person,0.6684,1389,366,1426,467,1407.5,416.5,1407.5,467.0
142,5.640,8,person,0.6472,1465,472,1515,633,1490.0,552.5,1490.0,633.0
142,5.640,9,person,0.6274,853,309,893,400,873.0,354.5,873.0,400.0
142,5.640,10,person,0.6274,961,681,1005,820,983.0,750.5,983.0,820.0
142,5.640,11,person,0.6272,960,682,1036,818,998.0,750.0,998.0,818.0
142,5.640,12,person,0.6260,1326,399,1369,503,1347.5,451.0,1347.5,503.0
142,5.640,13,person,0.6180,237,489,329,590,283.0,539.5,283.0,590.0
142,5.640,14,person,0.6033,1222,369,1263,455,1242.5,412.0,1242.5,455.0
142,5.640,15,person,0.5962,795,311,833,393,814.0,352.0,814.0,393.0
142,5.640,16,person,0.5631,226,310,267,410,246.5,360.0,246.5,410.0
142,5.640,17,person,0.5609,1465,486,1536,630,1500.5,558.0,1500.5,630.0
142,5.640,18,person,0.4959,680,390,713,479,696.5,434.5,696.5,479.0
142,5.640,19,person,0.4805,675,388,741,488,708.0,438.0,708.0,488.0
142,5.640,20,person,0.4473,1157,359,1195,457,1176.0,408.0,1176.0,457.0
142,5.640,21,person,0.4103,478,329,523,419,500.5,374.0,500.5,419.0
142,5.640,22,person,0.3615,1034,482,1071,598,1052.5,540.0,1052.5,598.0
143,5.680,1,person,0.7916,383,538,444,669,413.5,603.5,413.5,669.0
143,5.680,2,person,0.7824,1785,679,1845,809,1815.0,744.0,1815.0,809.0
143,5.680,3,person,0.7335,957,682,1012,817,984.5,749.5,984.5,817.0
143,5.680,4,person,0.7330,1466,480,1527,630,1496.5,555.0,1496.5,630.0
143,5.680,5,person,0.7259,1036,480,1088,597,1062.0,538.5,1062.0,597.0
143,5.680,6,person,0.7143,87,503,199,607,143.0,555.0,143.0,607.0
143,5.680,7,person,0.7119,1052,688,1114,817,1083.0,752.5,1083.0,817.0
143,5.680,8,person,0.6545,857,308,894,400,875.5,354.0,875.5,400.0
143,5.680,9,person,0.6524,1394,370,1432,466,1413.0,418.0,1413.0,466.0
143,5.680,10,person,0.6496,582,420,656,521,619.0,470.5,619.0,521.0
143,5.680,11,person,0.6446,791,307,843,394,817.0,350.5,817.0,394.0
143,5.680,12,person,0.6172,1229,370,1268,454,1248.5,412.0,1248.5,454.0
143,5.680,13,person,0.6108,1331,394,1378,505,1354.5,449.5,1354.5,505.0
143,5.680,14,person,0.5348,582,420,629,521,605.5,470.5,605.5,521.0
143,5.680,15,person,0.5264,682,390,728,479,705.0,434.5,705.0,479.0
143,5.680,16,person,0.4989,682,390,714,476,698.0,433.0,698.0,476.0
143,5.680,17,person,0.4597,487,334,532,423,509.5,378.5,509.5,423.0
143,5.680,18,person,0.4537,1159,353,1204,455,1181.5,404.0,1181.5,455.0
143,5.680,19,person,0.4392,240,486,340,588,290.0,537.0,290.0,588.0
143,5.680,20,person,0.3743,240,310,275,405,257.5,357.5,257.5,405.0
144,5.720,1,person,0.7557,1777,678,1846,805,1811.5,741.5,1811.5,805.0
144,5.720,2,person,0.7396,392,533,446,665,419.0,599.0,419.0,665.0
144,5.720,3,person,0.7242,1053,691,1103,814,1078.0,752.5,1078.0,814.0
144,5.720,4,person,0.7211,1399,368,1438,464,1418.5,416.0,1418.5,464.0
144,5.720,5,person,0.7165,1038,479,1079,594,1058.5,536.5,1058.5,594.0
144,5.720,6,person,0.7079,588,421,654,521,621.0,471.0,621.0,521.0
144,5.720,7,person,0.6966,1465,464,1514,625,1489.5,544.5,1489.5,625.0
144,5.720,8,person,0.6962,949,681,1003,806,976.0,743.5,976.0,806.0
144,5.720,9,person,0.6768,862,309,895,402,878.5,355.5,878.5,402.0
144,5.720,10,person,0.6654,100,504,205,604,152.5,554.0,152.5,604.0
144,5.720,11,person,0.6608,1336,394,1383,502,1359.5,448.0,1359.5,502.0
144,5.720,12,person,0.6376,790,307,839,387,814.5,347.0,814.5,387.0
144,5.720,13,person,0.5918,1237,370,1276,454,1256.5,412.0,1256.5,454.0
144,5.720,14,person,0.5829,587,421,628,519,607.5,470.0,607.5,519.0
144,5.720,15,person,0.5522,685,390,717,480,701.0,435.0,701.0,480.0
144,5.720,16,person,0.5297,249,312,287,403,268.0,357.5,268.0,403.0
144,5.720,17,person,0.5075,683,388,726,487,704.5,437.5,704.5,487.0
144,5.720,18,person,0.4842,491,332,529,421,510.0,376.5,510.0,421.0
144,5.720,19,person,0.4185,1168,353,1207,457,1187.5,405.0,1187.5,457.0
144,5.720,20,person,0.3195,247,481,353,591,300.0,536.0,300.0,591.0
145,5.760,1,person,0.7863,942,681,1015,810,978.5,745.5,978.5,810.0
145,5.760,2,person,0.7799,1041,693,1113,814,1077.0,753.5,1077.0,814.0
145,5.760,3,person,0.7530,1785,677,1849,806,1817.0,741.5,1817.0,806.0
145,5.760,4,person,0.7198,397,531,450,664,423.5,597.5,423.5,664.0
145,5.760,5,person,0.6984,1458,480,1518,623,1488.0,551.5,1488.0,623.0
145,5.760,6,person,0.6920,1246,369,1281,455,1263.5,412.0,1263.5,455.0
145,5.760,7,person,0.6830,590,421,635,521,612.5,471.0,612.5,521.0
145,5.760,8,person,0.6718,1401,364,1442,462,1421.5,413.0,1421.5,462.0
145,5.760,9,person,0.6569,1338,396,1393,501,1365.5,448.5,1365.5,501.0
145,5.760,10,person,0.6363,1042,478,1081,595,1061.5,536.5,1061.5,595.0
145,5.760,11,person,0.6311,110,499,215,600,162.5,549.5,162.5,600.0
145,5.760,12,person,0.6297,864,312,898,400,881.0,356.0,881.0,400.0
145,5.760,13,person,0.5091,495,331,535,403,515.0,367.0,515.0,403.0
145,5.760,14,person,0.4848,684,389,726,472,705.0,430.5,705.0,472.0
145,5.760,15,person,0.4412,793,307,832,385,812.5,346.0,812.5,385.0
145,5.760,16,person,0.4222,254,480,358,588,306.0,534.0,306.0,588.0
145,5.760,17,person,0.4198,258,311,299,400,278.5,355.5,278.5,400.0
145,5.760,18,person,0.4118,1169,350,1217,454,1193.0,402.0,1193.0,454.0
145,5.760,19,person,0.3853,1145,351,1220,455,1182.5,403.0,1182.5,455.0
145,5.760,20,person,0.3045,494,330,538,424,516.0,377.0,516.0,424.0
146,5.800,1,person,0.8665,1779,674,1852,815,1815.5,744.5,1815.5,815.0
146,5.800,2,person,0.8247,1038,690,1120,808,1079.0,749.0,1079.0,808.0
146,5.800,3,person,0.7664,1404,357,1446,461,1425.0,409.0,1425.0,461.0
146,5.800,4,person,0.7319,1456,478,1524,620,1490.0,549.0,1490.0,620.0
146,5.800,5,person,0.7162,935,678,1017,812,976.0,745.0,976.0,812.0
146,5.800,6,person,0.7141,403,527,456,659,429.5,593.0,429.5,659.0
146,5.800,7,person,0.6783,591,415,633,517,612.0,466.0,612.0,517.0
146,5.800,8,person,0.6598,1341,395,1399,501,1370.0,448.0,1370.0,501.0
146,5.800,9,person,0.6454,1045,475,1084,590,1064.5,532.5,1064.5,590.0
146,5.800,10,person,0.6058,1252,371,1289,454,1270.5,412.5,1270.5,454.0
146,5.800,11,person,0.6019,499,329,545,418,522.0,373.5,522.0,418.0
146,5.800,12,person,0.5734,1342,395,1382,498,1362.0,446.5,1362.0,498.0
146,5.800,13,person,0.5142,864,313,898,393,881.0,353.0,881.0,393.0
146,5.800,14,person,0.4990,680,385,739,487,709.5,436.0,709.5,487.0
146,5.800,15,person,0.4646,120,500,228,597,174.0,548.5,174.0,597.0
146,5.800,16,person,0.3635,266,314,304,392,285.0,353.0,285.0,392.0
146,5.800,17,person,0.3569,794,306,834,388,814.0,347.0,814.0,388.0
146,5.800,18,person,0.3449,1176,354,1218,451,1197.0,402.5,1197.0,451.0
146,5.800,19,person,0.3321,796,306,829,377,812.5,341.5,812.5,377.0
146,5.800,20,person,0.2918,265,312,317,394,291.0,353.0,291.0,394.0
146,5.800,21,person,0.2765,796,306,826,356,811.0,331.0,811.0,356.0
147,5.840,1,person,0.8740,1035,687,1124,808,1079.5,747.5,1079.5,808.0
147,5.840,2,person,0.8392,1779,673,1853,817,1816.0,745.0,1816.0,817.0
147,5.840,3,person,0.8014,412,526,463,656,437.5,591.0,437.5,656.0
147,5.840,4,person,0.7775,1449,464,1525,620,1487.0,542.0,1487.0,620.0
147,5.840,5,person,0.7148,589,411,644,513,616.5,462.0,616.5,513.0
147,5.840,6,person,0.6956,1404,360,1447,460,1425.5,410.0,1425.5,460.0
147,5.840,7,person,0.6792,1261,374,1295,452,1278.0,413.0,1278.0,452.0
147,5.840,8,person,0.6767,931,674,1007,810,969.0,742.0,969.0,810.0
147,5.840,9,person,0.6367,500,324,557,423,528.5,373.5,528.5,423.0
147,5.840,10,person,0.6004,1046,471,1082,585,1064.0,528.0,1064.0,585.0
147,5.840,11,person,0.5942,682,384,744,489,713.0,436.5,713.0,489.0
147,5.840,12,person,0.4924,796,305,833,385,814.5,345.0,814.5,385.0
147,5.840,13,person,0.4649,1345,396,1391,499,1368.0,447.5,1368.0,499.0
147,5.840,14,person,0.4320,863,312,906,394,884.5,353.0,884.5,394.0
147,5.840,15,person,0.3906,129,493,212,595,170.5,544.0,170.5,595.0
147,5.840,16,person,0.3811,270,312,318,394,294.0,353.0,294.0,394.0
147,5.840,17,person,0.3765,1180,353,1216,452,1198.0,402.5,1198.0,452.0
147,5.840,18,person,0.3411,1346,397,1383,456,1364.5,426.5,1364.5,456.0
147,5.840,19,person,0.2857,1160,352,1220,452,1190.0,402.0,1190.0,452.0
148,5.880,1,person,0.7907,1441,469,1524,617,1482.5,543.0,1482.5,617.0
148,5.880,2,person,0.7680,418,528,467,652,442.5,590.0,442.5,652.0
148,5.880,3,person,0.7651,1783,679,1851,819,1817.0,749.0,1817.0,819.0
148,5.880,4,person,0.7017,1407,357,1449,461,1428.0,409.0,1428.0,461.0
148,5.880,5,person,0.6732,928,677,975,811,951.5,744.0,951.5,811.0
148,5.880,6,person,0.6721,1268,373,1301,452,1284.5,412.5,1284.5,452.0
148,5.880,7,person,0.6688,590,408,652,514,621.0,461.0,621.0,514.0
148,5.880,8,person,0.6486,142,493,206,594,174.0,543.5,174.0,594.0
148,5.880,9,person,0.6467,1029,687,1121,811,1075.0,749.0,1075.0,811.0
148,5.880,10,person,0.5696,1047,471,1086,586,1066.5,528.5,1066.5,586.0
148,5.880,11,person,0.5275,682,381,752,485,717.0,433.0,717.0,485.0
148,5.880,12,person,0.5194,796,304,835,384,815.5,344.0,815.5,384.0
148,5.880,13,person,0.5113,1349,397,1390,496,1369.5,446.5,1369.5,496.0
148,5.880,14,person,0.4777,502,327,562,422,532.0,374.5,532.0,422.0
148,5.880,15,person,0.4205,863,310,910,394,886.5,352.0,886.5,394.0
148,5.880,16,person,0.3838,1167,359,1224,449,1195.5,404.0,1195.5,449.0
148,5.880,17,person,0.3686,257,480,332,584,294.5,532.0,294.5,584.0
148,5.880,18,person,0.3439,1030,687,1090,817,1060.0,752.0,1060.0,817.0
148,5.880,19,person,0.3119,1191,361,1230,451,1210.5,406.0,1210.5,451.0
148,5.880,20,person,0.2859,1349,397,1385,453,1367.0,425.0,1367.0,453.0
148,5.880,21,person,0.2745,283,312,317,388,300.0,350.0,300.0,388.0
148,5.880,22,person,0.2699,282,310,329,391,305.5,350.5,305.5,391.0
148,5.880,23,person,0.2643,1031,687,1099,790,1065.0,738.5,1065.0,790.0
148,5.880,24,person,0.2564,687,382,726,472,706.5,427.0,706.5,472.0
149,5.920,1,person,0.8124,1792,680,1846,822,1819.0,751.0,1819.0,822.0
149,5.920,2,person,0.7449,1442,464,1518,618,1480.0,541.0,1480.0,618.0
149,5.920,3,person,0.7282,918,674,973,812,945.5,743.0,945.5,812.0
149,5.920,4,person,0.7149,420,529,470,649,445.0,589.0,445.0,649.0
149,5.920,5,person,0.6391,152,492,215,598,183.5,545.0,183.5,598.0
149,5.920,6,person,0.6374,1355,398,1390,497,1372.5,447.5,1372.5,497.0
149,5.920,7,person,0.6204,1415,358,1451,459,1433.0,408.5,1433.0,459.0
149,5.920,8,person,0.5993,1051,471,1091,582,1071.0,526.5,1071.0,582.0
149,5.920,9,person,0.5892,588,406,658,510,623.0,458.0,623.0,510.0
149,5.920,10,person,0.5737,1028,684,1078,822,1053.0,753.0,1053.0,822.0
149,5.920,11,person,0.5724,1275,372,1306,449,1290.5,410.5,1290.5,449.0
149,5.920,12,person,0.4347,795,304,834,381,814.5,342.5,814.5,381.0
149,5.920,13,person,0.4057,866,311,902,381,884.0,346.0,884.0,381.0
149,5.920,14,person,0.3507,865,311,922,386,893.5,348.5,893.5,386.0
149,5.920,15,person,0.3451,690,380,739,476,714.5,428.0,714.5,476.0
149,5.920,16,person,0.3395,290,309,338,392,314.0,350.5,314.0,392.0
149,5.920,17,person,0.3363,692,381,723,469,707.5,425.0,707.5,469.0
149,5.920,18,person,0.3346,796,305,825,369,810.5,337.0,810.5,369.0
149,5.920,19,person,0.3271,1172,359,1227,449,1199.5,404.0,1199.5,449.0
149,5.920,20,person,0.2762,511,328,544,410,527.5,369.0,527.5,410.0
149,5.920,21,person,0.2631,291,309,326,368,308.5,338.5,308.5,368.0
149,5.920,22,person,0.2531,0,391,28,466,14.0,428.5,14.0,466.0
150,5.960,1,person,0.7965,1794,679,1841,820,1817.5,749.5,1817.5,820.0
150,5.960,2,person,0.7782,895,678,972,811,933.5,744.5,933.5,811.0
150,5.960,3,person,0.7643,160,492,229,594,194.5,543.0,194.5,594.0
150,5.960,4,person,0.7113,423,527,481,645,452.0,586.0,452.0,645.0
150,5.960,5,person,0.6918,1448,463,1509,618,1478.5,540.5,1478.5,618.0
150,5.960,6,person,0.6850,1418,361,1455,460,1436.5,410.5,1436.5,460.0
150,5.960,7,person,0.6817,581,405,662,512,621.5,458.5,621.5,512.0
150,5.960,8,person,0.6634,1280,371,1316,451,1298.0,411.0,1298.0,451.0
150,5.960,9,person,0.6442,1024,687,1091,818,1057.5,752.5,1057.5,818.0
150,5.960,10,person,0.6089,1048,469,1095,572,1071.5,520.5,1071.5,572.0
150,5.960,11,person,0.5758,514,325,549,413,531.5,369.0,531.5,413.0
150,5.960,12,person,0.5655,1024,470,1100,578,1062.0,524.0,1062.0,578.0
150,5.960,13,person,0.5576,253,475,361,582,307.0,528.5,307.0,582.0
150,5.960,14,person,0.5351,1355,397,1399,500,1377.0,448.5,1377.0,500.0
150,5.960,15,person,0.5193,792,302,844,384,818.0,343.0,818.0,384.0
150,5.960,16,person,0.5186,0,376,39,459,19.5,417.5,19.5,459.0
150,5.960,17,person,0.4738,869,310,908,391,888.5,350.5,888.5,391.0
150,5.960,18,person,0.4254,1182,357,1231,449,1206.5,403.0,1206.5,449.0
150,5.960,19,person,0.4049,692,379,726,479,709.0,429.0,709.0,479.0
150,5.960,20,person,0.3652,866,307,920,395,893.0,351.0,893.0,395.0
150,5.960,21,person,0.3287,794,302,827,372,810.5,337.0,810.5,372.0
150,5.960,22,person,0.2934,294,305,349,391,321.5,348.0,321.5,391.0
150,5.960,23,person,0.2844,585,404,638,511,611.5,457.5,611.5,511.0
150,5.960,24,person,0.2641,690,378,746,479,718.0,428.5,718.0,479.0
151,6.000,1,person,0.8397,893,679,983,805,938.0,742.0,938.0,805.0
151,6.000,2,person,0.8302,1795,679,1841,817,1818.0,748.0,1818.0,817.0
151,6.000,3,person,0.8188,427,527,491,642,459.0,584.5,459.0,642.0
151,6.000,4,person,0.7136,1287,367,1321,453,1304.0,410.0,1304.0,453.0
151,6.000,5,person,0.6998,164,491,245,594,204.5,542.5,204.5,594.0
151,6.000,6,person,0.6948,1015,687,1081,812,1048.0,749.5,1048.0,812.0
151,6.000,7,person,0.6822,259,472,363,579,311.0,525.5,311.0,579.0
151,6.000,8,person,0.6804,1448,503,1488,620,1468.0,561.5,1468.0,620.0
151,6.000,9,person,0.6691,1424,365,1459,459,1441.5,412.0,1441.5,459.0
151,6.000,10,person,0.6566,1017,474,1110,579,1063.5,526.5,1063.5,579.0
151,6.000,11,person,0.6473,1360,398,1405,500,1382.5,449.0,1382.5,500.0
151,6.000,12,person,0.5969,519,322,557,415,538.0,368.5,538.0,415.0
151,6.000,13,person,0.5768,1195,350,1230,447,1212.5,398.5,1212.5,447.0
151,6.000,14,person,0.5614,584,405,653,511,618.5,458.0,618.5,511.0
151,6.000,15,person,0.5384,791,300,835,379,813.0,339.5,813.0,379.0
151,6.000,16,person,0.4865,1044,474,1107,577,1075.5,525.5,1075.5,577.0
151,6.000,17,person,0.4582,871,312,909,394,890.0,353.0,890.0,394.0
151,6.000,18,person,0.4270,698,381,736,480,717.0,430.5,717.0,480.0
151,6.000,19,person,0.4137,0,369,39,462,19.5,415.5,19.5,462.0
151,6.000,20,person,0.4062,1468,457,1501,520,1484.5,488.5,1484.5,520.0
151,6.000,21,person,0.3809,590,406,633,498,611.5,452.0,611.5,498.0
151,6.000,22,person,0.3356,1057,475,1102,564,1079.5,519.5,1079.5,564.0
151,6.000,23,person,0.3136,699,382,727,473,713.0,427.5,713.0,473.0
151,6.000,24,person,0.2836,303,305,358,389,330.5,347.0,330.5,389.0
152,6.040,1,person,0.8547,893,678,986,805,939.5,741.5,939.5,805.0
152,6.040,2,person,0.8056,1428,363,1461,459,1444.5,411.0,1444.5,459.0
152,6.040,3,person,0.8054,1792,679,1843,812,1817.5,745.5,1817.5,812.0
152,6.040,4,person,0.8004,437,531,505,642,471.0,586.5,471.0,642.0
152,6.040,5,person,0.7506,168,488,257,589,212.5,538.5,212.5,589.0
152,6.040,6,person,0.7060,1446,508,1485,616,1465.5,562.0,1465.5,616.0
152,6.040,7,person,0.7032,1294,365,1330,455,1312.0,410.0,1312.0,455.0
152,6.040,8,person,0.6949,1011,687,1088,805,1049.5,746.0,1049.5,805.0
152,6.040,9,person,0.6671,1362,396,1412,499,1387.0,447.5,1387.0,499.0
152,6.040,10,person,0.6527,1026,476,1105,580,1065.5,528.0,1065.5,580.0
152,6.040,11,person,0.6160,1047,476,1104,573,1075.5,524.5,1075.5,573.0
152,6.040,12,person,0.5667,1202,352,1241,449,1221.5,400.5,1221.5,449.0
152,6.040,13,person,0.5655,874,311,910,395,892.0,353.0,892.0,395.0
152,6.040,14,person,0.5413,591,409,641,511,616.0,460.0,616.0,511.0
152,6.040,15,person,0.5402,524,328,567,411,545.5,369.5,545.5,411.0
152,6.040,16,person,0.5262,795,300,833,375,814.0,337.5,814.0,375.0
152,6.040,17,person,0.4920,700,380,747,478,723.5,429.0,723.5,478.0
152,6.040,18,person,0.4616,0,371,41,459,20.5,415.0,20.5,459.0
152,6.040,19,person,0.4298,1466,457,1508,572,1487.0,514.5,1487.0,572.0
152,6.040,20,person,0.4118,265,468,319,583,292.0,525.5,292.0,583.0
152,6.040,21,person,0.3893,1060,477,1104,551,1082.0,514.0,1082.0,551.0
152,6.040,22,person,0.3839,266,472,366,579,316.0,525.5,316.0,579.0
152,6.040,23,person,0.3806,1204,351,1234,434,1219.0,392.5,1219.0,434.0
152,6.040,24,person,0.3618,1013,688,1070,793,1041.5,740.5,1041.5,793.0
152,6.040,25,person,0.3467,793,300,849,376,821.0,338.0,821.0,376.0
152,6.040,26,person,0.3165,303,304,363,389,333.0,346.5,333.0,389.0
152,6.040,27,person,0.2829,701,381,734,463,717.5,422.0,717.5,463.0
152,6.040,28,person,0.2554,1471,456,1502,518,1486.5,487.0,1486.5,518.0
153,6.080,1,person,0.8802,889,671,984,804,936.5,737.5,936.5,804.0
153,6.080,2,person,0.7903,1006,689,1093,811,1049.5,750.0,1049.5,811.0
153,6.080,3,person,0.7522,446,527,515,641,480.5,584.0,480.5,641.0
153,6.080,4,person,0.7512,1438,504,1490,613,1464.0,558.5,1464.0,613.0
153,6.080,5,person,0.7467,1791,678,1847,814,1819.0,746.0,1819.0,814.0
153,6.080,6,person,0.7434,172,486,264,589,218.0,537.5,218.0,589.0
153,6.080,7,person,0.7266,1432,363,1463,457,1447.5,410.0,1447.5,457.0
153,6.080,8,person,0.6619,1032,480,1108,580,1070.0,530.0,1070.0,580.0
153,6.080,9,person,0.6209,1362,399,1419,498,1390.5,448.5,1390.5,498.0
153,6.080,10,person,0.6012,599,410,636,509,617.5,459.5,617.5,509.0
153,6.080,11,person,0.5968,703,381,749,480,726.0,430.5,726.0,480.0
153,6.080,12,person,0.5891,1299,372,1332,453,1315.5,412.5,1315.5,453.0
153,6.080,13,person,0.5543,796,301,831,374,813.5,337.5,813.5,374.0
153,6.080,14,person,0.5482,876,312,917,394,896.5,353.0,896.5,394.0
153,6.080,15,person,0.5328,270,471,324,567,297.0,519.0,297.0,567.0
153,6.080,16,person,0.5095,1473,456,1521,562,1497.0,509.0,1497.0,562.0
153,6.080,17,person,0.4975,0,370,44,455,22.0,412.5,22.0,455.0
153,6.080,18,person,0.4472,529,325,570,413,549.5,369.0,549.5,413.0
153,6.080,19,person,0.4148,795,301,848,373,821.5,337.0,821.5,373.0
153,6.080,20,person,0.4050,1474,457,1508,549,1491.0,503.0,1491.0,549.0
153,6.080,21,person,0.3615,1208,348,1257,449,1232.5,398.5,1232.5,449.0
153,6.080,22,person,0.2969,171,487,228,592,199.5,539.5,199.5,592.0
153,6.080,23,person,0.2652,270,472,352,572,311.0,522.0,311.0,572.0
153,6.080,24,person,0.2538,1210,348,1242,447,1226.0,397.5,1226.0,447.0
154,6.120,1,person,0.8175,1435,505,1497,610,1466.0,557.5,1466.0,610.0
154,6.120,2,person,0.7894,1789,680,1855,816,1822.0,748.0,1822.0,816.0
154,6.120,3,person,0.7545,894,674,986,810,940.0,742.0,940.0,810.0
154,6.120,4,person,0.7435,1005,690,1092,823,1048.5,756.5,1048.5,823.0
154,6.120,5,person,0.7305,597,411,640,511,618.5,461.0,618.5,511.0
154,6.120,6,person,0.7279,454,521,516,635,485.0,578.0,485.0,635.0
154,6.120,7,person,0.7010,174,483,271,586,222.5,534.5,222.5,586.0
154,6.120,8,person,0.6577,1304,369,1343,458,1323.5,413.5,1323.5,458.0
154,6.120,9,person,0.6447,892,672,945,809,918.5,740.5,918.5,809.0
154,6.120,10,person,0.6402,1434,360,1473,457,1453.5,408.5,1453.5,457.0
154,6.120,11,person,0.6159,1039,481,1109,577,1074.0,529.0,1074.0,577.0
154,6.120,12,person,0.6138,270,470,329,580,299.5,525.0,299.5,580.0
154,6.120,13,person,0.6102,1361,396,1425,496,1393.0,446.0,1393.0,496.0
154,6.120,14,person,0.5592,8,366,52,457,30.0,411.5,30.0,457.0
154,6.120,15,person,0.5558,324,303,382,386,353.0,344.5,353.0,386.0
154,6.120,16,person,0.5311,701,377,756,475,728.5,426.0,728.5,475.0
154,6.120,17,person,0.4837,529,330,575,409,552.0,369.5,552.0,409.0
154,6.120,18,person,0.4558,1474,452,1527,563,1500.5,507.5,1500.5,563.0
154,6.120,19,person,0.4186,798,305,828,374,813.0,339.5,813.0,374.0
154,6.120,20,person,0.4067,876,312,919,382,897.5,347.0,897.5,382.0
154,6.120,21,person,0.3441,1209,347,1262,451,1235.5,399.0,1235.5,451.0
154,6.120,22,person,0.3374,702,378,741,471,721.5,424.5,721.5,471.0
154,6.120,23,person,0.3095,1474,451,1512,551,1493.0,501.0,1493.0,551.0
154,6.120,24,person,0.2964,173,484,223,587,198.0,535.5,198.0,587.0
154,6.120,25,person,0.2908,798,305,847,373,822.5,339.0,822.5,373.0
154,6.120,26,person,0.2745,1472,449,1509,529,1490.5,489.0,1490.5,529.0
155,6.160,1,person,0.8317,1425,504,1501,610,1463.0,557.0,1463.0,610.0
155,6.160,2,person,0.7886,1783,680,1859,822,1821.0,751.0,1821.0,822.0
155,6.160,3,person,0.7621,463,516,518,633,490.5,574.5,490.5,633.0
155,6.160,4,person,0.7119,1045,479,1113,577,1079.0,528.0,1079.0,577.0
155,6.160,5,person,0.7046,894,676,970,811,932.0,743.5,932.0,811.0
155,6.160,6,person,0.6803,596,411,651,511,623.5,461.0,623.5,511.0
155,6.160,7,person,0.6605,1313,372,1347,455,1330.0,413.5,1330.0,455.0
155,6.160,8,person,0.6465,177,483,233,588,205.0,535.5,205.0,588.0
155,6.160,9,person,0.6437,998,690,1050,830,1024.0,760.0,1024.0,830.0
155,6.160,10,person,0.6281,177,481,266,587,221.5,534.0,221.5,587.0
155,6.160,11,person,0.6096,13,362,57,453,35.0,407.5,35.0,453.0
155,6.160,12,person,0.5822,703,380,762,483,732.5,431.5,732.5,483.0
155,6.160,13,person,0.5748,895,673,942,811,918.5,742.0,918.5,811.0
155,6.160,14,person,0.5520,272,472,345,574,308.5,523.0,308.5,574.0
155,6.160,15,person,0.5504,1369,396,1418,496,1393.5,446.0,1393.5,496.0
155,6.160,16,person,0.5159,1436,363,1479,458,1457.5,410.5,1457.5,458.0
155,6.160,17,person,0.4786,876,307,927,391,901.5,349.0,901.5,391.0
155,6.160,18,person,0.4720,1372,391,1408,491,1390.0,441.0,1390.0,491.0
155,6.160,19,person,0.4498,535,324,582,416,558.5,370.0,558.5,416.0
155,6.160,20,person,0.4202,333,298,384,385,358.5,341.5,358.5,385.0
155,6.160,21,person,0.4034,800,303,840,377,820.0,340.0,820.0,377.0
155,6.160,22,person,0.3082,1476,449,1512,518,1494.0,483.5,1494.0,518.0
156,6.200,1,person,0.8051,1419,503,1502,605,1460.5,554.0,1460.5,605.0
156,6.200,2,person,0.7593,1057,478,1120,582,1088.5,530.0,1088.5,582.0
156,6.200,3,person,0.7589,888,673,943,808,915.5,740.5,915.5,808.0
156,6.200,4,person,0.7306,1790,680,1858,817,1824.0,748.5,1824.0,817.0
156,6.200,5,person,0.7235,469,516,525,634,497.0,575.0,497.0,634.0
156,6.200,6,person,0.7123,595,406,658,506,626.5,456.0,626.5,506.0
156,6.200,7,person,0.7031,994,695,1054,829,1024.0,762.0,1024.0,829.0
156,6.200,8,person,0.6970,1321,375,1353,456,1337.0,415.5,1337.0,456.0
156,6.200,9,person,0.6630,177,480,252,583,214.5,531.5,214.5,583.0
156,6.200,10,person,0.5901,20,363,66,453,43.0,408.0,43.0,453.0
156,6.200,11,person,0.5884,1377,398,1409,493,1393.0,445.5,1393.0,493.0
156,6.200,12,person,0.5759,537,324,586,416,561.5,370.0,561.5,416.0
156,6.200,13,person,0.5590,1437,362,1478,454,1457.5,408.0,1457.5,454.0
156,6.200,14,person,0.5571,269,468,358,573,313.5,520.5,313.5,573.0
156,6.200,15,person,0.5412,1476,445,1513,531,1494.5,488.0,1494.5,531.0
156,6.200,16,person,0.5231,704,377,768,476,736.0,426.5,736.0,476.0
156,6.200,17,person,0.5085,803,300,836,375,819.5,337.5,819.5,375.0
156,6.200,18,person,0.4969,876,307,933,391,904.5,349.0,904.5,391.0
156,6.200,19,person,0.3835,346,301,397,383,371.5,342.0,371.5,383.0
156,6.200,20,person,0.3228,1222,349,1257,449,1239.5,399.0,1239.5,449.0
157,6.240,1,person,0.7718,878,673,949,802,913.5,737.5,913.5,802.0
157,6.240,2,person,0.7716,990,699,1050,826,1020.0,762.5,1020.0,826.0
157,6.240,3,person,0.7670,1417,505,1496,605,1456.5,555.0,1456.5,605.0
157,6.240,4,person,0.7506,1791,685,1852,828,1821.5,756.5,1821.5,828.0
157,6.240,5,person,0.7126,594,403,664,501,629.0,452.0,629.0,501.0
157,6.240,6,person,0.7009,30,365,73,455,51.5,410.0,51.5,455.0
157,6.240,7,person,0.6909,477,515,532,630,504.5,572.5,504.5,630.0
157,6.240,8,person,0.6489,1325,374,1356,456,1340.5,415.0,1340.5,456.0
157,6.240,9,person,0.6447,1074,477,1123,587,1098.5,532.0,1098.5,587.0
157,6.240,10,person,0.6181,880,310,916,388,898.0,349.0,898.0,388.0
157,6.240,11,person,0.5974,1381,394,1413,488,1397.0,441.0,1397.0,488.0
157,6.240,12,person,0.5949,1477,446,1515,534,1496.0,490.0,1496.0,534.0
157,6.240,13,person,0.5827,176,480,249,570,212.5,525.0,212.5,570.0
157,6.240,14,person,0.5548,1443,360,1487,456,1465.0,408.0,1465.0,456.0
157,6.240,15,person,0.5471,542,324,584,409,563.0,366.5,563.0,409.0
157,6.240,16,person,0.5321,356,302,405,382,380.5,342.0,380.5,382.0
157,6.240,17,person,0.4359,801,299,831,369,816.0,334.0,816.0,369.0
157,6.240,18,person,0.4232,706,371,775,465,740.5,418.0,740.5,465.0
157,6.240,19,person,0.3504,271,468,370,570,320.5,519.0,320.5,570.0
157,6.240,20,person,0.3153,494,515,532,624,513.0,569.5,513.0,624.0
157,6.240,21,person,0.3100,1383,397,1422,493,1402.5,445.0,1402.5,493.0
157,6.240,22,person,0.2501,1227,353,1277,449,1252.0,401.0,1252.0,449.0
158,6.280,1,person,0.8717,984,696,1059,824,1021.5,760.0,1021.5,824.0
158,6.280,2,person,0.7695,867,674,949,805,908.0,739.5,908.0,805.0
158,6.280,3,person,0.7632,484,515,536,626,510.0,570.5,510.0,626.0
158,6.280,4,person,0.7586,586,403,668,503,627.0,453.0,627.0,503.0
158,6.280,5,person,0.7556,180,481,264,583,222.0,532.0,222.0,583.0
158,6.280,6,person,0.7506,1426,506,1477,608,1451.5,557.0,1451.5,608.0
158,6.280,7,person,0.7461,1785,693,1845,825,1815.0,759.0,1815.0,825.0
158,6.280,8,person,0.7061,1331,372,1364,456,1347.5,414.0,1347.5,456.0
158,6.280,9,person,0.6566,38,366,79,457,58.5,411.5,58.5,457.0
158,6.280,10,person,0.6102,1384,395,1419,467,1401.5,431.0,1401.5,467.0
158,6.280,11,person,0.5975,548,321,587,414,567.5,367.5,567.5,414.0
158,6.280,12,person,0.5930,1444,359,1487,456,1465.5,407.5,1465.5,456.0
158,6.280,13,person,0.5904,712,370,779,453,745.5,411.5,745.5,453.0
158,6.280,14,person,0.5585,881,310,916,389,898.5,349.5,898.5,389.0
158,6.280,15,person,0.5519,1477,444,1515,547,1496.0,495.5,1496.0,547.0
158,6.280,16,person,0.5492,1383,395,1423,491,1403.0,443.0,1403.0,491.0
158,6.280,17,person,0.5244,270,464,376,572,323.0,518.0,323.0,572.0
158,6.280,18,person,0.5105,713,370,757,452,735.0,411.0,735.0,452.0
158,6.280,19,person,0.4737,1094,473,1130,592,1112.0,532.5,1112.0,592.0
158,6.280,20,person,0.4044,800,298,835,374,817.5,336.0,817.5,374.0
158,6.280,21,person,0.3886,364,302,407,383,385.5,342.5,385.5,383.0
158,6.280,22,person,0.3814,876,312,925,397,900.5,354.5,900.5,397.0
158,6.280,23,person,0.3445,800,297,848,380,824.0,338.5,824.0,380.0
158,6.280,24,person,0.3300,1234,351,1272,445,1253.0,398.0,1253.0,445.0
158,6.280,25,person,0.3254,715,370,748,445,731.5,407.5,731.5,445.0
159,6.320,1,person,0.7817,863,670,945,807,904.0,738.5,904.0,807.0
159,6.320,2,person,0.7801,974,696,1063,821,1018.5,758.5,1018.5,821.0
159,6.320,3,person,0.7621,1430,508,1469,605,1449.5,556.5,1449.5,605.0
159,6.320,4,person,0.7462,182,481,272,579,227.0,530.0,227.0,579.0
159,6.320,5,person,0.7375,1784,694,1849,822,1816.5,758.0,1816.5,822.0
159,6.320,6,person,0.7350,487,515,543,624,515.0,569.5,515.0,624.0
159,6.320,7,person,0.7207,589,403,669,502,629.0,452.5,629.0,502.0
159,6.320,8,person,0.6640,47,366,87,457,67.0,411.5,67.0,457.0
159,6.320,9,person,0.6273,1479,444,1515,553,1497.0,498.5,1497.0,553.0
159,6.320,10,person,0.5922,553,323,592,412,572.5,367.5,572.5,412.0
159,6.320,11,person,0.5917,885,311,918,388,901.5,349.5,901.5,388.0
159,6.320,12,person,0.5855,1388,397,1424,491,1406.0,444.0,1406.0,491.0
159,6.320,13,person,0.5746,1103,470,1136,586,1119.5,528.0,1119.5,586.0
159,6.320,14,person,0.5701,1454,363,1488,453,1471.0,408.0,1471.0,453.0
159,6.320,15,person,0.5512,1338,372,1371,450,1354.5,411.0,1354.5,450.0
159,6.320,16,person,0.5509,714,372,766,460,740.0,416.0,740.0,460.0
159,6.320,17,person,0.5040,716,372,750,459,733.0,415.5,733.0,459.0
159,6.320,18,person,0.4156,800,294,833,364,816.5,329.0,816.5,364.0
159,6.320,19,person,0.4026,372,302,411,379,391.5,340.5,391.5,379.0
159,6.320,20,person,0.3624,273,462,317,573,295.0,517.5,295.0,573.0
159,6.320,21,person,0.3219,591,404,643,499,617.0,451.5,617.0,499.0
159,6.320,22,person,0.2969,711,371,783,463,747.0,417.0,747.0,463.0
159,6.320,23,person,0.2936,1240,351,1277,442,1258.5,396.5,1258.5,442.0
160,6.360,1,person,0.7741,486,514,548,623,517.0,568.5,517.0,623.0
160,6.360,2,person,0.7417,962,693,1063,820,1012.5,756.5,1012.5,820.0
160,6.360,3,person,0.7404,1427,511,1469,605,1448.0,558.0,1448.0,605.0
160,6.360,4,person,0.7381,53,366,100,456,76.5,411.0,76.5,456.0
160,6.360,5,person,0.7248,1345,369,1376,452,1360.5,410.5,1360.5,452.0
160,6.360,6,person,0.7195,1391,399,1431,495,1411.0,447.0,1411.0,495.0
160,6.360,7,person,0.7176,857,670,911,809,884.0,739.5,884.0,809.0
160,6.360,8,person,0.7013,1784,696,1853,827,1818.5,761.5,1818.5,827.0
160,6.360,9,person,0.6816,183,474,278,582,230.5,528.0,230.5,582.0
160,6.360,10,person,0.6728,1113,467,1144,563,1128.5,515.0,1128.5,563.0
160,6.360,11,person,0.6421,597,406,641,502,619.0,454.0,619.0,502.0
160,6.360,12,person,0.6325,855,672,939,811,897.0,741.5,897.0,811.0
160,6.360,13,person,0.6117,598,406,662,502,630.0,454.0,630.0,502.0
160,6.360,14,person,0.6116,886,311,919,393,902.5,352.0,902.5,393.0
160,6.360,15,person,0.6102,1458,361,1493,452,1475.5,406.5,1475.5,452.0
160,6.360,16,person,0.5916,274,464,327,572,300.5,518.0,300.5,572.0
160,6.360,17,person,0.5228,719,373,776,460,747.5,416.5,747.5,460.0
160,6.360,18,person,0.5179,1481,448,1520,554,1500.5,501.0,1500.5,554.0
160,6.360,19,person,0.4897,382,302,426,378,404.0,340.0,404.0,378.0
160,6.360,20,person,0.4668,805,296,834,356,819.5,326.0,819.5,356.0
160,6.360,21,person,0.4660,183,473,250,583,216.5,528.0,216.5,583.0
160,6.360,22,person,0.4636,560,326,599,411,579.5,368.5,579.5,411.0
160,6.360,23,person,0.4345,720,372,756,455,738.0,413.5,738.0,455.0
160,6.360,24,person,0.3546,1243,351,1279,442,1261.0,396.5,1261.0,442.0
160,6.360,25,person,0.2831,796,296,835,375,815.5,335.5,815.5,375.0
161,6.400,1,person,0.8305,487,513,557,621,522.0,567.0,522.0,621.0
161,6.400,2,person,0.7998,1117,466,1152,564,1134.5,515.0,1134.5,564.0
161,6.400,3,person,0.7521,1421,512,1472,603,1446.5,557.5,1446.5,603.0
161,6.400,4,person,0.7485,182,471,243,583,212.5,527.0,212.5,583.0
161,6.400,5,person,0.7409,856,673,911,813,883.5,743.0,883.5,813.0
161,6.400,6,person,0.7382,1783,694,1854,836,1818.5,765.0,1818.5,836.0
161,6.400,7,person,0.7156,604,404,642,502,623.0,453.0,623.0,502.0
161,6.400,8,person,0.6978,1387,396,1439,496,1413.0,446.0,1413.0,496.0
161,6.400,9,person,0.6479,275,463,341,572,308.0,517.5,308.0,572.0
161,6.400,10,person,0.6422,61,366,113,452,87.0,409.0,87.0,452.0
161,6.400,11,person,0.6169,889,312,920,394,904.5,353.0,904.5,394.0
161,6.400,12,person,0.5635,1350,370,1381,454,1365.5,412.0,1365.5,454.0
161,6.400,13,person,0.5535,959,695,1039,831,999.0,763.0,999.0,831.0
161,6.400,14,person,0.5303,1485,456,1521,553,1503.0,504.5,1503.0,553.0
161,6.400,15,person,0.5244,722,371,772,467,747.0,419.0,747.0,467.0
161,6.400,16,person,0.5154,565,328,598,410,581.5,369.0,581.5,410.0
161,6.400,17,person,0.5021,1251,350,1281,440,1266.0,395.0,1266.0,440.0
161,6.400,18,person,0.4779,962,695,1024,817,993.0,756.0,993.0,817.0
161,6.400,19,person,0.4635,1389,395,1429,473,1409.0,434.0,1409.0,473.0
161,6.400,20,person,0.3879,806,298,833,356,819.5,327.0,819.5,356.0
161,6.400,21,person,0.3489,387,300,435,375,411.0,337.5,411.0,375.0
161,6.400,22,person,0.3486,1460,363,1505,460,1482.5,411.5,1482.5,460.0
161,6.400,23,person,0.3295,1458,365,1513,513,1485.5,439.0,1485.5,513.0
161,6.400,24,person,0.2873,723,372,750,441,736.5,406.5,736.5,441.0
162,6.440,1,person,0.8520,494,516,564,620,529.0,568.0,529.0,620.0
162,6.440,2,person,0.8313,848,676,897,812,872.5,744.0,872.5,812.0
162,6.440,3,person,0.8106,1408,514,1475,605,1441.5,559.5,1441.5,605.0
162,6.440,4,person,0.7523,1783,697,1854,840,1818.5,768.5,1818.5,840.0
162,6.440,5,person,0.7519,1124,461,1159,563,1141.5,512.0,1141.5,563.0
162,6.440,6,person,0.7227,1356,371,1387,457,1371.5,414.0,1371.5,457.0
162,6.440,7,person,0.7220,607,402,648,502,627.5,452.0,627.5,502.0
162,6.440,8,person,0.6909,1391,398,1431,475,1411.0,436.5,1411.0,475.0
162,6.440,9,person,0.6662,1390,399,1441,495,1415.5,447.0,1415.5,495.0
162,6.440,10,person,0.6423,60,364,127,453,93.5,408.5,93.5,453.0
162,6.440,11,person,0.5971,187,472,240,581,213.5,526.5,213.5,581.0
162,6.440,12,person,0.5723,958,698,1036,836,997.0,767.0,997.0,836.0
162,6.440,13,person,0.5596,958,700,1011,836,984.5,768.0,984.5,836.0
162,6.440,14,person,0.5589,722,370,766,456,744.0,413.0,744.0,456.0
162,6.440,15,person,0.5435,1486,450,1527,554,1506.5,502.0,1506.5,554.0
162,6.440,16,person,0.5190,890,311,925,389,907.5,350.0,907.5,389.0
162,6.440,17,person,0.5028,273,461,341,558,307.0,509.5,307.0,558.0
162,6.440,18,person,0.3948,1253,355,1287,446,1270.0,400.5,1270.0,446.0
162,6.440,19,person,0.3766,393,300,436,373,414.5,336.5,414.5,373.0
162,6.440,20,person,0.3620,566,326,603,399,584.5,362.5,584.5,399.0
162,6.440,21,person,0.3311,806,300,833,366,819.5,333.0,819.5,366.0
162,6.440,22,person,0.3218,724,370,756,450,740.0,410.0,740.0,450.0
162,6.440,23,person,0.2862,1463,364,1509,480,1486.0,422.0,1486.0,480.0
162,6.440,24,person,0.2816,279,463,320,522,299.5,492.5,299.5,522.0
162,6.440,25,person,0.2805,1475,448,1522,552,1498.5,500.0,1498.5,552.0
162,6.440,26,person,0.2539,1463,365,1518,526,1490.5,445.5,1490.5,526.0
163,6.480,1,person,0.8549,1399,513,1473,606,1436.0,559.5,1436.0,606.0
163,6.480,2,person,0.8063,1780,698,1853,845,1816.5,771.5,1816.5,845.0
163,6.480,3,person,0.7901,500,515,573,621,536.5,568.0,536.5,621.0
163,6.480,4,person,0.7863,835,680,903,809,869.0,744.5,869.0,809.0
163,6.480,5,person,0.7308,72,361,130,449,101.0,405.0,101.0,449.0
163,6.480,6,person,0.7035,191,475,249,578,220.0,526.5,220.0,578.0
163,6.480,7,person,0.7031,607,399,650,502,628.5,450.5,628.5,502.0
163,6.480,8,person,0.7018,1360,371,1392,457,1376.0,414.0,1376.0,457.0
163,6.480,9,person,0.6303,1127,460,1169,564,1148.0,512.0,1148.0,564.0
163,6.480,10,person,0.6286,945,700,1014,834,979.5,767.0,979.5,834.0
163,6.480,11,person,0.6265,887,307,935,390,911.0,348.5,911.0,390.0
163,6.480,12,person,0.6187,1394,395,1431,479,1412.5,437.0,1412.5,479.0
163,6.480,13,person,0.6105,724,368,777,471,750.5,419.5,750.5,471.0
163,6.480,14,person,0.5647,1390,396,1439,492,1414.5,444.0,1414.5,492.0
163,6.480,15,person,0.5249,271,462,356,565,313.5,513.5,313.5,565.0
163,6.480,16,person,0.4561,1255,348,1296,444,1275.5,396.0,1275.5,444.0
163,6.480,17,person,0.4347,1469,363,1515,507,1492.0,435.0,1492.0,507.0
163,6.480,18,person,0.4264,1483,441,1532,553,1507.5,497.0,1507.5,553.0
163,6.480,19,person,0.4256,568,328,608,408,588.0,368.0,588.0,408.0
163,6.480,20,person,0.3315,888,307,923,387,905.5,347.0,905.5,387.0
163,6.480,21,person,0.3191,808,300,833,359,820.5,329.5,820.5,359.0
163,6.480,22,person,0.3064,1469,363,1525,547,1497.0,455.0,1497.0,547.0
163,6.480,23,person,0.2844,396,298,453,374,424.5,336.0,424.5,374.0
163,6.480,24,person,0.2830,808,299,842,372,825.0,335.5,825.0,372.0
163,6.480,25,person,0.2792,725,368,760,456,742.5,412.0,742.5,456.0
164,6.520,1,person,0.8863,506,517,588,617,547.0,567.0,547.0,617.0
164,6.520,2,person,0.8562,825,680,908,803,866.5,741.5,866.5,803.0
164,6.520,3,person,0.8362,192,469,256,572,224.0,520.5,224.0,572.0
164,6.520,4,person,0.8092,1397,518,1468,610,1432.5,564.0,1432.5,610.0
164,6.520,5,person,0.8089,937,698,1002,830,969.5,764.0,969.5,830.0
164,6.520,6,person,0.7846,1782,703,1839,843,1810.5,773.0,1810.5,843.0
164,6.520,7,person,0.7738,606,396,655,500,630.5,448.0,630.5,500.0
164,6.520,8,person,0.7423,1129,454,1174,560,1151.5,507.0,1151.5,560.0
164,6.520,9,person,0.6550,723,365,782,466,752.5,415.5,752.5,466.0
164,6.520,10,person,0.6107,269,459,361,562,315.0,510.5,315.0,562.0
164,6.520,11,person,0.6012,81,362,128,450,104.5,406.0,104.5,450.0
164,6.520,12,person,0.5814,568,324,611,409,589.5,366.5,589.5,409.0
164,6.520,13,person,0.5131,1470,361,1535,546,1502.5,453.5,1502.5,546.0
164,6.520,14,person,0.4771,1364,374,1398,458,1381.0,416.0,1381.0,458.0
164,6.520,15,person,0.4645,809,297,843,373,826.0,335.0,826.0,373.0
164,6.520,16,person,0.4573,886,306,929,390,907.5,348.0,907.5,390.0
164,6.520,17,person,0.4276,1392,399,1447,495,1419.5,447.0,1419.5,495.0
164,6.520,18,person,0.4028,402,298,446,372,424.0,335.0,424.0,372.0
164,6.520,19,person,0.3850,1482,443,1536,550,1509.0,496.5,1509.0,550.0
164,6.520,20,person,0.3528,1469,361,1513,521,1491.0,441.0,1491.0,521.0
164,6.520,21,person,0.3526,1255,348,1302,443,1278.5,395.5,1278.5,443.0
164,6.520,22,person,0.3309,889,304,919,379,904.0,341.5,904.0,379.0
164,6.520,23,person,0.2753,1261,348,1291,432,1276.0,390.0,1276.0,432.0
165,6.560,1,person,0.8407,810,678,905,798,857.5,738.0,857.5,798.0
165,6.560,2,person,0.8193,924,697,1003,824,963.5,760.5,963.5,824.0
165,6.560,3,person,0.7932,511,517,598,616,554.5,566.5,554.5,616.0
165,6.560,4,person,0.7633,1131,453,1179,560,1155.0,506.5,1155.0,560.0
165,6.560,5,person,0.7529,602,395,659,498,630.5,446.5,630.5,498.0
165,6.560,6,person,0.7278,192,467,266,571,229.0,519.0,229.0,571.0
165,6.560,7,person,0.7271,1401,515,1459,609,1430.0,562.0,1430.0,609.0
165,6.560,8,person,0.7058,1786,707,1832,840,1809.0,773.5,1809.0,840.0
165,6.560,9,person,0.6868,91,363,129,450,110.0,406.5,110.0,450.0
165,6.560,10,person,0.6862,1482,441,1543,548,1512.5,494.5,1512.5,548.0
165,6.560,11,person,0.6347,1368,375,1399,456,1383.5,415.5,1383.5,456.0
165,6.560,12,person,0.5618,719,363,784,461,751.5,412.0,751.5,461.0
165,6.560,13,person,0.4904,566,323,616,410,591.0,366.5,591.0,410.0
165,6.560,14,person,0.4854,884,303,918,385,901.0,344.0,901.0,385.0
165,6.560,15,person,0.4619,804,296,839,372,821.5,334.0,821.5,372.0
165,6.560,16,person,0.4550,267,458,366,553,316.5,505.5,316.5,553.0
165,6.560,17,person,0.4334,408,300,457,368,432.5,334.0,432.5,368.0
165,6.560,18,person,0.4270,1469,360,1510,453,1489.5,406.5,1489.5,453.0
165,6.560,19,person,0.4232,406,300,439,366,422.5,333.0,422.5,366.0
165,6.560,20,person,0.3629,568,323,604,405,586.0,364.0,586.0,405.0
165,6.560,21,person,0.3373,1396,392,1439,491,1417.5,441.5,1417.5,491.0
165,6.560,22,person,0.3302,1262,349,1302,439,1282.0,394.0,1282.0,439.0
165,6.560,23,person,0.3191,1474,391,1540,544,1507.0,467.5,1507.0,544.0
165,6.560,24,person,0.3022,723,363,762,451,742.5,407.0,742.5,451.0
165,6.560,25,person,0.2728,1263,348,1292,432,1277.5,390.0,1277.5,432.0
165,6.560,26,person,0.2692,1399,397,1431,478,1415.0,437.5,1415.0,478.0
165,6.560,27,person,0.2606,267,460,328,557,297.5,508.5,297.5,557.0
166,6.600,1,person,0.7955,799,676,899,806,849.0,741.0,849.0,806.0
166,6.600,2,person,0.7851,916,698,998,825,957.0,761.5,957.0,825.0
166,6.600,3,person,0.7757,513,516,593,613,553.0,564.5,553.0,613.0
166,6.600,4,person,0.7195,1406,514,1449,604,1427.5,559.0,1427.5,604.0
166,6.600,5,person,0.7157,597,396,663,496,630.0,446.0,630.0,496.0
166,6.600,6,person,0.7033,1776,703,1828,836,1802.0,769.5,1802.0,836.0
166,6.600,7,person,0.6783,93,359,132,447,112.5,403.0,112.5,447.0
166,6.600,8,person,0.6780,1124,453,1185,558,1154.5,505.5,1154.5,558.0
166,6.600,9,person,0.6692,189,465,276,570,232.5,517.5,232.5,570.0
166,6.600,10,person,0.6393,1472,430,1543,545,1507.5,487.5,1507.5,545.0
166,6.600,11,person,0.5501,720,360,786,455,753.0,407.5,753.0,455.0
166,6.600,12,person,0.5464,883,304,917,384,900.0,344.0,900.0,384.0
166,6.600,13,person,0.5362,1372,376,1400,452,1386.0,414.0,1386.0,452.0
166,6.600,14,person,0.5298,568,320,604,410,586.0,365.0,586.0,410.0
166,6.600,15,person,0.4769,408,297,455,370,431.5,333.5,431.5,370.0
166,6.600,16,person,0.4076,1402,395,1434,489,1418.0,442.0,1418.0,489.0
166,6.600,17,person,0.4017,801,294,842,372,821.5,333.0,821.5,372.0
166,6.600,18,person,0.3725,262,457,309,564,285.5,510.5,285.5,564.0
166,6.600,19,person,0.3394,191,466,227,561,209.0,513.5,209.0,561.0
166,6.600,20,person,0.3375,1264,349,1294,432,1279.0,390.5,1279.0,432.0
166,6.600,21,person,0.3291,266,458,313,538,289.5,498.0,289.5,538.0
166,6.600,22,person,0.2782,1468,361,1512,459,1490.0,410.0,1490.0,459.0
166,6.600,23,person,0.2733,265,456,360,551,312.5,503.5,312.5,551.0
167,6.640,1,person,0.8052,1403,513,1447,602,1425.0,557.5,1425.0,602.0
167,6.640,2,person,0.8027,1769,701,1835,837,1802.0,769.0,1802.0,837.0
167,6.640,3,person,0.7943,516,513,589,612,552.5,562.5,552.5,612.0
167,6.640,4,person,0.7498,184,466,270,570,227.0,518.0,227.0,570.0
167,6.640,5,person,0.7135,800,678,882,810,841.0,744.0,841.0,810.0
167,6.640,6,person,0.6907,1136,451,1190,555,1163.0,503.0,1163.0,555.0
167,6.640,7,person,0.6802,589,399,661,493,625.0,446.0,625.0,493.0
167,6.640,8,person,0.6801,904,704,994,836,949.0,770.0,949.0,836.0
167,6.640,9,person,0.6590,885,306,916,386,900.5,346.0,900.5,386.0
167,6.640,10,person,0.6514,799,678,857,811,828.0,744.5,828.0,811.0
167,6.640,11,person,0.6389,96,361,134,443,115.0,402.0,115.0,443.0
167,6.640,12,person,0.5479,1266,350,1294,436,1280.0,393.0,1280.0,436.0
167,6.640,13,person,0.5010,1475,435,1531,541,1503.0,488.0,1503.0,541.0
167,6.640,14,person,0.4944,258,456,310,564,284.0,510.0,284.0,564.0
167,6.640,15,person,0.4781,1397,386,1430,482,1413.5,434.0,1413.5,482.0
167,6.640,16,person,0.4627,722,360,763,448,742.5,404.0,742.5,448.0
167,6.640,17,person,0.4152,1373,378,1402,450,1387.5,414.0,1387.5,450.0
167,6.640,18,person,0.3955,410,295,453,365,431.5,330.0,431.5,365.0
167,6.640,19,person,0.3581,1469,362,1512,451,1490.5,406.5,1490.5,451.0
167,6.640,20,person,0.3577,571,326,605,415,588.0,370.5,588.0,415.0
167,6.640,21,person,0.3453,726,361,754,439,740.0,400.0,740.0,439.0
167,6.640,22,person,0.3385,796,291,833,368,814.5,329.5,814.5,368.0
167,6.640,23,person,0.3358,184,465,237,561,210.5,513.0,210.5,561.0
167,6.640,24,person,0.3203,573,326,605,392,589.0,359.0,589.0,392.0
167,6.640,25,person,0.2851,591,399,642,489,616.5,444.0,616.5,489.0
168,6.680,1,person,0.8475,1760,697,1836,834,1798.0,765.5,1798.0,834.0
168,6.680,2,person,0.8318,891,702,978,842,934.5,772.0,934.5,842.0
168,6.680,3,person,0.7965,1400,513,1441,602,1420.5,557.5,1420.5,602.0
168,6.680,4,person,0.7953,518,513,586,613,552.0,563.0,552.0,613.0
168,6.680,5,person,0.7351,98,357,141,442,119.5,399.5,119.5,442.0
168,6.680,6,person,0.7340,792,682,844,801,818.0,741.5,818.0,801.0
168,6.680,7,person,0.7077,1135,448,1197,553,1166.0,500.5,1166.0,553.0
168,6.680,8,person,0.6996,178,467,241,572,209.5,519.5,209.5,572.0
168,6.680,9,person,0.6883,882,306,917,386,899.5,346.0,899.5,386.0
168,6.680,10,person,0.6681,262,456,315,558,288.5,507.0,288.5,558.0
168,6.680,11,person,0.6171,586,398,646,495,616.0,446.5,616.0,495.0
168,6.680,12,person,0.5989,722,360,782,450,752.0,405.0,752.0,450.0
168,6.680,13,person,0.5853,1377,375,1434,487,1405.5,431.0,1405.5,487.0
168,6.680,14,person,0.5442,1269,349,1299,436,1284.0,392.5,1284.0,436.0
168,6.680,15,person,0.5319,1475,439,1537,542,1506.0,490.5,1506.0,542.0
168,6.680,16,person,0.5147,1472,359,1512,459,1492.0,409.0,1492.0,459.0
168,6.680,17,person,0.5032,787,290,838,366,812.5,328.0,812.5,366.0
168,6.680,18,person,0.3913,572,325,609,412,590.5,368.5,590.5,412.0
168,6.680,19,person,0.3416,412,291,460,365,436.0,328.0,436.0,365.0
168,6.680,20,person,0.2943,1374,377,1412,453,1393.0,415.0,1393.0,453.0
168,6.680,21,person,0.2782,725,360,755,446,740.0,403.0,740.0,446.0
168,6.680,22,person,0.2653,412,292,448,360,430.0,326.0,430.0,360.0
168,6.680,23,person,0.2514,594,401,637,489,615.5,445.0,615.5,489.0
169,6.720,1,person,0.8572,1743,696,1839,845,1791.0,770.5,1791.0,845.0
169,6.720,2,person,0.8106,1387,513,1440,603,1413.5,558.0,1413.5,603.0
169,6.720,3,person,0.7575,169,467,232,571,200.5,519.0,200.5,571.0
169,6.720,4,person,0.7538,885,706,940,847,912.5,776.5,912.5,847.0
169,6.720,5,person,0.7370,1141,447,1202,552,1171.5,499.5,1171.5,552.0
169,6.720,6,person,0.7287,777,679,837,795,807.0,737.0,807.0,795.0
169,6.720,7,person,0.7280,1376,375,1440,488,1408.0,431.5,1408.0,488.0
169,6.720,8,person,0.7003,881,306,916,390,898.5,348.0,898.5,390.0
169,6.720,9,person,0.6937,101,355,150,439,125.5,397.0,125.5,439.0
169,6.720,10,person,0.6797,523,513,575,607,549.0,560.0,549.0,607.0
169,6.720,11,person,0.6310,257,453,320,556,288.5,504.5,288.5,556.0
169,6.720,12,person,0.5589,597,401,648,494,622.5,447.5,622.5,494.0
169,6.720,13,person,0.5502,1473,359,1510,466,1491.5,412.5,1491.5,466.0
169,6.720,14,person,0.5435,1269,348,1298,434,1283.5,391.0,1283.5,434.0
169,6.720,15,person,0.5060,724,358,774,447,749.0,402.5,749.0,447.0
169,6.720,16,person,0.4754,724,359,759,443,741.5,401.0,741.5,443.0
169,6.720,17,person,0.3616,790,288,846,358,818.0,323.0,818.0,358.0
169,6.720,18,person,0.3408,417,293,454,360,435.5,326.5,435.5,360.0
169,6.720,19,person,0.3368,794,289,829,351,811.5,320.0,811.5,351.0
169,6.720,20,person,0.3206,1475,440,1530,543,1502.5,491.5,1502.5,543.0
169,6.720,21,person,0.2928,573,326,611,403,592.0,364.5,592.0,403.0
169,6.720,22,person,0.2792,416,291,472,365,444.0,328.0,444.0,365.0
169,6.720,23,person,0.2624,572,326,619,456,595.5,391.0,595.5,456.0
170,6.760,1,person,0.7900,1741,700,1834,849,1787.5,774.5,1787.5,849.0
170,6.760,2,person,0.7844,767,676,839,803,803.0,739.5,803.0,803.0
170,6.760,3,person,0.7582,1145,446,1204,551,1174.5,498.5,1174.5,551.0
170,6.760,4,person,0.7576,1379,512,1439,605,1409.0,558.5,1409.0,605.0
170,6.760,5,person,0.7349,165,466,232,569,198.5,517.5,198.5,569.0
170,6.760,6,person,0.7190,878,706,928,841,903.0,773.5,903.0,841.0
170,6.760,7,person,0.6701,108,353,151,437,129.5,395.0,129.5,437.0
170,6.760,8,person,0.6573,1376,373,1437,485,1406.5,429.0,1406.5,485.0
170,6.760,9,person,0.6181,527,509,576,603,551.5,556.0,551.5,603.0
170,6.760,10,person,0.6145,878,304,918,388,898.0,346.0,898.0,388.0
170,6.760,11,person,0.5125,602,395,634,492,618.0,443.5,618.0,492.0
170,6.760,12,person,0.5040,573,322,612,387,592.5,354.5,592.5,387.0
170,6.760,13,person,0.4719,255,451,288,519,271.5,485.0,271.5,519.0
170,6.760,14,person,0.4704,724,358,766,448,745.0,403.0,745.0,448.0
170,6.760,15,person,0.4681,1269,349,1300,435,1284.5,392.0,1284.5,435.0
170,6.760,16,person,0.4620,1474,358,1510,471,1492.0,414.5,1492.0,471.0
170,6.760,17,person,0.4256,725,360,755,437,740.0,398.5,740.0,437.0
170,6.760,18,person,0.3602,421,292,451,358,436.0,325.0,436.0,358.0
170,6.760,19,person,0.3312,795,289,823,354,809.0,321.5,809.0,354.0
170,6.760,20,person,0.2889,1479,429,1519,539,1499.0,484.0,1499.0,539.0
171,6.800,1,person,0.8352,753,675,835,800,794.0,737.5,794.0,800.0
171,6.800,2,person,0.7600,874,300,919,381,896.5,340.5,896.5,381.0
171,6.800,3,person,0.7518,1151,444,1202,543,1176.5,493.5,1176.5,543.0
171,6.800,4,person,0.7295,1381,513,1437,610,1409.0,561.5,1409.0,610.0
171,6.800,5,person,0.7140,865,702,923,836,894.0,769.0,894.0,836.0
171,6.800,6,person,0.6965,113,351,148,436,130.5,393.5,130.5,436.0
171,6.800,7,person,0.6950,162,465,238,561,200.0,513.0,200.0,561.0
171,6.800,8,person,0.6552,1746,702,1799,848,1772.5,775.0,1772.5,848.0
171,6.800,9,person,0.6455,528,506,582,599,555.0,552.5,555.0,599.0
171,6.800,10,person,0.6451,1377,369,1440,484,1408.5,426.5,1408.5,484.0
171,6.800,11,person,0.6054,1746,704,1823,848,1784.5,776.0,1784.5,848.0
171,6.800,12,person,0.5550,600,394,635,492,617.5,443.0,617.5,492.0
171,6.800,13,person,0.5153,1269,345,1305,434,1287.0,389.5,1287.0,434.0
171,6.800,14,person,0.4765,721,353,759,443,740.0,398.0,740.0,443.0
171,6.800,15,person,0.4705,1474,359,1507,478,1490.5,418.5,1490.5,478.0
171,6.800,16,person,0.4665,793,287,827,360,810.0,323.5,810.0,360.0
171,6.800,17,person,0.4382,247,447,287,513,267.0,480.0,267.0,513.0
171,6.800,18,person,0.3536,423,290,449,357,436.0,323.5,436.0,357.0
171,6.800,19,person,0.3304,1380,369,1425,472,1402.5,420.5,1402.5,472.0
171,6.800,20,person,0.3250,1480,441,1516,539,1498.0,490.0,1498.0,539.0
171,6.800,21,person,0.2898,1745,700,1779,847,1762.0,773.5,1762.0,847.0
172,6.840,1,person,0.8530,738,670,820,801,779.0,735.5,779.0,801.0
172,6.840,2,person,0.7528,530,505,585,604,557.5,554.5,557.5,604.0
172,6.840,3,person,0.7319,1384,513,1433,607,1408.5,560.0,1408.5,607.0
172,6.840,4,person,0.7314,849,695,928,827,888.5,761.0,888.5,827.0
172,6.840,5,person,0.7130,871,298,918,382,894.5,340.0,894.5,382.0
172,6.840,6,person,0.7098,1155,442,1201,539,1178.0,490.5,1178.0,539.0
172,6.840,7,person,0.6986,165,457,248,565,206.5,511.0,206.5,565.0
172,6.840,8,person,0.6915,120,352,152,435,136.0,393.5,136.0,435.0
172,6.840,9,person,0.6894,1742,703,1788,844,1765.0,773.5,1765.0,844.0
172,6.840,10,person,0.6845,594,389,639,484,616.5,436.5,616.5,484.0
172,6.840,11,person,0.6449,1378,371,1430,482,1404.0,426.5,1404.0,482.0
172,6.840,12,person,0.6069,1267,341,1308,432,1287.5,386.5,1287.5,432.0
172,6.840,13,person,0.5884,793,287,826,362,809.5,324.5,809.5,362.0
172,6.840,14,person,0.5730,720,350,773,443,746.5,396.5,746.5,443.0
172,6.840,15,person,0.5172,1743,705,1811,843,1777.0,774.0,1777.0,843.0
172,6.840,16,person,0.5042,1474,354,1513,533,1493.5,443.5,1493.5,533.0
172,6.840,17,person,0.4669,428,288,454,362,441.0,325.0,441.0,362.0
172,6.840,18,person,0.4564,1478,423,1512,533,1495.0,478.0,1495.0,533.0
172,6.840,19,person,0.4062,243,444,283,510,263.0,477.0,263.0,510.0
172,6.840,20,person,0.3978,1474,356,1505,450,1489.5,403.0,1489.5,450.0
172,6.840,21,person,0.3214,1473,355,1507,486,1490.0,420.5,1490.0,486.0
172,6.840,22,person,0.3173,574,321,615,402,594.5,361.5,594.5,402.0
172,6.840,23,person,0.3148,721,349,758,428,739.5,388.5,739.5,428.0
173,6.880,1,person,0.7944,731,671,798,802,764.5,736.5,764.5,802.0
173,6.880,2,person,0.7632,531,502,584,604,557.5,553.0,557.5,604.0
173,6.880,3,person,0.7425,867,299,919,379,893.0,339.0,893.0,379.0
173,6.880,4,person,0.7333,592,392,642,483,617.0,437.5,617.0,483.0
173,6.880,5,person,0.7248,1737,704,1793,840,1765.0,772.0,1765.0,840.0
173,6.880,6,person,0.7141,1387,512,1430,603,1408.5,557.5,1408.5,603.0
173,6.880,7,person,0.7002,1156,440,1201,531,1178.5,485.5,1178.5,531.0
173,6.880,8,person,0.6990,124,349,156,430,140.0,389.5,140.0,430.0
173,6.880,9,person,0.6974,717,350,775,443,746.0,396.5,746.0,443.0
173,6.880,10,person,0.6612,1263,339,1314,429,1288.5,384.0,1288.5,429.0
173,6.880,11,person,0.6523,838,693,921,817,879.5,755.0,879.5,817.0
173,6.880,12,person,0.6147,1382,371,1428,480,1405.0,425.5,1405.0,480.0
173,6.880,13,person,0.6019,167,455,250,556,208.5,505.5,208.5,556.0
173,6.880,14,person,0.6003,1474,352,1515,534,1494.5,443.0,1494.5,534.0
173,6.880,15,person,0.4997,795,282,825,363,810.0,322.5,810.0,363.0
173,6.880,16,person,0.4856,430,287,461,360,445.5,323.5,445.5,360.0
173,6.880,17,person,0.4218,1474,352,1507,472,1490.5,412.0,1490.5,472.0
173,6.880,18,person,0.4037,240,440,278,508,259.0,474.0,259.0,508.0
173,6.880,19,person,0.3503,1477,430,1515,534,1496.0,482.0,1496.0,534.0
174,6.920,1,person,0.7826,732,674,781,802,756.5,738.0,756.5,802.0
174,6.920,2,person,0.7623,127,348,163,426,145.0,387.0,145.0,426.0
174,6.920,3,person,0.7318,1383,510,1434,600,1408.5,555.0,1408.5,600.0
174,6.920,4,person,0.7274,533,501,584,602,558.5,551.5,558.5,602.0
174,6.920,5,person,0.7152,1158,435,1200,531,1179.0,483.0,1179.0,531.0
174,6.920,6,person,0.7123,1731,698,1783,834,1757.0,766.0,1757.0,834.0
174,6.920,7,person,0.6982,820,690,920,831,870.0,760.5,870.0,831.0
174,6.920,8,person,0.6800,867,298,902,380,884.5,339.0,884.5,380.0
174,6.920,9,person,0.6716,589,389,650,477,619.5,433.0,619.5,477.0
174,6.920,10,person,0.6544,708,349,780,439,744.0,394.0,744.0,439.0
174,6.920,11,person,0.6368,1382,369,1430,477,1406.0,423.0,1406.0,477.0
174,6.920,12,person,0.6271,168,455,254,554,211.0,504.5,211.0,554.0
174,6.920,13,person,0.6023,1472,351,1516,528,1494.0,439.5,1494.0,528.0
174,6.920,14,person,0.5819,1262,336,1318,428,1290.0,382.0,1290.0,428.0
174,6.920,15,person,0.5441,793,281,826,359,809.5,320.0,809.5,359.0
174,6.920,16,person,0.4852,239,438,272,512,255.5,475.0,255.5,512.0
174,6.920,17,person,0.4825,1471,406,1519,528,1495.0,467.0,1495.0,528.0
174,6.920,18,person,0.4705,432,281,464,354,448.0,317.5,448.0,354.0
174,6.920,19,person,0.2892,168,452,224,555,196.0,503.5,196.0,555.0
174,6.920,20,person,0.2830,1473,351,1509,471,1491.0,411.0,1491.0,471.0
175,6.960,1,person,0.7920,722,675,769,796,745.5,735.5,745.5,796.0
175,6.960,2,person,0.7702,535,500,585,597,560.0,548.5,560.0,597.0
175,6.960,3,person,0.7359,167,450,215,556,191.0,503.0,191.0,556.0
175,6.960,4,person,0.7332,130,347,175,423,152.5,385.0,152.5,423.0
175,6.960,5,person,0.7244,1380,506,1437,599,1408.5,552.5,1408.5,599.0
175,6.960,6,person,0.7107,1723,698,1782,844,1752.5,771.0,1752.5,844.0
175,6.960,7,person,0.7030,804,693,881,837,842.5,765.0,842.5,837.0
175,6.960,8,person,0.7005,1162,433,1201,528,1181.5,480.5,1181.5,528.0
175,6.960,9,person,0.6582,706,343,783,431,744.5,387.0,744.5,431.0
175,6.960,10,person,0.6538,584,382,654,476,619.0,429.0,619.0,476.0
175,6.960,11,person,0.6054,868,298,898,375,883.0,336.5,883.0,375.0
175,6.960,12,person,0.5992,1470,351,1519,524,1494.5,437.5,1494.5,524.0
175,6.960,13,person,0.5859,1386,368,1426,472,1406.0,420.0,1406.0,472.0
175,6.960,14,person,0.5570,805,691,911,837,858.0,764.0,858.0,837.0
175,6.960,15,person,0.5282,233,436,276,532,254.5,484.0,254.5,532.0
175,6.960,16,person,0.5093,790,278,829,357,809.5,317.5,809.5,357.0
175,6.960,17,person,0.4994,432,277,462,344,447.0,310.5,447.0,344.0
175,6.960,18,person,0.4992,1264,334,1319,428,1291.5,381.0,1291.5,428.0
175,6.960,19,person,0.4979,433,279,470,350,451.5,314.5,451.5,350.0
175,6.960,20,person,0.4267,862,296,903,380,882.5,338.0,882.5,380.0
175,6.960,21,person,0.3697,236,434,270,519,253.0,476.5,253.0,519.0
175,6.960,22,person,0.3655,1468,401,1519,525,1493.5,463.0,1493.5,525.0
175,6.960,23,person,0.3185,575,320,618,398,596.5,359.0,596.5,398.0
175,6.960,24,person,0.3087,1270,334,1302,424,1286.0,379.0,1286.0,424.0
175,6.960,25,person,0.2722,1472,351,1514,464,1493.0,407.5,1493.0,464.0
175,6.960,26,person,0.2716,718,341,759,412,738.5,376.5,738.5,412.0
176,7.000,1,person,0.8009,171,449,211,550,191.0,499.5,191.0,550.0
176,7.000,2,person,0.7659,1709,696,1781,839,1745.0,767.5,1745.0,839.0
176,7.000,3,person,0.7511,537,497,585,594,561.0,545.5,561.0,594.0
176,7.000,4,person,0.7392,709,672,771,791,740.0,731.5,740.0,791.0
176,7.000,5,person,0.7036,133,344,181,420,157.0,382.0,157.0,420.0
176,7.000,6,person,0.6818,1379,505,1437,603,1408.0,554.0,1408.0,603.0
176,7.000,7,person,0.6523,1165,431,1202,525,1183.5,478.0,1183.5,525.0
176,7.000,8,person,0.6507,869,298,898,377,883.5,337.5,883.5,377.0
176,7.000,9,person,0.6310,799,694,878,836,838.5,765.0,838.5,836.0
176,7.000,10,person,0.6033,582,372,654,472,618.0,422.0,618.0,472.0
176,7.000,11,person,0.5972,1469,351,1522,522,1495.5,436.5,1495.5,522.0
176,7.000,12,person,0.5932,1388,362,1427,470,1407.5,416.0,1407.5,470.0
176,7.000,13,person,0.5573,225,433,279,533,252.0,483.0,252.0,533.0
176,7.000,14,person,0.5568,718,342,773,422,745.5,382.0,745.5,422.0
176,7.000,15,person,0.5517,1269,336,1316,424,1292.5,380.0,1292.5,424.0
176,7.000,16,person,0.4750,1468,411,1521,523,1494.5,467.0,1494.5,523.0
176,7.000,17,person,0.4390,722,340,753,416,737.5,378.0,737.5,416.0
176,7.000,18,person,0.4388,1273,335,1304,422,1288.5,378.5,1288.5,422.0
176,7.000,19,person,0.4266,787,276,832,355,809.5,315.5,809.5,355.0
176,7.000,20,person,0.4126,578,320,639,470,608.5,395.0,608.5,470.0
176,7.000,21,person,0.3960,436,277,476,348,456.0,312.5,456.0,348.0
176,7.000,22,person,0.3892,437,277,462,341,449.5,309.0,449.5,341.0
176,7.000,23,person,0.2852,794,276,822,349,808.0,312.5,808.0,349.0
176,7.000,24,person,0.2619,227,433,272,516,249.5,474.5,249.5,516.0
177,7.040,1,person,0.7875,1704,696,1775,841,1739.5,768.5,1739.5,841.0
177,7.040,2,person,0.7810,172,447,214,546,193.0,496.5,193.0,546.0
177,7.040,3,person,0.7425,698,674,777,788,737.5,731.0,737.5,788.0
177,7.040,4,person,0.7399,139,342,182,418,160.5,380.0,160.5,418.0
177,7.040,5,person,0.7216,542,494,585,583,563.5,538.5,563.5,583.0
177,7.040,6,person,0.6969,1168,432,1210,522,1189.0,477.0,1189.0,522.0
177,7.040,7,person,0.6604,868,297,897,377,882.5,337.0,882.5,377.0
177,7.040,8,person,0.6537,1378,503,1433,608,1405.5,555.5,1405.5,608.0
177,7.040,9,person,0.6421,1389,361,1431,473,1410.0,417.0,1410.0,473.0
177,7.040,10,person,0.6255,803,697,864,833,833.5,765.0,833.5,833.0
177,7.040,11,person,0.6239,720,338,779,424,749.5,381.0,749.5,424.0
177,7.040,12,person,0.5928,589,382,645,473,617.0,427.5,617.0,473.0
177,7.040,13,person,0.5854,1272,332,1320,422,1296.0,377.0,1296.0,422.0
177,7.040,14,person,0.5819,220,430,285,523,252.5,476.5,252.5,523.0
177,7.040,15,person,0.4652,1477,349,1510,428,1493.5,388.5,1493.5,428.0
177,7.040,16,person,0.4536,722,339,759,419,740.5,379.0,740.5,419.0
177,7.040,17,person,0.4536,1274,332,1307,420,1290.5,376.0,1290.5,420.0
177,7.040,18,person,0.4248,438,271,471,348,454.5,309.5,454.5,348.0
177,7.040,19,person,0.4014,1473,414,1521,518,1497.0,466.0,1497.0,518.0
177,7.040,20,person,0.3503,1474,348,1518,520,1496.0,434.0,1496.0,520.0
177,7.040,21,person,0.3434,1477,349,1517,448,1497.0,398.5,1497.0,448.0
177,7.040,22,person,0.3283,780,277,841,354,810.5,315.5,810.5,354.0
177,7.040,23,person,0.2848,220,427,272,504,246.0,465.5,246.0,504.0
178,7.080,1,person,0.8128,1703,694,1766,837,1734.5,765.5,1734.5,837.0
178,7.080,2,person,0.7654,168,444,224,540,196.0,492.0,196.0,540.0
178,7.080,3,person,0.7527,676,670,778,791,727.0,730.5,727.0,791.0
178,7.080,4,person,0.7517,544,491,596,586,570.0,538.5,570.0,586.0
178,7.080,5,person,0.7191,1169,438,1216,521,1192.5,479.5,1192.5,521.0
178,7.080,6,person,0.7129,1381,505,1431,607,1406.0,556.0,1406.0,607.0
178,7.080,7,person,0.6968,1390,351,1438,470,1414.0,410.5,1414.0,470.0
178,7.080,8,person,0.6786,794,696,849,834,821.5,765.0,821.5,834.0
178,7.080,9,person,0.6702,867,295,898,372,882.5,333.5,882.5,372.0
178,7.080,10,person,0.6142,1279,330,1313,419,1296.0,374.5,1296.0,419.0
178,7.080,11,person,0.6096,149,340,183,414,166.0,377.0,166.0,414.0
178,7.080,12,person,0.5920,220,425,296,523,258.0,474.0,258.0,523.0
178,7.080,13,person,0.5781,1477,352,1519,516,1498.0,434.0,1498.0,516.0
178,7.080,14,person,0.5494,723,337,765,423,744.0,380.0,744.0,423.0
178,7.080,15,person,0.4877,1479,348,1512,429,1495.5,388.5,1495.5,429.0
178,7.080,16,person,0.4649,1476,409,1517,516,1496.5,462.5,1496.5,516.0
178,7.080,17,person,0.4257,724,339,756,416,740.0,377.5,740.0,416.0
178,7.080,18,person,0.4126,595,380,635,472,615.0,426.0,615.0,472.0
178,7.080,19,person,0.3354,1479,350,1518,459,1498.5,404.5,1498.5,459.0
178,7.080,20,person,0.3060,440,268,486,338,463.0,303.0,463.0,338.0
178,7.080,21,person,0.2996,583,322,629,469,606.0,395.5,606.0,469.0
178,7.080,22,person,0.2945,794,276,821,336,807.5,306.0,807.5,336.0
178,7.080,23,person,0.2874,221,423,261,475,241.0,449.0,241.0,475.0
178,7.080,24,person,0.2580,220,422,265,492,242.5,457.0,242.5,492.0
178,7.080,25,person,0.2528,790,276,825,344,807.5,310.0,807.5,344.0
179,7.120,1,person,0.7913,673,670,744,796,708.5,733.0,708.5,796.0
179,7.120,2,person,0.7760,166,445,235,535,200.5,490.0,200.5,535.0
179,7.120,3,person,0.7758,1383,507,1427,601,1405.0,554.0,1405.0,601.0
179,7.120,4,person,0.7531,1706,693,1758,833,1732.0,763.0,1732.0,833.0
179,7.120,5,person,0.7457,1478,349,1520,515,1499.0,432.0,1499.0,515.0
179,7.120,6,person,0.7439,1171,438,1221,524,1196.0,481.0,1196.0,524.0
179,7.120,7,person,0.7414,548,489,607,586,577.5,537.5,577.5,586.0
179,7.120,8,person,0.6748,1284,326,1315,417,1299.5,371.5,1299.5,417.0
179,7.120,9,person,0.6721,866,289,905,371,885.5,330.0,885.5,371.0
179,7.120,10,person,0.6712,1394,355,1440,465,1417.0,410.0,1417.0,465.0
179,7.120,11,person,0.6364,783,691,843,812,813.0,751.5,813.0,812.0
179,7.120,12,person,0.6027,154,338,187,414,170.5,376.0,170.5,414.0
179,7.120,13,person,0.5784,598,377,632,469,615.0,423.0,615.0,469.0
179,7.120,14,person,0.4984,794,275,825,343,809.5,309.0,809.5,343.0
179,7.120,15,person,0.4910,218,424,300,509,259.0,466.5,259.0,509.0
179,7.120,16,person,0.4407,726,333,764,429,745.0,381.0,745.0,429.0
179,7.120,17,person,0.3709,727,336,756,411,741.5,373.5,741.5,411.0
179,7.120,18,person,0.3484,217,427,277,513,247.0,470.0,247.0,513.0
179,7.120,19,person,0.2657,447,264,486,330,466.5,297.0,466.5,330.0
179,7.120,20,person,0.2647,448,266,473,327,460.5,296.5,460.5,327.0
180,7.160,1,person,0.8070,1171,439,1226,521,1198.5,480.0,1198.5,521.0
180,7.160,2,person,0.8046,162,439,242,534,202.0,486.5,202.0,534.0
180,7.160,3,person,0.7608,775,689,843,825,809.0,757.0,809.0,825.0
180,7.160,4,person,0.7564,1701,696,1747,831,1724.0,763.5,1724.0,831.0
180,7.160,5,person,0.7525,549,488,616,590,582.5,539.0,582.5,590.0
180,7.160,6,person,0.7462,1383,508,1424,602,1403.5,555.0,1403.5,602.0
180,7.160,7,person,0.7336,1286,326,1319,414,1302.5,370.0,1302.5,414.0
180,7.160,8,person,0.7161,864,290,914,375,889.0,332.5,889.0,375.0
180,7.160,9,person,0.7074,679,671,736,795,707.5,733.0,707.5,795.0
180,7.160,10,person,0.6492,158,333,191,409,174.5,371.0,174.5,409.0
180,7.160,11,person,0.6345,1396,355,1445,460,1420.5,407.5,1420.5,460.0
180,7.160,12,person,0.6293,1480,345,1520,508,1500.0,426.5,1500.0,508.0
180,7.160,13,person,0.5512,727,333,769,434,748.0,383.5,748.0,434.0
180,7.160,14,person,0.5365,798,275,826,343,812.0,309.0,812.0,343.0
180,7.160,15,person,0.5281,597,372,635,464,616.0,418.0,616.0,464.0
180,7.160,16,person,0.5158,1480,406,1517,513,1498.5,459.5,1498.5,513.0
180,7.160,17,person,0.4467,217,419,257,486,237.0,452.5,237.0,486.0
180,7.160,18,person,0.4252,453,263,485,325,469.0,294.0,469.0,325.0
180,7.160,19,person,0.4205,1483,346,1517,444,1500.0,395.0,1500.0,444.0
180,7.160,20,person,0.3843,728,336,762,416,745.0,376.0,745.0,416.0
180,7.160,21,person,0.3163,586,312,632,461,609.0,386.5,609.0,461.0
181,7.200,1,person,0.8033,1175,437,1235,522,1205.0,479.5,1205.0,522.0
181,7.200,2,person,0.7939,1692,695,1749,832,1720.5,763.5,1720.5,832.0
181,7.200,3,person,0.7842,764,686,847,823,805.5,754.5,805.5,823.0
181,7.200,4,person,0.7819,552,486,621,590,586.5,538.0,586.5,590.0
181,7.200,5,person,0.7778,1383,504,1423,597,1403.0,550.5,1403.0,597.0
181,7.200,6,person,0.7466,160,435,244,528,202.0,481.5,202.0,528.0
181,7.200,7,person,0.7186,671,671,725,800,698.0,735.5,698.0,800.0
181,7.200,8,person,0.6454,1289,324,1323,413,1306.0,368.5,1306.0,413.0
181,7.200,9,person,0.5949,597,370,641,460,619.0,415.0,619.0,460.0
181,7.200,10,person,0.5834,727,327,770,420,748.5,373.5,748.5,420.0
181,7.200,11,person,0.5730,801,272,828,346,814.5,309.0,814.5,346.0
181,7.200,12,person,0.5668,160,331,198,407,179.0,369.0,179.0,407.0
181,7.200,13,person,0.5603,1482,343,1520,514,1501.0,428.5,1501.0,514.0
181,7.200,14,person,0.5584,861,288,918,367,889.5,327.5,889.5,367.0
181,7.200,15,person,0.5333,1484,397,1515,514,1499.5,455.5,1499.5,514.0
181,7.200,16,person,0.4907,1410,353,1450,451,1430.0,402.0,1430.0,451.0
181,7.200,17,person,0.4676,217,417,256,486,236.5,451.5,236.5,486.0
181,7.200,18,person,0.3928,1396,353,1450,462,1423.0,407.5,1423.0,462.0
181,7.200,19,person,0.3717,1486,343,1520,446,1503.0,394.5,1503.0,446.0
181,7.200,20,person,0.3589,455,263,491,336,473.0,299.5,473.0,336.0
181,7.200,21,person,0.3432,728,329,760,413,744.0,371.0,744.0,413.0
181,7.200,22,person,0.3073,1394,366,1427,455,1410.5,410.5,1410.5,455.0
181,7.200,23,person,0.2805,455,264,482,328,468.5,296.0,468.5,328.0
181,7.200,24,person,0.2501,591,309,633,383,612.0,346.0,612.0,383.0
182,7.240,1,person,0.8062,554,486,620,592,587.0,539.0,587.0,592.0
182,7.240,2,person,0.8004,1681,693,1752,830,1716.5,761.5,1716.5,830.0
182,7.240,3,person,0.7548,1381,501,1426,596,1403.5,548.5,1403.5,596.0
182,7.240,4,person,0.7379,664,664,719,785,691.5,724.5,691.5,785.0
182,7.240,5,person,0.6880,751,686,824,830,787.5,758.0,787.5,830.0
182,7.240,6,person,0.6716,1179,438,1233,511,1206.0,474.5,1206.0,511.0
182,7.240,7,person,0.6137,599,376,648,465,623.5,420.5,623.5,465.0
182,7.240,8,person,0.6098,1483,402,1519,511,1501.0,456.5,1501.0,511.0
182,7.240,9,person,0.6087,1398,352,1453,459,1425.5,405.5,1425.5,459.0
182,7.240,10,person,0.5964,160,431,238,532,199.0,481.5,199.0,532.0
182,7.240,11,person,0.5724,1289,320,1327,413,1308.0,366.5,1308.0,413.0
182,7.240,12,person,0.5248,859,288,900,357,879.5,322.5,879.5,357.0
182,7.240,13,person,0.5115,163,433,227,517,195.0,475.0,195.0,517.0
182,7.240,14,person,0.4943,727,325,771,417,749.0,371.0,749.0,417.0
182,7.240,15,person,0.4863,758,686,817,803,787.5,744.5,787.5,803.0
182,7.240,16,person,0.4645,167,331,207,403,187.0,367.0,187.0,403.0
182,7.240,17,person,0.4441,1482,340,1523,511,1502.5,425.5,1502.5,511.0
182,7.240,18,person,0.4403,219,419,254,501,236.5,460.0,236.5,501.0
182,7.240,19,person,0.4393,461,266,496,331,478.5,298.5,478.5,331.0
182,7.240,20,person,0.4147,461,267,487,328,474.0,297.5,474.0,328.0
182,7.240,21,person,0.3840,1680,735,1754,830,1717.0,782.5,1717.0,830.0
182,7.240,22,person,0.3378,801,271,830,343,815.5,307.0,815.5,343.0
182,7.240,23,person,0.3338,729,325,761,398,745.0,361.5,745.0,398.0
182,7.240,24,person,0.2887,161,432,212,535,186.5,483.5,186.5,535.0
183,7.280,1,person,0.7977,734,685,828,834,781.0,759.5,781.0,834.0
183,7.280,2,person,0.7790,1666,688,1753,830,1709.5,759.0,1709.5,830.0
183,7.280,3,person,0.7298,656,658,719,787,687.5,722.5,687.5,787.0
183,7.280,4,person,0.7209,1379,502,1428,600,1403.5,551.0,1403.5,600.0
183,7.280,5,person,0.7200,162,431,204,533,183.0,482.0,183.0,533.0
183,7.280,6,person,0.7137,553,484,618,587,585.5,535.5,585.5,587.0
183,7.280,7,person,0.6399,597,376,658,458,627.5,417.0,627.5,458.0
183,7.280,8,person,0.5945,1290,321,1331,409,1310.5,365.0,1310.5,409.0
183,7.280,9,person,0.5813,1485,400,1523,512,1504.0,456.0,1504.0,512.0
183,7.280,10,person,0.5777,214,415,256,508,235.0,461.5,235.0,508.0
183,7.280,11,person,0.5637,1182,438,1228,508,1205.0,473.0,1205.0,508.0
183,7.280,12,person,0.5375,863,286,906,359,884.5,322.5,884.5,359.0
183,7.280,13,person,0.4831,1412,354,1459,456,1435.5,405.0,1435.5,456.0
183,7.280,14,person,0.4736,1485,334,1526,512,1505.5,423.0,1505.5,512.0
183,7.280,15,person,0.4092,803,269,833,341,818.0,305.0,818.0,341.0
183,7.280,16,person,0.4064,464,264,501,328,482.5,296.0,482.5,328.0
183,7.280,17,person,0.3432,726,326,770,414,748.0,370.0,748.0,414.0
183,7.280,18,person,0.3268,169,334,214,402,191.5,368.0,191.5,402.0
183,7.280,19,person,0.3196,1398,367,1433,459,1415.5,413.0,1415.5,459.0
183,7.280,20,person,0.3037,594,351,655,453,624.5,402.0,624.5,453.0
183,7.280,21,person,0.2532,730,326,760,380,745.0,353.0,745.0,380.0
184,7.320,1,person,0.8058,645,656,717,793,681.0,724.5,681.0,793.0
184,7.320,2,person,0.7646,555,483,612,581,583.5,532.0,583.5,581.0
184,7.320,3,person,0.7551,1663,686,1748,832,1705.5,759.0,1705.5,832.0
184,7.320,4,person,0.7451,154,431,208,528,181.0,479.5,181.0,528.0
184,7.320,5,person,0.7105,1380,503,1426,604,1403.0,553.5,1403.0,604.0
184,7.320,6,person,0.7031,734,695,794,834,764.0,764.5,764.0,834.0
184,7.320,7,person,0.6758,592,370,657,456,624.5,413.0,624.5,456.0
184,7.320,8,person,0.6688,1294,319,1331,406,1312.5,362.5,1312.5,406.0
184,7.320,9,person,0.6291,868,287,901,363,884.5,325.0,884.5,363.0
184,7.320,10,person,0.6117,591,335,657,457,624.0,396.0,624.0,457.0
184,7.320,11,person,0.5689,1184,437,1228,502,1206.0,469.5,1206.0,502.0
184,7.320,12,person,0.5594,1486,333,1529,504,1507.5,418.5,1507.5,504.0
184,7.320,13,person,0.5042,1485,414,1529,505,1507.0,459.5,1507.0,505.0
184,7.320,14,person,0.4551,213,406,264,507,238.5,456.5,238.5,507.0
184,7.320,15,person,0.4449,731,324,764,396,747.5,360.0,747.5,396.0
184,7.320,16,person,0.3802,1397,368,1429,455,1413.0,411.5,1413.0,455.0
184,7.320,17,person,0.3801,1422,354,1464,444,1443.0,399.0,1443.0,444.0
184,7.320,18,person,0.3703,802,265,838,339,820.0,302.0,820.0,339.0
184,7.320,19,person,0.3631,465,260,506,331,485.5,295.5,485.5,331.0
184,7.320,20,person,0.3351,179,333,213,398,196.0,365.5,196.0,398.0
184,7.320,21,person,0.2603,595,309,642,447,618.5,378.0,618.5,447.0
185,7.360,1,person,0.8048,627,659,705,793,666.0,726.0,666.0,793.0
185,7.360,2,person,0.7573,1381,506,1423,604,1402.0,555.0,1402.0,604.0
185,7.360,3,person,0.7528,557,481,610,580,583.5,530.5,583.5,580.0
185,7.360,4,person,0.7087,1678,691,1736,829,1707.0,760.0,1707.0,829.0
185,7.360,5,person,0.6783,732,694,779,828,755.5,761.0,755.5,828.0
185,7.360,6,person,0.6745,143,430,216,525,179.5,477.5,179.5,525.0
185,7.360,7,person,0.6474,1484,333,1530,504,1507.0,418.5,1507.0,504.0
185,7.360,8,person,0.6309,868,287,895,367,881.5,327.0,881.5,367.0
185,7.360,9,person,0.6061,1292,319,1337,406,1314.5,362.5,1314.5,406.0
185,7.360,10,person,0.5819,1483,387,1531,505,1507.0,446.0,1507.0,505.0
185,7.360,11,person,0.5606,591,317,650,458,620.5,387.5,620.5,458.0
185,7.360,12,person,0.5555,185,327,215,398,200.0,362.5,200.0,398.0
185,7.360,13,person,0.5525,1183,434,1229,502,1206.0,468.0,1206.0,502.0
185,7.360,14,person,0.5338,209,405,276,506,242.5,455.5,242.5,506.0
185,7.360,15,person,0.4654,470,256,509,331,489.5,293.5,489.5,331.0
185,7.360,16,person,0.4167,1395,365,1430,458,1412.5,411.5,1412.5,458.0
185,7.360,17,person,0.3524,593,333,640,461,616.5,397.0,616.5,461.0
185,7.360,18,person,0.3509,728,323,760,407,744.0,365.0,744.0,407.0
185,7.360,19,person,0.3236,1422,355,1465,449,1443.5,402.0,1443.5,449.0
185,7.360,20,person,0.3041,1180,432,1210,476,1195.0,454.0,1195.0,476.0
185,7.360,21,person,0.2940,806,264,835,328,820.5,296.0,820.5,328.0
186,7.400,1,person,0.7998,1380,509,1422,604,1401.0,556.5,1401.0,604.0
186,7.400,2,person,0.7850,615,657,693,797,654.0,727.0,654.0,797.0
186,7.400,3,person,0.7651,558,478,611,574,584.5,526.0,584.5,574.0
186,7.400,4,person,0.7585,137,428,225,524,181.0,476.0,181.0,524.0
186,7.400,5,person,0.7238,723,691,771,834,747.0,762.5,747.0,834.0
186,7.400,6,person,0.6844,1672,697,1727,826,1699.5,761.5,1699.5,826.0
186,7.400,7,person,0.6491,1392,363,1433,458,1412.5,410.5,1412.5,458.0
186,7.400,8,person,0.6363,1296,320,1336,404,1316.0,362.0,1316.0,404.0
186,7.400,9,person,0.5998,867,284,897,363,882.0,323.5,882.0,363.0
186,7.400,10,person,0.5536,1489,338,1532,501,1510.5,419.5,1510.5,501.0
186,7.400,11,person,0.5242,1186,433,1227,504,1206.5,468.5,1206.5,504.0
186,7.400,12,person,0.4638,1487,391,1533,502,1510.0,446.5,1510.0,502.0
186,7.400,13,person,0.4600,471,253,514,327,492.5,290.0,492.5,327.0
186,7.400,14,person,0.4594,600,347,643,458,621.5,402.5,621.5,458.0
186,7.400,15,person,0.4373,1433,356,1465,436,1449.0,396.0,1449.0,436.0
186,7.400,16,person,0.3809,190,328,217,396,203.5,362.0,203.5,396.0
186,7.400,17,person,0.3640,806,267,838,328,822.0,297.5,822.0,328.0
186,7.400,18,person,0.3245,205,400,271,499,238.0,449.5,238.0,499.0
186,7.400,19,person,0.3195,205,401,255,470,230.0,435.5,230.0,470.0
186,7.400,20,person,0.3120,471,253,503,316,487.0,284.5,487.0,316.0
186,7.400,21,person,0.3101,731,324,780,401,755.5,362.5,755.5,401.0
186,7.400,22,person,0.2725,733,325,761,392,747.0,358.5,747.0,392.0
187,7.440,1,person,0.8689,607,662,683,803,645.0,732.5,645.0,803.0
187,7.440,2,person,0.7766,558,476,615,573,586.5,524.5,586.5,573.0
187,7.440,3,person,0.7245,1377,511,1424,599,1400.5,555.0,1400.5,599.0
187,7.440,4,person,0.6852,1436,350,1467,434,1451.5,392.0,1451.5,434.0
187,7.440,5,person,0.6824,133,424,227,525,180.0,474.5,180.0,525.0
187,7.440,6,person,0.6804,1301,319,1332,402,1316.5,360.5,1316.5,402.0
187,7.440,7,person,0.6750,1665,693,1715,822,1690.0,757.5,1690.0,822.0
187,7.440,8,person,0.6585,706,689,765,814,735.5,751.5,735.5,814.0
187,7.440,9,person,0.6225,863,279,900,358,881.5,318.5,881.5,358.0
187,7.440,10,person,0.5636,1386,362,1438,456,1412.0,409.0,1412.0,456.0
187,7.440,11,person,0.5525,602,347,634,457,618.0,402.0,618.0,457.0
187,7.440,12,person,0.5198,1491,337,1530,496,1510.5,416.5,1510.5,496.0
187,7.440,13,person,0.4986,736,325,772,403,754.0,364.0,754.0,403.0
187,7.440,14,person,0.4442,1490,386,1531,499,1510.5,442.5,1510.5,499.0
187,7.440,15,person,0.4387,1188,432,1227,500,1207.5,466.0,1207.5,500.0
187,7.440,16,person,0.4148,807,267,840,329,823.5,298.0,823.5,329.0
187,7.440,17,person,0.3238,467,252,518,338,492.5,295.0,492.5,338.0
187,7.440,18,person,0.3097,203,405,271,482,237.0,443.5,237.0,482.0
187,7.440,19,person,0.2669,470,253,507,327,488.5,290.0,488.5,327.0
187,7.440,20,person,0.2642,191,324,230,455,210.5,389.5,210.5,455.0
187,7.440,21,person,0.2618,192,326,225,392,208.5,359.0,208.5,392.0
188,7.480,1,person,0.8606,598,665,673,800,635.5,732.5,635.5,800.0
188,7.480,2,person,0.7830,695,687,774,818,734.5,752.5,734.5,818.0
188,7.480,3,person,0.7759,1658,690,1717,824,1687.5,757.0,1687.5,824.0
188,7.480,4,person,0.7103,860,275,901,357,880.5,316.0,880.5,357.0
188,7.480,5,person,0.6931,558,472,617,579,587.5,525.5,587.5,579.0
188,7.480,6,person,0.6857,135,424,227,528,181.0,476.0,181.0,528.0
188,7.480,7,person,0.6835,1436,352,1469,441,1452.5,396.5,1452.5,441.0
188,7.480,8,person,0.6750,1300,318,1333,402,1316.5,360.0,1316.5,402.0
188,7.480,9,person,0.6732,1374,512,1424,600,1399.0,556.0,1399.0,600.0
188,7.480,10,person,0.6092,1187,426,1228,498,1207.5,462.0,1207.5,498.0
188,7.480,11,person,0.5820,1492,339,1528,497,1510.0,418.0,1510.0,497.0
188,7.480,12,person,0.5773,602,345,637,453,619.5,399.0,619.5,453.0
188,7.480,13,person,0.5647,1385,363,1434,453,1409.5,408.0,1409.5,453.0
188,7.480,14,person,0.5610,733,321,769,404,751.0,362.5,751.0,404.0
188,7.480,15,person,0.5546,811,266,840,333,825.5,299.5,825.5,333.0
188,7.480,16,person,0.5064,194,325,237,470,215.5,397.5,215.5,470.0
188,7.480,17,person,0.4899,1492,392,1529,499,1510.5,445.5,1510.5,499.0
188,7.480,18,person,0.4099,473,253,505,334,489.0,293.5,489.0,334.0
188,7.480,19,person,0.3630,135,423,194,529,164.5,476.0,164.5,529.0
188,7.480,20,person,0.2670,194,380,236,475,215.0,427.5,215.0,475.0
188,7.480,21,person,0.2655,598,320,639,446,618.5,383.0,618.5,446.0
189,7.520,1,person,0.8235,594,666,661,799,627.5,732.5,627.5,799.0
189,7.520,2,person,0.7988,1650,689,1717,823,1683.5,756.0,1683.5,823.0
189,7.520,3,person,0.7913,687,687,771,812,729.0,749.5,729.0,812.0
189,7.520,4,person,0.7688,561,470,624,577,592.5,523.5,592.5,577.0
189,7.520,5,person,0.7404,141,423,192,525,166.5,474.0,166.5,525.0
189,7.520,6,person,0.7073,1439,354,1471,444,1455.0,399.0,1455.0,444.0
189,7.520,7,person,0.7023,1371,510,1424,608,1397.5,559.0,1397.5,608.0
189,7.520,8,person,0.6668,1188,423,1228,501,1208.0,462.0,1208.0,501.0
189,7.520,9,person,0.6450,600,346,641,451,620.5,398.5,620.5,451.0
189,7.520,10,person,0.6338,195,325,244,477,219.5,401.0,219.5,477.0
189,7.520,11,person,0.6314,813,264,840,333,826.5,298.5,826.5,333.0
189,7.520,12,person,0.6006,1304,317,1333,401,1318.5,359.0,1318.5,401.0
189,7.520,13,person,0.5827,858,277,904,357,881.0,317.0,881.0,357.0
189,7.520,14,person,0.5812,733,319,773,406,753.0,362.5,753.0,406.0
189,7.520,15,person,0.5692,1392,363,1426,452,1409.0,407.5,1409.0,452.0
189,7.520,16,person,0.5395,1491,339,1528,493,1509.5,416.0,1509.5,493.0
189,7.520,17,person,0.5329,860,276,894,352,877.0,314.0,877.0,352.0
189,7.520,18,person,0.4517,478,252,505,314,491.5,283.0,491.5,314.0
189,7.520,19,person,0.3737,598,303,642,447,620.0,375.0,620.0,447.0
189,7.520,20,person,0.3547,1493,387,1529,498,1511.0,442.5,1511.0,498.0
189,7.520,21,person,0.3044,476,253,509,327,492.5,290.0,492.5,327.0
190,7.560,1,person,0.7989,141,421,191,522,166.0,471.5,166.0,522.0
190,7.560,2,person,0.7785,1188,421,1228,504,1208.0,462.5,1208.0,504.0
190,7.560,3,person,0.7535,561,472,627,581,594.0,526.5,594.0,581.0
190,7.560,4,person,0.7518,590,663,653,794,621.5,728.5,621.5,794.0
190,7.560,5,person,0.7235,601,351,650,448,625.5,399.5,625.5,448.0
190,7.560,6,person,0.7201,1370,511,1421,612,1395.5,561.5,1395.5,612.0
190,7.560,7,person,0.6756,1645,693,1716,819,1680.5,756.0,1680.5,819.0
190,7.560,8,person,0.6672,1446,354,1474,439,1460.0,396.5,1460.0,439.0
190,7.560,9,person,0.6647,667,685,768,836,717.5,760.5,717.5,836.0
190,7.560,10,person,0.6325,814,263,844,332,829.0,297.5,829.0,332.0
190,7.560,11,person,0.6162,1395,363,1427,450,1411.0,406.5,1411.0,450.0
190,7.560,12,person,0.6031,1305,312,1338,400,1321.5,356.0,1321.5,400.0
190,7.560,13,person,0.5877,855,276,892,349,873.5,312.5,873.5,349.0
190,7.560,14,person,0.5287,1494,340,1525,486,1509.5,413.0,1509.5,486.0
190,7.560,15,person,0.5128,195,398,230,483,212.5,440.5,212.5,483.0
190,7.560,16,person,0.5123,664,684,737,835,700.5,759.5,700.5,835.0
190,7.560,17,person,0.4937,196,324,243,479,219.5,401.5,219.5,479.0
190,7.560,18,person,0.4649,1371,512,1405,611,1388.0,561.5,1388.0,611.0
190,7.560,19,person,0.4633,733,317,777,406,755.0,361.5,755.0,406.0
190,7.560,20,person,0.4553,482,253,509,313,495.5,283.0,495.5,313.0
190,7.560,21,person,0.3679,1496,397,1528,494,1512.0,445.5,1512.0,494.0
190,7.560,22,person,0.3519,1389,361,1435,452,1412.0,406.5,1412.0,452.0
190,7.560,23,person,0.3448,852,277,901,358,876.5,317.5,876.5,358.0
190,7.560,24,person,0.2659,1495,339,1525,440,1510.0,389.5,1510.0,440.0
191,7.600,1,person,0.8254,587,660,657,787,622.0,723.5,622.0,787.0
191,7.600,2,person,0.7804,1193,420,1229,501,1211.0,460.5,1211.0,501.0
191,7.600,3,person,0.7762,137,419,195,516,166.0,467.5,166.0,516.0
191,7.600,4,person,0.7407,1369,512,1417,612,1393.0,562.0,1393.0,612.0
191,7.600,5,person,0.7335,563,471,628,578,595.5,524.5,595.5,578.0
191,7.600,6,person,0.7294,1615,693,1714,820,1664.5,756.5,1664.5,820.0
191,7.600,7,person,0.6982,601,353,656,450,628.5,401.5,628.5,450.0
191,7.600,8,person,0.6904,1449,356,1478,434,1463.5,395.0,1463.5,434.0
191,7.600,9,person,0.6734,195,398,232,480,213.5,439.0,213.5,480.0
191,7.600,10,person,0.6425,666,690,755,833,710.5,761.5,710.5,833.0
191,7.600,11,person,0.6295,1495,333,1533,493,1514.0,413.0,1514.0,493.0
191,7.600,12,person,0.6218,816,259,847,331,831.5,295.0,831.5,331.0
191,7.600,13,person,0.6215,1397,364,1430,451,1413.5,407.5,1413.5,451.0
191,7.600,14,person,0.5932,858,275,891,344,874.5,309.5,874.5,344.0
191,7.600,15,person,0.5181,662,685,728,835,695.0,760.0,695.0,835.0
191,7.600,16,person,0.5140,206,319,243,388,224.5,353.5,224.5,388.0
191,7.600,17,person,0.4365,1308,310,1339,390,1323.5,350.0,1323.5,390.0
191,7.600,18,person,0.3828,487,254,517,318,502.0,286.0,502.0,318.0
191,7.600,19,person,0.3083,729,314,782,403,755.5,358.5,755.5,403.0
191,7.600,20,person,0.2587,1307,310,1349,398,1328.0,354.0,1328.0,398.0
192,7.640,1,person,0.8180,574,658,661,796,617.5,727.0,617.5,796.0
192,7.640,2,person,0.7830,1637,692,1712,826,1674.5,759.0,1674.5,826.0
192,7.640,3,person,0.7778,131,420,205,509,168.0,464.5,168.0,509.0
192,7.640,4,person,0.7508,565,472,623,577,594.0,524.5,594.0,577.0
192,7.640,5,person,0.7199,1371,513,1410,609,1390.5,561.0,1390.5,609.0
192,7.640,6,person,0.7060,1499,331,1537,491,1518.0,411.0,1518.0,491.0
192,7.640,7,person,0.6906,1199,419,1230,498,1214.5,458.5,1214.5,498.0
192,7.640,8,person,0.6707,1453,356,1480,430,1466.5,393.0,1466.5,430.0
192,7.640,9,person,0.6568,602,345,665,445,633.5,395.0,633.5,445.0
192,7.640,10,person,0.6541,193,398,234,480,213.5,439.0,213.5,480.0
192,7.640,11,person,0.6189,863,276,893,349,878.0,312.5,878.0,349.0
192,7.640,12,person,0.5952,669,690,715,833,692.0,761.5,692.0,833.0
192,7.640,13,person,0.5664,209,314,245,390,227.0,352.0,227.0,390.0
192,7.640,14,person,0.5521,1400,362,1434,449,1417.0,405.5,1417.0,449.0
192,7.640,15,person,0.5271,1306,306,1351,394,1328.5,350.0,1328.5,394.0
192,7.640,16,person,0.4974,818,258,851,328,834.5,293.0,834.5,328.0
192,7.640,17,person,0.4461,602,299,659,445,630.5,372.0,630.5,445.0
192,7.640,18,person,0.4354,193,398,227,464,210.0,431.0,210.0,464.0
192,7.640,19,person,0.3765,734,309,787,383,760.5,346.0,760.5,383.0
192,7.640,20,person,0.3355,492,249,519,312,505.5,280.5,505.5,312.0
192,7.640,21,person,0.3294,1311,307,1342,387,1326.5,347.0,1326.5,387.0
192,7.640,22,person,0.3151,738,310,778,379,758.0,344.5,758.0,379.0
193,7.680,1,person,0.7881,562,659,635,795,598.5,727.0,598.5,795.0
193,7.680,2,person,0.7740,572,472,615,574,593.5,523.0,593.5,574.0
193,7.680,3,person,0.7584,1371,514,1413,606,1392.0,560.0,1392.0,606.0
193,7.680,4,person,0.7575,1641,693,1702,824,1671.5,758.5,1671.5,824.0
193,7.680,5,person,0.7132,1201,417,1231,492,1216.0,454.5,1216.0,492.0
193,7.680,6,person,0.7049,132,416,216,508,174.0,462.0,174.0,508.0
193,7.680,7,person,0.6904,1498,323,1542,486,1520.0,404.5,1520.0,486.0
193,7.680,8,person,0.6799,190,391,255,498,222.5,444.5,222.5,498.0
193,7.680,9,person,0.6696,662,691,714,830,688.0,760.5,688.0,830.0
193,7.680,10,person,0.6511,865,277,893,357,879.0,317.0,879.0,357.0
193,7.680,11,person,0.5884,603,343,668,442,635.5,392.5,635.5,442.0
193,7.680,12,person,0.5081,1402,358,1435,447,1418.5,402.5,1418.5,447.0
193,7.680,13,person,0.5006,743,304,773,377,758.0,340.5,758.0,377.0
193,7.680,14,person,0.4956,220,314,250,381,235.0,347.5,235.0,381.0
193,7.680,15,person,0.4906,1460,351,1489,430,1474.5,390.5,1474.5,430.0
193,7.680,16,person,0.4798,604,298,658,442,631.0,370.0,631.0,442.0
193,7.680,17,person,0.4766,1309,303,1355,393,1332.0,348.0,1332.0,393.0
193,7.680,18,person,0.4458,1316,303,1346,383,1331.0,343.0,1331.0,383.0
193,7.680,19,person,0.3907,496,248,523,307,509.5,277.5,509.5,307.0
193,7.680,20,person,0.3000,737,304,784,390,760.5,347.0,760.5,390.0
193,7.680,21,person,0.2934,826,258,853,317,839.5,287.5,839.5,317.0
193,7.680,22,person,0.2879,824,256,858,326,841.0,291.0,841.0,326.0
194,7.720,1,person,0.8112,559,662,629,798,594.0,730.0,594.0,798.0
194,7.720,2,person,0.7522,1369,513,1420,603,1394.5,558.0,1394.5,603.0
194,7.720,3,person,0.7327,576,471,618,572,597.0,521.5,597.0,572.0
194,7.720,4,person,0.7235,1643,697,1691,821,1667.0,759.0,1667.0,821.0
194,7.720,5,person,0.7220,1202,416,1236,488,1219.0,452.0,1219.0,488.0
194,7.720,6,person,0.6788,1501,325,1547,481,1524.0,403.0,1524.0,481.0
194,7.720,7,person,0.6487,867,277,894,353,880.5,315.0,880.5,353.0
194,7.720,8,person,0.6427,132,415,216,502,174.0,458.5,174.0,502.0
194,7.720,9,person,0.6380,654,689,707,804,680.5,746.5,680.5,804.0
194,7.720,10,person,0.6154,222,311,257,380,239.5,345.5,239.5,380.0
194,7.720,11,person,0.5976,1406,355,1440,447,1423.0,401.0,1423.0,447.0
194,7.720,12,person,0.5770,607,345,649,446,628.0,395.5,628.0,446.0
194,7.720,13,person,0.5652,1312,302,1363,390,1337.5,346.0,1337.5,390.0
194,7.720,14,person,0.5496,1465,351,1496,428,1480.5,389.5,1480.5,428.0
194,7.720,15,person,0.5161,184,388,262,491,223.0,439.5,223.0,491.0
194,7.720,16,person,0.3875,1319,302,1350,383,1334.5,342.5,1334.5,383.0
194,7.720,17,person,0.3841,500,243,526,305,513.0,274.0,513.0,305.0
194,7.720,18,person,0.3777,831,253,860,322,845.5,287.5,845.5,322.0
194,7.720,19,person,0.3753,746,307,774,374,760.0,340.5,760.0,374.0
194,7.720,20,person,0.2898,655,723,710,817,682.5,770.0,682.5,817.0
195,7.760,1,person,0.8197,560,663,620,803,590.0,733.0,590.0,803.0
195,7.760,2,person,0.7720,1368,511,1428,607,1398.0,559.0,1398.0,607.0
195,7.760,3,person,0.7705,579,473,628,568,603.5,520.5,603.5,568.0
195,7.760,4,person,0.7442,646,685,714,819,680.0,752.0,680.0,819.0
195,7.760,5,person,0.7397,1640,706,1686,820,1663.0,763.0,1663.0,820.0
195,7.760,6,person,0.6957,1503,322,1549,482,1526.0,402.0,1526.0,482.0
195,7.760,7,person,0.6823,1205,413,1243,490,1224.0,451.5,1224.0,490.0
195,7.760,8,person,0.6350,135,413,207,504,171.0,458.5,171.0,504.0
195,7.760,9,person,0.5752,867,276,898,346,882.5,311.0,882.5,346.0
195,7.760,10,person,0.5720,231,310,263,379,247.0,344.5,247.0,379.0
195,7.760,11,person,0.5705,1404,354,1445,448,1424.5,401.0,1424.5,448.0
195,7.760,12,person,0.5374,1319,304,1360,388,1339.5,346.0,1339.5,388.0
195,7.760,13,person,0.5029,837,255,864,317,850.5,286.0,850.5,317.0
195,7.760,14,person,0.4893,1469,352,1501,428,1485.0,390.0,1485.0,428.0
195,7.760,15,person,0.4848,186,385,267,478,226.5,431.5,226.5,478.0
195,7.760,16,person,0.4768,613,346,650,440,631.5,393.0,631.5,440.0
195,7.760,17,person,0.4534,1322,303,1352,382,1337.0,342.5,1337.0,382.0
195,7.760,18,person,0.3881,748,308,775,373,761.5,340.5,761.5,373.0
195,7.760,19,person,0.3749,186,385,247,470,216.5,427.5,216.5,470.0
195,7.760,20,person,0.3497,500,243,529,313,514.5,278.0,514.5,313.0
195,7.760,21,person,0.3151,621,297,655,364,638.0,330.5,638.0,364.0
195,7.760,22,person,0.2636,189,385,229,454,209.0,419.5,209.0,454.0
196,7.800,1,person,0.8571,581,472,638,568,609.5,520.0,609.5,568.0
196,7.800,2,person,0.8361,638,687,715,824,676.5,755.5,676.5,824.0
196,7.800,3,person,0.8214,551,666,615,801,583.0,733.5,583.0,801.0
196,7.800,4,person,0.7679,1368,513,1417,611,1392.5,562.0,1392.5,611.0
196,7.800,5,person,0.7465,1632,704,1686,825,1659.0,764.5,1659.0,825.0
196,7.800,6,person,0.7460,1206,412,1253,494,1229.5,453.0,1229.5,494.0
196,7.800,7,person,0.6489,133,412,180,508,156.5,460.0,156.5,508.0
196,7.800,8,person,0.6329,235,309,269,383,252.0,346.0,252.0,383.0
196,7.800,9,person,0.6061,1511,355,1552,480,1531.5,417.5,1531.5,480.0
196,7.800,10,person,0.6059,1504,324,1550,478,1527.0,401.0,1527.0,478.0
196,7.800,11,person,0.5951,1325,305,1363,389,1344.0,347.0,1344.0,389.0
196,7.800,12,person,0.5598,749,308,788,382,768.5,345.0,768.5,382.0
196,7.800,13,person,0.5369,868,267,906,344,887.0,305.5,887.0,344.0
196,7.800,14,person,0.5021,1401,356,1448,446,1424.5,401.0,1424.5,446.0
196,7.800,15,person,0.4780,1472,351,1508,425,1490.0,388.0,1490.0,425.0
196,7.800,16,person,0.4637,617,347,652,435,634.5,391.0,634.5,435.0
196,7.800,17,person,0.4521,189,384,227,459,208.0,421.5,208.0,459.0
196,7.800,18,person,0.3995,840,254,867,324,853.5,289.0,853.5,324.0
196,7.800,19,person,0.3668,507,241,531,300,519.0,270.5,519.0,300.0
196,7.800,20,person,0.3642,858,261,901,344,879.5,302.5,879.5,344.0
196,7.800,21,person,0.3578,182,383,230,473,206.0,428.0,206.0,473.0
196,7.800,22,person,0.3284,751,308,779,378,765.0,343.0,765.0,378.0
196,7.800,23,person,0.3003,615,301,659,432,637.0,366.5,637.0,432.0
196,7.800,24,person,0.2953,621,302,659,382,640.0,342.0,640.0,382.0
197,7.840,1,person,0.7987,1368,513,1409,617,1388.5,565.0,1388.5,617.0
197,7.840,2,person,0.7845,1624,704,1690,823,1657.0,763.5,1657.0,823.0
197,7.840,3,person,0.7751,546,665,609,794,577.5,729.5,577.5,794.0
197,7.840,4,person,0.7544,582,469,647,569,614.5,519.0,614.5,569.0
197,7.840,5,person,0.6937,625,687,710,830,667.5,758.5,667.5,830.0
197,7.840,6,person,0.6863,129,411,185,509,157.0,460.0,157.0,509.0
197,7.840,7,person,0.6648,1205,409,1254,499,1229.5,454.0,1229.5,499.0
197,7.840,8,person,0.6072,752,304,786,382,769.0,343.0,769.0,382.0
197,7.840,9,person,0.5906,187,384,227,474,207.0,429.0,207.0,474.0
197,7.840,10,person,0.5492,243,313,271,382,257.0,347.5,257.0,382.0
197,7.840,11,person,0.5332,1515,368,1553,481,1534.0,424.5,1534.0,481.0
197,7.840,12,person,0.5312,620,348,654,434,637.0,391.0,637.0,434.0
197,7.840,13,person,0.5278,1510,331,1553,479,1531.5,405.0,1531.5,479.0
197,7.840,14,person,0.4922,1477,346,1507,428,1492.0,387.0,1492.0,428.0
197,7.840,15,person,0.4829,1330,306,1366,387,1348.0,346.5,1348.0,387.0
197,7.840,16,person,0.4645,1407,360,1448,445,1427.5,402.5,1427.5,445.0
197,7.840,17,person,0.4603,858,262,912,346,885.0,304.0,885.0,346.0
197,7.840,18,person,0.4495,511,241,541,313,526.0,277.0,526.0,313.0
197,7.840,19,person,0.3239,130,409,180,543,155.0,476.0,155.0,543.0
197,7.840,20,person,0.2857,619,316,661,432,640.0,374.0,640.0,432.0
197,7.840,21,person,0.2659,1509,325,1547,417,1528.0,371.0,1528.0,417.0
197,7.840,22,person,0.2576,624,299,663,360,643.5,329.5,643.5,360.0
197,7.840,23,person,0.2532,171,383,233,488,202.0,435.5,202.0,488.0
198,7.880,1,person,0.8398,1367,516,1410,616,1388.5,566.0,1388.5,616.0
198,7.880,2,person,0.8085,1622,705,1695,824,1658.5,764.5,1658.5,824.0
198,7.880,3,person,0.7640,583,468,652,571,617.5,519.5,617.5,571.0
198,7.880,4,person,0.7482,544,666,609,792,576.5,729.0,576.5,792.0
198,7.880,5,person,0.7182,127,409,197,508,162.0,458.5,162.0,508.0
198,7.880,6,person,0.7010,612,692,690,837,651.0,764.5,651.0,837.0
198,7.880,7,person,0.6536,249,314,280,379,264.5,346.5,264.5,379.0
198,7.880,8,person,0.6195,1213,411,1256,496,1234.5,453.5,1234.5,496.0
198,7.880,9,person,0.6118,1511,329,1556,478,1533.5,403.5,1533.5,478.0
198,7.880,10,person,0.5965,623,346,662,425,642.5,385.5,642.5,425.0
198,7.880,11,person,0.5908,1335,303,1367,384,1351.0,343.5,1351.0,384.0
198,7.880,12,person,0.5831,1483,346,1514,432,1498.5,389.0,1498.5,432.0
198,7.880,13,person,0.5789,1415,359,1448,445,1431.5,402.0,1431.5,445.0
198,7.880,14,person,0.5610,193,385,227,466,210.0,425.5,210.0,466.0
198,7.880,15,person,0.4964,1522,387,1554,480,1538.0,433.5,1538.0,480.0
198,7.880,16,person,0.4926,757,302,788,384,772.5,343.0,772.5,384.0
198,7.880,17,person,0.4804,1518,352,1555,479,1536.5,415.5,1536.5,479.0
198,7.880,18,person,0.4793,1510,330,1550,435,1530.0,382.5,1530.0,435.0
198,7.880,19,person,0.4486,861,258,900,342,880.5,300.0,880.5,342.0
198,7.880,20,person,0.4408,521,245,549,306,535.0,275.5,535.0,306.0
198,7.880,21,person,0.3959,756,301,796,390,776.0,345.5,776.0,390.0
198,7.880,22,person,0.3554,858,256,914,343,886.0,299.5,886.0,343.0
198,7.880,23,person,0.3527,582,466,631,571,606.5,518.5,606.5,571.0
198,7.880,24,person,0.3188,634,299,668,355,651.0,327.0,651.0,355.0
199,7.920,1,person,0.7898,539,661,605,800,572.0,730.5,572.0,800.0
199,7.920,2,person,0.7407,1366,518,1420,610,1393.0,564.0,1393.0,610.0
199,7.920,3,person,0.7254,1619,704,1701,827,1660.0,765.5,1660.0,827.0
199,7.920,4,person,0.7042,609,692,673,840,641.0,766.0,641.0,840.0
199,7.920,5,person,0.6695,253,311,291,378,272.0,344.5,272.0,378.0
199,7.920,6,person,0.6309,1418,363,1450,445,1434.0,404.0,1434.0,445.0
199,7.920,7,person,0.6225,1221,414,1255,492,1238.0,453.0,1238.0,492.0
199,7.920,8,person,0.6151,1341,305,1371,385,1356.0,345.0,1356.0,385.0
199,7.920,9,person,0.6081,585,467,650,574,617.5,520.5,617.5,574.0
199,7.920,10,person,0.5866,128,410,206,503,167.0,456.5,167.0,503.0
199,7.920,11,person,0.5583,1488,348,1519,429,1503.5,388.5,1503.5,429.0
199,7.920,12,person,0.5438,197,386,233,472,215.0,429.0,215.0,472.0
199,7.920,13,person,0.5419,864,253,901,344,882.5,298.5,882.5,344.0
199,7.920,14,person,0.5320,758,298,802,386,780.0,342.0,780.0,386.0
199,7.920,15,person,0.5317,525,242,555,300,540.0,271.0,540.0,300.0
199,7.920,16,person,0.5155,624,350,671,432,647.5,391.0,647.5,432.0
199,7.920,17,person,0.4755,584,465,629,575,606.5,520.0,606.5,575.0
199,7.920,18,person,0.4544,1521,326,1560,475,1540.5,400.5,1540.5,475.0
199,7.920,19,person,0.4152,627,306,671,430,649.0,368.0,649.0,430.0
199,7.920,20,person,0.3264,1525,377,1559,475,1542.0,426.0,1542.0,475.0
199,7.920,21,person,0.3047,641,297,671,356,656.0,326.5,656.0,356.0
200,7.960,1,person,0.7772,529,662,591,804,560.0,733.0,560.0,804.0
200,7.960,2,person,0.7357,607,696,664,837,635.5,766.5,635.5,837.0
200,7.960,3,person,0.7298,1222,414,1257,495,1239.5,454.5,1239.5,495.0
200,7.960,4,person,0.6920,1618,705,1692,833,1655.0,769.0,1655.0,833.0
200,7.960,5,person,0.6858,127,408,199,501,163.0,454.5,163.0,501.0
200,7.960,6,person,0.6642,1423,362,1453,440,1438.0,401.0,1438.0,440.0
200,7.960,7,person,0.6628,1367,522,1424,611,1395.5,566.5,1395.5,611.0
200,7.960,8,person,0.6566,587,467,651,572,619.0,519.5,619.0,572.0
200,7.960,9,person,0.6445,866,252,909,345,887.5,298.5,887.5,345.0
200,7.960,10,person,0.6295,1344,302,1376,383,1360.0,342.5,1360.0,383.0
200,7.960,11,person,0.5677,760,298,807,383,783.5,340.5,783.5,383.0
200,7.960,12,person,0.5366,618,350,678,448,648.0,399.0,648.0,448.0
200,7.960,13,person,0.5155,258,310,302,372,280.0,341.0,280.0,372.0
200,7.960,14,person,0.5144,529,238,559,303,544.0,270.5,544.0,303.0
200,7.960,15,person,0.4875,194,383,232,459,213.0,421.0,213.0,459.0
200,7.960,16,person,0.4875,127,408,174,501,150.5,454.5,150.5,501.0
200,7.960,17,person,0.4179,1493,351,1524,428,1508.5,389.5,1508.5,428.0
200,7.960,18,person,0.3930,1523,343,1564,477,1543.5,410.0,1543.5,477.0
200,7.960,19,person,0.3906,1527,376,1563,478,1545.0,427.0,1545.0,478.0
200,7.960,20,person,0.3670,867,251,900,336,883.5,293.5,883.5,336.0
200,7.960,21,person,0.3312,585,465,633,573,609.0,519.0,609.0,573.0
200,7.960,22,person,0.2958,647,300,680,358,663.5,329.0,663.5,358.0
201,8.000,1,person,0.8566,522,660,586,803,554.0,731.5,554.0,803.0
201,8.000,2,person,0.7681,1364,522,1422,620,1393.0,571.0,1393.0,620.0
201,8.000,3,person,0.7507,604,696,656,829,630.0,762.5,630.0,829.0
201,8.000,4,person,0.7507,125,406,180,502,152.5,454.0,152.5,502.0
201,8.000,5,person,0.6981,1345,301,1379,383,1362.0,342.0,1362.0,383.0
201,8.000,6,person,0.6843,1224,412,1261,494,1242.5,453.0,1242.5,494.0
201,8.000,7,person,0.6748,587,468,642,569,614.5,518.5,614.5,569.0
201,8.000,8,person,0.6588,1612,706,1683,829,1647.5,767.5,1647.5,829.0
201,8.000,9,person,0.6565,871,250,908,346,889.5,298.0,889.5,346.0
201,8.000,10,person,0.6321,263,309,315,374,289.0,341.5,289.0,374.0
201,8.000,11,person,0.5888,621,348,681,440,651.0,394.0,651.0,440.0
201,8.000,12,person,0.5861,1424,359,1459,442,1441.5,400.5,1441.5,442.0
201,8.000,13,person,0.5755,194,378,255,474,224.5,426.0,224.5,474.0
201,8.000,14,person,0.5530,533,236,564,303,548.5,269.5,548.5,303.0
201,8.000,15,person,0.4387,760,294,815,375,787.5,334.5,787.5,375.0
201,8.000,16,person,0.4116,764,294,800,368,782.0,331.0,782.0,368.0
201,8.000,17,person,0.4065,1520,323,1568,448,1544.0,385.5,1544.0,448.0
201,8.000,18,person,0.3997,626,300,684,438,655.0,369.0,655.0,438.0
201,8.000,19,person,0.3783,1519,346,1568,474,1543.5,410.0,1543.5,474.0
201,8.000,20,person,0.3522,1529,385,1568,476,1548.5,430.5,1548.5,476.0
201,8.000,21,person,0.3437,766,293,795,359,780.5,326.0,780.5,359.0
201,8.000,22,person,0.3418,1496,350,1534,428,1515.0,389.0,1515.0,428.0
201,8.000,23,person,0.2819,1497,353,1546,431,1521.5,392.0,1521.5,431.0
202,8.040,1,person,0.8070,516,663,582,811,549.0,737.0,549.0,811.0
202,8.040,2,person,0.8065,594,695,661,825,627.5,760.0,627.5,825.0
202,8.040,3,person,0.7797,130,407,183,500,156.5,453.5,156.5,500.0
202,8.040,4,person,0.7400,1360,522,1417,623,1388.5,572.5,1388.5,623.0
202,8.040,5,person,0.7384,588,467,637,565,612.5,516.0,612.5,565.0
202,8.040,6,person,0.7202,1346,297,1390,382,1368.0,339.5,1368.0,382.0
202,8.040,7,person,0.6725,1599,706,1680,827,1639.5,766.5,1639.5,827.0
202,8.040,8,person,0.6646,875,247,912,342,893.5,294.5,893.5,342.0
202,8.040,9,person,0.6552,1230,411,1267,498,1248.5,454.5,1248.5,498.0
202,8.040,10,person,0.6473,1425,354,1463,443,1444.0,398.5,1444.0,443.0
202,8.040,11,person,0.6331,1525,350,1572,478,1548.5,414.0,1548.5,478.0
202,8.040,12,person,0.5317,268,309,318,370,293.0,339.5,293.0,370.0
202,8.040,13,person,0.4701,625,346,674,439,649.5,392.5,649.5,439.0
202,8.040,14,person,0.4231,1519,322,1571,459,1545.0,390.5,1545.0,459.0
202,8.040,15,person,0.3852,540,234,569,296,554.5,265.0,554.5,296.0
202,8.040,16,person,0.3754,768,294,794,363,781.0,328.5,781.0,363.0
202,8.040,17,person,0.3717,1503,355,1534,426,1518.5,390.5,1518.5,426.0
202,8.040,18,person,0.3131,763,293,818,373,790.5,333.0,790.5,373.0
202,8.040,19,person,0.3057,193,373,228,469,210.5,421.0,210.5,469.0
202,8.040,20,person,0.2826,194,376,244,470,219.0,423.0,219.0,470.0
202,8.040,21,person,0.2618,653,300,688,352,670.5,326.0,670.5,352.0
203,8.080,1,person,0.8621,1588,707,1685,825,1636.5,766.0,1636.5,825.0
203,8.080,2,person,0.8152,511,667,575,803,543.0,735.0,543.0,803.0
203,8.080,3,person,0.8131,585,692,666,817,625.5,754.5,625.5,817.0
203,8.080,4,person,0.8114,133,406,178,500,155.5,453.0,155.5,500.0
203,8.080,5,person,0.8002,1364,523,1410,623,1387.0,573.0,1387.0,623.0
203,8.080,6,person,0.7517,588,463,641,561,614.5,512.0,614.5,561.0
203,8.080,7,person,0.7212,1234,405,1273,494,1253.5,449.5,1253.5,494.0
203,8.080,8,person,0.7193,877,248,916,344,896.5,296.0,896.5,344.0
203,8.080,9,person,0.6436,1530,345,1578,472,1554.0,408.5,1554.0,472.0
203,8.080,10,person,0.6340,1352,292,1394,379,1373.0,335.5,1373.0,379.0
203,8.080,11,person,0.6228,1425,353,1469,440,1447.0,396.5,1447.0,440.0
203,8.080,12,person,0.5812,275,307,320,369,297.5,338.0,297.5,369.0
203,8.080,13,person,0.5133,635,345,679,427,657.0,386.0,657.0,427.0
203,8.080,14,person,0.4233,772,294,798,361,785.0,327.5,785.0,361.0
203,8.080,15,person,0.3976,637,344,670,420,653.5,382.0,653.5,420.0
203,8.080,16,person,0.3791,1510,354,1540,417,1525.0,385.5,1525.0,417.0
203,8.080,17,person,0.3489,770,293,811,369,790.5,331.0,790.5,369.0
203,8.080,18,person,0.3424,191,372,230,466,210.5,419.0,210.5,466.0
203,8.080,19,person,0.3360,540,229,575,296,557.5,262.5,557.5,296.0
203,8.080,20,person,0.3251,543,229,571,284,557.0,256.5,557.0,284.0
203,8.080,21,person,0.2743,194,373,225,428,209.5,400.5,209.5,428.0
204,8.120,1,person,0.8698,1576,707,1687,834,1631.5,770.5,1631.5,834.0
204,8.120,2,person,0.7986,132,402,185,493,158.5,447.5,158.5,493.0
204,8.120,3,person,0.7688,579,685,673,821,626.0,753.0,626.0,821.0
204,8.120,4,person,0.7658,511,667,568,799,539.5,733.0,539.5,799.0
204,8.120,5,person,0.7208,591,461,654,558,622.5,509.5,622.5,558.0
204,8.120,6,person,0.7203,884,248,922,331,903.0,289.5,903.0,331.0
204,8.120,7,person,0.7078,1365,525,1406,618,1385.5,571.5,1385.5,618.0
204,8.120,8,person,0.6727,1519,348,1588,475,1553.5,411.5,1553.5,475.0
204,8.120,9,person,0.6386,1238,405,1276,490,1257.0,447.5,1257.0,490.0
204,8.120,10,person,0.5937,639,344,685,428,662.0,386.0,662.0,428.0
204,8.120,11,person,0.5681,1428,350,1474,439,1451.0,394.5,1451.0,439.0
204,8.120,12,person,0.5389,775,294,811,375,793.0,334.5,793.0,375.0
204,8.120,13,person,0.5124,1362,295,1390,370,1376.0,332.5,1376.0,370.0
204,8.120,14,person,0.5070,776,294,806,363,791.0,328.5,791.0,363.0
204,8.120,15,person,0.5004,1358,296,1400,377,1379.0,336.5,1379.0,377.0
204,8.120,16,person,0.4962,194,372,227,451,210.5,411.5,210.5,451.0
204,8.120,17,person,0.4835,1542,356,1585,473,1563.5,414.5,1563.5,473.0
204,8.120,18,person,0.4308,1433,348,1468,434,1450.5,391.0,1450.5,434.0
204,8.120,19,person,0.4221,549,231,576,293,562.5,262.0,562.5,293.0
204,8.120,20,person,0.4182,662,299,702,371,682.0,335.0,682.0,371.0
204,8.120,21,person,0.3924,278,306,322,366,300.0,336.0,300.0,366.0
204,8.120,22,person,0.3380,1515,351,1555,420,1535.0,385.5,1535.0,420.0
205,8.160,1,person,0.8878,1575,710,1685,837,1630.0,773.5,1630.0,837.0
205,8.160,2,person,0.7987,1366,527,1411,617,1388.5,572.0,1388.5,617.0
205,8.160,3,person,0.7977,130,402,198,489,164.0,445.5,164.0,489.0
205,8.160,4,person,0.7668,578,690,668,802,623.0,746.0,623.0,802.0
205,8.160,5,person,0.7500,509,666,576,790,542.5,728.0,542.5,790.0
205,8.160,6,person,0.7451,598,457,660,557,629.0,507.0,629.0,557.0
205,8.160,7,person,0.7277,889,249,929,334,909.0,291.5,909.0,334.0
205,8.160,8,person,0.6344,1364,294,1404,375,1384.0,334.5,1384.0,375.0
205,8.160,9,person,0.6273,1244,402,1280,493,1262.0,447.5,1262.0,493.0
205,8.160,10,person,0.6138,1430,351,1483,435,1456.5,393.0,1456.5,435.0
205,8.160,11,person,0.5966,570,687,650,825,610.0,756.0,610.0,825.0
205,8.160,12,person,0.5716,201,371,232,453,216.5,412.0,216.5,453.0
205,8.160,13,person,0.5283,1527,335,1591,469,1559.0,402.0,1559.0,469.0
205,8.160,14,person,0.5160,782,293,819,366,800.5,329.5,800.5,366.0
205,8.160,15,person,0.4865,646,341,681,416,663.5,378.5,663.5,416.0
205,8.160,16,person,0.4390,669,300,706,370,687.5,335.0,687.5,370.0
205,8.160,17,person,0.4365,557,232,583,289,570.0,260.5,570.0,289.0
205,8.160,18,person,0.3899,671,318,708,375,689.5,346.5,689.5,375.0
205,8.160,19,person,0.3668,288,306,332,362,310.0,334.0,310.0,362.0
205,8.160,20,person,0.3601,1436,349,1473,425,1454.5,387.0,1454.5,425.0
205,8.160,21,person,0.3271,641,343,701,433,671.0,388.0,671.0,433.0
206,8.200,1,person,0.8217,1363,527,1421,621,1392.0,574.0,1392.0,621.0
206,8.200,2,person,0.7735,133,400,208,487,170.5,443.5,170.5,487.0
206,8.200,3,person,0.7565,602,459,667,562,634.5,510.5,634.5,562.0
206,8.200,4,person,0.7505,1374,296,1409,377,1391.5,336.5,1391.5,377.0
206,8.200,5,person,0.7500,505,667,592,821,548.5,744.0,548.5,821.0
206,8.200,6,person,0.7021,1439,352,1491,440,1465.0,396.0,1465.0,440.0
206,8.200,7,person,0.6862,1249,407,1287,492,1268.0,449.5,1268.0,492.0
206,8.200,8,person,0.6583,1575,710,1638,841,1606.5,775.5,1606.5,841.0
206,8.200,9,person,0.6369,892,247,939,336,915.5,291.5,915.5,336.0
206,8.200,10,person,0.6064,572,688,624,818,598.0,753.0,598.0,818.0
206,8.200,11,person,0.5816,203,371,235,450,219.0,410.5,219.0,450.0
206,8.200,12,person,0.5776,1540,345,1593,467,1566.5,406.0,1566.5,467.0
206,8.200,13,person,0.5182,649,341,684,411,666.5,376.0,666.5,411.0
206,8.200,14,person,0.4963,786,287,821,375,803.5,331.0,803.5,375.0
206,8.200,15,person,0.4408,1532,318,1592,464,1562.0,391.0,1562.0,464.0
206,8.200,16,person,0.3826,676,298,710,350,693.0,324.0,693.0,350.0
206,8.200,17,person,0.3811,296,305,342,364,319.0,334.5,319.0,364.0
206,8.200,18,person,0.3759,565,229,591,287,578.0,258.0,578.0,287.0
206,8.200,19,person,0.3397,675,297,713,363,694.0,330.0,694.0,363.0
206,8.200,20,person,0.3286,1527,319,1578,418,1552.5,368.5,1552.5,418.0
206,8.200,21,person,0.3185,577,691,618,784,597.5,737.5,597.5,784.0
206,8.200,22,person,0.3071,560,688,629,831,594.5,759.5,594.5,831.0
206,8.200,23,person,0.2880,648,340,698,414,673.0,377.0,673.0,414.0
206,8.200,24,person,0.2857,1442,351,1480,428,1461.0,389.5,1461.0,428.0
207,8.240,1,person,0.7940,1361,528,1424,626,1392.5,577.0,1392.5,626.0
207,8.240,2,person,0.7029,130,399,215,489,172.5,444.0,172.5,489.0
207,8.240,3,person,0.7022,1258,407,1294,487,1276.0,447.0,1276.0,487.0
207,8.240,4,person,0.6930,204,367,245,443,224.5,405.0,224.5,443.0
207,8.240,5,person,0.6871,1448,352,1493,438,1470.5,395.0,1470.5,438.0
207,8.240,6,person,0.6763,492,665,591,815,541.5,740.0,541.5,815.0
207,8.240,7,person,0.6683,655,339,692,415,673.5,377.0,673.5,415.0
207,8.240,8,person,0.6598,894,247,943,335,918.5,291.0,918.5,335.0
207,8.240,9,person,0.6416,600,455,661,562,630.5,508.5,630.5,562.0
207,8.240,10,person,0.6054,1578,712,1642,834,1610.0,773.0,1610.0,834.0
207,8.240,11,person,0.5817,305,302,351,361,328.0,331.5,328.0,361.0
207,8.240,12,person,0.5427,1380,294,1411,374,1395.5,334.0,1395.5,374.0
207,8.240,13,person,0.5366,566,695,629,834,597.5,764.5,597.5,834.0
207,8.240,14,person,0.5292,792,287,822,364,807.0,325.5,807.0,364.0
207,8.240,15,person,0.5137,130,398,183,487,156.5,442.5,156.5,487.0
207,8.240,16,person,0.4422,573,229,597,291,585.0,260.0,585.0,291.0
207,8.240,17,person,0.4390,1533,330,1600,459,1566.5,394.5,1566.5,459.0
207,8.240,18,person,0.4388,1533,319,1582,423,1557.5,371.0,1557.5,423.0
207,8.240,19,person,0.4282,681,299,718,361,699.5,330.0,699.5,361.0
207,8.240,20,person,0.4009,1559,364,1602,466,1580.5,415.0,1580.5,466.0
207,8.240,21,person,0.3609,571,695,615,804,593.0,749.5,593.0,804.0
207,8.240,22,person,0.3284,1539,358,1601,466,1570.0,412.0,1570.0,466.0
207,8.240,23,person,0.3066,678,298,721,378,699.5,338.0,699.5,378.0
208,8.280,1,person,0.7915,1578,714,1651,835,1614.5,774.5,1614.5,835.0
208,8.280,2,person,0.7888,1365,531,1418,632,1391.5,581.5,1391.5,632.0
208,8.280,3,person,0.7246,606,452,652,559,629.0,505.5,629.0,559.0
208,8.280,4,person,0.7211,1265,406,1297,484,1281.0,445.0,1281.0,484.0
208,8.280,5,person,0.7003,557,693,625,833,591.0,763.0,591.0,833.0
208,8.280,6,person,0.6983,491,669,555,804,523.0,736.5,523.0,804.0
208,8.280,7,person,0.6899,1455,353,1494,434,1474.5,393.5,1474.5,434.0
208,8.280,8,person,0.6757,134,397,195,486,164.5,441.5,164.5,486.0
208,8.280,9,person,0.6683,658,339,705,418,681.5,378.5,681.5,418.0
208,8.280,10,person,0.6142,898,243,949,333,923.5,288.0,923.5,333.0
208,8.280,11,person,0.6089,203,363,266,457,234.5,410.0,234.5,457.0
208,8.280,12,person,0.5647,795,284,844,378,819.5,331.0,819.5,378.0
208,8.280,13,person,0.4965,313,301,355,353,334.0,327.0,334.0,353.0
208,8.280,14,person,0.4910,1545,357,1610,470,1577.5,413.5,1577.5,470.0
208,8.280,15,person,0.4681,1388,292,1418,376,1403.0,334.0,1403.0,376.0
208,8.280,16,person,0.4668,581,234,606,285,593.5,259.5,593.5,285.0
208,8.280,17,person,0.4551,1541,320,1610,465,1575.5,392.5,1575.5,465.0
208,8.280,18,person,0.4276,1541,328,1597,429,1569.0,378.5,1569.0,429.0
208,8.280,19,person,0.2843,1060,1027,1112,1075,1086.0,1051.0,1086.0,1075.0
208,8.280,20,person,0.2809,207,362,251,429,229.0,395.5,229.0,429.0
208,8.280,21,person,0.2586,688,297,724,355,706.0,326.0,706.0,355.0
208,8.280,22,person,0.2512,997,1025,1112,1076,1054.5,1050.5,1054.5,1076.0
209,8.320,1,person,0.7935,1366,532,1410,635,1388.0,583.5,1388.0,635.0
209,8.320,2,person,0.7476,1566,713,1657,833,1611.5,773.0,1611.5,833.0
209,8.320,3,person,0.7374,495,671,551,806,523.0,738.5,523.0,806.0
209,8.320,4,person,0.7237,610,454,656,559,633.0,506.5,633.0,559.0
209,8.320,5,person,0.6995,1461,350,1496,438,1478.5,394.0,1478.5,438.0
209,8.320,6,person,0.6945,561,694,620,821,590.5,757.5,590.5,821.0
209,8.320,7,person,0.6698,145,398,192,490,168.5,444.0,168.5,490.0
209,8.320,8,person,0.6615,663,333,714,418,688.5,375.5,688.5,418.0
209,8.320,9,person,0.6381,1272,406,1304,484,1288.0,445.0,1288.0,484.0
209,8.320,10,person,0.5679,1547,316,1617,457,1582.0,386.5,1582.0,457.0
209,8.320,11,person,0.5566,909,256,948,336,928.5,296.0,928.5,336.0
209,8.320,12,person,0.5150,797,286,849,381,823.0,333.5,823.0,381.0
209,8.320,13,person,0.4906,1548,315,1608,426,1578.0,370.5,1578.0,426.0
209,8.320,14,person,0.4603,1398,293,1421,364,1409.5,328.5,1409.5,364.0
209,8.320,15,person,0.4441,698,297,731,350,714.5,323.5,714.5,350.0
209,8.320,16,person,0.4439,208,361,275,451,241.5,406.0,241.5,451.0
209,8.320,17,person,0.4391,998,1021,1130,1080,1064.0,1050.5,1064.0,1080.0
209,8.320,18,person,0.3623,908,242,963,338,935.5,290.0,935.5,338.0
209,8.320,19,person,0.3573,589,230,617,285,603.0,257.5,603.0,285.0
209,8.320,20,person,0.3329,325,301,359,353,342.0,327.0,342.0,353.0
209,8.320,21,person,0.3035,205,360,259,444,232.0,402.0,232.0,444.0
209,8.320,22,person,0.2972,209,362,254,428,231.5,395.0,231.5,428.0
210,8.360,1,person,0.7571,1565,711,1664,835,1614.5,773.0,1614.5,835.0
210,8.360,2,person,0.7538,493,673,552,806,522.5,739.5,522.5,806.0
210,8.360,3,person,0.7502,1367,537,1416,632,1391.5,584.5,1391.5,632.0
210,8.360,4,person,0.7462,146,393,191,485,168.5,439.0,168.5,485.0
210,8.360,5,person,0.7263,617,455,662,559,639.5,507.0,639.5,559.0
210,8.360,6,person,0.7189,546,692,625,816,585.5,754.0,585.5,816.0
210,8.360,7,person,0.6777,668,331,707,418,687.5,374.5,687.5,418.0
210,8.360,8,person,0.6578,1282,407,1313,484,1297.5,445.5,1297.5,484.0
210,8.360,9,person,0.6361,1469,350,1504,438,1486.5,394.0,1486.5,438.0
210,8.360,10,person,0.5811,1558,316,1625,465,1591.5,390.5,1591.5,465.0
210,8.360,11,person,0.5293,918,268,945,340,931.5,304.0,931.5,340.0
210,8.360,12,person,0.4863,1403,287,1435,370,1419.0,328.5,1419.0,370.0
210,8.360,13,person,0.4326,599,226,624,282,611.5,254.0,611.5,282.0
210,8.360,14,person,0.4154,1557,317,1615,430,1586.0,373.5,1586.0,430.0
210,8.360,15,person,0.3981,1010,1017,1140,1079,1075.0,1048.0,1075.0,1079.0
210,8.360,16,person,0.3922,800,282,864,373,832.0,327.5,832.0,373.0
210,8.360,17,person,0.3318,212,360,257,436,234.5,398.0,234.5,436.0
210,8.360,18,person,0.3054,704,299,735,351,719.5,325.0,719.5,351.0
210,8.360,19,person,0.2854,809,280,847,356,828.0,318.0,828.0,356.0
210,8.360,20,person,0.2619,333,299,366,358,349.5,328.5,349.5,358.0
210,8.360,21,person,0.2525,915,255,951,341,933.0,298.0,933.0,341.0
211,8.400,1,person,0.8745,1557,705,1666,833,1611.5,769.0,1611.5,833.0
211,8.400,2,person,0.7463,620,455,672,552,646.0,503.5,646.0,552.0
211,8.400,3,person,0.7428,145,394,202,483,173.5,438.5,173.5,483.0
211,8.400,4,person,0.7366,541,690,633,814,587.0,752.0,587.0,814.0
211,8.400,5,person,0.6985,1368,537,1424,630,1396.0,583.5,1396.0,630.0
211,8.400,6,person,0.6845,492,670,553,798,522.5,734.0,522.5,798.0
211,8.400,7,person,0.6759,679,333,716,420,697.5,376.5,697.5,420.0
211,8.400,8,person,0.6583,1567,315,1638,470,1602.5,392.5,1602.5,470.0
211,8.400,9,person,0.6400,1288,405,1321,488,1304.5,446.5,1304.5,488.0
211,8.400,10,person,0.5948,1021,1017,1155,1080,1088.0,1048.5,1088.0,1080.0
211,8.400,11,person,0.5697,1477,350,1512,439,1494.5,394.5,1494.5,439.0
211,8.400,12,person,0.5130,920,263,951,337,935.5,300.0,935.5,337.0
211,8.400,13,person,0.4809,1409,287,1449,371,1429.0,329.0,1429.0,371.0
211,8.400,14,person,0.4428,814,281,863,361,838.5,321.0,838.5,361.0
211,8.400,15,person,0.3807,223,362,261,423,242.0,392.5,242.0,423.0
211,8.400,16,person,0.3801,712,299,743,376,727.5,337.5,727.5,376.0
211,8.400,17,person,0.3630,1569,357,1637,468,1603.0,412.5,1603.0,468.0
211,8.400,18,person,0.3345,817,280,852,350,834.5,315.0,834.5,350.0
211,8.400,19,person,0.3342,606,227,633,275,619.5,251.0,619.5,275.0
211,8.400,20,person,0.3323,716,298,744,353,730.0,325.5,730.0,353.0
211,8.400,21,person,0.3152,809,280,876,375,842.5,327.5,842.5,375.0
211,8.400,22,person,0.3106,220,358,262,442,241.0,400.0,241.0,442.0
211,8.400,23,person,0.2635,948,240,983,315,965.5,277.5,965.5,315.0
211,8.400,24,person,0.2607,222,359,260,408,241.0,383.5,241.0,408.0
212,8.440,1,person,0.7893,626,454,684,548,655.0,501.0,655.0,548.0
212,8.440,2,person,0.7496,1550,706,1663,833,1606.5,769.5,1606.5,833.0
212,8.440,3,person,0.7251,492,666,578,828,535.0,747.0,535.0,828.0
212,8.440,4,person,0.7188,1042,1017,1170,1080,1106.0,1048.5,1106.0,1080.0
212,8.440,5,person,0.7121,1368,538,1427,639,1397.5,588.5,1397.5,639.0
212,8.440,6,person,0.6828,543,692,636,817,589.5,754.5,589.5,817.0
212,8.440,7,person,0.6652,151,391,217,480,184.0,435.5,184.0,480.0
212,8.440,8,person,0.6610,1483,347,1524,439,1503.5,393.0,1503.5,439.0
212,8.440,9,person,0.6322,688,330,723,413,705.5,371.5,705.5,413.0
212,8.440,10,person,0.5801,1294,402,1329,490,1311.5,446.0,1311.5,490.0
212,8.440,11,person,0.5428,231,355,267,431,249.0,393.0,249.0,431.0
212,8.440,12,person,0.5316,930,261,961,336,945.5,298.5,945.5,336.0
212,8.440,13,person,0.4736,726,297,755,356,740.5,326.5,740.5,356.0
212,8.440,14,person,0.4647,1368,538,1413,624,1390.5,581.0,1390.5,624.0
212,8.440,15,person,0.4536,1416,286,1459,372,1437.5,329.0,1437.5,372.0
212,8.440,16,person,0.4406,1599,378,1645,467,1622.0,422.5,1622.0,467.0
212,8.440,17,person,0.3960,615,224,649,274,632.0,249.0,632.0,274.0
212,8.440,18,person,0.3699,1421,289,1447,364,1434.0,326.5,1434.0,364.0
212,8.440,19,person,0.3526,1553,708,1621,825,1587.0,766.5,1587.0,825.0
212,8.440,20,person,0.3274,1573,317,1609,423,1591.0,370.0,1591.0,423.0
212,8.440,21,person,0.3033,352,299,388,354,370.0,326.5,370.0,354.0
212,8.440,22,person,0.2947,1572,345,1627,438,1599.5,391.5,1599.5,438.0
212,8.440,23,person,0.2933,149,389,195,450,172.0,419.5,172.0,450.0
212,8.440,24,person,0.2918,824,280,857,355,840.5,317.5,840.5,355.0
212,8.440,25,person,0.2700,1578,312,1615,387,1596.5,349.5,1596.5,387.0
212,8.440,26,person,0.2697,961,241,992,281,976.5,261.0,976.5,281.0
212,8.440,27,person,0.2674,1589,357,1645,466,1617.0,411.5,1617.0,466.0
213,8.480,1,person,0.8018,628,453,697,548,662.5,500.5,662.5,548.0
213,8.480,2,person,0.7852,1366,542,1427,645,1396.5,593.5,1396.5,645.0
213,8.480,3,person,0.7264,489,665,548,805,518.5,735.0,518.5,805.0
213,8.480,4,person,0.7255,538,688,603,831,570.5,759.5,570.5,831.0
213,8.480,5,person,0.6941,698,331,733,414,715.5,372.5,715.5,414.0
213,8.480,6,person,0.6891,153,383,229,477,191.0,430.0,191.0,477.0
213,8.480,7,person,0.6861,1061,1014,1182,1080,1121.5,1047.0,1121.5,1080.0
213,8.480,8,person,0.6393,1556,704,1623,834,1589.5,769.0,1589.5,834.0
213,8.480,9,person,0.6285,935,255,970,328,952.5,291.5,952.5,328.0
213,8.480,10,person,0.5893,538,690,638,833,588.0,761.5,588.0,833.0
213,8.480,11,person,0.5799,1303,407,1339,479,1321.0,443.0,1321.0,479.0
213,8.480,12,person,0.5197,237,354,271,434,254.0,394.0,254.0,434.0
213,8.480,13,person,0.4935,731,293,762,362,746.5,327.5,746.5,362.0
213,8.480,14,person,0.4880,1484,350,1532,437,1508.0,393.5,1508.0,437.0
213,8.480,15,person,0.4238,837,280,868,356,852.5,318.0,852.5,356.0
213,8.480,16,person,0.4001,1584,311,1626,414,1605.0,362.5,1605.0,414.0
213,8.480,17,person,0.3929,1588,311,1624,382,1606.0,346.5,1606.0,382.0
213,8.480,18,person,0.3744,1367,541,1409,605,1388.0,573.0,1388.0,605.0
213,8.480,19,person,0.3353,1488,349,1525,396,1506.5,372.5,1506.5,396.0
213,8.480,20,person,0.3319,1616,373,1655,464,1635.5,418.5,1635.5,464.0
213,8.480,21,person,0.3285,971,241,1000,291,985.5,266.0,985.5,291.0
213,8.480,22,person,0.3113,1425,287,1464,365,1444.5,326.0,1444.5,365.0
213,8.480,23,person,0.2984,623,226,658,278,640.5,252.0,640.5,278.0
213,8.480,24,person,0.2921,1428,287,1459,356,1443.5,321.5,1443.5,356.0
213,8.480,25,person,0.2824,1585,309,1632,389,1608.5,349.0,1608.5,389.0
214,8.520,1,person,0.8378,1368,542,1422,650,1395.0,596.0,1395.0,650.0
214,8.520,2,person,0.7625,629,451,705,550,667.0,500.5,667.0,550.0
214,8.520,3,person,0.7507,155,386,234,475,194.5,430.5,194.5,475.0
214,8.520,4,person,0.7172,483,666,552,813,517.5,739.5,517.5,813.0
214,8.520,5,person,0.6958,1074,1012,1198,1080,1136.0,1046.0,1136.0,1080.0
214,8.520,6,person,0.6907,1308,405,1347,489,1327.5,447.0,1327.5,489.0
214,8.520,7,person,0.6235,705,331,739,409,722.0,370.0,722.0,409.0
214,8.520,8,person,0.6070,241,349,283,435,262.0,392.0,262.0,435.0
214,8.520,9,person,0.6047,1497,349,1537,433,1517.0,391.0,1517.0,433.0
214,8.520,10,person,0.5778,540,694,598,794,569.0,744.0,569.0,794.0
214,8.520,11,person,0.5727,1612,361,1662,466,1637.0,413.5,1637.0,466.0
214,8.520,12,person,0.5526,942,259,980,334,961.0,296.5,961.0,334.0
214,8.520,13,person,0.5311,1550,705,1602,830,1576.0,767.5,1576.0,830.0
214,8.520,14,person,0.5231,367,295,408,354,387.5,324.5,387.5,354.0
214,8.520,15,person,0.5059,1590,311,1639,412,1614.5,361.5,1614.5,412.0
214,8.520,16,person,0.4959,742,292,772,348,757.0,320.0,757.0,348.0
214,8.520,17,person,0.4775,981,241,1009,304,995.0,272.5,995.0,304.0
214,8.520,18,person,0.4355,1433,283,1471,369,1452.0,326.0,1452.0,369.0
214,8.520,19,person,0.4334,843,281,873,354,858.0,317.5,858.0,354.0
214,8.520,20,person,0.4311,155,385,202,473,178.5,429.0,178.5,473.0
214,8.520,21,person,0.4131,527,691,600,835,563.5,763.0,563.5,835.0
214,8.520,22,person,0.3489,1438,285,1467,361,1452.5,323.0,1452.5,361.0
214,8.520,23,person,0.3264,1552,708,1631,832,1591.5,770.0,1591.5,832.0
214,8.520,24,person,0.2503,1594,310,1629,400,1611.5,355.0,1611.5,400.0
215,8.560,1,person,0.8367,1372,542,1416,649,1394.0,595.5,1394.0,649.0
215,8.560,2,person,0.7768,632,451,707,551,669.5,501.0,669.5,551.0
215,8.560,3,person,0.7399,1098,1007,1213,1079,1155.5,1043.0,1155.5,1079.0
215,8.560,4,person,0.7274,483,669,543,812,513.0,740.5,513.0,812.0
215,8.560,5,person,0.7022,245,347,289,427,267.0,387.0,267.0,427.0
215,8.560,6,person,0.6847,165,385,217,477,191.0,431.0,191.0,477.0
215,8.560,7,person,0.6750,1541,708,1615,831,1578.0,769.5,1578.0,831.0
215,8.560,8,person,0.6695,709,327,751,404,730.0,365.5,730.0,404.0
215,8.560,9,person,0.6693,945,255,989,334,967.0,294.5,967.0,334.0
215,8.560,10,person,0.6241,1507,350,1546,433,1526.5,391.5,1526.5,433.0
215,8.560,11,person,0.6161,1316,410,1352,490,1334.0,450.0,1334.0,490.0
215,8.560,12,person,0.6004,377,293,412,354,394.5,323.5,394.5,354.0
215,8.560,13,person,0.5687,540,697,592,832,566.0,764.5,566.0,832.0
215,8.560,14,person,0.5345,1597,312,1641,420,1619.0,366.0,1619.0,420.0
215,8.560,15,person,0.4442,1447,287,1475,364,1461.0,325.5,1461.0,364.0
215,8.560,16,person,0.4280,749,297,780,350,764.5,323.5,764.5,350.0
215,8.560,17,person,0.4224,851,279,883,356,867.0,317.5,867.0,356.0
215,8.560,18,person,0.3647,1609,372,1671,464,1640.0,418.0,1640.0,464.0
215,8.560,19,person,0.3599,644,224,675,279,659.5,251.5,659.5,279.0
215,8.560,20,person,0.3418,991,243,1020,309,1005.5,276.0,1005.5,309.0
215,8.560,21,person,0.2761,245,347,302,438,273.5,392.5,273.5,438.0
216,8.600,1,person,0.8305,484,672,540,811,512.0,741.5,512.0,811.0
216,8.600,2,person,0.8250,1375,544,1421,653,1398.0,598.5,1398.0,653.0
216,8.600,3,person,0.7398,637,452,706,548,671.5,500.0,671.5,548.0
216,8.600,4,person,0.7291,170,384,215,477,192.5,430.5,192.5,477.0
216,8.600,5,person,0.7214,250,344,313,431,281.5,387.5,281.5,431.0
216,8.600,6,person,0.7141,1324,413,1361,495,1342.5,454.0,1342.5,495.0
216,8.600,7,person,0.7120,717,327,765,409,741.0,368.0,741.0,409.0
216,8.600,8,person,0.7112,540,705,593,831,566.5,768.0,566.5,831.0
216,8.600,9,person,0.6833,1114,1007,1230,1080,1172.0,1043.5,1172.0,1080.0
216,8.600,10,person,0.6813,952,256,990,329,971.0,292.5,971.0,329.0
216,8.600,11,person,0.6503,1541,707,1617,830,1579.0,768.5,1579.0,830.0
216,8.600,12,person,0.6028,1512,350,1547,434,1529.5,392.0,1529.5,434.0
216,8.600,13,person,0.5886,1606,313,1649,425,1627.5,369.0,1627.5,425.0
216,8.600,14,person,0.5382,387,293,421,351,404.0,322.0,404.0,351.0
216,8.600,15,person,0.5113,860,276,886,341,873.0,308.5,873.0,341.0
216,8.600,16,person,0.4949,756,299,793,359,774.5,329.0,774.5,359.0
216,8.600,17,person,0.4899,1456,286,1485,366,1470.5,326.0,1470.5,366.0
216,8.600,18,person,0.4785,249,344,294,426,271.5,385.0,271.5,426.0
216,8.600,19,person,0.4692,655,223,682,276,668.5,249.5,668.5,276.0
216,8.600,20,person,0.4351,1004,240,1028,296,1016.0,268.0,1016.0,296.0
216,8.600,21,person,0.3792,1640,369,1679,463,1659.5,416.0,1659.5,463.0
216,8.600,22,person,0.3511,552,1041,590,1079,571.0,1060.0,571.0,1079.0
216,8.600,23,person,0.3410,758,301,792,343,775.0,322.0,775.0,343.0
216,8.600,24,person,0.2937,636,449,685,536,660.5,492.5,660.5,536.0
216,8.600,25,person,0.2816,857,273,892,349,874.5,311.0,874.5,349.0
217,8.640,1,person,0.8366,1376,547,1431,645,1403.5,596.0,1403.5,645.0
217,8.640,2,person,0.8280,1531,708,1623,834,1577.0,771.0,1577.0,834.0
217,8.640,3,person,0.8238,172,384,228,476,200.0,430.0,200.0,476.0
217,8.640,4,person,0.7856,540,701,593,827,566.5,764.0,566.5,827.0
217,8.640,5,person,0.7579,1333,412,1371,493,1352.0,452.5,1352.0,493.0
217,8.640,6,person,0.7205,1143,1005,1248,1080,1195.5,1042.5,1195.5,1080.0
217,8.640,7,person,0.7171,257,342,323,434,290.0,388.0,290.0,434.0
217,8.640,8,person,0.6965,642,452,685,552,663.5,502.0,663.5,552.0
217,8.640,9,person,0.6720,1520,348,1556,433,1538.0,390.5,1538.0,433.0
217,8.640,10,person,0.6497,487,676,539,810,513.0,743.0,513.0,810.0
217,8.640,11,person,0.6000,725,328,776,409,750.5,368.5,750.5,409.0
217,8.640,12,person,0.5629,1651,378,1687,464,1669.0,421.0,1669.0,464.0
217,8.640,13,person,0.5555,396,292,432,352,414.0,322.0,414.0,352.0
217,8.640,14,person,0.4994,1466,287,1496,367,1481.0,327.0,1481.0,367.0
217,8.640,15,person,0.4855,864,279,901,357,882.5,318.0,882.5,357.0
217,8.640,16,person,0.4747,965,256,995,326,980.0,291.0,980.0,326.0
217,8.640,17,person,0.4711,766,299,799,357,782.5,328.0,782.5,357.0
217,8.640,18,person,0.4589,258,341,297,423,277.5,382.0,277.5,423.0
217,8.640,19,person,0.4571,1614,316,1660,432,1637.0,374.0,1637.0,432.0
217,8.640,20,person,0.4518,867,277,895,347,881.0,312.0,881.0,347.0
217,8.640,21,person,0.4482,1014,240,1039,298,1026.5,269.0,1026.5,298.0
217,8.640,22,person,0.3314,666,222,691,272,678.5,247.0,678.5,272.0
217,8.640,23,person,0.3022,556,1032,607,1080,581.5,1056.0,581.5,1080.0
218,8.680,1,person,0.8197,1524,708,1623,837,1573.5,772.5,1573.5,837.0
218,8.680,2,person,0.8077,528,695,603,823,565.5,759.0,565.5,823.0
218,8.680,3,person,0.8048,175,383,242,473,208.5,428.0,208.5,473.0
218,8.680,4,person,0.7930,1374,550,1438,651,1406.0,600.5,1406.0,651.0
218,8.680,5,person,0.7739,647,457,693,549,670.0,503.0,670.0,549.0
218,8.680,6,person,0.7082,728,327,783,409,755.5,368.0,755.5,409.0
218,8.680,7,person,0.6952,1164,1002,1263,1080,1213.5,1041.0,1213.5,1080.0
218,8.680,8,person,0.6779,482,679,541,802,511.5,740.5,511.5,802.0
218,8.680,9,person,0.6744,970,256,1003,332,986.5,294.0,986.5,332.0
218,8.680,10,person,0.6550,1343,409,1378,492,1360.5,450.5,1360.5,492.0
218,8.680,11,person,0.5972,1529,348,1565,437,1547.0,392.5,1547.0,437.0
218,8.680,12,person,0.5728,406,291,440,350,423.0,320.5,423.0,350.0
218,8.680,13,person,0.5683,1655,381,1697,466,1676.0,423.5,1676.0,466.0
218,8.680,14,person,0.5672,1625,313,1672,423,1648.5,368.0,1648.5,423.0
218,8.680,15,person,0.5668,572,1029,628,1080,600.0,1054.5,600.0,1080.0
218,8.680,16,person,0.5507,262,341,301,433,281.5,387.0,281.5,433.0
218,8.680,17,person,0.4983,1476,291,1505,364,1490.5,327.5,1490.5,364.0
218,8.680,18,person,0.4830,262,342,331,427,296.5,384.5,296.5,427.0
218,8.680,19,person,0.4584,673,220,702,280,687.5,250.0,687.5,280.0
218,8.680,20,person,0.4226,773,299,810,364,791.5,331.5,791.5,364.0
218,8.680,21,person,0.4225,264,341,295,420,279.5,380.5,279.5,420.0
218,8.680,22,person,0.3944,873,277,903,341,888.0,309.0,888.0,341.0
218,8.680,23,person,0.3404,872,278,914,353,893.0,315.5,893.0,353.0
218,8.680,24,person,0.3377,1022,239,1054,307,1038.0,273.0,1038.0,307.0
219,8.720,1,person,0.8448,177,381,251,468,214.0,424.5,214.0,468.0
219,8.720,2,person,0.7854,536,697,612,813,574.0,755.0,574.0,813.0
219,8.720,3,person,0.7832,649,452,702,546,675.5,499.0,675.5,546.0
219,8.720,4,person,0.7333,1373,551,1436,661,1404.5,606.0,1404.5,661.0
219,8.720,5,person,0.7204,1350,411,1387,497,1368.5,454.0,1368.5,497.0
219,8.720,6,person,0.7128,1193,999,1278,1079,1235.5,1039.0,1235.5,1079.0
219,8.720,7,person,0.6985,979,257,1010,330,994.5,293.5,994.5,330.0
219,8.720,8,person,0.6812,1667,378,1714,469,1690.5,423.5,1690.5,469.0
219,8.720,9,person,0.6713,477,679,557,813,517.0,746.0,517.0,813.0
219,8.720,10,person,0.6627,1511,707,1583,839,1547.0,773.0,1547.0,839.0
219,8.720,11,person,0.6427,1513,709,1617,839,1565.0,774.0,1565.0,839.0
219,8.720,12,person,0.6244,734,325,773,408,753.5,366.5,753.5,408.0
219,8.720,13,person,0.6105,1532,349,1577,438,1554.5,393.5,1554.5,438.0
219,8.720,14,person,0.6059,1485,287,1514,366,1499.5,326.5,1499.5,366.0
219,8.720,15,person,0.5857,584,1026,642,1080,613.0,1053.0,613.0,1080.0
219,8.720,16,person,0.5452,415,294,452,351,433.5,322.5,433.5,351.0
219,8.720,17,person,0.5297,1035,239,1063,302,1049.0,270.5,1049.0,302.0
219,8.720,18,person,0.5245,1633,319,1680,432,1656.5,375.5,1656.5,432.0
219,8.720,19,person,0.4978,779,298,821,359,800.0,328.5,800.0,359.0
219,8.720,20,person,0.4892,267,343,300,432,283.5,387.5,283.5,432.0
219,8.720,21,person,0.4561,883,275,910,341,896.5,308.0,896.5,341.0
219,8.720,22,person,0.3734,881,276,925,351,903.0,313.5,903.0,351.0
219,8.720,23,person,0.3186,1373,552,1414,660,1393.5,606.0,1393.5,660.0
219,8.720,24,person,0.3052,1648,369,1714,468,1681.0,418.5,1681.0,468.0
219,8.720,25,person,0.2740,1634,353,1673,439,1653.5,396.0,1653.5,439.0
219,8.720,26,person,0.2565,682,220,707,273,694.5,246.5,694.5,273.0
220,8.760,1,person,0.8154,653,452,712,546,682.5,499.0,682.5,546.0
220,8.760,2,person,0.7839,1208,996,1293,1080,1250.5,1038.0,1250.5,1080.0
220,8.760,3,person,0.7800,532,697,617,804,574.5,750.5,574.5,804.0
220,8.760,4,person,0.7106,1357,410,1396,496,1376.5,453.0,1376.5,496.0
220,8.760,5,person,0.6971,1375,551,1426,671,1400.5,611.0,1400.5,671.0
220,8.760,6,person,0.6881,470,680,549,813,509.5,746.5,509.5,813.0
220,8.760,7,person,0.6875,423,292,465,349,444.0,320.5,444.0,349.0
220,8.760,8,person,0.6788,1677,382,1720,472,1698.5,427.0,1698.5,472.0
220,8.760,9,person,0.6685,181,380,251,462,216.0,421.0,216.0,462.0
220,8.760,10,person,0.6628,597,1023,659,1080,628.0,1051.5,628.0,1080.0
220,8.760,11,person,0.6330,1514,708,1577,840,1545.5,774.0,1545.5,840.0
220,8.760,12,person,0.5860,793,296,829,375,811.0,335.5,811.0,375.0
220,8.760,13,person,0.5766,1542,351,1590,442,1566.0,396.5,1566.0,442.0
220,8.760,14,person,0.5685,746,329,777,412,761.5,370.5,761.5,412.0
220,8.760,15,person,0.5511,276,340,306,431,291.0,385.5,291.0,431.0
220,8.760,16,person,0.5239,989,257,1017,330,1003.0,293.5,1003.0,330.0
220,8.760,17,person,0.5027,1492,289,1522,367,1507.0,328.0,1507.0,367.0
220,8.760,18,person,0.4351,182,379,222,459,202.0,419.0,202.0,459.0
220,8.760,19,person,0.4232,1513,708,1607,842,1560.0,775.0,1560.0,842.0
220,8.760,20,person,0.3836,1640,338,1683,433,1661.5,385.5,1661.5,433.0
220,8.760,21,person,0.3195,744,330,789,411,766.5,370.5,766.5,411.0
220,8.760,22,person,0.3186,1642,316,1687,436,1664.5,376.0,1664.5,436.0
220,8.760,23,person,0.3047,892,278,915,339,903.5,308.5,903.5,339.0
220,8.760,24,person,0.2856,1041,237,1077,306,1059.0,271.5,1059.0,306.0
220,8.760,25,person,0.2685,1643,362,1683,435,1663.0,398.5,1663.0,435.0
220,8.760,26,person,0.2625,887,281,927,347,907.0,314.0,907.0,347.0
220,8.760,27,person,0.2577,693,218,718,270,705.5,244.0,705.5,270.0
221,8.800,1,person,0.7904,656,449,722,544,689.0,496.5,689.0,544.0
221,8.800,2,person,0.7577,1225,996,1306,1080,1265.5,1038.0,1265.5,1080.0
221,8.800,3,person,0.7570,1376,560,1422,672,1399.0,616.0,1399.0,672.0
221,8.800,4,person,0.7410,1367,413,1401,499,1384.0,456.0,1384.0,499.0
221,8.800,5,person,0.7054,611,1018,675,1080,643.0,1049.0,643.0,1080.0
221,8.800,6,person,0.6928,754,325,785,407,769.5,366.0,769.5,407.0
221,8.800,7,person,0.6849,189,380,225,463,207.0,421.5,207.0,463.0
221,8.800,8,person,0.6810,283,342,316,427,299.5,384.5,299.5,427.0
221,8.800,9,person,0.6742,463,679,538,809,500.5,744.0,500.5,809.0
221,8.800,10,person,0.6652,1519,708,1585,840,1552.0,774.0,1552.0,840.0
221,8.800,11,person,0.6050,1501,287,1533,367,1517.0,327.0,1517.0,367.0
221,8.800,12,person,0.5899,1682,379,1731,470,1706.5,424.5,1706.5,470.0
221,8.800,13,person,0.5475,507,699,572,832,539.5,765.5,539.5,832.0
221,8.800,14,person,0.4849,430,290,473,348,451.5,319.0,451.5,348.0
221,8.800,15,person,0.4840,798,299,837,373,817.5,336.0,817.5,373.0
221,8.800,16,person,0.4670,1647,311,1695,430,1671.0,370.5,1671.0,430.0
221,8.800,17,person,0.4580,528,700,573,806,550.5,753.0,550.5,806.0
221,8.800,18,person,0.4344,993,257,1025,327,1009.0,292.0,1009.0,327.0
221,8.800,19,person,0.3823,655,448,703,542,679.0,495.0,679.0,542.0
221,8.800,20,person,0.3811,896,280,924,341,910.0,310.5,910.0,341.0
221,8.800,21,person,0.3585,1053,239,1085,302,1069.0,270.5,1069.0,302.0
221,8.800,22,person,0.3553,1545,351,1600,438,1572.5,394.5,1572.5,438.0
221,8.800,23,person,0.3455,699,223,730,278,714.5,250.5,714.5,278.0
221,8.800,24,person,0.3303,189,380,239,461,214.0,420.5,214.0,461.0
221,8.800,25,person,0.2855,1550,351,1586,429,1568.0,390.0,1568.0,429.0
222,8.840,1,person,0.8057,658,446,730,545,694.0,495.5,694.0,545.0
222,8.840,2,person,0.7800,1517,709,1565,842,1541.0,775.5,1541.0,842.0
222,8.840,3,person,0.7546,1238,991,1318,1079,1278.0,1035.0,1278.0,1079.0
222,8.840,4,person,0.7530,1373,417,1412,503,1392.5,460.0,1392.5,503.0
222,8.840,5,person,0.7342,762,328,795,409,778.5,368.5,778.5,409.0
222,8.840,6,person,0.7245,1373,564,1425,672,1399.0,618.0,1399.0,672.0
222,8.840,7,person,0.7126,1001,256,1036,325,1018.5,290.5,1018.5,325.0
222,8.840,8,person,0.6967,625,1015,688,1079,656.5,1047.0,656.5,1079.0
222,8.840,9,person,0.6866,462,681,529,817,495.5,749.0,495.5,817.0
222,8.840,10,person,0.6166,197,382,228,464,212.5,423.0,212.5,464.0
222,8.840,11,person,0.6033,438,288,484,353,461.0,320.5,461.0,353.0
222,8.840,12,person,0.5964,509,708,612,840,560.5,774.0,560.5,840.0
222,8.840,13,person,0.5962,1693,376,1740,470,1716.5,423.0,1716.5,470.0
222,8.840,14,person,0.5915,290,343,320,418,305.0,380.5,305.0,418.0
222,8.840,15,person,0.5514,1547,350,1607,441,1577.0,395.5,1577.0,441.0
222,8.840,16,person,0.5177,805,300,845,376,825.0,338.0,825.0,376.0
222,8.840,17,person,0.4902,1507,288,1542,367,1524.5,327.5,1524.5,367.0
222,8.840,18,person,0.4820,1063,240,1091,300,1077.0,270.0,1077.0,300.0
222,8.840,19,person,0.4245,712,221,743,275,727.5,248.0,727.5,275.0
222,8.840,20,person,0.3787,508,707,576,831,542.0,769.0,542.0,831.0
222,8.840,21,person,0.3517,1657,356,1691,426,1674.0,391.0,1674.0,426.0
222,8.840,22,person,0.2772,1657,355,1696,447,1676.5,401.0,1676.5,447.0
222,8.840,23,person,0.2753,524,708,579,813,551.5,760.5,551.5,813.0
222,8.840,24,person,0.2721,905,282,931,338,918.0,310.0,918.0,338.0
222,8.840,25,person,0.2658,1657,312,1706,403,1681.5,357.5,1681.5,403.0
222,8.840,26,person,0.2639,1664,312,1704,376,1684.0,344.0,1684.0,376.0
222,8.840,27,person,0.2502,657,447,708,543,682.5,495.0,682.5,543.0
223,8.880,1,person,0.7930,1382,418,1417,505,1399.5,461.5,1399.5,505.0
223,8.880,2,person,0.7791,1251,988,1331,1080,1291.0,1034.0,1291.0,1080.0
223,8.880,3,person,0.7663,465,683,521,816,493.0,749.5,493.0,816.0
223,8.880,4,person,0.7472,514,706,569,834,541.5,770.0,541.5,834.0
223,8.880,5,person,0.7324,1374,564,1429,669,1401.5,616.5,1401.5,669.0
223,8.880,6,person,0.7315,1501,708,1571,836,1536.0,772.0,1536.0,836.0
223,8.880,7,person,0.7114,636,1012,702,1079,669.0,1045.5,669.0,1079.0
223,8.880,8,person,0.6881,653,446,722,549,687.5,497.5,687.5,549.0
223,8.880,9,person,0.6504,195,376,240,465,217.5,420.5,217.5,465.0
223,8.880,10,person,0.6368,1704,379,1747,470,1725.5,424.5,1725.5,470.0
223,8.880,11,person,0.6286,816,296,850,381,833.0,338.5,833.0,381.0
223,8.880,12,person,0.6179,653,447,701,550,677.0,498.5,677.0,550.0
223,8.880,13,person,0.5858,768,328,803,407,785.5,367.5,785.5,407.0
223,8.880,14,person,0.5834,1005,256,1041,331,1023.0,293.5,1023.0,331.0
223,8.880,15,person,0.5234,915,279,943,343,929.0,311.0,929.0,343.0
223,8.880,16,person,0.5170,443,289,474,349,458.5,319.0,458.5,349.0
223,8.880,17,person,0.5095,1517,291,1550,366,1533.5,328.5,1533.5,366.0
223,8.880,18,person,0.4966,1562,353,1607,441,1584.5,397.0,1584.5,441.0
223,8.880,19,person,0.4835,292,341,329,408,310.5,374.5,310.5,408.0
223,8.880,20,person,0.4489,1075,240,1101,300,1088.0,270.0,1088.0,300.0
223,8.880,21,person,0.4345,721,222,747,276,734.0,249.0,734.0,276.0
223,8.880,22,person,0.4155,1663,353,1702,434,1682.5,393.5,1682.5,434.0
223,8.880,23,person,0.3976,1507,711,1558,830,1532.5,770.5,1532.5,830.0
223,8.880,24,person,0.3276,291,341,343,417,317.0,379.0,317.0,417.0
223,8.880,25,person,0.3244,292,341,353,449,322.5,395.0,322.5,449.0
223,8.880,26,person,0.2952,1565,353,1597,416,1581.0,384.5,1581.0,416.0
223,8.880,27,person,0.2857,1672,314,1709,374,1690.5,344.0,1690.5,374.0
224,8.920,1,person,0.8131,1491,709,1579,838,1535.0,773.5,1535.0,838.0
224,8.920,2,person,0.7890,1263,986,1344,1080,1303.5,1033.0,1303.5,1080.0
224,8.920,3,person,0.7640,1368,563,1428,678,1398.0,620.5,1398.0,678.0
224,8.920,4,person,0.7568,298,341,354,426,326.0,383.5,326.0,426.0
224,8.920,5,person,0.7426,1394,418,1425,504,1409.5,461.0,1409.5,504.0
224,8.920,6,person,0.7405,773,325,816,405,794.5,365.0,794.5,405.0
224,8.920,7,person,0.7369,463,684,519,816,491.0,750.0,491.0,816.0
224,8.920,8,person,0.7159,659,447,726,551,692.5,499.0,692.5,551.0
224,8.920,9,person,0.7049,196,374,253,460,224.5,417.0,224.5,460.0
224,8.920,10,person,0.7006,514,705,569,828,541.5,766.5,541.5,828.0
224,8.920,11,person,0.6516,651,1003,716,1079,683.5,1041.0,683.5,1079.0
224,8.920,12,person,0.5422,1709,386,1754,474,1731.5,430.0,1731.5,474.0
224,8.920,13,person,0.5334,824,300,858,371,841.0,335.5,841.0,371.0
224,8.920,14,person,0.5086,1010,258,1049,337,1029.5,297.5,1029.5,337.0
224,8.920,15,person,0.4797,1568,353,1615,442,1591.5,397.5,1591.5,442.0
224,8.920,16,person,0.4749,1524,290,1561,369,1542.5,329.5,1542.5,369.0
224,8.920,17,person,0.4735,1083,241,1111,303,1097.0,272.0,1097.0,303.0
224,8.920,18,person,0.4556,1670,353,1710,434,1690.0,393.5,1690.0,434.0
224,8.920,19,person,0.4521,454,289,483,344,468.5,316.5,468.5,344.0
224,8.920,20,person,0.3734,661,446,705,552,683.0,499.0,683.0,552.0
224,8.920,21,person,0.3353,920,282,952,349,936.0,315.5,936.0,349.0
225,8.960,1,person,0.7932,1360,566,1425,681,1392.5,623.5,1392.5,681.0
225,8.960,2,person,0.7805,1473,707,1584,841,1528.5,774.0,1528.5,841.0
225,8.960,3,person,0.7644,777,325,828,405,802.5,365.0,802.5,405.0
225,8.960,4,person,0.7404,1276,984,1352,1080,1314.0,1032.0,1314.0,1080.0
225,8.960,5,person,0.7214,459,685,519,799,489.0,742.0,489.0,799.0
225,8.960,6,person,0.7096,664,1004,729,1079,696.5,1041.5,696.5,1079.0
225,8.960,7,person,0.6980,1399,418,1432,500,1415.5,459.0,1415.5,500.0
225,8.960,8,person,0.6913,665,450,711,551,688.0,500.5,688.0,551.0
225,8.960,9,person,0.6843,507,703,571,827,539.0,765.0,539.0,827.0
225,8.960,10,person,0.6574,187,376,266,456,226.5,416.0,226.5,456.0
225,8.960,11,person,0.6442,832,299,864,376,848.0,337.5,848.0,376.0
225,8.960,12,person,0.5927,1536,289,1564,369,1550.0,329.0,1550.0,369.0
225,8.960,13,person,0.5776,1013,257,1056,339,1034.5,298.0,1034.5,339.0
225,8.960,14,person,0.5640,1579,352,1616,441,1597.5,396.5,1597.5,441.0
225,8.960,15,person,0.5604,301,338,365,429,333.0,383.5,333.0,429.0
225,8.960,16,person,0.5547,460,290,494,346,477.0,318.0,477.0,346.0
225,8.960,17,person,0.4589,1718,383,1761,472,1739.5,427.5,1739.5,472.0
225,8.960,18,person,0.4308,927,279,959,347,943.0,313.0,943.0,347.0
225,8.960,19,person,0.4162,299,338,353,416,326.0,377.0,326.0,416.0
225,8.960,20,person,0.4074,1673,318,1723,442,1698.0,380.0,1698.0,442.0
225,8.960,21,person,0.3772,740,217,765,275,752.5,246.0,752.5,275.0
225,8.960,22,person,0.3537,1093,242,1120,304,1106.5,273.0,1106.5,304.0
225,8.960,23,person,0.3365,199,373,249,450,224.0,411.5,224.0,450.0
225,8.960,24,person,0.2938,1677,356,1715,443,1696.0,399.5,1696.0,443.0
225,8.960,25,person,0.2910,0,466,39,514,19.5,490.0,19.5,514.0
225,8.960,26,person,0.2870,1681,315,1724,418,1702.5,366.5,1702.5,418.0
225,8.960,27,person,0.2821,1675,318,1742,441,1708.5,379.5,1708.5,441.0
225,8.960,28,person,0.2597,516,704,566,799,541.0,751.5,541.0,799.0
226,9.000,1,person,0.8099,1358,565,1422,690,1390.0,627.5,1390.0,690.0
226,9.000,2,person,0.7981,1286,982,1366,1080,1326.0,1031.0,1326.0,1080.0
226,9.000,3,person,0.7794,1460,711,1584,850,1522.0,780.5,1522.0,850.0
226,9.000,4,person,0.7606,1405,416,1438,500,1421.5,458.0,1421.5,500.0
226,9.000,5,person,0.7272,671,454,710,549,690.5,501.5,690.5,549.0
226,9.000,6,person,0.7140,779,324,836,404,807.5,364.0,807.5,404.0
226,9.000,7,person,0.7064,837,303,870,376,853.5,339.5,853.5,376.0
226,9.000,8,person,0.6847,187,371,272,460,229.5,415.5,229.5,460.0
226,9.000,9,person,0.6623,678,1002,743,1079,710.5,1040.5,710.5,1079.0
226,9.000,10,person,0.6436,464,289,507,351,485.5,320.0,485.5,351.0
226,9.000,11,person,0.6404,455,681,526,813,490.5,747.0,490.5,813.0
226,9.000,12,person,0.6205,192,371,241,457,216.5,414.0,216.5,457.0
226,9.000,13,person,0.5742,1024,255,1059,332,1041.5,293.5,1041.5,332.0
226,9.000,14,person,0.5386,309,337,341,406,325.0,371.5,325.0,406.0
226,9.000,15,person,0.5294,508,705,572,823,540.0,764.0,540.0,823.0
226,9.000,16,person,0.5057,1587,356,1621,444,1604.0,400.0,1604.0,444.0
226,9.000,17,person,0.4917,0,448,47,505,23.5,476.5,23.5,505.0
226,9.000,18,person,0.4911,1103,240,1127,304,1115.0,272.0,1115.0,304.0
226,9.000,19,person,0.4866,1681,319,1733,437,1707.0,378.0,1707.0,437.0
226,9.000,20,person,0.4704,306,337,346,423,326.0,380.0,326.0,423.0
226,9.000,21,person,0.4157,933,277,967,349,950.0,313.0,950.0,349.0
226,9.000,22,person,0.3809,1545,291,1571,365,1558.0,328.0,1558.0,365.0
226,9.000,23,person,0.3729,747,215,774,272,760.5,243.5,760.5,272.0
226,9.000,24,person,0.3520,306,337,376,414,341.0,375.5,341.0,414.0
226,9.000,25,person,0.3259,1724,385,1767,473,1745.5,429.0,1745.5,473.0
226,9.000,26,person,0.2921,1587,354,1617,423,1602.0,388.5,1602.0,423.0
227,9.040,1,person,0.7654,446,680,540,831,493.0,755.5,493.0,831.0
227,9.040,2,person,0.7617,1298,982,1374,1080,1336.0,1031.0,1336.0,1080.0
227,9.040,3,person,0.7578,690,999,756,1080,723.0,1039.5,723.0,1080.0
227,9.040,4,person,0.7489,1367,572,1414,691,1390.5,631.5,1390.5,691.0
227,9.040,5,person,0.7222,201,373,244,452,222.5,412.5,222.5,452.0
227,9.040,6,person,0.7197,1414,416,1447,505,1430.5,460.5,1430.5,505.0
227,9.040,7,person,0.7099,671,453,714,546,692.5,499.5,692.5,546.0
227,9.040,8,person,0.7098,1468,714,1566,850,1517.0,782.0,1517.0,850.0
227,9.040,9,person,0.6807,505,705,582,825,543.5,765.0,543.5,825.0
227,9.040,10,person,0.6641,471,287,514,347,492.5,317.0,492.5,347.0
227,9.040,11,person,0.6626,199,373,261,454,230.0,413.5,230.0,454.0
227,9.040,12,person,0.6035,781,325,849,408,815.0,366.5,815.0,408.0
227,9.040,13,person,0.5800,847,300,880,374,863.5,337.0,863.5,374.0
227,9.040,14,person,0.5772,1033,261,1064,333,1048.5,297.0,1048.5,333.0
227,9.040,15,person,0.5552,1593,353,1628,444,1610.5,398.5,1610.5,444.0
227,9.040,16,person,0.5085,1469,713,1532,850,1500.5,781.5,1500.5,850.0
227,9.040,17,person,0.4786,0,431,46,498,23.0,464.5,23.0,498.0
227,9.040,18,person,0.4724,312,339,347,412,329.5,375.5,329.5,412.0
227,9.040,19,person,0.4577,1111,241,1137,306,1124.0,273.5,1124.0,306.0
227,9.040,20,person,0.4329,786,323,827,406,806.5,364.5,806.5,406.0
227,9.040,21,person,0.4038,941,279,970,343,955.5,311.0,955.5,343.0
227,9.040,22,person,0.3893,1689,321,1736,439,1712.5,380.0,1712.5,439.0
227,9.040,23,person,0.3801,1554,292,1579,364,1566.5,328.0,1566.5,364.0
227,9.040,24,person,0.3785,0,434,15,497,7.5,465.5,7.5,497.0
227,9.040,25,person,0.3652,1690,353,1730,441,1710.0,397.0,1710.0,441.0
227,9.040,26,person,0.3464,1738,388,1777,476,1757.5,432.0,1757.5,476.0
228,9.080,1,person,0.8390,674,453,730,546,702.0,499.5,702.0,546.0
228,9.080,2,person,0.7697,1308,983,1388,1080,1348.0,1031.5,1348.0,1080.0
228,9.080,3,person,0.7530,441,681,518,830,479.5,755.5,479.5,830.0
228,9.080,4,person,0.7442,1363,576,1406,698,1384.5,637.0,1384.5,698.0
228,9.080,5,person,0.7216,704,996,768,1080,736.0,1038.0,736.0,1080.0
228,9.080,6,person,0.7024,211,373,243,462,227.0,417.5,227.0,462.0
228,9.080,7,person,0.7004,1473,714,1547,851,1510.0,782.5,1510.0,851.0
228,9.080,8,person,0.6775,1418,420,1458,513,1438.0,466.5,1438.0,513.0
228,9.080,9,person,0.6535,503,705,584,820,543.5,762.5,543.5,820.0
228,9.080,10,person,0.6306,1746,392,1790,481,1768.0,436.5,1768.0,481.0
228,9.080,11,person,0.6227,795,325,830,404,812.5,364.5,812.5,404.0
228,9.080,12,person,0.5996,477,287,530,347,503.5,317.0,503.5,347.0
228,9.080,13,person,0.5913,857,298,892,381,874.5,339.5,874.5,381.0
228,9.080,14,person,0.5689,320,337,350,404,335.0,370.5,335.0,404.0
228,9.080,15,person,0.5600,1039,264,1068,332,1053.5,298.0,1053.5,332.0
228,9.080,16,person,0.5548,1601,353,1638,443,1619.5,398.0,1619.5,443.0
228,9.080,17,person,0.5451,0,424,23,515,11.5,469.5,11.5,515.0
228,9.080,18,person,0.5292,1124,239,1149,308,1136.5,273.5,1136.5,308.0
228,9.080,19,person,0.4765,210,374,270,460,240.0,417.0,240.0,460.0
228,9.080,20,person,0.4758,794,325,848,404,821.0,364.5,821.0,404.0
228,9.080,21,person,0.4446,1700,362,1735,442,1717.5,402.0,1717.5,442.0
228,9.080,22,person,0.3938,947,277,977,331,962.0,304.0,962.0,331.0
228,9.080,23,person,0.3916,1563,290,1588,358,1575.5,324.0,1575.5,358.0
228,9.080,24,person,0.3471,119,1047,158,1080,138.5,1063.5,138.5,1080.0
229,9.120,1,person,0.8480,676,453,740,546,708.0,499.5,708.0,546.0
229,9.120,2,person,0.7672,438,685,504,824,471.0,754.5,471.0,824.0
229,9.120,3,person,0.7608,1358,578,1408,692,1383.0,635.0,1383.0,692.0
229,9.120,4,person,0.7540,1323,983,1396,1080,1359.5,1031.5,1359.5,1080.0
229,9.120,5,person,0.7381,717,994,781,1080,749.0,1037.0,749.0,1080.0
229,9.120,6,person,0.7160,482,706,560,852,521.0,779.0,521.0,852.0
229,9.120,7,person,0.7117,1424,422,1467,511,1445.5,466.5,1445.5,511.0
229,9.120,8,person,0.7057,1472,720,1531,850,1501.5,785.0,1501.5,850.0
229,9.120,9,person,0.6960,213,372,248,464,230.5,418.0,230.5,464.0
229,9.120,10,person,0.6866,801,325,834,407,817.5,366.0,817.5,407.0
229,9.120,11,person,0.6688,1047,261,1075,329,1061.0,295.0,1061.0,329.0
229,9.120,12,person,0.6646,1602,354,1650,444,1626.0,399.0,1626.0,444.0
229,9.120,13,person,0.6222,1751,388,1797,477,1774.0,432.5,1774.0,477.0
229,9.120,14,person,0.6211,1130,241,1160,305,1145.0,273.0,1145.0,305.0
229,9.120,15,person,0.6042,862,301,900,383,881.0,342.0,881.0,383.0
229,9.120,16,person,0.5914,0,426,43,516,21.5,471.0,21.5,516.0
229,9.120,17,person,0.5727,484,285,527,339,505.5,312.0,505.5,339.0
229,9.120,18,person,0.5299,956,276,984,336,970.0,306.0,970.0,336.0
229,9.120,19,person,0.5019,1709,366,1742,440,1725.5,403.0,1725.5,440.0
229,9.120,20,person,0.4591,326,339,352,404,339.0,371.5,339.0,404.0
229,9.120,21,person,0.4171,497,710,559,816,528.0,763.0,528.0,816.0
229,9.120,22,person,0.3013,1568,289,1600,366,1584.0,327.5,1584.0,366.0
229,9.120,23,person,0.2509,1719,318,1756,396,1737.5,357.0,1737.5,396.0
229,9.120,24,person,0.2507,134,1042,176,1079,155.0,1060.5,155.0,1079.0
230,9.160,1,person,0.8462,680,451,749,541,714.5,496.0,714.5,541.0
230,9.160,2,person,0.7810,434,690,500,824,467.0,757.0,467.0,824.0
230,9.160,3,person,0.7637,1330,981,1406,1080,1368.0,1030.5,1368.0,1080.0
230,9.160,4,person,0.7305,730,993,794,1080,762.0,1036.5,762.0,1080.0
230,9.160,5,person,0.7045,1606,356,1663,445,1634.5,400.5,1634.5,445.0
230,9.160,6,person,0.6440,1053,258,1083,329,1068.0,293.5,1068.0,329.0
230,9.160,7,person,0.6391,213,371,263,451,238.0,411.0,238.0,451.0
230,9.160,8,person,0.6391,1467,724,1520,854,1493.5,789.0,1493.5,854.0
230,9.160,9,person,0.6296,1433,426,1473,520,1453.0,473.0,1453.0,520.0
230,9.160,10,person,0.6175,812,325,844,405,828.0,365.0,828.0,405.0
230,9.160,11,person,0.5992,0,421,47,511,23.5,466.0,23.5,511.0
230,9.160,12,person,0.5703,483,718,561,852,522.0,785.0,522.0,852.0
230,9.160,13,person,0.5668,332,336,364,411,348.0,373.5,348.0,411.0
230,9.160,14,person,0.5290,964,278,990,340,977.0,309.0,977.0,340.0
230,9.160,15,person,0.5275,147,1037,195,1077,171.0,1057.0,171.0,1077.0
230,9.160,16,person,0.4882,1715,361,1750,443,1732.5,402.0,1732.5,443.0
230,9.160,17,person,0.4862,488,286,522,338,505.0,312.0,505.0,338.0
230,9.160,18,person,0.4549,1142,241,1170,304,1156.0,272.5,1156.0,304.0
230,9.160,19,person,0.4494,871,302,903,383,887.0,342.5,887.0,383.0
230,9.160,20,person,0.4490,1352,581,1416,693,1384.0,637.0,1384.0,693.0
230,9.160,21,person,0.4122,1754,390,1812,479,1783.0,434.5,1783.0,479.0
230,9.160,22,person,0.3953,872,303,902,360,887.0,331.5,887.0,360.0
230,9.160,23,person,0.3872,1575,288,1608,363,1591.5,325.5,1591.5,363.0
230,9.160,24,person,0.3705,498,715,557,811,527.5,763.0,527.5,811.0
230,9.160,25,person,0.3045,1579,289,1606,351,1592.5,320.0,1592.5,351.0
231,9.200,1,person,0.8436,678,449,756,540,717.0,494.5,717.0,540.0
231,9.200,2,person,0.8076,429,694,493,824,461.0,759.0,461.0,824.0
231,9.200,3,person,0.7825,1343,978,1416,1080,1379.5,1029.0,1379.5,1080.0
231,9.200,4,person,0.7561,1448,724,1518,856,1483.0,790.0,1483.0,856.0
231,9.200,5,person,0.7351,489,715,556,844,522.5,779.5,522.5,844.0
231,9.200,6,person,0.7201,215,368,273,452,244.0,410.0,244.0,452.0
231,9.200,7,person,0.7192,1342,586,1425,697,1383.5,641.5,1383.5,697.0
231,9.200,8,person,0.7030,1059,261,1092,327,1075.5,294.0,1075.5,327.0
231,9.200,9,person,0.6919,743,988,807,1079,775.0,1033.5,775.0,1079.0
231,9.200,10,person,0.6891,1440,429,1479,518,1459.5,473.5,1459.5,518.0
231,9.200,11,person,0.6857,879,302,914,376,896.5,339.0,896.5,376.0
231,9.200,12,person,0.6471,816,327,851,405,833.5,366.0,833.5,405.0
231,9.200,13,person,0.6225,0,422,62,511,31.0,466.5,31.0,511.0
231,9.200,14,person,0.6090,1612,354,1660,445,1636.0,399.5,1636.0,445.0
231,9.200,15,person,0.5948,499,285,534,338,516.5,311.5,516.5,338.0
231,9.200,16,person,0.5598,159,1028,216,1079,187.5,1053.5,187.5,1079.0
231,9.200,17,person,0.5537,1152,241,1179,307,1165.5,274.0,1165.5,307.0
231,9.200,18,person,0.5243,1767,391,1811,474,1789.0,432.5,1789.0,474.0
231,9.200,19,person,0.5021,335,337,365,408,350.0,372.5,350.0,408.0
231,9.200,20,person,0.4338,968,276,1001,338,984.5,307.0,984.5,338.0
231,9.200,21,person,0.3805,1578,289,1618,368,1598.0,328.5,1598.0,368.0
231,9.200,22,person,0.3748,336,337,376,413,356.0,375.0,356.0,413.0
231,9.200,23,person,0.3171,1586,290,1614,367,1600.0,328.5,1600.0,367.0
231,9.200,24,person,0.2828,495,716,554,816,524.5,766.0,524.5,816.0
231,9.200,25,person,0.2781,1737,318,1773,384,1755.0,351.0,1755.0,384.0
231,9.200,26,person,0.2719,1722,363,1756,433,1739.0,398.0,1739.0,433.0
232,9.240,1,person,0.8513,491,719,549,849,520.0,784.0,520.0,849.0
232,9.240,2,person,0.8094,1438,727,1509,862,1473.5,794.5,1473.5,862.0
232,9.240,3,person,0.7675,1331,589,1420,706,1375.5,647.5,1375.5,706.0
232,9.240,4,person,0.7656,1446,431,1486,517,1466.0,474.0,1466.0,517.0
232,9.240,5,person,0.7364,1351,978,1429,1080,1390.0,1029.0,1390.0,1080.0
232,9.240,6,person,0.7339,755,985,821,1080,788.0,1032.5,788.0,1080.0
232,9.240,7,person,0.7285,3,422,78,512,40.5,467.0,40.5,512.0
232,9.240,8,person,0.6976,218,368,280,449,249.0,408.5,249.0,449.0
232,9.240,9,person,0.6877,428,694,494,824,461.0,759.0,461.0,824.0
232,9.240,10,person,0.6598,820,329,861,404,840.5,366.5,840.5,404.0
232,9.240,11,person,0.5863,1061,258,1104,333,1082.5,295.5,1082.5,333.0
232,9.240,12,person,0.5740,885,308,919,384,902.0,346.0,902.0,384.0
232,9.240,13,person,0.5490,678,448,725,546,701.5,497.0,701.5,546.0
232,9.240,14,person,0.5441,507,285,535,340,521.0,312.5,521.0,340.0
232,9.240,15,person,0.5325,1623,352,1668,446,1645.5,399.0,1645.5,446.0
232,9.240,16,person,0.5210,340,330,380,412,360.0,371.0,360.0,412.0
232,9.240,17,person,0.4974,680,451,757,534,718.5,492.5,718.5,534.0
232,9.240,18,person,0.4854,1161,244,1188,303,1174.5,273.5,1174.5,303.0
232,9.240,19,person,0.4165,170,1025,232,1079,201.0,1052.0,201.0,1079.0
232,9.240,20,person,0.4147,1747,316,1779,377,1763.0,346.5,1763.0,377.0
232,9.240,21,person,0.4146,979,276,1004,337,991.5,306.5,991.5,337.0
232,9.240,22,person,0.4065,1777,396,1816,478,1796.5,437.0,1796.5,478.0
232,9.240,23,person,0.4007,1731,368,1768,440,1749.5,404.0,1749.5,440.0
232,9.240,24,person,0.3290,800,219,828,276,814.0,247.5,814.0,276.0
232,9.240,25,person,0.2936,1593,288,1624,363,1608.5,325.5,1608.5,363.0
232,9.240,26,person,0.2660,340,331,369,403,354.5,367.0,354.5,403.0
233,9.280,1,person,0.7658,1362,977,1439,1080,1400.5,1028.5,1400.5,1080.0
233,9.280,2,person,0.7586,1331,589,1411,716,1371.0,652.5,1371.0,716.0
233,9.280,3,person,0.7491,428,689,502,819,465.0,754.0,465.0,819.0
233,9.280,4,person,0.7444,769,980,833,1080,801.0,1030.0,801.0,1080.0
233,9.280,5,person,0.7290,825,328,872,404,848.5,366.0,848.5,404.0
233,9.280,6,person,0.7221,490,721,545,835,517.5,778.0,517.5,835.0
233,9.280,7,person,0.6749,1459,430,1495,516,1477.0,473.0,1477.0,516.0
233,9.280,8,person,0.6693,892,310,924,385,908.0,347.5,908.0,385.0
233,9.280,9,person,0.6648,187,1021,248,1079,217.5,1050.0,217.5,1079.0
233,9.280,10,person,0.6353,680,447,726,551,703.0,499.0,703.0,551.0
233,9.280,11,person,0.6213,513,286,547,347,530.0,316.5,530.0,347.0
233,9.280,12,person,0.5896,1632,354,1669,446,1650.5,400.0,1650.5,446.0
233,9.280,13,person,0.5859,1439,732,1503,858,1471.0,795.0,1471.0,858.0
233,9.280,14,person,0.5615,11,414,85,511,48.0,462.5,48.0,511.0
233,9.280,15,person,0.5397,1068,259,1113,327,1090.5,293.0,1090.5,327.0
233,9.280,16,person,0.5324,217,362,277,448,247.0,405.0,247.0,448.0
233,9.280,17,person,0.4905,984,275,1010,337,997.0,306.0,997.0,337.0
233,9.280,18,person,0.4609,1173,243,1197,303,1185.0,273.0,1185.0,303.0
233,9.280,19,person,0.4594,1739,363,1772,445,1755.5,404.0,1755.5,445.0
233,9.280,20,person,0.4494,1788,393,1826,479,1807.0,436.0,1807.0,479.0
233,9.280,21,person,0.4057,1604,290,1632,362,1618.0,326.0,1618.0,362.0
233,9.280,22,person,0.3427,341,327,374,401,357.5,364.0,357.5,401.0
233,9.280,23,person,0.2774,1599,290,1635,370,1617.0,330.0,1617.0,370.0
233,9.280,24,person,0.2564,1736,357,1787,445,1761.5,401.0,1761.5,445.0
233,9.280,25,person,0.2537,807,216,835,271,821.0,243.5,821.0,271.0
234,9.320,1,person,0.8181,488,718,557,839,522.5,778.5,522.5,839.0
234,9.320,2,person,0.7616,781,981,849,1080,815.0,1030.5,815.0,1080.0
234,9.320,3,person,0.7312,1367,977,1450,1080,1408.5,1028.5,1408.5,1080.0
234,9.320,4,person,0.7076,1465,435,1503,521,1484.0,478.0,1484.0,521.0
234,9.320,5,person,0.7043,517,283,558,348,537.5,315.5,537.5,348.0
234,9.320,6,person,0.6984,830,327,881,404,855.5,365.5,855.5,404.0
234,9.320,7,person,0.6806,900,311,934,380,917.0,345.5,917.0,380.0
234,9.320,8,person,0.6661,421,693,503,823,462.0,758.0,462.0,823.0
234,9.320,9,person,0.6554,1342,596,1406,714,1374.0,655.0,1374.0,714.0
234,9.320,10,person,0.6169,682,452,740,546,711.0,499.0,711.0,546.0
234,9.320,11,person,0.5996,203,1016,266,1079,234.5,1047.5,234.5,1079.0
234,9.320,12,person,0.5587,1642,355,1674,446,1658.0,400.5,1658.0,446.0
234,9.320,13,person,0.5435,1181,242,1207,302,1194.0,272.0,1194.0,302.0
234,9.320,14,person,0.5161,1793,394,1833,480,1813.0,437.0,1813.0,480.0
234,9.320,15,person,0.4930,220,362,262,448,241.0,405.0,241.0,448.0
234,9.320,16,person,0.4756,1608,292,1645,369,1626.5,330.5,1626.5,369.0
234,9.320,17,person,0.4672,817,215,844,273,830.5,244.0,830.5,273.0
234,9.320,18,person,0.4266,1076,259,1113,327,1094.5,293.0,1094.5,327.0
234,9.320,19,person,0.4250,1744,355,1793,447,1768.5,401.0,1768.5,447.0
234,9.320,20,person,0.4211,1742,320,1800,445,1771.0,382.5,1771.0,445.0
234,9.320,21,person,0.3691,990,275,1015,337,1002.5,306.0,1002.5,337.0
234,9.320,22,person,0.3531,218,361,290,448,254.0,404.5,254.0,448.0
234,9.320,23,person,0.3397,12,414,80,510,46.0,462.0,46.0,510.0
234,9.320,24,person,0.3348,1440,733,1501,850,1470.5,791.5,1470.5,850.0
234,9.320,25,person,0.3203,351,326,376,379,363.5,352.5,363.5,379.0
235,9.360,1,person,0.7898,795,978,859,1080,827.0,1029.0,827.0,1080.0
235,9.360,2,person,0.7640,408,690,535,835,471.5,762.5,471.5,835.0
235,9.360,3,person,0.7527,683,450,737,548,710.0,499.0,710.0,548.0
235,9.360,4,person,0.7521,1384,976,1462,1079,1423.0,1027.5,1423.0,1079.0
235,9.360,5,person,0.7489,1340,600,1413,717,1376.5,658.5,1376.5,717.0
235,9.360,6,person,0.7413,490,717,564,832,527.0,774.5,527.0,832.0
235,9.360,7,person,0.6573,1472,433,1511,518,1491.5,475.5,1491.5,518.0
235,9.360,8,person,0.6444,831,325,890,403,860.5,364.0,860.5,403.0
235,9.360,9,person,0.6359,1808,393,1841,480,1824.5,436.5,1824.5,480.0
235,9.360,10,person,0.6144,218,1013,281,1079,249.5,1046.0,249.5,1079.0
235,9.360,11,person,0.6051,1430,734,1499,855,1464.5,794.5,1464.5,855.0
235,9.360,12,person,0.6018,524,279,562,340,543.0,309.5,543.0,340.0
235,9.360,13,person,0.5669,1083,265,1125,330,1104.0,297.5,1104.0,330.0
235,9.360,14,person,0.5666,1750,366,1798,449,1774.0,407.5,1774.0,449.0
235,9.360,15,person,0.5659,1402,733,1498,856,1450.0,794.5,1450.0,856.0
235,9.360,16,person,0.5519,23,416,69,513,46.0,464.5,46.0,513.0
235,9.360,17,person,0.5266,1645,350,1685,449,1665.0,399.5,1665.0,449.0
235,9.360,18,person,0.5220,834,324,876,400,855.0,362.0,855.0,400.0
235,9.360,19,person,0.5050,228,364,272,444,250.0,404.0,250.0,444.0
235,9.360,20,person,0.4972,907,313,942,377,924.5,345.0,924.5,377.0
235,9.360,21,person,0.4804,1192,241,1217,301,1204.5,271.0,1204.5,301.0
235,9.360,22,person,0.4348,824,214,852,275,838.0,244.5,838.0,275.0
235,9.360,23,person,0.4199,996,276,1028,341,1012.0,308.5,1012.0,341.0
235,9.360,24,person,0.3927,1750,321,1808,449,1779.0,385.0,1779.0,449.0
235,9.360,25,person,0.3623,355,324,383,392,369.0,358.0,369.0,392.0
235,9.360,26,person,0.3569,22,416,92,510,57.0,463.0,57.0,510.0
235,9.360,27,person,0.3217,1621,293,1652,367,1636.5,330.0,1636.5,367.0
235,9.360,28,person,0.3093,357,324,381,378,369.0,351.0,369.0,378.0
235,9.360,29,person,0.2645,495,716,552,820,523.5,768.0,523.5,820.0
236,9.400,1,person,0.7817,809,976,871,1080,840.0,1028.0,840.0,1080.0
236,9.400,2,person,0.7623,1390,976,1476,1079,1433.0,1027.5,1433.0,1079.0
236,9.400,3,person,0.7386,1339,600,1417,736,1378.0,668.0,1378.0,736.0
236,9.400,4,person,0.7173,687,448,736,541,711.5,494.5,711.5,541.0
236,9.400,5,person,0.6655,394,693,501,835,447.5,764.0,447.5,835.0
236,9.400,6,person,0.6646,478,719,570,851,524.0,785.0,524.0,851.0
236,9.400,7,person,0.6567,233,1009,300,1079,266.5,1044.0,266.5,1079.0
236,9.400,8,person,0.6480,31,412,75,508,53.0,460.0,53.0,508.0
236,9.400,9,person,0.6211,1652,357,1698,451,1675.0,404.0,1675.0,451.0
236,9.400,10,person,0.6195,1480,432,1521,533,1500.5,482.5,1500.5,533.0
236,9.400,11,person,0.6134,1090,264,1128,326,1109.0,295.0,1109.0,326.0
236,9.400,12,person,0.6060,236,361,270,449,253.0,405.0,253.0,449.0
236,9.400,13,person,0.6022,1408,731,1499,861,1453.5,796.0,1453.5,861.0
236,9.400,14,person,0.5381,1203,240,1228,303,1215.5,271.5,1215.5,303.0
236,9.400,15,person,0.5214,1812,391,1853,481,1832.5,436.0,1832.5,481.0
236,9.400,16,person,0.5097,1759,372,1800,451,1779.5,411.5,1779.5,451.0
236,9.400,17,person,0.5095,531,281,570,336,550.5,308.5,550.5,336.0
236,9.400,18,person,0.5080,839,326,879,401,859.0,363.5,859.0,401.0
236,9.400,19,person,0.4552,915,313,951,382,933.0,347.5,933.0,382.0
236,9.400,20,person,0.4065,844,325,873,393,858.5,359.0,858.5,393.0
236,9.400,21,person,0.3904,1773,320,1817,397,1795.0,358.5,1795.0,397.0
236,9.400,22,person,0.3632,1766,319,1817,442,1791.5,380.5,1791.5,442.0
236,9.400,23,person,0.3593,1005,272,1036,333,1020.5,302.5,1020.5,333.0
236,9.400,24,person,0.3370,348,326,395,411,371.5,368.5,371.5,411.0
236,9.400,25,person,0.3011,1633,291,1663,366,1648.0,328.5,1648.0,366.0
236,9.400,26,person,0.3001,351,326,389,395,370.0,360.5,370.0,395.0
236,9.400,27,person,0.2993,997,271,1046,344,1021.5,307.5,1021.5,344.0
236,9.400,28,person,0.2924,488,716,567,825,527.5,770.5,527.5,825.0
236,9.400,29,person,0.2601,1760,338,1811,451,1785.5,394.5,1785.5,451.0
237,9.440,1,person,0.7821,1338,610,1423,736,1380.5,673.0,1380.5,736.0
237,9.440,2,person,0.7507,1407,976,1487,1079,1447.0,1027.5,1447.0,1079.0
237,9.440,3,person,0.7327,822,975,884,1080,853.0,1027.5,853.0,1080.0
237,9.440,4,person,0.7262,1488,437,1530,536,1509.0,486.5,1509.0,536.0
237,9.440,5,person,0.6930,691,445,739,540,715.0,492.5,715.0,540.0
237,9.440,6,person,0.6914,392,694,474,829,433.0,761.5,433.0,829.0
237,9.440,7,person,0.6751,38,410,87,510,62.5,460.0,62.5,510.0
237,9.440,8,person,0.6550,250,1003,316,1080,283.0,1041.5,283.0,1080.0
237,9.440,9,person,0.6486,1655,355,1709,452,1682.0,403.5,1682.0,452.0
237,9.440,10,person,0.6449,469,721,565,861,517.0,791.0,517.0,861.0
237,9.440,11,person,0.6382,241,360,275,450,258.0,405.0,258.0,450.0
237,9.440,12,person,0.6376,847,325,881,404,864.0,364.5,864.0,404.0
237,9.440,13,person,0.5973,1401,731,1499,857,1450.0,794.0,1450.0,857.0
237,9.440,14,person,0.5865,1814,391,1863,482,1838.5,436.5,1838.5,482.0
237,9.440,15,person,0.5728,536,280,566,333,551.0,306.5,551.0,333.0
237,9.440,16,person,0.5620,1101,263,1132,328,1116.5,295.5,1116.5,328.0
237,9.440,17,person,0.5153,365,326,397,407,381.0,366.5,381.0,407.0
237,9.440,18,person,0.4590,1771,372,1811,453,1791.0,412.5,1791.0,453.0
237,9.440,19,person,0.4306,920,313,956,384,938.0,348.5,938.0,384.0
237,9.440,20,person,0.3871,1011,276,1046,333,1028.5,304.5,1028.5,333.0
237,9.440,21,person,0.3693,1210,239,1239,305,1224.5,272.0,1224.5,305.0
237,9.440,22,person,0.3499,843,213,868,268,855.5,240.5,855.5,268.0
237,9.440,23,person,0.3225,1641,292,1671,353,1656.0,322.5,1656.0,353.0
237,9.440,24,person,0.2933,1011,273,1059,340,1035.0,306.5,1035.0,340.0
237,9.440,25,person,0.2912,1769,320,1826,454,1797.5,387.0,1797.5,454.0
238,9.480,1,person,0.8265,398,701,468,833,433.0,767.0,433.0,833.0
238,9.480,2,person,0.8041,1328,618,1422,739,1375.0,678.5,1375.0,739.0
238,9.480,3,person,0.7744,696,448,747,540,721.5,494.0,721.5,540.0
238,9.480,4,person,0.7348,833,970,898,1080,865.5,1025.0,865.5,1080.0
238,9.480,5,person,0.7332,1418,976,1500,1079,1459.0,1027.5,1459.0,1079.0
238,9.480,6,person,0.7224,1496,441,1538,534,1517.0,487.5,1517.0,534.0
238,9.480,7,person,0.6808,265,1000,333,1080,299.0,1040.0,299.0,1080.0
238,9.480,8,person,0.6665,469,721,563,865,516.0,793.0,516.0,865.0
238,9.480,9,person,0.6321,1411,733,1498,850,1454.5,791.5,1454.5,850.0
238,9.480,10,person,0.6008,48,412,92,500,70.0,456.0,70.0,500.0
238,9.480,11,person,0.5872,544,279,572,333,558.0,306.0,558.0,333.0
238,9.480,12,person,0.5752,859,327,886,399,872.5,363.0,872.5,399.0
238,9.480,13,person,0.5561,241,361,278,441,259.5,401.0,259.5,441.0
238,9.480,14,person,0.5445,928,313,967,386,947.5,349.5,947.5,386.0
238,9.480,15,person,0.5433,1780,375,1811,453,1795.5,414.0,1795.5,453.0
238,9.480,16,person,0.5192,1820,394,1879,487,1849.5,440.5,1849.5,487.0
238,9.480,17,person,0.5040,1109,264,1139,332,1124.0,298.0,1124.0,332.0
238,9.480,18,person,0.4765,1222,239,1249,304,1235.5,271.5,1235.5,304.0
238,9.480,19,person,0.3938,1657,358,1719,452,1688.0,405.0,1688.0,452.0
238,9.480,20,person,0.3664,375,327,402,403,388.5,365.0,388.5,403.0
238,9.480,21,person,0.3377,1653,291,1682,362,1667.5,326.5,1667.5,362.0
238,9.480,22,person,0.2853,848,216,879,273,863.5,244.5,863.5,273.0
238,9.480,23,person,0.2796,1800,319,1835,390,1817.5,354.5,1817.5,390.0
238,9.480,24,person,0.2729,1019,274,1046,324,1032.5,299.0,1032.5,324.0
239,9.520,1,person,0.8360,1325,623,1425,745,1375.0,684.0,1375.0,745.0
239,9.520,2,person,0.8210,697,447,751,548,724.0,497.5,724.0,548.0
239,9.520,3,person,0.8073,54,408,107,499,80.5,453.5,80.5,499.0
239,9.520,4,person,0.8033,406,702,468,830,437.0,766.0,437.0,830.0
239,9.520,5,person,0.7904,848,971,909,1079,878.5,1025.0,878.5,1079.0
239,9.520,6,person,0.7660,1506,442,1544,535,1525.0,488.5,1525.0,535.0
239,9.520,7,person,0.7516,1433,976,1511,1079,1472.0,1027.5,1472.0,1079.0
239,9.520,8,person,0.6800,281,996,350,1080,315.5,1038.0,315.5,1080.0
239,9.520,9,person,0.6445,476,726,546,861,511.0,793.5,511.0,861.0
239,9.520,10,person,0.6234,243,360,296,441,269.5,400.5,269.5,441.0
239,9.520,11,person,0.6209,380,324,409,400,394.5,362.0,394.5,400.0
239,9.520,12,person,0.6141,864,324,895,401,879.5,362.5,879.5,401.0
239,9.520,13,person,0.6133,1826,393,1890,489,1858.0,441.0,1858.0,489.0
239,9.520,14,person,0.6001,934,314,969,387,951.5,350.5,951.5,387.0
239,9.520,15,person,0.5201,1116,261,1148,326,1132.0,293.5,1132.0,326.0
239,9.520,16,person,0.5182,551,280,580,334,565.5,307.0,565.5,334.0
239,9.520,17,person,0.4941,1231,242,1258,301,1244.5,271.5,1244.5,301.0
239,9.520,18,person,0.4825,1417,736,1502,853,1459.5,794.5,1459.5,853.0
239,9.520,19,person,0.4589,1784,375,1820,448,1802.0,411.5,1802.0,448.0
239,9.520,20,person,0.2977,1811,318,1845,382,1828.0,350.0,1828.0,382.0
239,9.520,21,person,0.2794,1445,737,1498,830,1471.5,783.5,1471.5,830.0
239,9.520,22,person,0.2554,1657,290,1693,371,1675.0,330.5,1675.0,371.0
240,9.560,1,person,0.8274,695,448,758,546,726.5,497.0,726.5,546.0
240,9.560,2,person,0.8027,1513,444,1551,536,1532.0,490.0,1532.0,536.0
240,9.560,3,person,0.7846,1321,626,1427,746,1374.0,686.0,1374.0,746.0
240,9.560,4,person,0.7835,404,699,464,833,434.0,766.0,434.0,833.0
240,9.560,5,person,0.7757,1441,974,1524,1079,1482.5,1026.5,1482.5,1079.0
240,9.560,6,person,0.7571,859,967,920,1080,889.5,1023.5,889.5,1080.0
240,9.560,7,person,0.7485,58,407,120,500,89.0,453.5,89.0,500.0
240,9.560,8,person,0.7300,245,357,306,437,275.5,397.0,275.5,437.0
240,9.560,9,person,0.7266,478,727,542,861,510.0,794.0,510.0,861.0
240,9.560,10,person,0.6665,1414,739,1499,860,1456.5,799.5,1456.5,860.0
240,9.560,11,person,0.6244,296,993,364,1080,330.0,1036.5,330.0,1080.0
240,9.560,12,person,0.6194,867,325,900,400,883.5,362.5,883.5,400.0
240,9.560,13,person,0.6133,1125,257,1157,326,1141.0,291.5,1141.0,326.0
240,9.560,14,person,0.5812,940,313,977,390,958.5,351.5,958.5,390.0
240,9.560,15,person,0.4680,1791,376,1828,450,1809.5,413.0,1809.5,450.0
240,9.560,16,person,0.4320,386,326,410,389,398.0,357.5,398.0,389.0
240,9.560,17,person,0.4166,1240,240,1273,307,1256.5,273.5,1256.5,307.0
240,9.560,18,person,0.4165,1833,395,1893,486,1863.0,440.5,1863.0,486.0
240,9.560,19,person,0.4120,559,282,585,334,572.0,308.0,572.0,334.0
240,9.560,20,person,0.3728,1659,290,1713,446,1686.0,368.0,1686.0,446.0
240,9.560,21,person,0.3693,1034,276,1061,332,1047.5,304.0,1047.5,332.0
240,9.560,22,person,0.3381,1678,362,1727,449,1702.5,405.5,1702.5,449.0
240,9.560,23,person,0.3179,871,216,892,266,881.5,241.0,881.5,266.0
241,9.600,1,person,0.8352,1521,445,1560,531,1540.5,488.0,1540.5,531.0
241,9.600,2,person,0.8130,691,447,757,546,724.0,496.5,724.0,546.0
241,9.600,3,person,0.7883,870,966,932,1080,901.0,1023.0,901.0,1080.0
241,9.600,4,person,0.7576,1454,973,1536,1079,1495.0,1026.0,1495.0,1079.0
241,9.600,5,person,0.7391,401,698,462,824,431.5,761.0,431.5,824.0
241,9.600,6,person,0.7362,60,407,130,499,95.0,453.0,95.0,499.0
241,9.600,7,person,0.7264,482,729,541,859,511.5,794.0,511.5,859.0
241,9.600,8,person,0.7198,1307,636,1421,741,1364.0,688.5,1364.0,741.0
241,9.600,9,person,0.6666,310,992,377,1080,343.5,1036.0,343.5,1080.0
241,9.600,10,person,0.6627,1405,744,1497,859,1451.0,801.5,1451.0,859.0
241,9.600,11,person,0.6529,869,323,910,400,889.5,361.5,889.5,400.0
241,9.600,12,person,0.6245,949,314,983,387,966.0,350.5,966.0,387.0
241,9.600,13,person,0.6102,1132,258,1161,331,1146.5,294.5,1146.5,331.0
241,9.600,14,person,0.5786,244,355,289,438,266.5,396.5,266.5,438.0
241,9.600,15,person,0.5602,1249,242,1279,305,1264.0,273.5,1264.0,305.0
241,9.600,16,person,0.5340,1797,371,1833,451,1815.0,411.0,1815.0,451.0
241,9.600,17,person,0.4828,1850,395,1898,485,1874.0,440.0,1874.0,485.0
241,9.600,18,person,0.4614,561,277,596,335,578.5,306.0,578.5,335.0
241,9.600,19,person,0.3984,1040,276,1068,339,1054.0,307.5,1054.0,339.0
241,9.600,20,person,0.3762,1690,354,1736,449,1713.0,401.5,1713.0,449.0
241,9.600,21,person,0.3295,387,324,415,389,401.0,356.5,401.0,389.0
242,9.640,1,person,0.8328,698,451,753,546,725.5,498.5,725.5,546.0
242,9.640,2,person,0.8221,479,727,538,849,508.5,788.0,508.5,849.0
242,9.640,3,person,0.8101,53,406,133,502,93.0,454.0,93.0,502.0
242,9.640,4,person,0.7906,1303,639,1414,744,1358.5,691.5,1358.5,744.0
242,9.640,5,person,0.7774,1524,442,1565,531,1544.5,486.5,1544.5,531.0
242,9.640,6,person,0.7680,394,696,462,832,428.0,764.0,428.0,832.0
242,9.640,7,person,0.7492,871,324,920,401,895.5,362.5,895.5,401.0
242,9.640,8,person,0.7351,881,964,942,1080,911.5,1022.0,911.5,1080.0
242,9.640,9,person,0.7152,1462,971,1546,1080,1504.0,1025.5,1504.0,1080.0
242,9.640,10,person,0.6959,322,988,390,1079,356.0,1033.5,356.0,1079.0
242,9.640,11,person,0.6655,955,310,984,384,969.5,347.0,969.5,384.0
242,9.640,12,person,0.6424,245,354,301,436,273.0,395.0,273.0,436.0
242,9.640,13,person,0.6344,1408,743,1498,861,1453.0,802.0,1453.0,861.0
242,9.640,14,person,0.6004,1800,379,1841,455,1820.5,417.0,1820.5,455.0
242,9.640,15,person,0.5801,563,276,603,331,583.0,303.5,583.0,331.0
242,9.640,16,person,0.5579,1256,244,1285,308,1270.5,276.0,1270.5,308.0
242,9.640,17,person,0.5324,1134,260,1171,327,1152.5,293.5,1152.5,327.0
242,9.640,18,person,0.5267,1856,394,1899,487,1877.5,440.5,1877.5,487.0
242,9.640,19,person,0.4889,1047,275,1074,336,1060.5,305.5,1060.5,336.0
242,9.640,20,person,0.4641,388,320,424,404,406.0,362.0,406.0,404.0
242,9.640,21,person,0.4390,390,320,420,388,405.0,354.0,405.0,388.0
242,9.640,22,person,0.3920,1833,320,1866,389,1849.5,354.5,1849.5,389.0
242,9.640,23,person,0.3637,1692,357,1733,449,1712.5,403.0,1712.5,449.0
242,9.640,24,person,0.2841,1676,295,1726,397,1701.0,346.0,1701.0,397.0
242,9.640,25,person,0.2673,885,211,907,267,896.0,239.0,896.0,267.0
243,9.680,1,person,0.8757,1303,643,1402,750,1352.5,696.5,1352.5,750.0
243,9.680,2,person,0.8057,702,451,748,547,725.0,499.0,725.0,547.0
243,9.680,3,person,0.7849,1478,972,1555,1079,1516.5,1025.5,1516.5,1079.0
243,9.680,4,person,0.7830,387,696,460,839,423.5,767.5,423.5,839.0
243,9.680,5,person,0.7750,58,406,137,504,97.5,455.0,97.5,504.0
243,9.680,6,person,0.7738,333,984,403,1080,368.0,1032.0,368.0,1080.0
243,9.680,7,person,0.7703,889,958,949,1080,919.0,1019.0,919.0,1080.0
243,9.680,8,person,0.7041,1422,742,1499,864,1460.5,803.0,1460.5,864.0
243,9.680,9,person,0.6936,477,726,540,865,508.5,795.5,508.5,865.0
243,9.680,10,person,0.6917,870,321,923,401,896.5,361.0,896.5,401.0
243,9.680,11,person,0.6874,250,355,298,447,274.0,401.0,274.0,447.0
243,9.680,12,person,0.6800,1533,443,1571,536,1552.0,489.5,1552.0,536.0
243,9.680,13,person,0.6665,1136,258,1177,329,1156.5,293.5,1156.5,329.0
243,9.680,14,person,0.6084,1805,379,1849,454,1827.0,416.5,1827.0,454.0
243,9.680,15,person,0.5857,568,275,612,328,590.0,301.5,590.0,328.0
243,9.680,16,person,0.5187,1264,243,1291,309,1277.5,276.0,1277.5,309.0
243,9.680,17,person,0.5028,1051,274,1079,337,1065.0,305.5,1065.0,337.0
243,9.680,18,person,0.4887,1866,394,1902,482,1884.0,438.0,1884.0,482.0
243,9.680,19,person,0.4717,388,317,428,401,408.0,359.0,408.0,401.0
243,9.680,20,person,0.4707,392,317,423,388,407.5,352.5,407.5,388.0
243,9.680,21,person,0.4338,1838,323,1869,393,1853.5,358.0,1853.5,393.0
243,9.680,22,person,0.4323,956,313,987,376,971.5,344.5,971.5,376.0
243,9.680,23,person,0.4217,1696,353,1734,450,1715.0,401.5,1715.0,450.0
243,9.680,24,person,0.3831,251,356,292,432,271.5,394.0,271.5,432.0
243,9.680,25,person,0.3434,476,727,535,823,505.5,775.0,505.5,823.0
243,9.680,26,person,0.3362,890,211,913,269,901.5,240.0,901.5,269.0
243,9.680,27,person,0.2818,1687,290,1724,363,1705.5,326.5,1705.5,363.0
244,9.720,1,person,0.8548,700,450,743,547,721.5,498.5,721.5,547.0
244,9.720,2,person,0.8400,373,701,453,836,413.0,768.5,413.0,836.0
244,9.720,3,person,0.7780,1312,646,1395,754,1353.5,700.0,1353.5,754.0
244,9.720,4,person,0.7743,1486,974,1562,1080,1524.0,1027.0,1524.0,1080.0
244,9.720,5,person,0.7736,898,957,957,1080,927.5,1018.5,927.5,1080.0
244,9.720,6,person,0.7574,468,727,534,873,501.0,800.0,501.0,873.0
244,9.720,7,person,0.7573,1536,445,1576,540,1556.0,492.5,1556.0,540.0
244,9.720,8,person,0.7314,1426,742,1503,861,1464.5,801.5,1464.5,861.0
244,9.720,9,person,0.7109,342,980,413,1080,377.5,1030.0,377.5,1080.0
244,9.720,10,person,0.6984,67,408,131,498,99.0,453.0,99.0,498.0
244,9.720,11,person,0.6663,869,320,924,399,896.5,359.5,896.5,399.0
244,9.720,12,person,0.6514,1138,259,1178,333,1158.0,296.0,1158.0,333.0
244,9.720,13,person,0.6399,1805,380,1849,461,1827.0,420.5,1827.0,461.0
244,9.720,14,person,0.6343,568,275,615,328,591.5,301.5,591.5,328.0
244,9.720,15,person,0.6338,255,354,285,443,270.0,398.5,270.0,443.0
244,9.720,16,person,0.6106,959,313,993,392,976.0,352.5,976.0,392.0
244,9.720,17,person,0.5785,871,322,913,391,892.0,356.5,892.0,391.0
244,9.720,18,person,0.5016,1271,241,1297,316,1284.0,278.5,1284.0,316.0
244,9.720,19,person,0.4890,1701,359,1742,452,1721.5,405.5,1721.5,452.0
244,9.720,20,person,0.4845,1843,321,1872,395,1857.5,358.0,1857.5,395.0
244,9.720,21,person,0.4819,1868,394,1907,485,1887.5,439.5,1887.5,485.0
244,9.720,22,person,0.4236,1053,269,1083,339,1068.0,304.0,1068.0,339.0
244,9.720,23,person,0.4218,393,318,422,381,407.5,349.5,407.5,381.0
244,9.720,24,person,0.3716,387,318,425,397,406.0,357.5,406.0,397.0
244,9.720,25,person,0.2715,1696,296,1723,361,1709.5,328.5,1709.5,361.0
245,9.760,1,person,0.8469,700,448,743,541,721.5,494.5,721.5,541.0
245,9.760,2,person,0.8457,362,705,448,842,405.0,773.5,405.0,842.0
245,9.760,3,person,0.7990,1539,448,1579,548,1559.0,498.0,1559.0,548.0
245,9.760,4,person,0.7934,1431,738,1509,862,1470.0,800.0,1470.0,862.0
245,9.760,5,person,0.7643,1317,650,1391,754,1354.0,702.0,1354.0,754.0
245,9.760,6,person,0.7570,906,959,966,1080,936.0,1019.5,936.0,1080.0
245,9.760,7,person,0.7539,1493,971,1571,1080,1532.0,1025.5,1532.0,1080.0
245,9.760,8,person,0.7368,355,979,423,1080,389.0,1029.5,389.0,1080.0
245,9.760,9,person,0.7279,460,728,529,880,494.5,804.0,494.5,880.0
245,9.760,10,person,0.6498,70,408,126,498,98.0,453.0,98.0,498.0
245,9.760,11,person,0.6454,1146,263,1177,328,1161.5,295.5,1161.5,328.0
245,9.760,12,person,0.6244,1699,356,1748,453,1723.5,404.5,1723.5,453.0
245,9.760,13,person,0.6219,960,317,998,389,979.0,353.0,979.0,389.0
245,9.760,14,person,0.6175,875,322,909,389,892.0,355.5,892.0,389.0
245,9.760,15,person,0.6077,570,274,617,331,593.5,302.5,593.5,331.0
245,9.760,16,person,0.5846,1807,382,1849,464,1828.0,423.0,1828.0,464.0
245,9.760,17,person,0.5622,257,349,292,447,274.5,398.0,274.5,447.0
245,9.760,18,person,0.5564,1276,241,1303,310,1289.5,275.5,1289.5,310.0
245,9.760,19,person,0.5327,1844,319,1874,396,1859.0,357.5,1859.0,396.0
245,9.760,20,person,0.4547,396,320,423,382,409.5,351.0,409.5,382.0
245,9.760,21,person,0.4351,1055,269,1085,334,1070.0,301.5,1070.0,334.0
245,9.760,22,person,0.4146,873,319,916,398,894.5,358.5,894.5,398.0
245,9.760,23,person,0.3916,1876,393,1917,488,1896.5,440.5,1896.5,488.0
246,9.800,1,person,0.8734,352,707,444,847,398.0,777.0,398.0,847.0
246,9.800,2,person,0.8486,696,447,743,542,719.5,494.5,719.5,542.0
246,9.800,3,person,0.8394,1436,733,1518,858,1477.0,795.5,1477.0,858.0
246,9.800,4,person,0.7885,1505,970,1579,1079,1542.0,1024.5,1542.0,1079.0
246,9.800,5,person,0.7590,912,955,973,1080,942.5,1017.5,942.5,1080.0
246,9.800,6,person,0.7519,451,736,524,888,487.5,812.0,487.5,888.0
246,9.800,7,person,0.7423,72,407,117,498,94.5,452.5,94.5,498.0
246,9.800,8,person,0.7246,1312,659,1389,759,1350.5,709.0,1350.5,759.0
246,9.800,9,person,0.7158,362,978,429,1080,395.5,1029.0,395.5,1080.0
246,9.800,10,person,0.7097,253,348,298,441,275.5,394.5,275.5,441.0
246,9.800,11,person,0.6899,1543,451,1584,549,1563.5,500.0,1563.5,549.0
246,9.800,12,person,0.6807,1148,262,1177,332,1162.5,297.0,1162.5,332.0
246,9.800,13,person,0.6526,1693,356,1751,455,1722.0,405.5,1722.0,455.0
246,9.800,14,person,0.6217,1278,239,1309,312,1293.5,275.5,1293.5,312.0
246,9.800,15,person,0.5938,879,322,909,394,894.0,358.0,894.0,394.0
246,9.800,16,person,0.5616,573,274,608,330,590.5,302.0,590.5,330.0
246,9.800,17,person,0.5528,963,317,994,388,978.5,352.5,978.5,388.0
246,9.800,18,person,0.5478,1813,383,1851,467,1832.0,425.0,1832.0,467.0
246,9.800,19,person,0.5265,1849,318,1879,395,1864.0,356.5,1864.0,395.0
246,9.800,20,person,0.4943,1546,452,1582,529,1564.0,490.5,1564.0,529.0
246,9.800,21,person,0.4799,1060,270,1086,332,1073.0,301.0,1073.0,332.0
246,9.800,22,person,0.4310,395,319,423,387,409.0,353.0,409.0,387.0
246,9.800,23,person,0.3881,1054,267,1091,338,1072.5,302.5,1072.5,338.0
246,9.800,24,person,0.3594,1878,393,1919,491,1898.5,442.0,1898.5,491.0
247,9.840,1,person,0.7956,920,956,981,1080,950.5,1018.0,950.5,1080.0
247,9.840,2,person,0.7913,349,711,438,846,393.5,778.5,393.5,846.0
247,9.840,3,person,0.7825,684,448,744,543,714.0,495.5,714.0,543.0
247,9.840,4,person,0.7774,75,405,119,499,97.0,452.0,97.0,499.0
247,9.840,5,person,0.7731,1513,974,1585,1080,1549.0,1027.0,1549.0,1080.0
247,9.840,6,person,0.7545,451,739,516,889,483.5,814.0,483.5,889.0
247,9.840,7,person,0.7437,370,977,437,1080,403.5,1028.5,403.5,1080.0
247,9.840,8,person,0.7222,250,348,299,430,274.5,389.0,274.5,430.0
247,9.840,9,person,0.7156,1302,663,1390,763,1346.0,713.0,1346.0,763.0
247,9.840,10,person,0.6730,1546,454,1587,543,1566.5,498.5,1566.5,543.0
247,9.840,11,person,0.6122,1150,263,1177,331,1163.5,297.0,1163.5,331.0
247,9.840,12,person,0.6032,1441,732,1520,856,1480.5,794.0,1480.5,856.0
247,9.840,13,person,0.5761,575,274,605,331,590.0,302.5,590.0,331.0
247,9.840,14,person,0.5455,883,323,911,395,897.0,359.0,897.0,395.0
247,9.840,15,person,0.5261,1691,356,1758,453,1724.5,404.5,1724.5,453.0
247,9.840,16,person,0.5223,1852,318,1884,394,1868.0,356.0,1868.0,394.0
247,9.840,17,person,0.5155,1284,238,1316,314,1300.0,276.0,1300.0,314.0
247,9.840,18,person,0.4772,965,318,993,382,979.0,350.0,979.0,382.0
247,9.840,19,person,0.4569,1063,272,1087,328,1075.0,300.0,1075.0,328.0
247,9.840,20,person,0.4302,1816,383,1854,461,1835.0,422.0,1835.0,461.0
247,9.840,21,person,0.4042,394,318,426,401,410.0,359.5,410.0,401.0
247,9.840,22,person,0.3895,396,318,423,386,409.5,352.0,409.5,386.0
247,9.840,23,person,0.3268,1058,269,1090,334,1074.0,301.5,1074.0,334.0
247,9.840,24,person,0.2910,1882,393,1919,486,1900.5,439.5,1900.5,486.0
248,9.880,1,person,0.8013,77,402,120,500,98.5,451.0,98.5,500.0
248,9.880,2,person,0.7959,679,444,743,540,711.0,492.0,711.0,540.0
248,9.880,3,person,0.7799,1519,971,1594,1079,1556.5,1025.0,1556.5,1079.0
248,9.880,4,person,0.7729,926,958,988,1080,957.0,1019.0,957.0,1080.0
248,9.880,5,person,0.7680,378,973,445,1079,411.5,1026.0,411.5,1079.0
248,9.880,6,person,0.7666,353,713,426,844,389.5,778.5,389.5,844.0
248,9.880,7,person,0.7291,445,740,501,888,473.0,814.0,473.0,888.0
248,9.880,8,person,0.7289,1447,729,1525,854,1486.0,791.5,1486.0,854.0
248,9.880,9,person,0.7217,244,349,305,432,274.5,390.5,274.5,432.0
248,9.880,10,person,0.7204,1292,668,1389,766,1340.5,717.0,1340.5,766.0
248,9.880,11,person,0.6648,1551,457,1590,543,1570.5,500.0,1570.5,543.0
248,9.880,12,person,0.6284,1697,365,1759,449,1728.0,407.0,1728.0,449.0
248,9.880,13,person,0.5892,1290,239,1318,313,1304.0,276.0,1304.0,313.0
248,9.880,14,person,0.5674,1151,261,1180,332,1165.5,296.5,1165.5,332.0
248,9.880,15,person,0.5455,576,275,603,334,589.5,304.5,589.5,334.0
248,9.880,16,person,0.5394,1065,273,1090,336,1077.5,304.5,1077.5,336.0
248,9.880,17,person,0.5360,882,323,912,395,897.0,359.0,897.0,395.0
248,9.880,18,person,0.4964,965,320,994,389,979.5,354.5,979.5,389.0
248,9.880,19,person,0.4823,393,312,426,396,409.5,354.0,409.5,396.0
248,9.880,20,person,0.3729,1853,319,1890,394,1871.5,356.5,1871.5,394.0
248,9.880,21,person,0.3098,1818,385,1856,458,1837.0,421.5,1837.0,458.0
248,9.880,22,person,0.2527,1698,329,1754,446,1726.0,387.5,1726.0,446.0
248,9.880,23,person,0.2503,1702,291,1745,442,1723.5,366.5,1723.5,442.0
249,9.920,1,person,0.8100,1526,972,1599,1079,1562.5,1025.5,1562.5,1079.0
249,9.920,2,person,0.7827,438,741,495,885,466.5,813.0,466.5,885.0
249,9.920,3,person,0.7817,932,956,993,1080,962.5,1018.0,962.5,1080.0
249,9.920,4,person,0.7651,352,710,421,839,386.5,774.5,386.5,839.0
249,9.920,5,person,0.7635,678,445,738,541,708.0,493.0,708.0,541.0
249,9.920,6,person,0.7613,73,403,123,501,98.0,452.0,98.0,501.0
249,9.920,7,person,0.7306,385,972,451,1080,418.0,1026.0,418.0,1080.0
249,9.920,8,person,0.7294,1554,460,1589,548,1571.5,504.0,1571.5,548.0
249,9.920,9,person,0.7282,1450,720,1528,848,1489.0,784.0,1489.0,848.0
249,9.920,10,person,0.7114,231,347,306,430,268.5,388.5,268.5,430.0
249,9.920,11,person,0.6857,1151,258,1181,326,1166.0,292.0,1166.0,326.0
249,9.920,12,person,0.6567,1289,670,1387,761,1338.0,715.5,1338.0,761.0
249,9.920,13,person,0.6159,965,321,995,394,980.0,357.5,980.0,394.0
249,9.920,14,person,0.5816,881,320,911,391,896.0,355.5,896.0,391.0
249,9.920,15,person,0.5621,1293,240,1322,312,1307.5,276.0,1307.5,312.0
249,9.920,16,person,0.5600,1702,287,1753,446,1727.5,366.5,1727.5,446.0
249,9.920,17,person,0.5491,1064,270,1093,338,1078.5,304.0,1078.5,338.0
249,9.920,18,person,0.5473,573,272,603,333,588.0,302.5,588.0,333.0
249,9.920,19,person,0.5156,391,311,428,405,409.5,358.0,409.5,405.0
249,9.920,20,person,0.5055,1819,381,1858,460,1838.5,420.5,1838.5,460.0
249,9.920,21,person,0.4884,1703,362,1756,447,1729.5,404.5,1729.5,447.0
249,9.920,22,person,0.3709,1854,315,1894,392,1874.0,353.5,1874.0,392.0
250,9.960,1,person,0.8164,333,707,414,838,373.5,772.5,373.5,838.0
250,9.960,2,person,0.8134,937,953,997,1080,967.0,1016.5,967.0,1080.0
250,9.960,3,person,0.8096,681,449,732,545,706.5,497.0,706.5,545.0
250,9.960,4,person,0.8033,1532,971,1606,1079,1569.0,1025.0,1569.0,1079.0
250,9.960,5,person,0.8031,66,403,122,501,94.0,452.0,94.0,501.0
250,9.960,6,person,0.7873,1451,717,1532,846,1491.5,781.5,1491.5,846.0
250,9.960,7,person,0.7218,390,972,458,1080,424.0,1026.0,424.0,1080.0
250,9.960,8,person,0.6908,231,349,303,428,267.0,388.5,267.0,428.0
250,9.960,9,person,0.6876,429,741,486,876,457.5,808.5,457.5,876.0
250,9.960,10,person,0.6807,1559,459,1592,550,1575.5,504.5,1575.5,550.0
250,9.960,11,person,0.6429,1151,257,1184,331,1167.5,294.0,1167.5,331.0
250,9.960,12,person,0.6280,572,272,606,327,589.0,299.5,589.0,327.0
250,9.960,13,person,0.6096,1293,674,1384,767,1338.5,720.5,1338.5,767.0
250,9.960,14,person,0.5875,1296,243,1325,312,1310.5,277.5,1310.5,312.0
250,9.960,15,person,0.5621,881,318,913,396,897.0,357.0,897.0,396.0
250,9.960,16,person,0.5549,961,320,995,400,978.0,360.0,978.0,400.0
250,9.960,17,person,0.5358,1701,288,1758,446,1729.5,367.0,1729.5,446.0
250,9.960,18,person,0.5238,1818,380,1858,465,1838.0,422.5,1838.0,465.0
250,9.960,19,person,0.4934,1705,364,1751,449,1728.0,406.5,1728.0,449.0
250,9.960,20,person,0.4830,1065,271,1092,337,1078.5,304.0,1078.5,337.0
250,9.960,21,person,0.4134,390,310,437,393,413.5,351.5,413.5,393.0
250,9.960,22,person,0.4041,235,348,281,420,258.0,384.0,258.0,420.0
250,9.960,23,person,0.3825,391,313,422,388,406.5,350.5,406.5,388.0
250,9.960,24,person,0.3192,1336,675,1386,769,1361.0,722.0,1361.0,769.0
250,9.960,25,person,0.2957,1856,317,1896,391,1876.0,354.0,1876.0,391.0
250,9.960,26,person,0.2590,912,208,933,263,922.5,235.5,922.5,263.0
251,10.000,1,person,0.8139,943,953,1003,1080,973.0,1016.5,973.0,1080.0
251,10.000,2,person,0.8038,322,710,405,840,363.5,775.0,363.5,840.0
251,10.000,3,person,0.7848,1455,715,1534,846,1494.5,780.5,1494.5,846.0
251,10.000,4,person,0.7787,1538,973,1608,1080,1573.0,1026.5,1573.0,1080.0
251,10.000,5,person,0.7641,682,445,728,543,705.0,494.0,705.0,543.0
251,10.000,6,person,0.7432,65,400,119,501,92.0,450.5,92.0,501.0
251,10.000,7,person,0.6920,1561,459,1594,558,1577.5,508.5,1577.5,558.0
251,10.000,8,person,0.6813,233,349,300,430,266.5,389.5,266.5,430.0
251,10.000,9,person,0.6794,1701,359,1739,450,1720.0,404.5,1720.0,450.0
251,10.000,10,person,0.6642,395,969,461,1079,428.0,1024.0,428.0,1079.0
251,10.000,11,person,0.6196,959,322,994,397,976.5,359.5,976.5,397.0
251,10.000,12,person,0.6158,571,267,604,328,587.5,297.5,587.5,328.0
251,10.000,13,person,0.5988,1147,257,1188,331,1167.5,294.0,1167.5,331.0
251,10.000,14,person,0.5932,1814,380,1859,464,1836.5,422.0,1836.5,464.0
251,10.000,15,person,0.5923,418,742,492,888,455.0,815.0,455.0,888.0
251,10.000,16,person,0.5921,1292,677,1382,783,1337.0,730.0,1337.0,783.0
251,10.000,17,person,0.5810,1297,243,1325,314,1311.0,278.5,1311.0,314.0
251,10.000,18,person,0.5079,1064,271,1092,334,1078.0,302.5,1078.0,334.0
251,10.000,19,person,0.5067,876,319,916,397,896.0,358.0,896.0,397.0
251,10.000,20,person,0.4966,387,310,439,392,413.0,351.0,413.0,392.0
251,10.000,21,person,0.3995,237,347,270,407,253.5,377.0,253.5,407.0
251,10.000,22,person,0.3406,1860,318,1893,386,1876.5,352.0,1876.5,386.0
251,10.000,23,person,0.3329,389,311,423,387,406.0,349.0,406.0,387.0
251,10.000,24,person,0.3233,1319,677,1381,772,1350.0,724.5,1350.0,772.0
251,10.000,25,person,0.2943,915,205,935,263,925.0,234.0,925.0,263.0
251,10.000,26,person,0.2891,1857,319,1902,398,1879.5,358.5,1879.5,398.0
251,10.000,27,person,0.2621,1702,289,1761,377,1731.5,333.0,1731.5,377.0
252,10.040,1,person,0.8473,315,708,400,845,357.5,776.5,357.5,845.0
252,10.040,2,person,0.8146,1461,715,1537,850,1499.0,782.5,1499.0,850.0
252,10.040,3,person,0.7844,946,955,1004,1080,975.0,1017.5,975.0,1080.0
252,10.040,4,person,0.7746,682,446,727,542,704.5,494.0,704.5,542.0
252,10.040,5,person,0.7549,1538,973,1612,1080,1575.0,1026.5,1575.0,1080.0
252,10.040,6,person,0.7097,1294,681,1378,772,1336.0,726.5,1336.0,772.0
252,10.040,7,person,0.7049,398,968,466,1080,432.0,1024.0,432.0,1080.0
252,10.040,8,person,0.6876,69,403,115,497,92.0,450.0,92.0,497.0
252,10.040,9,person,0.6855,234,346,270,436,252.0,391.0,252.0,436.0
252,10.040,10,person,0.6831,399,748,490,892,444.5,820.0,444.5,892.0
252,10.040,11,person,0.6556,1702,358,1744,450,1723.0,404.0,1723.0,450.0
252,10.040,12,person,0.6230,1561,462,1596,564,1578.5,513.0,1578.5,564.0
252,10.040,13,person,0.6142,866,317,916,399,891.0,358.0,891.0,399.0
252,10.040,14,person,0.6109,1811,386,1858,465,1834.5,425.5,1834.5,465.0
252,10.040,15,person,0.5918,565,269,609,327,587.0,298.0,587.0,327.0
252,10.040,16,person,0.5851,1145,257,1183,333,1164.0,295.0,1164.0,333.0
252,10.040,17,person,0.5665,1299,240,1327,313,1313.0,276.5,1313.0,313.0
252,10.040,18,person,0.4973,1860,322,1893,393,1876.5,357.5,1876.5,393.0
252,10.040,19,person,0.4704,1062,274,1090,334,1076.0,304.0,1076.0,334.0
252,10.040,20,person,0.4651,233,344,289,440,261.0,392.0,261.0,440.0
252,10.040,21,person,0.4388,956,324,991,381,973.5,352.5,973.5,381.0
252,10.040,22,person,0.4038,378,308,440,392,409.0,350.0,409.0,392.0
252,10.040,23,person,0.3666,380,307,425,389,402.5,348.0,402.5,389.0
252,10.040,24,person,0.3464,912,203,937,264,924.5,233.5,924.5,264.0
252,10.040,25,person,0.3114,385,309,416,381,400.5,345.0,400.5,381.0
253,10.080,1,person,0.8257,1467,716,1542,856,1504.5,786.0,1504.5,856.0
253,10.080,2,person,0.8093,678,448,725,541,701.5,494.5,701.5,541.0
253,10.080,3,person,0.7655,1296,679,1379,772,1337.5,725.5,1337.5,772.0
253,10.080,4,person,0.7535,1538,971,1617,1080,1577.5,1025.5,1577.5,1080.0
253,10.080,5,person,0.7495,312,713,394,851,353.0,782.0,353.0,851.0
253,10.080,6,person,0.7465,384,751,487,906,435.5,828.5,435.5,906.0
253,10.080,7,person,0.7390,947,956,1010,1080,978.5,1018.0,978.5,1080.0
253,10.080,8,person,0.6986,230,342,270,429,250.0,385.5,250.0,429.0
253,10.080,9,person,0.6959,403,968,469,1080,436.0,1024.0,436.0,1080.0
253,10.080,10,person,0.6918,1812,387,1854,472,1833.0,429.5,1833.0,472.0
253,10.080,11,person,0.6717,66,402,111,498,88.5,450.0,88.5,498.0
253,10.080,12,person,0.6646,1695,357,1745,450,1720.0,403.5,1720.0,450.0
253,10.080,13,person,0.6435,951,320,991,398,971.0,359.0,971.0,398.0
253,10.080,14,person,0.6211,561,271,608,325,584.5,298.0,584.5,325.0
253,10.080,15,person,0.6205,1559,464,1595,567,1577.0,515.5,1577.0,567.0
253,10.080,16,person,0.6012,1142,259,1180,335,1161.0,297.0,1161.0,335.0
253,10.080,17,person,0.5503,1300,241,1328,311,1314.0,276.0,1314.0,311.0
253,10.080,18,person,0.5076,859,320,905,398,882.0,359.0,882.0,398.0
253,10.080,19,person,0.5056,1059,273,1087,340,1073.0,306.5,1073.0,340.0
253,10.080,20,person,0.4801,371,311,431,394,401.0,352.5,401.0,394.0
253,10.080,21,person,0.4545,376,312,404,388,390.0,350.0,390.0,388.0
253,10.080,22,person,0.4277,374,311,414,391,394.0,351.0,394.0,391.0
253,10.080,23,person,0.4232,1860,323,1893,392,1876.5,357.5,1876.5,392.0
253,10.080,24,person,0.2731,1707,294,1757,374,1732.0,334.0,1732.0,374.0
253,10.080,25,person,0.2643,912,206,935,262,923.5,234.0,923.5,262.0
253,10.080,26,person,0.2514,1054,273,1095,345,1074.5,309.0,1074.5,345.0
254,10.120,1,person,0.8121,669,447,720,539,694.5,493.0,694.5,539.0
254,10.120,2,person,0.8112,1298,676,1379,772,1338.5,724.0,1338.5,772.0
254,10.120,3,person,0.7653,1468,710,1545,853,1506.5,781.5,1506.5,853.0
254,10.120,4,person,0.7577,949,956,1012,1080,980.5,1018.0,980.5,1080.0
254,10.120,5,person,0.7531,1539,971,1620,1079,1579.5,1025.0,1579.5,1079.0
254,10.120,6,person,0.7410,316,714,380,851,348.0,782.5,348.0,851.0
254,10.120,7,person,0.7287,377,753,476,915,426.5,834.0,426.5,915.0
254,10.120,8,person,0.7132,63,402,106,500,84.5,451.0,84.5,500.0
254,10.120,9,person,0.7063,404,967,472,1080,438.0,1023.5,438.0,1080.0
254,10.120,10,person,0.6982,945,324,990,402,967.5,363.0,967.5,402.0
254,10.120,11,person,0.6962,224,340,260,426,242.0,383.0,242.0,426.0
254,10.120,12,person,0.6648,1809,392,1847,473,1828.0,432.5,1828.0,473.0
254,10.120,13,person,0.6580,558,273,600,328,579.0,300.5,579.0,328.0
254,10.120,14,person,0.6474,1557,465,1595,572,1576.0,518.5,1576.0,572.0
254,10.120,15,person,0.6330,860,319,895,402,877.5,360.5,877.5,402.0
254,10.120,16,person,0.5920,1142,263,1178,330,1160.0,296.5,1160.0,330.0
254,10.120,17,person,0.5282,1300,242,1328,311,1314.0,276.5,1314.0,311.0
254,10.120,18,person,0.5237,1684,357,1743,449,1713.5,403.0,1713.5,449.0
254,10.120,19,person,0.4802,371,311,399,388,385.0,349.5,385.0,388.0
254,10.120,20,person,0.4661,1055,272,1086,339,1070.5,305.5,1070.5,339.0
254,10.120,21,person,0.3536,1859,322,1893,394,1876.0,358.0,1876.0,394.0
254,10.120,22,person,0.2975,1710,294,1746,368,1728.0,331.0,1728.0,368.0
255,10.160,1,person,0.8264,1469,709,1547,847,1508.0,778.0,1508.0,847.0
255,10.160,2,person,0.8249,1300,672,1378,769,1339.0,720.5,1339.0,769.0
255,10.160,3,person,0.8154,373,758,462,911,417.5,834.5,417.5,911.0
255,10.160,4,person,0.7980,658,449,716,542,687.0,495.5,687.0,542.0
255,10.160,5,person,0.7725,860,322,887,400,873.5,361.0,873.5,400.0
255,10.160,6,person,0.7628,1539,971,1620,1079,1579.5,1025.0,1579.5,1079.0
255,10.160,7,person,0.7593,953,956,1014,1080,983.5,1018.0,983.5,1080.0
255,10.160,8,person,0.7462,313,716,369,855,341.0,785.5,341.0,855.0
255,10.160,9,person,0.7325,56,398,101,495,78.5,446.5,78.5,495.0
255,10.160,10,person,0.7082,218,340,257,424,237.5,382.0,237.5,424.0
255,10.160,11,person,0.6912,405,970,471,1080,438.0,1025.0,438.0,1080.0
255,10.160,12,person,0.6372,557,274,584,326,570.5,300.0,570.5,326.0
255,10.160,13,person,0.6118,1556,467,1596,570,1576.0,518.5,1576.0,570.0
255,10.160,14,person,0.6066,1138,263,1171,330,1154.5,296.5,1154.5,330.0
255,10.160,15,person,0.5918,1805,394,1841,472,1823.0,433.0,1823.0,472.0
255,10.160,16,person,0.5584,1298,240,1329,310,1313.5,275.0,1313.5,310.0
255,10.160,17,person,0.5519,938,326,979,403,958.5,364.5,958.5,403.0
255,10.160,18,person,0.5075,366,313,396,383,381.0,348.0,381.0,383.0
255,10.160,19,person,0.4492,1057,271,1081,324,1069.0,297.5,1069.0,324.0
255,10.160,20,person,0.4375,1855,318,1890,397,1872.5,357.5,1872.5,397.0
255,10.160,21,person,0.2975,1704,293,1744,383,1724.0,338.0,1724.0,383.0
255,10.160,22,person,0.2868,1678,359,1739,447,1708.5,403.0,1708.5,447.0
255,10.160,23,person,0.2857,1891,398,1919,501,1905.0,449.5,1905.0,501.0
256,10.200,1,person,0.8539,1301,669,1379,769,1340.0,719.0,1340.0,769.0
256,10.200,2,person,0.8305,1473,706,1552,846,1512.5,776.0,1512.5,846.0
256,10.200,3,person,0.8081,365,761,442,911,403.5,836.0,403.5,911.0
256,10.200,4,person,0.7792,658,450,710,542,684.0,496.0,684.0,542.0
256,10.200,5,person,0.7703,1539,972,1621,1080,1580.0,1026.0,1580.0,1080.0
256,10.200,6,person,0.7662,304,713,360,860,332.0,786.5,332.0,860.0
256,10.200,7,person,0.7568,47,399,98,495,72.5,447.0,72.5,495.0
256,10.200,8,person,0.7555,953,955,1015,1080,984.0,1017.5,984.0,1080.0
256,10.200,9,person,0.7274,408,970,475,1080,441.5,1025.0,441.5,1080.0
256,10.200,10,person,0.7005,203,341,254,422,228.5,381.5,228.5,422.0
256,10.200,11,person,0.6577,853,320,882,402,867.5,361.0,867.5,402.0
256,10.200,12,person,0.6357,1555,472,1595,567,1575.0,519.5,1575.0,567.0
256,10.200,13,person,0.6300,551,275,575,329,563.0,302.0,563.0,329.0
256,10.200,14,person,0.6119,935,322,971,401,953.0,361.5,953.0,401.0
256,10.200,15,person,0.6005,1799,394,1834,470,1816.5,432.0,1816.5,470.0
256,10.200,16,person,0.5725,1136,264,1169,330,1152.5,297.0,1152.5,330.0
256,10.200,17,person,0.5394,1294,240,1328,310,1311.0,275.0,1311.0,310.0
256,10.200,18,person,0.5352,362,311,400,395,381.0,353.0,381.0,395.0
256,10.200,19,person,0.4627,1672,357,1739,446,1705.5,401.5,1705.5,446.0
256,10.200,20,person,0.4609,1853,320,1886,395,1869.5,357.5,1869.5,395.0
256,10.200,21,person,0.4414,1704,293,1736,371,1720.0,332.0,1720.0,371.0
256,10.200,22,person,0.3730,1049,274,1077,326,1063.0,300.0,1063.0,326.0
256,10.200,23,person,0.3233,1879,393,1919,494,1899.0,443.5,1899.0,494.0
256,10.200,24,person,0.2936,1679,356,1724,431,1701.5,393.5,1701.5,431.0
257,10.240,1,person,0.8449,1299,666,1379,771,1339.0,718.5,1339.0,771.0
257,10.240,2,person,0.8422,355,763,415,911,385.0,837.0,385.0,911.0
257,10.240,3,person,0.8135,655,450,704,543,679.5,496.5,679.5,543.0
257,10.240,4,person,0.8125,1479,703,1557,839,1518.0,771.0,1518.0,839.0
257,10.240,5,person,0.7953,1539,972,1621,1080,1580.0,1026.0,1580.0,1080.0
257,10.240,6,person,0.7704,38,396,94,495,66.0,445.5,66.0,495.0
257,10.240,7,person,0.7641,196,341,250,418,223.0,379.5,223.0,418.0
257,10.240,8,person,0.7636,954,955,1015,1080,984.5,1017.5,984.5,1080.0
257,10.240,9,person,0.7310,295,714,353,861,324.0,787.5,324.0,861.0
257,10.240,10,person,0.7230,408,970,475,1080,441.5,1025.0,441.5,1080.0
257,10.240,11,person,0.6959,1792,391,1832,470,1812.0,430.5,1812.0,470.0
257,10.240,12,person,0.6891,1551,476,1595,567,1573.0,521.5,1573.0,567.0
257,10.240,13,person,0.6260,846,322,877,399,861.5,360.5,861.5,399.0
257,10.240,14,person,0.5816,1132,265,1163,333,1147.5,299.0,1147.5,333.0
257,10.240,15,person,0.5447,1673,358,1729,447,1701.0,402.5,1701.0,447.0
257,10.240,16,person,0.5321,1291,240,1329,310,1310.0,275.0,1310.0,310.0
257,10.240,17,person,0.5287,351,311,390,399,370.5,355.0,370.5,399.0
257,10.240,18,person,0.5239,930,323,966,406,948.0,364.5,948.0,406.0
257,10.240,19,person,0.4908,1044,274,1074,337,1059.0,305.5,1059.0,337.0
257,10.240,20,person,0.4518,1704,292,1736,373,1720.0,332.5,1720.0,373.0
257,10.240,21,person,0.4110,1846,318,1883,395,1864.5,356.5,1864.5,395.0
257,10.240,22,person,0.3986,1876,396,1919,493,1897.5,444.5,1897.5,493.0
257,10.240,23,person,0.3703,545,273,569,326,557.0,299.5,557.0,326.0
257,10.240,24,person,0.3580,1040,273,1078,343,1059.0,308.0,1059.0,343.0
257,10.240,25,person,0.3208,1675,359,1715,431,1695.0,395.0,1695.0,431.0
258,10.280,1,person,0.8513,650,452,701,542,675.5,497.0,675.5,542.0
258,10.280,2,person,0.8245,284,713,345,866,314.5,789.5,314.5,866.0
258,10.280,3,person,0.8010,1478,701,1552,832,1515.0,766.5,1515.0,832.0
258,10.280,4,person,0.7928,1538,972,1620,1080,1579.0,1026.0,1579.0,1080.0
258,10.280,5,person,0.7833,31,397,90,494,60.5,445.5,60.5,494.0
258,10.280,6,person,0.7707,344,765,400,911,372.0,838.0,372.0,911.0
258,10.280,7,person,0.7672,954,955,1015,1080,984.5,1017.5,984.5,1080.0
258,10.280,8,person,0.7545,185,343,242,417,213.5,380.0,213.5,417.0
258,10.280,9,person,0.7440,1546,476,1593,571,1569.5,523.5,1569.5,571.0
258,10.280,10,person,0.7414,1298,664,1378,770,1338.0,717.0,1338.0,770.0
258,10.280,11,person,0.7376,1783,395,1829,470,1806.0,432.5,1806.0,470.0
258,10.280,12,person,0.6807,406,970,472,1080,439.0,1025.0,439.0,1080.0
258,10.280,13,person,0.6452,839,319,875,396,857.0,357.5,857.0,396.0
258,10.280,14,person,0.5895,1130,260,1160,331,1145.0,295.5,1145.0,331.0
258,10.280,15,person,0.5755,1867,396,1918,495,1892.5,445.5,1892.5,495.0
258,10.280,16,person,0.5752,345,311,378,390,361.5,350.5,361.5,390.0
258,10.280,17,person,0.5593,1673,361,1717,448,1695.0,404.5,1695.0,448.0
258,10.280,18,person,0.5544,1040,275,1069,340,1054.5,307.5,1054.5,340.0
258,10.280,19,person,0.5352,1840,317,1881,400,1860.5,358.5,1860.5,400.0
258,10.280,20,person,0.4669,538,271,566,326,552.0,298.5,552.0,326.0
258,10.280,21,person,0.4669,1291,241,1325,311,1308.0,276.0,1308.0,311.0
258,10.280,22,person,0.4285,1696,292,1736,367,1716.0,329.5,1716.0,367.0
258,10.280,23,person,0.3681,925,330,954,401,939.5,365.5,939.5,401.0
259,10.320,1,person,0.8092,634,452,693,541,663.5,496.5,663.5,541.0
259,10.320,2,person,0.7945,1536,972,1620,1079,1578.0,1025.5,1578.0,1079.0
259,10.320,3,person,0.7927,273,710,334,869,303.5,789.5,303.5,869.0
259,10.320,4,person,0.7827,28,398,84,495,56.0,446.5,56.0,495.0
259,10.320,5,person,0.7721,1478,698,1548,827,1513.0,762.5,1513.0,827.0
259,10.320,6,person,0.7637,953,955,1015,1080,984.0,1017.5,984.0,1080.0
259,10.320,7,person,0.7611,182,341,230,418,206.0,379.5,206.0,418.0
259,10.320,8,person,0.7394,1299,664,1374,775,1336.5,719.5,1336.5,775.0
259,10.320,9,person,0.7378,1545,478,1591,575,1568.0,526.5,1568.0,575.0
259,10.320,10,person,0.6781,833,318,873,398,853.0,358.0,853.0,398.0
259,10.320,11,person,0.6734,406,970,472,1080,439.0,1025.0,439.0,1080.0
259,10.320,12,person,0.6609,332,765,389,922,360.5,843.5,360.5,922.0
259,10.320,13,person,0.6553,1771,397,1825,476,1798.0,436.5,1798.0,476.0
259,10.320,14,person,0.6527,1123,261,1156,334,1139.5,297.5,1139.5,334.0
259,10.320,15,person,0.5714,1832,316,1875,394,1853.5,355.0,1853.5,394.0
259,10.320,16,person,0.5579,1034,275,1063,341,1048.5,308.0,1048.5,341.0
259,10.320,17,person,0.5151,1867,397,1913,500,1890.0,448.5,1890.0,500.0
259,10.320,18,person,0.5015,1693,293,1733,369,1713.0,331.0,1713.0,369.0
259,10.320,19,person,0.4995,532,272,562,324,547.0,298.0,547.0,324.0
259,10.320,20,person,0.4956,338,310,380,399,359.0,354.5,359.0,399.0
259,10.320,21,person,0.4736,1287,244,1325,312,1306.0,278.0,1306.0,312.0
259,10.320,22,person,0.4208,919,334,948,400,933.5,367.0,933.5,400.0
259,10.320,23,person,0.3628,340,311,371,386,355.5,348.5,355.5,386.0
259,10.320,24,person,0.3620,1668,362,1703,448,1685.5,405.0,1685.5,448.0
260,10.360,1,person,0.8543,1294,663,1370,776,1332.0,719.5,1332.0,776.0
260,10.360,2,person,0.8468,625,451,685,546,655.0,498.5,655.0,546.0
260,10.360,3,person,0.8214,263,715,326,871,294.5,793.0,294.5,871.0
260,10.360,4,person,0.7985,178,340,222,422,200.0,381.0,200.0,422.0
260,10.360,5,person,0.7899,320,767,376,907,348.0,837.0,348.0,907.0
260,10.360,6,person,0.7790,20,400,73,493,46.5,446.5,46.5,493.0
260,10.360,7,person,0.7692,1535,971,1620,1079,1577.5,1025.0,1577.5,1079.0
260,10.360,8,person,0.7616,952,955,1014,1080,983.0,1017.5,983.0,1080.0
260,10.360,9,person,0.7529,1537,480,1587,586,1562.0,533.0,1562.0,586.0
260,10.360,10,person,0.6990,819,316,871,398,845.0,357.0,845.0,398.0
260,10.360,11,person,0.6937,407,971,473,1080,440.0,1025.5,440.0,1080.0
260,10.360,12,person,0.6880,1477,691,1546,825,1511.5,758.0,1511.5,825.0
260,10.360,13,person,0.6500,521,270,556,324,538.5,297.0,538.5,324.0
260,10.360,14,person,0.6313,1764,396,1812,478,1788.0,437.0,1788.0,478.0
260,10.360,15,person,0.6006,1658,358,1694,448,1676.0,403.0,1676.0,448.0
260,10.360,16,person,0.5593,1115,262,1149,333,1132.0,297.5,1132.0,333.0
260,10.360,17,person,0.5262,906,334,940,400,923.0,367.0,923.0,400.0
260,10.360,18,person,0.5078,1030,274,1059,343,1044.5,308.5,1044.5,343.0
260,10.360,19,person,0.5045,1828,320,1867,396,1847.5,358.0,1847.5,396.0
260,10.360,20,person,0.5023,323,308,374,399,348.5,353.5,348.5,399.0
260,10.360,21,person,0.4675,1864,398,1905,494,1884.5,446.0,1884.5,494.0
260,10.360,22,person,0.4514,329,309,365,387,347.0,348.0,347.0,387.0
260,10.360,23,person,0.4018,1284,246,1316,313,1300.0,279.5,1300.0,313.0
260,10.360,24,person,0.3881,1688,294,1728,370,1708.0,332.0,1708.0,370.0
261,10.400,1,person,0.8738,1290,661,1365,780,1327.5,720.5,1327.5,780.0
261,10.400,2,person,0.8233,618,451,681,542,649.5,496.5,649.5,542.0
261,10.400,3,person,0.7963,251,720,317,870,284.0,795.0,284.0,870.0
261,10.400,4,person,0.7680,1534,971,1617,1079,1575.5,1025.0,1575.5,1079.0
261,10.400,5,person,0.7665,173,342,210,427,191.5,384.5,191.5,427.0
261,10.400,6,person,0.7588,949,956,1012,1080,980.5,1018.0,980.5,1080.0
261,10.400,7,person,0.7222,1529,483,1581,590,1555.0,536.5,1555.0,590.0
261,10.400,8,person,0.7162,804,317,869,397,836.5,357.0,836.5,397.0
261,10.400,9,person,0.6984,1478,689,1544,817,1511.0,753.0,1511.0,817.0
261,10.400,10,person,0.6836,1760,400,1805,479,1782.5,439.5,1782.5,479.0
261,10.400,11,person,0.6828,406,969,471,1080,438.5,1024.5,438.5,1080.0
261,10.400,12,person,0.6640,16,398,63,496,39.5,447.0,39.5,496.0
261,10.400,13,person,0.6598,304,772,363,937,333.5,854.5,333.5,937.0
261,10.400,14,person,0.6302,1109,264,1142,331,1125.5,297.5,1125.5,331.0
261,10.400,15,person,0.5754,511,271,551,326,531.0,298.5,531.0,326.0
261,10.400,16,person,0.5603,1022,275,1053,341,1037.5,308.0,1037.5,341.0
261,10.400,17,person,0.5572,1278,248,1312,312,1295.0,280.0,1295.0,312.0
261,10.400,18,person,0.4500,318,309,356,385,337.0,347.0,337.0,385.0
261,10.400,19,person,0.4394,1825,322,1858,394,1841.5,358.0,1841.5,394.0
261,10.400,20,person,0.3157,1646,360,1692,448,1669.0,404.0,1669.0,448.0
261,10.400,21,person,0.3149,1677,292,1723,372,1700.0,332.0,1700.0,372.0
261,10.400,22,person,0.3108,1858,397,1901,498,1879.5,447.5,1879.5,498.0
261,10.400,23,person,0.3058,900,336,939,406,919.5,371.0,919.5,406.0
262,10.440,1,person,0.8509,609,449,676,546,642.5,497.5,642.5,546.0
262,10.440,2,person,0.8198,237,725,306,868,271.5,796.5,271.5,868.0
262,10.440,3,person,0.8117,1287,661,1363,777,1325.0,719.0,1325.0,777.0
262,10.440,4,person,0.7717,1533,972,1615,1079,1574.0,1025.5,1574.0,1079.0
262,10.440,5,person,0.7526,947,955,1010,1080,978.5,1017.5,978.5,1080.0
262,10.440,6,person,0.7410,1477,690,1544,813,1510.5,751.5,1510.5,813.0
262,10.440,7,person,0.7263,1526,487,1576,595,1551.0,541.0,1551.0,595.0
262,10.440,8,person,0.7184,404,967,470,1080,437.0,1023.5,437.0,1080.0
262,10.440,9,person,0.7086,161,337,200,424,180.5,380.5,180.5,424.0
262,10.440,10,person,0.6981,796,320,858,401,827.0,360.5,827.0,401.0
262,10.440,11,person,0.6922,13,401,55,495,34.0,448.0,34.0,495.0
262,10.440,12,person,0.6342,1014,275,1044,342,1029.0,308.5,1029.0,342.0
262,10.440,13,person,0.6202,1102,263,1134,332,1118.0,297.5,1118.0,332.0
262,10.440,14,person,0.6056,504,271,540,329,522.0,300.0,522.0,329.0
262,10.440,15,person,0.5870,1275,250,1305,311,1290.0,280.5,1290.0,311.0
262,10.440,16,person,0.5777,286,776,350,944,318.0,860.0,318.0,944.0
262,10.440,17,person,0.5742,1852,398,1893,493,1872.5,445.5,1872.5,493.0
262,10.440,18,person,0.5623,1754,401,1792,483,1773.0,442.0,1773.0,483.0
262,10.440,19,person,0.4797,1816,324,1849,394,1832.5,359.0,1832.5,394.0
262,10.440,20,person,0.4574,313,309,343,375,328.0,342.0,328.0,375.0
262,10.440,21,person,0.4034,1636,356,1683,443,1659.5,399.5,1659.5,443.0
262,10.440,22,person,0.3741,1673,293,1710,369,1691.5,331.0,1691.5,369.0
262,10.440,23,person,0.3688,886,334,927,405,906.5,369.5,906.5,405.0
262,10.440,24,person,0.2873,630,448,676,543,653.0,495.5,653.0,543.0
263,10.480,1,person,0.8125,607,451,667,547,637.0,499.0,637.0,547.0
263,10.480,2,person,0.7939,1283,658,1363,777,1323.0,717.5,1323.0,777.0
263,10.480,3,person,0.7709,946,955,1005,1080,975.5,1017.5,975.5,1080.0
263,10.480,4,person,0.7706,1531,972,1611,1079,1571.0,1025.5,1571.0,1079.0
263,10.480,5,person,0.7698,793,320,852,402,822.5,361.0,822.5,402.0
263,10.480,6,person,0.7297,1479,690,1543,810,1511.0,750.0,1511.0,810.0
263,10.480,7,person,0.7165,498,274,529,333,513.5,303.5,513.5,333.0
263,10.480,8,person,0.7011,149,339,190,422,169.5,380.5,169.5,422.0
263,10.480,9,person,0.6943,218,728,296,870,257.0,799.0,257.0,870.0
263,10.480,10,person,0.6932,399,967,468,1080,433.5,1023.5,433.5,1080.0
263,10.480,11,person,0.6514,5,401,48,506,26.5,453.5,26.5,506.0
263,10.480,12,person,0.6413,267,781,335,945,301.0,863.0,301.0,945.0
263,10.480,13,person,0.6104,1094,266,1123,330,1108.5,298.0,1108.5,330.0
263,10.480,14,person,0.5845,1525,489,1571,589,1548.0,539.0,1548.0,589.0
263,10.480,15,person,0.5551,1268,245,1298,311,1283.0,278.0,1283.0,311.0
263,10.480,16,person,0.5452,305,313,333,378,319.0,345.5,319.0,378.0
263,10.480,17,person,0.5375,1744,401,1785,481,1764.5,441.0,1764.5,481.0
263,10.480,18,person,0.4158,1007,274,1038,338,1022.5,306.0,1022.5,338.0
263,10.480,19,person,0.3887,1808,323,1841,395,1824.5,359.0,1824.5,395.0
263,10.480,20,person,0.3829,1848,396,1888,493,1868.0,444.5,1868.0,493.0
263,10.480,21,person,0.3772,998,274,1042,341,1020.0,307.5,1020.0,341.0
263,10.480,22,person,0.3653,302,311,335,400,318.5,355.5,318.5,400.0
263,10.480,23,person,0.3480,876,336,922,407,899.0,371.5,899.0,407.0
263,10.480,24,person,0.3166,1668,295,1708,372,1688.0,333.5,1688.0,372.0
263,10.480,25,person,0.2776,1617,377,1678,447,1647.5,412.0,1647.5,447.0
263,10.480,26,person,0.2702,1613,352,1678,445,1645.5,398.5,1645.5,445.0
264,10.520,1,person,0.8364,607,450,661,545,634.0,497.5,634.0,545.0
264,10.520,2,person,0.8027,943,955,1002,1080,972.5,1017.5,972.5,1080.0
264,10.520,3,person,0.7794,1282,651,1357,780,1319.5,715.5,1319.5,780.0
264,10.520,4,person,0.7686,1530,973,1609,1080,1569.5,1026.5,1569.5,1080.0
264,10.520,5,person,0.7518,1477,692,1541,806,1509.0,749.0,1509.0,806.0
264,10.520,6,person,0.7427,195,730,282,877,238.5,803.5,238.5,877.0
264,10.520,7,person,0.7417,398,968,465,1080,431.5,1024.0,431.5,1080.0
264,10.520,8,person,0.6472,1519,490,1564,596,1541.5,543.0,1541.5,596.0
264,10.520,9,person,0.6466,790,322,841,402,815.5,362.0,815.5,402.0
264,10.520,10,person,0.6395,1088,267,1115,335,1101.5,301.0,1101.5,335.0
264,10.520,11,person,0.6345,136,338,180,421,158.0,379.5,158.0,421.0
264,10.520,12,person,0.6083,1,404,38,507,19.5,455.5,19.5,507.0
264,10.520,13,person,0.5882,294,314,323,387,308.5,350.5,308.5,387.0
264,10.520,14,person,0.5818,489,274,520,334,504.5,304.0,504.5,334.0
264,10.520,15,person,0.5644,251,786,320,944,285.5,865.0,285.5,944.0
264,10.520,16,person,0.5413,998,275,1031,335,1014.5,305.0,1014.5,335.0
264,10.520,17,person,0.4926,1844,397,1883,492,1863.5,444.5,1863.5,492.0
264,10.520,18,person,0.4518,1262,247,1293,311,1277.5,279.0,1277.5,311.0
264,10.520,19,person,0.4500,864,335,898,417,881.0,376.0,881.0,417.0
264,10.520,20,person,0.4469,1800,323,1832,395,1816.0,359.0,1816.0,395.0
264,10.520,21,person,0.4226,1734,401,1777,477,1755.5,439.0,1755.5,477.0
264,10.520,22,person,0.3684,1662,293,1689,369,1675.5,331.0,1675.5,369.0
265,10.560,1,person,0.8211,941,953,1000,1080,970.5,1016.5,970.5,1080.0
265,10.560,2,person,0.8110,1280,646,1355,776,1317.5,711.0,1317.5,776.0
265,10.560,3,person,0.8065,604,449,657,544,630.5,496.5,630.5,544.0
265,10.560,4,person,0.7940,236,785,307,943,271.5,864.0,271.5,943.0
265,10.560,5,person,0.7806,1477,690,1537,803,1507.0,746.5,1507.0,803.0
265,10.560,6,person,0.7726,1526,971,1606,1079,1566.0,1025.0,1566.0,1079.0
265,10.560,7,person,0.7187,395,970,463,1079,429.0,1024.5,429.0,1079.0
265,10.560,8,person,0.7117,131,334,175,420,153.0,377.0,153.0,420.0
265,10.560,9,person,0.6787,782,322,828,403,805.0,362.5,805.0,403.0
265,10.560,10,person,0.6751,184,728,269,884,226.5,806.0,226.5,884.0
265,10.560,11,person,0.6462,1083,264,1111,335,1097.0,299.5,1097.0,335.0
265,10.560,12,person,0.5650,990,278,1022,340,1006.0,309.0,1006.0,340.0
265,10.560,13,person,0.5522,1837,394,1878,497,1857.5,445.5,1857.5,497.0
265,10.560,14,person,0.5479,483,271,510,334,496.5,302.5,496.5,334.0
265,10.560,15,person,0.5441,285,314,318,397,301.5,355.5,301.5,397.0
265,10.560,16,person,0.5358,1515,490,1557,599,1536.0,544.5,1536.0,599.0
265,10.560,17,person,0.5219,1254,247,1288,312,1271.0,279.5,1271.0,312.0
265,10.560,18,person,0.5193,0,403,36,503,18.0,453.0,18.0,503.0
265,10.560,19,person,0.5028,855,332,888,410,871.5,371.0,871.5,410.0
265,10.560,20,person,0.4263,1727,401,1768,473,1747.5,437.0,1747.5,473.0
265,10.560,21,person,0.4097,1791,321,1822,397,1806.5,359.0,1806.5,397.0
265,10.560,22,person,0.3746,1599,359,1663,442,1631.0,400.5,1631.0,442.0
265,10.560,23,person,0.3391,1655,290,1684,366,1669.5,328.0,1669.5,366.0
265,10.560,24,person,0.2720,1515,488,1556,663,1535.5,575.5,1535.5,663.0
265,10.560,25,person,0.2501,1603,388,1664,442,1633.5,415.0,1633.5,442.0
266,10.600,1,person,0.8333,602,447,653,544,627.5,495.5,627.5,544.0
266,10.600,2,person,0.8310,208,791,303,950,255.5,870.5,255.5,950.0
266,10.600,3,person,0.8113,1524,969,1605,1079,1564.5,1024.0,1564.5,1079.0
266,10.600,4,person,0.8105,938,953,998,1080,968.0,1016.5,968.0,1080.0
266,10.600,5,person,0.7893,125,338,167,421,146.0,379.5,146.0,421.0
266,10.600,6,person,0.7848,1475,689,1537,805,1506.0,747.0,1506.0,805.0
266,10.600,7,person,0.7804,1277,645,1352,774,1314.5,709.5,1314.5,774.0
266,10.600,8,person,0.7592,393,972,460,1080,426.5,1026.0,426.5,1080.0
266,10.600,9,person,0.7575,177,730,254,886,215.5,808.0,215.5,886.0
266,10.600,10,person,0.6889,1072,265,1100,332,1086.0,298.5,1086.0,332.0
266,10.600,11,person,0.6495,774,322,813,405,793.5,363.5,793.5,405.0
266,10.600,12,person,0.5903,1828,395,1871,500,1849.5,447.5,1849.5,500.0
266,10.600,13,person,0.5860,1243,244,1281,312,1262.0,278.0,1262.0,312.0
266,10.600,14,person,0.5473,275,312,306,405,290.5,358.5,290.5,405.0
266,10.600,15,person,0.5353,845,338,876,416,860.5,377.0,860.5,416.0
266,10.600,16,person,0.5254,1512,490,1554,598,1533.0,544.0,1533.0,598.0
266,10.600,17,person,0.5156,1780,317,1817,396,1798.5,356.5,1798.5,396.0
266,10.600,18,person,0.5142,0,398,22,500,11.0,449.0,11.0,500.0
266,10.600,19,person,0.5074,986,277,1015,339,1000.5,308.0,1000.5,339.0
266,10.600,20,person,0.4960,1714,402,1760,480,1737.0,441.0,1737.0,480.0
266,10.600,21,person,0.4765,1645,289,1680,371,1662.5,330.0,1662.5,371.0
266,10.600,22,person,0.4320,474,272,501,330,487.5,301.0,487.5,330.0
266,10.600,23,person,0.3122,1603,357,1635,425,1619.0,391.0,1619.0,425.0
266,10.600,24,person,0.2936,1600,355,1641,437,1620.5,396.0,1620.5,437.0
267,10.640,1,person,0.8734,192,792,301,956,246.5,874.0,246.5,956.0
267,10.640,2,person,0.8099,1522,970,1602,1079,1562.0,1024.5,1562.0,1079.0
267,10.640,3,person,0.7883,936,954,995,1080,965.5,1017.0,965.5,1080.0
267,10.640,4,person,0.7798,598,445,645,544,621.5,494.5,621.5,544.0
267,10.640,5,person,0.7708,1274,640,1341,772,1307.5,706.0,1307.5,772.0
267,10.640,6,person,0.7617,389,972,457,1080,423.0,1026.0,423.0,1080.0
267,10.640,7,person,0.7481,1474,688,1536,809,1505.0,748.5,1505.0,809.0
267,10.640,8,person,0.6959,169,734,241,890,205.0,812.0,205.0,890.0
267,10.640,9,person,0.6573,1820,394,1861,495,1840.5,444.5,1840.5,495.0
267,10.640,10,person,0.6246,1508,490,1550,595,1529.0,542.5,1529.0,595.0
267,10.640,11,person,0.6194,119,337,154,418,136.5,377.5,136.5,418.0
267,10.640,12,person,0.6097,767,319,798,403,782.5,361.0,782.5,403.0
267,10.640,13,person,0.5734,1064,266,1094,334,1079.0,300.0,1079.0,334.0
267,10.640,14,person,0.5691,265,312,301,401,283.0,356.5,283.0,401.0
267,10.640,15,person,0.5523,465,272,493,333,479.0,302.5,479.0,333.0
267,10.640,16,person,0.5068,1702,405,1750,487,1726.0,446.0,1726.0,487.0
267,10.640,17,person,0.4981,1638,291,1670,367,1654.0,329.0,1654.0,367.0
267,10.640,18,person,0.4964,1771,318,1811,397,1791.0,357.5,1791.0,397.0
267,10.640,19,person,0.4790,977,281,1005,342,991.0,311.5,991.0,342.0
267,10.640,20,person,0.4520,1237,246,1280,312,1258.5,279.0,1258.5,312.0
267,10.640,21,person,0.4409,835,336,872,418,853.5,377.0,853.5,418.0
267,10.640,22,person,0.2864,267,313,297,388,282.0,350.5,282.0,388.0
267,10.640,23,person,0.2742,0,395,18,505,9.0,450.0,9.0,505.0
267,10.640,24,person,0.2536,1592,356,1628,440,1610.0,398.0,1610.0,440.0
268,10.680,1,person,0.8152,173,799,292,958,232.5,878.5,232.5,958.0
268,10.680,2,person,0.8062,1519,971,1599,1079,1559.0,1025.0,1559.0,1079.0
268,10.680,3,person,0.7871,1268,642,1333,767,1300.5,704.5,1300.5,767.0
268,10.680,4,person,0.7734,932,954,992,1080,962.0,1017.0,962.0,1080.0
268,10.680,5,person,0.7537,1470,686,1537,807,1503.5,746.5,1503.5,807.0
268,10.680,6,person,0.7332,386,972,454,1080,420.0,1026.0,420.0,1080.0
268,10.680,7,person,0.7310,596,442,635,542,615.5,492.0,615.5,542.0
268,10.680,8,person,0.7050,111,327,147,419,129.0,373.0,129.0,419.0
268,10.680,9,person,0.6489,255,308,295,402,275.0,355.0,275.0,402.0
268,10.680,10,person,0.6387,1507,491,1546,603,1526.5,547.0,1526.5,603.0
268,10.680,11,person,0.6327,1056,264,1087,336,1071.5,300.0,1071.5,336.0
268,10.680,12,person,0.6312,1816,398,1858,491,1837.0,444.5,1837.0,491.0
268,10.680,13,person,0.6171,757,319,788,400,772.5,359.5,772.5,400.0
268,10.680,14,person,0.6151,165,735,225,886,195.0,810.5,195.0,886.0
268,10.680,15,person,0.5920,967,280,998,345,982.5,312.5,982.5,345.0
268,10.680,16,person,0.5848,1760,318,1803,396,1781.5,357.0,1781.5,396.0
268,10.680,17,person,0.5366,458,272,486,329,472.0,300.5,472.0,329.0
268,10.680,18,person,0.4517,1691,408,1736,488,1713.5,448.0,1713.5,488.0
268,10.680,19,person,0.4397,1234,248,1268,312,1251.0,280.0,1251.0,312.0
268,10.680,20,person,0.4038,1585,350,1613,436,1599.0,393.0,1599.0,436.0
268,10.680,21,person,0.3847,255,307,286,389,270.5,348.0,270.5,389.0
268,10.680,22,person,0.3502,1628,289,1668,369,1648.0,329.0,1648.0,369.0
268,10.680,23,person,0.3046,823,336,859,417,841.0,376.5,841.0,417.0
269,10.720,1,person,0.7996,1467,684,1540,805,1503.5,744.5,1503.5,805.0
269,10.720,2,person,0.7679,161,786,286,959,223.5,872.5,223.5,959.0
269,10.720,3,person,0.7648,1513,970,1595,1079,1554.0,1024.5,1554.0,1079.0
269,10.720,4,person,0.7581,384,973,452,1080,418.0,1026.5,418.0,1080.0
269,10.720,5,person,0.7575,930,956,990,1080,960.0,1018.0,960.0,1080.0
269,10.720,6,person,0.7484,103,325,141,423,122.0,374.0,122.0,423.0
269,10.720,7,person,0.7312,590,439,630,542,610.0,490.5,610.0,542.0
269,10.720,8,person,0.7273,1262,640,1330,767,1296.0,703.5,1296.0,767.0
269,10.720,9,person,0.6887,1806,400,1852,495,1829.0,447.5,1829.0,495.0
269,10.720,10,person,0.6809,243,308,291,416,267.0,362.0,267.0,416.0
269,10.720,11,person,0.6361,1685,410,1725,491,1705.0,450.5,1705.0,491.0
269,10.720,12,person,0.5968,1044,263,1082,335,1063.0,299.0,1063.0,335.0
269,10.720,13,person,0.5815,749,321,778,404,763.5,362.5,763.5,404.0
269,10.720,14,person,0.5572,1501,493,1544,617,1522.5,555.0,1522.5,617.0
269,10.720,15,person,0.5127,1227,251,1257,310,1242.0,280.5,1242.0,310.0
269,10.720,16,person,0.5015,962,282,990,345,976.0,313.5,976.0,345.0
269,10.720,17,person,0.4959,1755,320,1796,397,1775.5,358.5,1775.5,397.0
269,10.720,18,person,0.4515,1572,351,1605,438,1588.5,394.5,1588.5,438.0
269,10.720,19,person,0.3612,447,272,478,329,462.5,300.5,462.5,329.0
269,10.720,20,person,0.3566,157,740,214,891,185.5,815.5,185.5,891.0
269,10.720,21,person,0.3316,1499,494,1545,670,1522.0,582.0,1522.0,670.0
269,10.720,22,person,0.3083,814,336,850,411,832.0,373.5,832.0,411.0
269,10.720,23,person,0.2636,1616,288,1662,371,1639.0,329.5,1639.0,371.0
270,10.760,1,person,0.8018,380,972,448,1079,414.0,1025.5,414.0,1079.0
270,10.760,2,person,0.7946,588,438,624,540,606.0,489.0,606.0,540.0
270,10.760,3,person,0.7736,925,957,988,1080,956.5,1018.5,956.5,1080.0
270,10.760,4,person,0.7679,1511,970,1593,1079,1552.0,1024.5,1552.0,1079.0
270,10.760,5,person,0.7558,1464,688,1540,805,1502.0,746.5,1502.0,805.0
270,10.760,6,person,0.7529,154,760,261,959,207.5,859.5,207.5,959.0
270,10.760,7,person,0.6932,231,308,283,408,257.0,358.0,257.0,408.0
270,10.760,8,person,0.6801,1259,643,1322,766,1290.5,704.5,1290.5,766.0
270,10.760,9,person,0.6653,1036,265,1074,337,1055.0,301.0,1055.0,337.0
270,10.760,10,person,0.6493,96,325,131,423,113.5,374.0,113.5,423.0
270,10.760,11,person,0.6312,1497,495,1542,615,1519.5,555.0,1519.5,615.0
270,10.760,12,person,0.6296,740,319,772,406,756.0,362.5,756.0,406.0
270,10.760,13,person,0.5816,1802,399,1842,491,1822.0,445.0,1822.0,491.0
270,10.760,14,person,0.5755,951,282,982,344,966.5,313.0,966.5,344.0
270,10.760,15,person,0.5704,439,274,466,333,452.5,303.5,452.5,333.0
270,10.760,16,person,0.5676,1749,321,1785,392,1767.0,356.5,1767.0,392.0
270,10.760,17,person,0.5435,1676,411,1713,488,1694.5,449.5,1694.5,488.0
270,10.760,18,person,0.5128,1607,291,1658,369,1632.5,330.0,1632.5,369.0
270,10.760,19,person,0.5083,1556,350,1603,437,1579.5,393.5,1579.5,437.0
270,10.760,20,person,0.5079,1217,248,1252,316,1234.5,282.0,1234.5,316.0
270,10.760,21,person,0.4906,1496,494,1542,660,1519.0,577.0,1519.0,660.0
270,10.760,22,person,0.4564,797,331,848,421,822.5,376.0,822.5,421.0
270,10.760,23,person,0.3650,147,737,206,941,176.5,839.0,176.5,941.0
270,10.760,24,person,0.3442,161,812,258,956,209.5,884.0,209.5,956.0
270,10.760,25,person,0.3238,822,202,844,259,833.0,230.5,833.0,259.0
271,10.800,1,person,0.7805,377,972,445,1079,411.0,1025.5,411.0,1079.0
271,10.800,2,person,0.7650,1508,970,1589,1080,1548.5,1025.0,1548.5,1080.0
271,10.800,3,person,0.7578,923,956,983,1080,953.0,1018.0,953.0,1080.0
271,10.800,4,person,0.7338,581,440,618,539,599.5,489.5,599.5,539.0
271,10.800,5,person,0.7082,1463,690,1542,807,1502.5,748.5,1502.5,807.0
271,10.800,6,person,0.7045,1490,500,1536,611,1513.0,555.5,1513.0,611.0
271,10.800,7,person,0.7022,139,733,238,961,188.5,847.0,188.5,961.0
271,10.800,8,person,0.6869,85,323,125,413,105.0,368.0,105.0,413.0
271,10.800,9,person,0.6825,1024,265,1075,337,1049.5,301.0,1049.5,337.0
271,10.800,10,person,0.6708,1255,639,1316,768,1285.5,703.5,1285.5,768.0
271,10.800,11,person,0.6454,729,322,762,409,745.5,365.5,745.5,409.0
271,10.800,12,person,0.6350,225,309,271,404,248.0,356.5,248.0,404.0
271,10.800,13,person,0.5955,430,275,461,335,445.5,305.0,445.5,335.0
271,10.800,14,person,0.5903,152,803,236,958,194.0,880.5,194.0,958.0
271,10.800,15,person,0.5512,789,341,835,422,812.0,381.5,812.0,422.0
271,10.800,16,person,0.5481,940,283,975,347,957.5,315.0,957.5,347.0
271,10.800,17,person,0.5308,1798,399,1834,491,1816.0,445.0,1816.0,491.0
271,10.800,18,person,0.5282,1664,414,1702,485,1683.0,449.5,1683.0,485.0
271,10.800,19,person,0.4830,1739,324,1775,391,1757.0,357.5,1757.0,391.0
271,10.800,20,person,0.4093,814,202,836,259,825.0,230.5,825.0,259.0
271,10.800,21,person,0.3721,1214,247,1242,312,1228.0,279.5,1228.0,312.0
271,10.800,22,person,0.3305,134,738,190,869,162.0,803.5,162.0,869.0
271,10.800,23,person,0.2914,1553,345,1584,401,1568.5,373.0,1568.5,401.0
271,10.800,24,person,0.2885,1607,287,1637,356,1622.0,321.5,1622.0,356.0
271,10.800,25,person,0.2848,226,308,257,390,241.5,349.0,241.5,390.0
272,10.840,1,person,0.8046,920,954,979,1080,949.5,1017.0,949.5,1080.0
272,10.840,2,person,0.7858,372,974,439,1080,405.5,1027.0,405.5,1080.0
272,10.840,3,person,0.7677,1505,969,1584,1079,1544.5,1024.0,1544.5,1079.0
272,10.840,4,person,0.7549,122,734,205,963,163.5,848.5,163.5,963.0
272,10.840,5,person,0.7434,578,443,610,540,594.0,491.5,594.0,540.0
272,10.840,6,person,0.7403,76,326,116,410,96.0,368.0,96.0,410.0
272,10.840,7,person,0.7122,1457,694,1541,814,1499.0,754.0,1499.0,814.0
272,10.840,8,person,0.6890,1251,638,1307,768,1279.0,703.0,1279.0,768.0
272,10.840,9,person,0.6730,419,275,453,333,436.0,304.0,436.0,333.0
272,10.840,10,person,0.6446,1652,413,1688,486,1670.0,449.5,1670.0,486.0
272,10.840,11,person,0.6369,720,323,753,405,736.5,364.0,736.5,405.0
272,10.840,12,person,0.6324,217,313,257,391,237.0,352.0,237.0,391.0
272,10.840,13,person,0.5979,1018,267,1065,335,1041.5,301.0,1041.5,335.0
272,10.840,14,person,0.5778,1484,504,1531,617,1507.5,560.5,1507.5,617.0
272,10.840,15,person,0.5733,1204,248,1236,313,1220.0,280.5,1220.0,313.0
272,10.840,16,person,0.5694,1791,401,1827,490,1809.0,445.5,1809.0,490.0
272,10.840,17,person,0.4739,774,339,821,420,797.5,379.5,797.5,420.0
272,10.840,18,person,0.4640,938,285,967,342,952.5,313.5,952.5,342.0
272,10.840,19,person,0.4457,1734,324,1767,394,1750.5,359.0,1750.5,394.0
272,10.840,20,person,0.4378,133,796,200,958,166.5,877.0,166.5,958.0
272,10.840,21,person,0.3126,1527,347,1583,436,1555.0,391.5,1555.0,436.0
272,10.840,22,person,0.2763,1592,291,1634,369,1613.0,330.0,1613.0,369.0
273,10.880,1,person,0.7844,1500,968,1583,1079,1541.5,1023.5,1541.5,1079.0
273,10.880,2,person,0.7786,915,953,975,1080,945.0,1016.5,945.0,1080.0
273,10.880,3,person,0.7703,571,440,606,541,588.5,490.5,588.5,541.0
273,10.880,4,person,0.7629,368,976,436,1080,402.0,1028.0,402.0,1080.0
273,10.880,5,person,0.7613,708,323,746,408,727.0,365.5,727.0,408.0
273,10.880,6,person,0.7418,1251,634,1308,767,1279.5,700.5,1279.5,767.0
273,10.880,7,person,0.7273,1639,410,1681,489,1660.0,449.5,1660.0,489.0
273,10.880,8,person,0.6737,68,325,108,415,88.0,370.0,88.0,415.0
273,10.880,9,person,0.6627,1013,270,1052,336,1032.5,303.0,1032.5,336.0
273,10.880,10,person,0.6553,1455,694,1542,813,1498.5,753.5,1498.5,813.0
273,10.880,11,person,0.6373,125,804,186,963,155.5,883.5,155.5,963.0
273,10.880,12,person,0.6249,762,342,808,425,785.0,383.5,785.0,425.0
273,10.880,13,person,0.6236,1780,400,1817,494,1798.5,447.0,1798.5,494.0
273,10.880,14,person,0.6027,1478,506,1528,617,1503.0,561.5,1503.0,617.0
273,10.880,15,person,0.5725,1726,321,1759,394,1742.5,357.5,1742.5,394.0
273,10.880,16,person,0.5682,208,314,238,401,223.0,357.5,223.0,401.0
273,10.880,17,person,0.5546,409,276,442,332,425.5,304.0,425.5,332.0
273,10.880,18,person,0.4709,1195,243,1231,313,1213.0,278.0,1213.0,313.0
273,10.880,19,person,0.4225,931,285,961,339,946.0,312.0,946.0,339.0
273,10.880,20,person,0.4115,110,736,170,880,140.0,808.0,140.0,880.0
273,10.880,21,person,0.3602,1589,292,1619,366,1604.0,329.0,1604.0,366.0
273,10.880,22,person,0.3242,799,206,820,260,809.5,233.0,809.5,260.0
274,10.920,1,person,0.7749,1495,969,1578,1080,1536.5,1024.5,1536.5,1080.0
274,10.920,2,person,0.7645,364,976,431,1080,397.5,1028.0,397.5,1080.0
274,10.920,3,person,0.7631,566,439,597,543,581.5,491.0,581.5,543.0
274,10.920,4,person,0.7332,690,324,736,406,713.0,365.0,713.0,406.0
274,10.920,5,person,0.7281,911,954,972,1080,941.5,1017.0,941.5,1080.0
274,10.920,6,person,0.7084,1618,412,1675,493,1646.5,452.5,1646.5,493.0
274,10.920,7,person,0.7011,1451,692,1543,815,1497.0,753.5,1497.0,815.0
274,10.920,8,person,0.6857,1251,633,1302,766,1276.5,699.5,1276.5,766.0
274,10.920,9,person,0.6824,753,343,796,430,774.5,386.5,774.5,430.0
274,10.920,10,person,0.6762,54,325,104,412,79.0,368.5,79.0,412.0
274,10.920,11,person,0.6694,1773,398,1810,493,1791.5,445.5,1791.5,493.0
274,10.920,12,person,0.6574,1004,267,1043,338,1023.5,302.5,1023.5,338.0
274,10.920,13,person,0.6084,1472,508,1521,617,1496.5,562.5,1496.5,617.0
274,10.920,14,person,0.5855,1513,349,1568,436,1540.5,392.5,1540.5,436.0
274,10.920,15,person,0.5599,1717,323,1751,396,1734.0,359.5,1734.0,396.0
274,10.920,16,person,0.5540,105,803,174,961,139.5,882.0,139.5,961.0
274,10.920,17,person,0.5512,398,274,438,334,418.0,304.0,418.0,334.0
274,10.920,18,person,0.4939,1185,246,1226,313,1205.5,279.5,1205.5,313.0
274,10.920,19,person,0.4342,198,314,226,385,212.0,349.5,212.0,385.0
274,10.920,20,person,0.4339,919,288,950,344,934.5,316.0,934.5,344.0
274,10.920,21,person,0.4260,1578,289,1614,370,1596.0,329.5,1596.0,370.0
274,10.920,22,person,0.3816,1516,349,1553,435,1534.5,392.0,1534.5,435.0
274,10.920,23,person,0.3801,97,736,147,854,122.0,795.0,122.0,854.0
274,10.920,24,person,0.3216,791,207,814,261,802.5,234.0,802.5,261.0
275,10.960,1,person,0.7934,559,441,593,541,576.0,491.0,576.0,541.0
275,10.960,2,person,0.7800,1488,967,1573,1079,1530.5,1023.0,1530.5,1079.0
275,10.960,3,person,0.7486,907,957,968,1080,937.5,1018.5,937.5,1080.0
275,10.960,4,person,0.7448,40,328,95,412,67.5,370.0,67.5,412.0
275,10.960,5,person,0.7355,744,343,780,433,762.0,388.0,762.0,433.0
275,10.960,6,person,0.7261,359,977,426,1080,392.5,1028.5,392.5,1080.0
275,10.960,7,person,0.7221,995,269,1033,340,1014.0,304.5,1014.0,340.0
275,10.960,8,person,0.7127,1247,634,1294,766,1270.5,700.0,1270.5,766.0
275,10.960,9,person,0.6670,1466,509,1512,623,1489.0,566.0,1489.0,623.0
275,10.960,10,person,0.6604,388,274,434,336,411.0,305.0,411.0,336.0
275,10.960,11,person,0.6569,1452,694,1544,813,1498.0,753.5,1498.0,813.0
275,10.960,12,person,0.6547,77,800,153,965,115.0,882.5,115.0,965.0
275,10.960,13,person,0.6473,1609,416,1661,496,1635.0,456.0,1635.0,496.0
275,10.960,14,person,0.6228,677,322,729,409,703.0,365.5,703.0,409.0
275,10.960,15,person,0.5914,1763,400,1804,496,1783.5,448.0,1783.5,496.0
275,10.960,16,person,0.5805,912,290,942,350,927.0,320.0,927.0,350.0
275,10.960,17,person,0.5740,1177,247,1218,309,1197.5,278.0,1197.5,309.0
275,10.960,18,person,0.5244,186,312,220,397,203.0,354.5,203.0,397.0
275,10.960,19,person,0.4912,80,739,146,964,113.0,851.5,113.0,964.0
275,10.960,20,person,0.4878,1509,349,1550,433,1529.5,391.0,1529.5,433.0
275,10.960,21,person,0.4210,1707,323,1741,395,1724.0,359.0,1724.0,395.0
275,10.960,22,person,0.4188,1573,288,1601,365,1587.0,326.5,1587.0,365.0
275,10.960,23,person,0.3407,80,741,140,868,110.0,804.5,110.0,868.0
276,11.000,1,person,0.7877,1486,969,1572,1079,1529.0,1024.0,1529.0,1079.0
276,11.000,2,person,0.7546,355,977,423,1080,389.0,1028.5,389.0,1080.0
276,11.000,3,person,0.7524,732,346,769,434,750.5,390.0,750.5,434.0
276,11.000,4,person,0.7413,903,958,965,1080,934.0,1019.0,934.0,1080.0
276,11.000,5,person,0.7308,1461,693,1543,818,1502.0,755.5,1502.0,818.0
276,11.000,6,person,0.7133,554,442,587,542,570.5,492.0,570.5,542.0
276,11.000,7,person,0.6998,1757,400,1796,498,1776.5,449.0,1776.5,498.0
276,11.000,8,person,0.6911,32,326,85,415,58.5,370.5,58.5,415.0
276,11.000,9,person,0.6703,1597,415,1647,502,1622.0,458.5,1622.0,502.0
276,11.000,10,person,0.6698,1243,635,1285,770,1264.0,702.5,1264.0,770.0
276,11.000,11,person,0.6657,665,326,721,409,693.0,367.5,693.0,409.0
276,11.000,12,person,0.6181,174,311,212,396,193.0,353.5,193.0,396.0
276,11.000,13,person,0.6104,383,276,416,333,399.5,304.5,399.5,333.0
276,11.000,14,person,0.6051,905,291,933,350,919.0,320.5,919.0,350.0
276,11.000,15,person,0.6048,1461,512,1507,620,1484.0,566.0,1484.0,620.0
276,11.000,16,person,0.6002,990,268,1019,342,1004.5,305.0,1004.5,342.0
276,11.000,17,person,0.5792,1694,321,1735,396,1714.5,358.5,1714.5,396.0
276,11.000,18,person,0.5300,58,744,134,969,96.0,856.5,96.0,969.0
276,11.000,19,person,0.5121,1562,290,1594,364,1578.0,327.0,1578.0,364.0
276,11.000,20,person,0.4569,1501,350,1535,435,1518.0,392.5,1518.0,435.0
276,11.000,21,person,0.4315,1170,247,1208,309,1189.0,278.0,1189.0,309.0
276,11.000,22,person,0.3752,57,746,130,892,93.5,819.0,93.5,892.0
276,11.000,23,person,0.3653,776,205,799,259,787.5,232.0,787.5,259.0
276,11.000,24,person,0.2897,72,813,139,972,105.5,892.5,105.5,972.0
276,11.000,25,person,0.2635,1460,513,1505,659,1482.5,586.0,1482.5,659.0
277,11.040,1,person,0.8085,21,327,78,417,49.5,372.0,49.5,417.0
277,11.040,2,person,0.7829,1484,971,1566,1079,1525.0,1025.0,1525.0,1079.0
277,11.040,3,person,0.7650,350,979,420,1080,385.0,1029.5,385.0,1080.0
277,11.040,4,person,0.7260,1238,633,1282,775,1260.0,704.0,1260.0,775.0
277,11.040,5,person,0.7218,546,440,583,541,564.5,490.5,564.5,541.0
277,11.040,6,person,0.7208,44,749,120,973,82.0,861.0,82.0,973.0
277,11.040,7,person,0.7179,899,957,960,1080,929.5,1018.5,929.5,1080.0
277,11.040,8,person,0.7170,722,345,757,430,739.5,387.5,739.5,430.0
277,11.040,9,person,0.7088,1590,421,1636,507,1613.0,464.0,1613.0,507.0
277,11.040,10,person,0.6824,1471,684,1543,814,1507.0,749.0,1507.0,814.0
277,11.040,11,person,0.6607,1458,512,1500,623,1479.0,567.5,1479.0,623.0
277,11.040,12,person,0.6606,983,263,1014,343,998.5,303.0,998.5,343.0
277,11.040,13,person,0.6479,896,292,925,355,910.5,323.5,910.5,355.0
277,11.040,14,person,0.6267,161,310,210,394,185.5,352.0,185.5,394.0
277,11.040,15,person,0.6263,1747,399,1789,498,1768.0,448.5,1768.0,498.0
277,11.040,16,person,0.6216,374,277,407,337,390.5,307.0,390.5,337.0
277,11.040,17,person,0.6097,660,325,714,408,687.0,366.5,687.0,408.0
277,11.040,18,person,0.5406,1685,321,1728,397,1706.5,359.0,1706.5,397.0
277,11.040,19,person,0.4703,1490,350,1523,437,1506.5,393.5,1506.5,437.0
277,11.040,20,person,0.4655,1164,248,1201,311,1182.5,279.5,1182.5,311.0
277,11.040,21,person,0.4266,768,206,790,262,779.0,234.0,779.0,262.0
277,11.040,22,person,0.3296,1558,288,1589,365,1573.5,326.5,1573.5,365.0
277,11.040,23,person,0.2952,59,799,121,974,90.0,886.5,90.0,974.0
278,11.080,1,person,0.7856,540,438,578,547,559.0,492.5,559.0,547.0
278,11.080,2,person,0.7768,25,752,108,977,66.5,864.5,66.5,977.0
278,11.080,3,person,0.7690,1481,973,1564,1079,1522.5,1026.0,1522.5,1079.0
278,11.080,4,person,0.7627,896,957,956,1080,926.0,1018.5,926.0,1080.0
278,11.080,5,person,0.7344,343,980,414,1080,378.5,1030.0,378.5,1080.0
278,11.080,6,person,0.7203,1231,634,1277,777,1254.0,705.5,1254.0,777.0
278,11.080,7,person,0.6894,14,330,66,420,40.0,375.0,40.0,420.0
278,11.080,8,person,0.6823,1453,513,1495,635,1474.0,574.0,1474.0,635.0
278,11.080,9,person,0.6802,1479,684,1543,814,1511.0,749.0,1511.0,814.0
278,11.080,10,person,0.6536,975,266,1004,339,989.5,302.5,989.5,339.0
278,11.080,11,person,0.6392,704,347,751,436,727.5,391.5,727.5,436.0
278,11.080,12,person,0.5938,1585,421,1623,510,1604.0,465.5,1604.0,510.0
278,11.080,13,person,0.5918,1741,403,1783,499,1762.0,451.0,1762.0,499.0
278,11.080,14,person,0.5782,1678,323,1719,398,1698.5,360.5,1698.5,398.0
278,11.080,15,person,0.5467,365,275,394,337,379.5,306.0,379.5,337.0
278,11.080,16,person,0.5312,1158,248,1189,308,1173.5,278.0,1173.5,308.0
278,11.080,17,person,0.5037,1542,289,1586,371,1564.0,330.0,1564.0,371.0
278,11.080,18,person,0.4813,150,312,196,394,173.0,353.0,173.0,394.0
278,11.080,19,person,0.4773,661,325,699,401,680.0,363.0,680.0,401.0
278,11.080,20,person,0.4628,886,292,917,359,901.5,325.5,901.5,359.0
278,11.080,21,person,0.4467,1479,349,1519,439,1499.0,394.0,1499.0,439.0
278,11.080,22,person,0.3557,152,314,187,388,169.5,351.0,169.5,388.0
278,11.080,23,person,0.2997,657,329,707,414,682.0,371.5,682.0,414.0
278,11.080,24,person,0.2503,761,201,786,264,773.5,232.5,773.5,264.0
279,11.120,1,person,0.8217,535,439,573,546,554.0,492.5,554.0,546.0
279,11.120,2,person,0.7929,894,959,954,1080,924.0,1019.5,924.0,1080.0
279,11.120,3,person,0.7867,12,330,57,418,34.5,374.0,34.5,418.0
279,11.120,4,person,0.7778,1478,972,1560,1079,1519.0,1025.5,1519.0,1079.0
279,11.120,5,person,0.7755,1228,636,1269,779,1248.5,707.5,1248.5,779.0
279,11.120,6,person,0.7539,696,346,739,430,717.5,388.0,717.5,430.0
279,11.120,7,person,0.7335,1487,683,1543,818,1515.0,750.5,1515.0,818.0
279,11.120,8,person,0.7316,340,982,410,1080,375.0,1031.0,375.0,1080.0
279,11.120,9,person,0.6904,1446,513,1494,625,1470.0,569.0,1470.0,625.0
279,11.120,10,person,0.6407,655,324,692,403,673.5,363.5,673.5,403.0
279,11.120,11,person,0.5981,8,820,102,980,55.0,900.0,55.0,980.0
279,11.120,12,person,0.5955,356,274,386,340,371.0,307.0,371.0,340.0
279,11.120,13,person,0.5941,878,291,913,364,895.5,327.5,895.5,364.0
279,11.120,14,person,0.5847,1672,323,1712,397,1692.0,360.0,1692.0,397.0
279,11.120,15,person,0.5801,7,756,100,979,53.5,867.5,53.5,979.0
279,11.120,16,person,0.5656,1734,406,1781,497,1757.5,451.5,1757.5,497.0
279,11.120,17,person,0.5548,965,268,996,342,980.5,305.0,980.5,342.0
279,11.120,18,person,0.5354,1577,422,1617,502,1597.0,462.0,1597.0,502.0
279,11.120,19,person,0.5029,1461,349,1511,435,1486.0,392.0,1486.0,435.0
279,11.120,20,person,0.4920,1155,247,1180,309,1167.5,278.0,1167.5,309.0
279,11.120,21,person,0.4885,138,314,191,390,164.5,352.0,164.5,390.0
279,11.120,22,person,0.4284,1536,290,1576,371,1556.0,330.5,1556.0,371.0
279,11.120,23,person,0.3560,142,314,180,387,161.0,350.5,161.0,387.0
279,11.120,24,person,0.3016,1150,248,1182,316,1166.0,282.0,1166.0,316.0
279,11.120,25,person,0.2580,14,753,82,897,48.0,825.0,48.0,897.0
279,11.120,26,person,0.2537,1574,423,1621,548,1597.5,485.5,1597.5,548.0
279,11.120,27,person,0.2520,752,203,777,262,764.5,232.5,764.5,262.0
280,11.160,1,person,0.7999,334,986,405,1080,369.5,1033.0,369.5,1080.0
280,11.160,2,person,0.7932,1472,973,1558,1079,1515.0,1026.0,1515.0,1079.0
280,11.160,3,person,0.7634,1490,686,1544,821,1517.0,753.5,1517.0,821.0
280,11.160,4,person,0.7538,530,442,567,545,548.5,493.5,548.5,545.0
280,11.160,5,person,0.7517,889,960,949,1080,919.0,1020.0,919.0,1080.0
280,11.160,6,person,0.7492,1226,648,1263,779,1244.5,713.5,1244.5,779.0
280,11.160,7,person,0.6985,1568,425,1607,500,1587.5,462.5,1587.5,500.0
280,11.160,8,person,0.6677,1445,513,1489,632,1467.0,572.5,1467.0,632.0
280,11.160,9,person,0.6635,1667,326,1703,400,1685.0,363.0,1685.0,400.0
280,11.160,10,person,0.6586,684,349,735,432,709.5,390.5,709.5,432.0
280,11.160,11,person,0.6374,870,291,901,361,885.5,326.0,885.5,361.0
280,11.160,12,person,0.6175,649,325,679,408,664.0,366.5,664.0,408.0
280,11.160,13,person,0.6058,1731,406,1774,503,1752.5,454.5,1752.5,503.0
280,11.160,14,person,0.6035,2,333,47,413,24.5,373.0,24.5,413.0
280,11.160,15,person,0.6004,957,266,991,342,974.0,304.0,974.0,342.0
280,11.160,16,person,0.5562,1147,248,1172,312,1159.5,280.0,1159.5,312.0
280,11.160,17,person,0.5279,347,275,376,348,361.5,311.5,361.5,348.0
280,11.160,18,person,0.5040,8,756,74,891,41.0,823.5,41.0,891.0
280,11.160,19,person,0.4923,687,348,724,421,705.5,384.5,705.5,421.0
280,11.160,20,person,0.4897,131,315,167,387,149.0,351.0,149.0,387.0
280,11.160,21,person,0.3589,647,322,687,415,667.0,368.5,667.0,415.0
280,11.160,22,person,0.3184,1526,288,1570,372,1548.0,330.0,1548.0,372.0
280,11.160,23,person,0.3089,743,204,770,262,756.5,233.0,756.5,262.0
280,11.160,24,person,0.2882,1458,349,1505,432,1481.5,390.5,1481.5,432.0
280,11.160,25,person,0.2526,1464,348,1496,422,1480.0,385.0,1480.0,422.0
281,11.200,1,person,0.8009,1466,975,1556,1079,1511.0,1027.0,1511.0,1079.0
281,11.200,2,person,0.7975,330,988,399,1080,364.5,1034.0,364.5,1080.0
281,11.200,3,person,0.7488,524,439,563,546,543.5,492.5,543.5,546.0
281,11.200,4,person,0.7286,642,322,671,408,656.5,365.0,656.5,408.0
281,11.200,5,person,0.7264,885,964,945,1080,915.0,1022.0,915.0,1080.0
281,11.200,6,person,0.7250,1493,687,1544,825,1518.5,756.0,1518.5,825.0
281,11.200,7,person,0.7124,1220,647,1261,780,1240.5,713.5,1240.5,780.0
281,11.200,8,person,0.6813,1726,406,1770,502,1748.0,454.0,1748.0,502.0
281,11.200,9,person,0.6777,951,269,982,342,966.5,305.5,966.5,342.0
281,11.200,10,person,0.6598,1443,514,1485,641,1464.0,577.5,1464.0,641.0
281,11.200,11,person,0.6591,1663,326,1695,403,1679.0,364.5,1679.0,403.0
281,11.200,12,person,0.5850,669,359,714,441,691.5,400.0,691.5,441.0
281,11.200,13,person,0.5562,1557,425,1594,505,1575.5,465.0,1575.5,505.0
281,11.200,14,person,0.5507,866,295,895,365,880.5,330.0,880.5,365.0
281,11.200,15,person,0.5328,340,275,368,339,354.0,307.0,354.0,339.0
281,11.200,16,person,0.4777,1522,289,1563,370,1542.5,329.5,1542.5,370.0
281,11.200,17,person,0.4740,122,314,151,386,136.5,350.0,136.5,386.0
281,11.200,18,person,0.4695,0,337,33,412,16.5,374.5,16.5,412.0
281,11.200,19,person,0.4330,1135,246,1168,321,1151.5,283.5,1151.5,321.0
281,11.200,20,person,0.4322,1,757,59,890,30.0,823.5,30.0,890.0
281,11.200,21,person,0.3895,1444,352,1499,430,1471.5,391.0,1471.5,430.0
281,11.200,22,person,0.3689,672,353,708,415,690.0,384.0,690.0,415.0
281,11.200,23,person,0.3099,669,357,730,443,699.5,400.0,699.5,443.0
281,11.200,24,person,0.2884,1453,351,1489,422,1471.0,386.5,1471.0,422.0
282,11.240,1,person,0.7767,1462,978,1552,1079,1507.0,1028.5,1507.0,1079.0
282,11.240,2,person,0.7741,516,439,556,545,536.0,492.0,536.0,545.0
282,11.240,3,person,0.7354,1495,692,1546,826,1520.5,759.0,1520.5,826.0
282,11.240,4,person,0.7111,881,966,943,1080,912.0,1023.0,912.0,1080.0
282,11.240,5,person,0.6994,1214,647,1258,780,1236.0,713.5,1236.0,780.0
282,11.240,6,person,0.6969,1544,426,1591,514,1567.5,470.0,1567.5,514.0
282,11.240,7,person,0.6857,323,991,393,1080,358.0,1035.5,358.0,1080.0
282,11.240,8,person,0.6535,1721,408,1767,500,1744.0,454.0,1744.0,500.0
282,11.240,9,person,0.6314,943,271,972,342,957.5,306.5,957.5,342.0
282,11.240,10,person,0.6260,1437,520,1479,642,1458.0,581.0,1458.0,642.0
282,11.240,11,person,0.5872,0,329,27,413,13.5,371.0,13.5,413.0
282,11.240,12,person,0.5811,1656,325,1688,403,1672.0,364.0,1672.0,403.0
282,11.240,13,person,0.5715,1125,248,1161,312,1143.0,280.0,1143.0,312.0
282,11.240,14,person,0.5179,1116,248,1163,319,1139.5,283.5,1139.5,319.0
282,11.240,15,person,0.5106,656,353,698,440,677.0,396.5,677.0,440.0
282,11.240,16,person,0.5095,1439,352,1491,433,1465.0,392.5,1465.0,433.0
282,11.240,17,person,0.5042,1518,289,1557,370,1537.5,329.5,1537.5,370.0
282,11.240,18,person,0.4964,110,315,143,390,126.5,352.5,126.5,390.0
282,11.240,19,person,0.4411,329,275,359,343,344.0,309.0,344.0,343.0
282,11.240,20,person,0.4228,631,322,663,422,647.0,372.0,647.0,422.0
282,11.240,21,person,0.4022,641,340,698,441,669.5,390.5,669.5,441.0
282,11.240,22,person,0.3532,1441,352,1477,427,1459.0,389.5,1459.0,427.0
282,11.240,23,person,0.3269,860,294,888,347,874.0,320.5,874.0,347.0
282,11.240,24,person,0.3087,633,321,694,440,663.5,380.5,663.5,440.0
282,11.240,25,person,0.3083,630,320,671,435,650.5,377.5,650.5,435.0
282,11.240,26,person,0.2729,0,758,34,868,17.0,813.0,17.0,868.0
282,11.240,27,person,0.2602,0,835,60,978,30.0,906.5,30.0,978.0
283,11.280,1,person,0.8198,1493,696,1550,831,1521.5,763.5,1521.5,831.0
283,11.280,2,person,0.7568,878,969,941,1080,909.5,1024.5,909.5,1080.0
283,11.280,3,person,0.7486,512,439,547,543,529.5,491.0,529.5,543.0
283,11.280,4,person,0.7335,1210,646,1254,781,1232.0,713.5,1232.0,781.0
283,11.280,5,person,0.7324,1457,978,1551,1079,1504.0,1028.5,1504.0,1079.0
283,11.280,6,person,0.7175,935,271,967,344,951.0,307.5,951.0,344.0
283,11.280,7,person,0.7159,1647,324,1684,404,1665.5,364.0,1665.5,404.0
283,11.280,8,person,0.7073,1529,432,1580,517,1554.5,474.5,1554.5,517.0
283,11.280,9,person,0.6697,1720,407,1764,502,1742.0,454.5,1742.0,502.0
283,11.280,10,person,0.5894,1433,523,1478,636,1455.5,579.5,1455.5,636.0
283,11.280,11,person,0.5758,319,276,349,338,334.0,307.0,334.0,338.0
283,11.280,12,person,0.5695,1513,289,1548,367,1530.5,328.0,1530.5,367.0
283,11.280,13,person,0.5053,1122,245,1158,313,1140.0,279.0,1140.0,313.0
283,11.280,14,person,0.5004,1114,247,1160,319,1137.0,283.0,1137.0,319.0
283,11.280,15,person,0.4741,1435,352,1479,435,1457.0,393.5,1457.0,435.0
283,11.280,16,person,0.4577,0,329,14,410,7.0,369.5,7.0,410.0
283,11.280,17,person,0.4516,650,352,685,438,667.5,395.0,667.5,438.0
283,11.280,18,person,0.4436,853,298,883,341,868.0,319.5,868.0,341.0
283,11.280,19,person,0.4425,100,316,133,396,116.5,356.0,116.5,396.0
283,11.280,20,person,0.3969,724,204,749,267,736.5,235.5,736.5,267.0
283,11.280,21,person,0.3688,319,995,388,1080,353.5,1037.5,353.5,1080.0
283,11.280,22,person,0.3601,102,317,128,374,115.0,345.5,115.0,374.0
283,11.280,23,person,0.3456,0,750,64,986,32.0,868.0,32.0,986.0
283,11.280,24,person,0.3191,1438,352,1470,429,1454.0,390.5,1454.0,429.0
283,11.280,25,person,0.3173,626,320,679,440,652.5,380.0,652.5,440.0
283,11.280,26,person,0.3095,625,322,654,405,639.5,363.5,639.5,405.0
283,11.280,27,person,0.3089,0,754,31,907,15.5,830.5,15.5,907.0
284,11.320,1,person,0.8500,1493,698,1556,834,1524.5,766.0,1524.5,834.0
284,11.320,2,person,0.7978,1205,646,1251,785,1228.0,715.5,1228.0,785.0
284,11.320,3,person,0.7903,507,440,543,544,525.0,492.0,525.0,544.0
284,11.320,4,person,0.7502,1642,325,1678,402,1660.0,363.5,1660.0,402.0
284,11.320,5,person,0.7400,876,970,938,1080,907.0,1025.0,907.0,1080.0
284,11.320,6,person,0.7266,1454,976,1547,1079,1500.5,1027.5,1500.5,1079.0
284,11.320,7,person,0.7193,1522,435,1570,524,1546.0,479.5,1546.0,524.0
284,11.320,8,person,0.7144,1422,526,1476,665,1449.0,595.5,1449.0,665.0
284,11.320,9,person,0.7063,928,272,960,343,944.0,307.5,944.0,343.0
284,11.320,10,person,0.6522,1719,405,1759,504,1739.0,454.5,1739.0,504.0
284,11.320,11,person,0.6081,314,996,384,1080,349.0,1038.0,349.0,1080.0
284,11.320,12,person,0.6062,314,277,342,343,328.0,310.0,328.0,343.0
284,11.320,13,person,0.5689,846,301,875,364,860.5,332.5,860.5,364.0
284,11.320,14,person,0.5276,1428,352,1467,433,1447.5,392.5,1447.5,433.0
284,11.320,15,person,0.5228,1508,289,1541,368,1524.5,328.5,1524.5,368.0
284,11.320,16,person,0.4688,1113,247,1154,314,1133.5,280.5,1133.5,314.0
284,11.320,17,person,0.4465,617,322,678,447,647.5,384.5,647.5,447.0
284,11.320,18,person,0.3623,627,356,681,447,654.0,401.5,654.0,447.0
284,11.320,19,person,0.3611,88,316,123,391,105.5,353.5,105.5,391.0
284,11.320,20,person,0.3582,0,806,50,992,25.0,899.0,25.0,992.0
284,11.320,21,person,0.3577,719,204,741,255,730.0,229.5,730.0,255.0
284,11.320,22,person,0.2917,90,315,118,379,104.0,347.0,104.0,379.0
284,11.320,23,person,0.2862,615,322,649,440,632.0,381.0,632.0,440.0
285,11.360,1,person,0.8354,1494,702,1565,839,1529.5,770.5,1529.5,839.0
285,11.360,2,person,0.8138,1198,646,1246,788,1222.0,717.0,1222.0,788.0
285,11.360,3,person,0.7648,1518,437,1560,526,1539.0,481.5,1539.0,526.0
285,11.360,4,person,0.7542,1418,532,1475,672,1446.5,602.0,1446.5,672.0
285,11.360,5,person,0.7510,872,973,935,1080,903.5,1026.5,903.5,1080.0
285,11.360,6,person,0.7171,1449,979,1547,1079,1498.0,1029.0,1498.0,1079.0
285,11.360,7,person,0.7007,1633,325,1670,402,1651.5,363.5,1651.5,402.0
285,11.360,8,person,0.6999,500,441,538,541,519.0,491.0,519.0,541.0
285,11.360,9,person,0.6931,918,272,953,349,935.5,310.5,935.5,349.0
285,11.360,10,person,0.6772,310,999,378,1080,344.0,1039.5,344.0,1080.0
285,11.360,11,person,0.6338,1717,403,1758,506,1737.5,454.5,1737.5,506.0
285,11.360,12,person,0.6292,843,302,869,355,856.0,328.5,856.0,355.0
285,11.360,13,person,0.5205,1421,350,1452,435,1436.5,392.5,1436.5,435.0
285,11.360,14,person,0.4840,306,277,334,339,320.0,308.0,320.0,339.0
285,11.360,15,person,0.4820,610,324,668,448,639.0,386.0,639.0,448.0
285,11.360,16,person,0.4800,1110,246,1146,311,1128.0,278.5,1128.0,311.0
285,11.360,17,person,0.4634,1507,288,1531,371,1519.0,329.5,1519.0,371.0
285,11.360,18,person,0.4396,77,311,116,398,96.5,354.5,96.5,398.0
285,11.360,19,person,0.3620,78,314,106,375,92.0,344.5,92.0,375.0
285,11.360,20,person,0.3016,838,302,868,371,853.0,336.5,853.0,371.0
285,11.360,21,person,0.2651,609,323,650,421,629.5,372.0,629.5,421.0
286,11.400,1,person,0.7978,1194,649,1243,789,1218.5,719.0,1218.5,789.0
286,11.400,2,person,0.7959,1492,707,1568,846,1530.0,776.5,1530.0,846.0
286,11.400,3,person,0.7471,1447,980,1546,1080,1496.5,1030.0,1496.5,1080.0
286,11.400,4,person,0.7417,870,974,933,1080,901.5,1027.0,901.5,1080.0
286,11.400,5,person,0.7415,1415,537,1470,667,1442.5,602.0,1442.5,667.0
286,11.400,6,person,0.7367,494,440,531,540,512.5,490.0,512.5,540.0
286,11.400,7,person,0.7016,305,1000,374,1080,339.5,1040.0,339.5,1080.0
286,11.400,8,person,0.6902,837,300,863,367,850.0,333.5,850.0,367.0
286,11.400,9,person,0.6728,1622,327,1666,401,1644.0,364.0,1644.0,401.0
286,11.400,10,person,0.6637,602,327,658,448,630.0,387.5,630.0,448.0
286,11.400,11,person,0.6450,910,274,945,346,927.5,310.0,927.5,346.0
286,11.400,12,person,0.6348,1513,443,1549,526,1531.0,484.5,1531.0,526.0
286,11.400,13,person,0.6245,1717,404,1755,506,1736.0,455.0,1736.0,506.0
286,11.400,14,person,0.6136,66,315,108,398,87.0,356.5,87.0,398.0
286,11.400,15,person,0.5703,1107,249,1136,311,1121.5,280.0,1121.5,311.0
286,11.400,16,person,0.5193,296,276,325,342,310.5,309.0,310.5,342.0
286,11.400,17,person,0.4408,1497,286,1528,369,1512.5,327.5,1512.5,369.0
286,11.400,18,person,0.4117,1413,350,1446,434,1429.5,392.0,1429.5,434.0
286,11.400,19,person,0.3809,705,202,728,265,716.5,233.5,716.5,265.0
287,11.440,1,person,0.7925,900,272,943,348,921.5,310.0,921.5,348.0
287,11.440,2,person,0.7799,488,440,528,543,508.0,491.5,508.0,543.0
287,11.440,3,person,0.7789,1487,709,1566,853,1526.5,781.0,1526.5,853.0
287,11.440,4,person,0.7734,1188,647,1241,787,1214.5,717.0,1214.5,787.0
287,11.440,5,person,0.7691,867,976,930,1080,898.5,1028.0,898.5,1080.0
287,11.440,6,person,0.7258,1410,537,1465,667,1437.5,602.0,1437.5,667.0
287,11.440,7,person,0.7099,1438,983,1541,1080,1489.5,1031.5,1489.5,1080.0
287,11.440,8,person,0.6952,1500,442,1543,524,1521.5,483.0,1521.5,524.0
287,11.440,9,person,0.6821,1613,326,1664,405,1638.5,365.5,1638.5,405.0
287,11.440,10,person,0.6667,302,1001,369,1079,335.5,1040.0,335.5,1079.0
287,11.440,11,person,0.6651,589,332,649,452,619.0,392.0,619.0,452.0
287,11.440,12,person,0.6451,1715,405,1754,508,1734.5,456.5,1734.5,508.0
287,11.440,13,person,0.5957,291,275,318,341,304.5,308.0,304.5,341.0
287,11.440,14,person,0.5835,829,300,855,369,842.0,334.5,842.0,369.0
287,11.440,15,person,0.5730,53,314,101,409,77.0,361.5,77.0,409.0
287,11.440,16,person,0.5714,1100,245,1130,316,1115.0,280.5,1115.0,316.0
287,11.440,17,person,0.4121,1491,286,1523,370,1507.0,328.0,1507.0,370.0
287,11.440,18,person,0.4110,56,316,93,401,74.5,358.5,74.5,401.0
287,11.440,19,person,0.3969,699,204,723,263,711.0,233.5,711.0,263.0
287,11.440,20,person,0.3812,1401,349,1444,433,1422.5,391.0,1422.5,433.0
287,11.440,21,person,0.2959,1404,349,1434,423,1419.0,386.0,1419.0,423.0
287,11.440,22,person,0.2676,594,326,626,375,610.0,350.5,610.0,375.0
288,11.480,1,person,0.8442,1183,647,1238,789,1210.5,718.0,1210.5,789.0
288,11.480,2,person,0.7962,480,443,524,543,502.0,493.0,502.0,543.0
288,11.480,3,person,0.7667,864,977,927,1080,895.5,1028.5,895.5,1080.0
288,11.480,4,person,0.7612,895,275,941,348,918.0,311.5,918.0,348.0
288,11.480,5,person,0.7575,1486,712,1569,856,1527.5,784.0,1527.5,856.0
288,11.480,6,person,0.7382,1496,444,1535,526,1515.5,485.0,1515.5,526.0
288,11.480,7,person,0.6689,1612,329,1659,404,1635.5,366.5,1635.5,404.0
288,11.480,8,person,0.6581,1433,984,1539,1080,1486.0,1032.0,1486.0,1080.0
288,11.480,9,person,0.6580,584,331,634,449,609.0,390.0,609.0,449.0
288,11.480,10,person,0.6215,283,274,310,341,296.5,307.5,296.5,341.0
288,11.480,11,person,0.6148,1715,404,1752,506,1733.5,455.0,1733.5,506.0
288,11.480,12,person,0.6004,295,1003,365,1080,330.0,1041.5,330.0,1080.0
288,11.480,13,person,0.5825,1408,541,1460,665,1434.0,603.0,1434.0,665.0
288,11.480,14,person,0.5450,1099,246,1123,313,1111.0,279.5,1111.0,313.0
288,11.480,15,person,0.5376,1477,285,1527,371,1502.0,328.0,1502.0,371.0
288,11.480,16,person,0.5341,43,314,91,398,67.0,356.0,67.0,398.0
288,11.480,17,person,0.5049,825,301,851,373,838.0,337.0,838.0,373.0
288,11.480,18,person,0.4963,1390,352,1435,433,1412.5,392.5,1412.5,433.0
288,11.480,19,person,0.3979,693,207,715,266,704.0,236.5,704.0,266.0
288,11.480,20,person,0.3189,45,314,77,394,61.0,354.0,61.0,394.0
289,11.520,1,person,0.8252,1177,651,1234,789,1205.5,720.0,1205.5,789.0
289,11.520,2,person,0.7917,568,332,636,453,602.0,392.5,602.0,453.0
289,11.520,3,person,0.7834,1494,716,1571,855,1532.5,785.5,1532.5,855.0
289,11.520,4,person,0.7746,862,978,925,1080,893.5,1029.0,893.5,1080.0
289,11.520,5,person,0.7542,473,443,517,546,495.0,494.5,495.0,546.0
289,11.520,6,person,0.7519,1432,987,1539,1080,1485.5,1033.5,1485.5,1080.0
289,11.520,7,person,0.7178,891,276,935,346,913.0,311.0,913.0,346.0
289,11.520,8,person,0.7148,1715,403,1752,505,1733.5,454.0,1733.5,505.0
289,11.520,9,person,0.6980,1613,327,1654,403,1633.5,365.0,1633.5,403.0
289,11.520,10,person,0.6863,1410,544,1456,670,1433.0,607.0,1433.0,670.0
289,11.520,11,person,0.6860,1484,445,1527,524,1505.5,484.5,1505.5,524.0
289,11.520,12,person,0.6643,818,302,847,371,832.5,336.5,832.5,371.0
289,11.520,13,person,0.6493,290,1004,361,1080,325.5,1042.0,325.5,1080.0
289,11.520,14,person,0.5657,273,275,301,340,287.0,307.5,287.0,340.0
289,11.520,15,person,0.5243,1471,286,1524,370,1497.5,328.0,1497.5,370.0
289,11.520,16,person,0.4951,1377,350,1434,435,1405.5,392.5,1405.5,435.0
289,11.520,17,person,0.4705,30,314,83,401,56.5,357.5,56.5,401.0
289,11.520,18,person,0.3632,1088,245,1117,316,1102.5,280.5,1102.5,316.0
290,11.560,1,person,0.8163,1174,650,1227,791,1200.5,720.5,1200.5,791.0
290,11.560,2,person,0.8155,1499,712,1574,857,1536.5,784.5,1536.5,857.0
290,11.560,3,person,0.7922,860,981,923,1080,891.5,1030.5,891.5,1080.0
290,11.560,4,person,0.7907,466,441,514,549,490.0,495.0,490.0,549.0
290,11.560,5,person,0.7744,1473,445,1522,535,1497.5,490.0,1497.5,535.0
290,11.560,6,person,0.7481,885,275,926,345,905.5,310.0,905.5,345.0
290,11.560,7,person,0.7339,564,330,623,459,593.5,394.5,593.5,459.0
290,11.560,8,person,0.7144,1430,987,1538,1080,1484.0,1033.5,1484.0,1080.0
290,11.560,9,person,0.7127,1412,545,1456,679,1434.0,612.0,1434.0,679.0
290,11.560,10,person,0.7061,286,1006,354,1080,320.0,1043.0,320.0,1080.0
290,11.560,11,person,0.6943,1713,405,1751,506,1732.0,455.5,1732.0,506.0
290,11.560,12,person,0.6857,1370,351,1427,434,1398.5,392.5,1398.5,434.0
290,11.560,13,person,0.6661,1611,329,1648,402,1629.5,365.5,1629.5,402.0
290,11.560,14,person,0.6281,267,275,295,338,281.0,306.5,281.0,338.0
290,11.560,15,person,0.5862,812,306,841,369,826.5,337.5,826.5,369.0
290,11.560,16,person,0.5542,1082,245,1112,320,1097.0,282.5,1097.0,320.0
290,11.560,17,person,0.4258,1471,287,1516,371,1493.5,329.0,1493.5,371.0
290,11.560,18,person,0.3630,1378,350,1417,429,1397.5,389.5,1397.5,429.0
290,11.560,19,person,0.3404,682,207,704,263,693.0,235.0,693.0,263.0
290,11.560,20,person,0.3336,22,316,63,403,42.5,359.5,42.5,403.0
291,11.600,1,person,0.8445,1513,713,1578,860,1545.5,786.5,1545.5,860.0
291,11.600,2,person,0.8082,559,328,614,457,586.5,392.5,586.5,457.0
291,11.600,3,person,0.7956,462,444,513,548,487.5,496.0,487.5,548.0
291,11.600,4,person,0.7718,857,983,920,1080,888.5,1031.5,888.5,1080.0
291,11.600,5,person,0.7618,1170,651,1224,788,1197.0,719.5,1197.0,788.0
291,11.600,6,person,0.7556,1464,448,1517,539,1490.5,493.5,1490.5,539.0
291,11.600,7,person,0.7374,882,275,917,344,899.5,309.5,899.5,344.0
291,11.600,8,person,0.7056,1428,989,1537,1080,1482.5,1034.5,1482.5,1080.0
291,11.600,9,person,0.6915,1711,407,1750,507,1730.5,457.0,1730.5,507.0
291,11.600,10,person,0.6532,283,1011,350,1079,316.5,1045.0,316.5,1079.0
291,11.600,11,person,0.6526,261,272,288,339,274.5,305.5,274.5,339.0
291,11.600,12,person,0.6146,1408,547,1463,690,1435.5,618.5,1435.5,690.0
291,11.600,13,person,0.5771,1368,349,1418,470,1393.0,409.5,1393.0,470.0
291,11.600,14,person,0.5469,1070,243,1110,319,1090.0,281.0,1090.0,319.0
291,11.600,15,person,0.5172,1369,351,1417,437,1393.0,394.0,1393.0,437.0
291,11.600,16,person,0.5151,1607,331,1641,405,1624.0,368.0,1624.0,405.0
291,11.600,17,person,0.4899,805,305,835,380,820.0,342.5,820.0,380.0
291,11.600,18,person,0.4332,17,318,54,401,35.5,359.5,35.5,401.0
291,11.600,19,person,0.4213,675,207,701,261,688.0,234.0,688.0,261.0
291,11.600,20,person,0.3473,1469,290,1517,375,1493.0,332.5,1493.0,375.0
291,11.600,21,person,0.3317,18,316,47,394,32.5,355.0,32.5,394.0
292,11.640,1,person,0.8082,459,443,509,547,484.0,495.0,484.0,547.0
292,11.640,2,person,0.7786,551,327,600,463,575.5,395.0,575.5,463.0
292,11.640,3,person,0.7765,1165,646,1227,790,1196.0,718.0,1196.0,790.0
292,11.640,4,person,0.7463,1523,712,1581,860,1552.0,786.0,1552.0,860.0
292,11.640,5,person,0.7454,853,984,920,1080,886.5,1032.0,886.5,1080.0
292,11.640,6,person,0.7263,1712,405,1751,507,1731.5,456.0,1731.5,507.0
292,11.640,7,person,0.7170,877,271,909,345,893.0,308.0,893.0,345.0
292,11.640,8,person,0.6984,1455,447,1506,542,1480.5,494.5,1480.5,542.0
292,11.640,9,person,0.6798,1428,991,1536,1080,1482.0,1035.5,1482.0,1080.0
292,11.640,10,person,0.6353,280,1012,348,1080,314.0,1046.0,314.0,1080.0
292,11.640,11,person,0.6090,1402,549,1451,685,1426.5,617.0,1426.5,685.0
292,11.640,12,person,0.5850,1606,326,1642,403,1624.0,364.5,1624.0,403.0
292,11.640,13,person,0.5719,1466,289,1508,372,1487.0,330.5,1487.0,372.0
292,11.640,14,person,0.5440,251,272,282,346,266.5,309.0,266.5,346.0
292,11.640,15,person,0.5189,1366,347,1406,439,1386.0,393.0,1386.0,439.0
292,11.640,16,person,0.4937,798,309,832,382,815.0,345.5,815.0,382.0
292,11.640,17,person,0.4770,1072,241,1105,314,1088.5,277.5,1088.5,314.0
292,11.640,18,person,0.4565,6,319,46,403,26.0,361.0,26.0,403.0
292,11.640,19,person,0.4127,670,208,694,261,682.0,234.5,682.0,261.0
293,11.680,1,person,0.8232,1528,714,1584,863,1556.0,788.5,1556.0,863.0
293,11.680,2,person,0.7872,455,444,500,544,477.5,494.0,477.5,544.0
293,11.680,3,person,0.7709,1161,643,1218,788,1189.5,715.5,1189.5,788.0
293,11.680,4,person,0.7425,851,987,919,1080,885.0,1033.5,885.0,1080.0
293,11.680,5,person,0.7339,1711,406,1751,508,1731.0,457.0,1731.0,508.0
293,11.680,6,person,0.7276,1603,326,1641,409,1622.0,367.5,1622.0,409.0
293,11.680,7,person,0.7041,1429,993,1535,1079,1482.0,1036.0,1482.0,1079.0
293,11.680,8,person,0.6774,544,326,586,459,565.0,392.5,565.0,459.0
293,11.680,9,person,0.6684,1451,452,1498,556,1474.5,504.0,1474.5,556.0
293,11.680,10,person,0.6273,872,272,902,348,887.0,310.0,887.0,348.0
293,11.680,11,person,0.6272,1466,289,1503,369,1484.5,329.0,1484.5,369.0
293,11.680,12,person,0.6152,1400,545,1447,668,1423.5,606.5,1423.5,668.0
293,11.680,13,person,0.6137,279,1012,343,1080,311.0,1046.0,311.0,1080.0
293,11.680,14,person,0.5666,2,316,35,404,18.5,360.0,18.5,404.0
293,11.680,15,person,0.5173,247,276,272,341,259.5,308.5,259.5,341.0
293,11.680,16,person,0.4249,1362,349,1391,430,1376.5,389.5,1376.5,430.0
293,11.680,17,person,0.4043,1071,241,1102,310,1086.5,275.5,1086.5,310.0
293,11.680,18,person,0.3883,798,311,824,382,811.0,346.5,811.0,382.0
293,11.680,19,person,0.2894,662,205,691,263,676.5,234.0,676.5,263.0
294,11.720,1,person,0.7856,1156,643,1211,785,1183.5,714.0,1183.5,785.0
294,11.720,2,person,0.7720,449,440,491,546,470.0,493.0,470.0,546.0
294,11.720,3,person,0.7502,1448,455,1491,555,1469.5,505.0,1469.5,555.0
294,11.720,4,person,0.7457,1531,719,1589,872,1560.0,795.5,1560.0,872.0
294,11.720,5,person,0.7454,1712,406,1751,507,1731.5,456.5,1731.5,507.0
294,11.720,6,person,0.7099,1396,546,1441,669,1418.5,607.5,1418.5,669.0
294,11.720,7,person,0.6977,849,988,916,1080,882.5,1034.0,882.5,1080.0
294,11.720,8,person,0.6758,536,323,584,460,560.0,391.5,560.0,460.0
294,11.720,9,person,0.6593,238,274,265,342,251.5,308.0,251.5,342.0
294,11.720,10,person,0.6518,868,272,896,347,882.0,309.5,882.0,347.0
294,11.720,11,person,0.6286,1599,327,1638,411,1618.5,369.0,1618.5,411.0
294,11.720,12,person,0.6208,1425,994,1536,1080,1480.5,1037.0,1480.5,1080.0
294,11.720,13,person,0.6134,276,1016,339,1080,307.5,1048.0,307.5,1080.0
294,11.720,14,person,0.5640,1356,349,1385,432,1370.5,390.5,1370.5,432.0
294,11.720,15,person,0.4362,1466,287,1497,369,1481.5,328.0,1481.5,369.0
294,11.720,16,person,0.4339,536,349,578,460,557.0,404.5,557.0,460.0
294,11.720,17,person,0.4213,794,309,822,386,808.0,347.5,808.0,386.0
294,11.720,18,person,0.3755,0,311,21,406,10.5,358.5,10.5,406.0
294,11.720,19,person,0.3014,1065,241,1098,309,1081.5,275.0,1081.5,309.0
295,11.760,1,person,0.7962,1534,723,1596,876,1565.0,799.5,1565.0,876.0
295,11.760,2,person,0.7850,1154,641,1206,785,1180.0,713.0,1180.0,785.0
295,11.760,3,person,0.7649,444,441,481,545,462.5,493.0,462.5,545.0
295,11.760,4,person,0.7584,1712,405,1751,506,1731.5,455.5,1731.5,506.0
295,11.760,5,person,0.7223,1392,548,1439,668,1415.5,608.0,1415.5,668.0
295,11.760,6,person,0.7173,1444,460,1484,554,1464.0,507.0,1464.0,554.0
295,11.760,7,person,0.7104,1596,327,1637,409,1616.5,368.0,1616.5,409.0
295,11.760,8,person,0.6734,848,992,912,1079,880.0,1035.5,880.0,1079.0
295,11.760,9,person,0.6598,864,269,894,347,879.0,308.0,879.0,347.0
295,11.760,10,person,0.6541,1426,995,1537,1079,1481.5,1037.0,1481.5,1079.0
295,11.760,11,person,0.5997,1060,244,1094,309,1077.0,276.5,1077.0,309.0
295,11.760,12,person,0.5687,230,274,259,338,244.5,306.0,244.5,338.0
295,11.760,13,person,0.5603,272,1019,334,1080,303.0,1049.5,303.0,1080.0
295,11.760,14,person,0.5160,1343,346,1381,436,1362.0,391.0,1362.0,436.0
295,11.760,15,person,0.4421,1463,284,1494,369,1478.5,326.5,1478.5,369.0
295,11.760,16,person,0.3953,526,378,560,462,543.0,420.0,543.0,462.0
295,11.760,17,person,0.3630,789,309,818,383,803.5,346.0,803.5,383.0
295,11.760,18,person,0.3353,654,203,681,262,667.5,232.5,667.5,262.0
295,11.760,19,person,0.2950,524,319,573,463,548.5,391.0,548.5,463.0
296,11.800,1,person,0.8305,1536,724,1604,883,1570.0,803.5,1570.0,883.0
296,11.800,2,person,0.7787,1151,636,1199,782,1175.0,709.0,1175.0,782.0
296,11.800,3,person,0.7338,1592,329,1635,410,1613.5,369.5,1613.5,410.0
296,11.800,4,person,0.7240,437,442,474,547,455.5,494.5,455.5,547.0
296,11.800,5,person,0.7121,1712,407,1752,507,1732.0,457.0,1732.0,507.0
296,11.800,6,person,0.6881,1388,551,1432,666,1410.0,608.5,1410.0,666.0
296,11.800,7,person,0.6751,856,270,890,347,873.0,308.5,873.0,347.0
296,11.800,8,person,0.6612,848,993,911,1079,879.5,1036.0,879.5,1079.0
296,11.800,9,person,0.6227,1420,997,1536,1079,1478.0,1038.0,1478.0,1079.0
296,11.800,10,person,0.5929,1057,244,1088,309,1072.5,276.5,1072.5,309.0
296,11.800,11,person,0.5819,1440,461,1478,555,1459.0,508.0,1459.0,555.0
296,11.800,12,person,0.5581,222,274,249,342,235.5,308.0,235.5,342.0
296,11.800,13,person,0.5435,1336,346,1378,438,1357.0,392.0,1357.0,438.0
296,11.800,14,person,0.5076,266,1020,328,1079,297.0,1049.5,297.0,1079.0
296,11.800,15,person,0.4782,1462,282,1489,372,1475.5,327.0,1475.5,372.0
296,11.800,16,person,0.4526,785,309,814,385,799.5,347.0,799.5,385.0
296,11.800,17,person,0.4228,512,319,563,462,537.5,390.5,537.5,462.0
296,11.800,18,person,0.3792,511,365,551,461,531.0,413.0,531.0,461.0
296,11.800,19,person,0.3673,650,203,674,258,662.0,230.5,662.0,258.0
296,11.800,20,person,0.2941,520,319,574,463,547.0,391.0,547.0,463.0
297,11.840,1,person,0.8234,1538,731,1620,887,1579.0,809.0,1579.0,887.0
297,11.840,2,person,0.8147,1147,636,1196,781,1171.5,708.5,1171.5,781.0
297,11.840,3,person,0.7465,1711,406,1752,507,1731.5,456.5,1731.5,507.0
297,11.840,4,person,0.7126,434,443,468,548,451.0,495.5,451.0,548.0
297,11.840,5,person,0.7050,1591,329,1632,411,1611.5,370.0,1611.5,411.0
297,11.840,6,person,0.7026,1382,549,1429,673,1405.5,611.0,1405.5,673.0
297,11.840,7,person,0.6972,848,270,888,347,868.0,308.5,868.0,347.0
297,11.840,8,person,0.6682,213,271,244,337,228.5,304.0,228.5,337.0
297,11.840,9,person,0.6626,845,993,909,1079,877.0,1036.0,877.0,1079.0
297,11.840,10,person,0.6526,1322,347,1374,435,1348.0,391.0,1348.0,435.0
297,11.840,11,person,0.6397,1429,456,1471,551,1450.0,503.5,1450.0,551.0
297,11.840,12,person,0.6306,1416,999,1534,1079,1475.0,1039.0,1475.0,1079.0
297,11.840,13,person,0.6280,1459,281,1487,367,1473.0,324.0,1473.0,367.0
297,11.840,14,person,0.6035,503,376,547,461,525.0,418.5,525.0,461.0
297,11.840,15,person,0.5787,1056,239,1082,313,1069.0,276.0,1069.0,313.0
297,11.840,16,person,0.5332,646,202,669,261,657.5,231.5,657.5,261.0
297,11.840,17,person,0.4976,263,1022,326,1079,294.5,1050.5,294.5,1079.0
297,11.840,18,person,0.4254,503,362,560,464,531.5,413.0,531.5,464.0
297,11.840,19,person,0.3702,780,307,808,381,794.0,344.0,794.0,381.0
297,11.840,20,person,0.2931,530,323,564,394,547.0,358.5,547.0,394.0
298,11.880,1,person,0.8799,1540,739,1628,888,1584.0,813.5,1584.0,888.0
298,11.880,2,person,0.7670,424,439,462,548,443.0,493.5,443.0,548.0
298,11.880,3,person,0.7602,1423,459,1466,562,1444.5,510.5,1444.5,562.0
298,11.880,4,person,0.7509,1142,637,1190,780,1166.0,708.5,1166.0,780.0
298,11.880,5,person,0.7300,490,373,540,466,515.0,419.5,515.0,466.0
298,11.880,6,person,0.7179,1711,407,1751,505,1731.0,456.0,1731.0,505.0
298,11.880,7,person,0.6967,1317,350,1363,436,1340.0,393.0,1340.0,436.0
298,11.880,8,person,0.6965,1377,551,1426,676,1401.5,613.5,1401.5,676.0
298,11.880,9,person,0.6947,841,993,907,1079,874.0,1036.0,874.0,1079.0
298,11.880,10,person,0.6923,843,273,882,345,862.5,309.0,862.5,345.0
298,11.880,11,person,0.6359,1052,238,1078,308,1065.0,273.0,1065.0,308.0
298,11.880,12,person,0.6300,1589,333,1629,409,1609.0,371.0,1609.0,409.0
298,11.880,13,person,0.6298,1408,999,1527,1079,1467.5,1039.0,1467.5,1079.0
298,11.880,14,person,0.6020,260,1024,322,1080,291.0,1052.0,291.0,1080.0
298,11.880,15,person,0.5249,532,321,560,398,546.0,359.5,546.0,398.0
298,11.880,16,person,0.5142,527,321,551,400,539.0,360.5,539.0,400.0
298,11.880,17,person,0.5037,206,271,237,338,221.5,304.5,221.5,338.0
298,11.880,18,person,0.4703,1452,282,1483,363,1467.5,322.5,1467.5,363.0
298,11.880,19,person,0.3550,641,202,664,260,652.5,231.0,652.5,260.0
298,11.880,20,person,0.2690,774,312,802,366,788.0,339.0,788.0,366.0
299,11.920,1,person,0.8980,1538,744,1636,890,1587.0,817.0,1587.0,890.0
299,11.920,2,person,0.8271,1137,642,1190,785,1163.5,713.5,1163.5,785.0
299,11.920,3,person,0.7376,1711,406,1751,506,1731.0,456.0,1731.0,506.0
299,11.920,4,person,0.7360,419,441,453,548,436.0,494.5,436.0,548.0
299,11.920,5,person,0.7079,479,372,536,465,507.5,418.5,507.5,465.0
299,11.920,6,person,0.7037,837,994,905,1080,871.0,1037.0,871.0,1080.0
299,11.920,7,person,0.6903,1371,552,1419,676,1395.0,614.0,1395.0,676.0
299,11.920,8,person,0.6867,1400,1000,1526,1080,1463.0,1040.0,1463.0,1080.0
299,11.920,9,person,0.6669,840,273,872,344,856.0,308.5,856.0,344.0
299,11.920,10,person,0.6494,1046,236,1073,313,1059.5,274.5,1059.5,313.0
299,11.920,11,person,0.6374,1583,334,1625,408,1604.0,371.0,1604.0,408.0
299,11.920,12,person,0.6205,257,1024,319,1080,288.0,1052.0,288.0,1080.0
299,11.920,13,person,0.6141,1438,282,1482,365,1460.0,323.5,1460.0,365.0
299,11.920,14,person,0.6073,1416,463,1457,564,1436.5,513.5,1436.5,564.0
299,11.920,15,person,0.5995,1317,348,1354,434,1335.5,391.0,1335.5,434.0
299,11.920,16,person,0.5154,522,320,553,402,537.5,361.0,537.5,402.0
299,11.920,17,person,0.4858,198,273,229,342,213.5,307.5,213.5,342.0
299,11.920,18,person,0.4519,483,370,520,463,501.5,416.5,501.5,463.0
299,11.920,19,person,0.3035,636,195,659,259,647.5,227.0,647.5,259.0
299,11.920,20,person,0.2737,1040,232,1075,319,1057.5,275.5,1057.5,319.0
300,11.960,1,person,0.8677,1538,745,1637,896,1587.5,820.5,1587.5,896.0
300,11.960,2,person,0.8401,1127,644,1187,786,1157.0,715.0,1157.0,786.0
300,11.960,3,person,0.7707,1710,405,1750,504,1730.0,454.5,1730.0,504.0
300,11.960,4,person,0.7612,411,442,449,546,430.0,494.0,430.0,546.0
300,11.960,5,person,0.7551,832,274,868,343,850.0,308.5,850.0,343.0
300,11.960,6,person,0.7153,469,373,512,455,490.5,414.0,490.5,455.0
300,11.960,7,person,0.7039,1388,999,1526,1080,1457.0,1039.5,1457.0,1080.0
300,11.960,8,person,0.6340,835,995,900,1080,867.5,1037.5,867.5,1080.0
300,11.960,9,person,0.6300,1366,555,1413,674,1389.5,614.5,1389.5,674.0
300,11.960,10,person,0.6298,1309,346,1346,434,1327.5,390.0,1327.5,434.0
300,11.960,11,person,0.6110,1434,281,1478,366,1456.0,323.5,1456.0,366.0
300,11.960,12,person,0.6081,1406,468,1449,566,1427.5,517.0,1427.5,566.0
300,11.960,13,person,0.6066,468,373,529,459,498.5,416.0,498.5,459.0
300,11.960,14,person,0.5583,193,270,220,337,206.5,303.5,206.5,337.0
300,11.960,15,person,0.5576,1040,235,1069,310,1054.5,272.5,1054.5,310.0
300,11.960,16,person,0.5522,1576,337,1619,405,1597.5,371.0,1597.5,405.0
300,11.960,17,person,0.5491,254,1025,315,1080,284.5,1052.5,284.5,1080.0
300,11.960,18,person,0.5107,518,325,546,397,532.0,361.0,532.0,397.0
300,11.960,19,person,0.4120,767,314,792,403,779.5,358.5,779.5,403.0
300,11.960,20,person,0.3055,629,196,654,252,641.5,224.0,641.5,252.0
301,12.000,1,person,0.8502,1534,746,1636,897,1585.0,821.5,1585.0,897.0
301,12.000,2,person,0.8392,1113,648,1181,786,1147.0,717.0,1147.0,786.0
301,12.000,3,person,0.7846,1709,406,1748,505,1728.5,455.5,1728.5,505.0
301,12.000,4,person,0.7740,403,443,444,543,423.5,493.0,423.5,543.0
301,12.000,5,person,0.7676,1380,998,1525,1080,1452.5,1039.0,1452.5,1080.0
301,12.000,6,person,0.7326,827,272,861,343,844.0,307.5,844.0,343.0
301,12.000,7,person,0.7121,1299,346,1337,433,1318.0,389.5,1318.0,433.0
301,12.000,8,person,0.6190,833,995,898,1080,865.5,1037.5,865.5,1080.0
301,12.000,9,person,0.6051,1382,470,1443,586,1412.5,528.0,1412.5,586.0
301,12.000,10,person,0.5806,1033,234,1062,311,1047.5,272.5,1047.5,311.0
301,12.000,11,person,0.5584,510,327,536,405,523.0,366.0,523.0,405.0
301,12.000,12,person,0.5429,1571,334,1618,409,1594.5,371.5,1594.5,409.0
301,12.000,13,person,0.5327,1431,279,1471,368,1451.0,323.5,1451.0,368.0
301,12.000,14,person,0.5301,183,266,211,332,197.0,299.0,197.0,332.0
301,12.000,15,person,0.4903,247,1025,310,1079,278.5,1052.0,278.5,1079.0
301,12.000,16,person,0.4563,461,373,496,449,478.5,411.0,478.5,449.0
301,12.000,17,person,0.4498,624,198,649,259,636.5,228.5,636.5,259.0
301,12.000,18,person,0.4440,1362,563,1405,671,1383.5,617.0,1383.5,671.0
301,12.000,19,person,0.3341,761,317,790,380,775.5,348.5,775.5,380.0
301,12.000,20,person,0.3196,512,326,543,389,527.5,357.5,527.5,389.0
301,12.000,21,person,0.3041,762,320,789,397,775.5,358.5,775.5,397.0
302,12.040,1,person,0.8345,1534,745,1632,902,1583.0,823.5,1583.0,902.0
302,12.040,2,person,0.8335,1110,647,1173,783,1141.5,715.0,1141.5,783.0
302,12.040,3,person,0.8213,1382,998,1525,1079,1453.5,1038.5,1453.5,1079.0
302,12.040,4,person,0.8017,1707,403,1748,507,1727.5,455.0,1727.5,507.0
302,12.040,5,person,0.7769,394,442,442,548,418.0,495.0,418.0,548.0
302,12.040,6,person,0.7015,830,996,895,1079,862.5,1037.5,862.5,1079.0
302,12.040,7,person,0.6808,820,273,851,346,835.5,309.5,835.5,346.0
302,12.040,8,person,0.6722,1289,343,1331,430,1310.0,386.5,1310.0,430.0
302,12.040,9,person,0.6720,1570,331,1616,408,1593.0,369.5,1593.0,408.0
302,12.040,10,person,0.6641,1354,557,1398,680,1376.0,618.5,1376.0,680.0
302,12.040,11,person,0.6108,175,267,200,333,187.5,300.0,187.5,333.0
302,12.040,12,person,0.6086,1026,232,1060,309,1043.0,270.5,1043.0,309.0
302,12.040,13,person,0.5936,445,378,484,452,464.5,415.0,464.5,452.0
302,12.040,14,person,0.5904,1393,475,1435,577,1414.0,526.0,1414.0,577.0
302,12.040,15,person,0.5198,1428,280,1471,363,1449.5,321.5,1449.5,363.0
302,12.040,16,person,0.5165,619,196,644,260,631.5,228.0,631.5,260.0
302,12.040,17,person,0.5097,503,329,532,405,517.5,367.0,517.5,405.0
302,12.040,18,person,0.4341,241,1027,303,1080,272.0,1053.5,272.0,1080.0
302,12.040,19,person,0.3505,753,318,785,398,769.0,358.0,769.0,398.0
303,12.080,1,person,0.8623,1534,745,1632,903,1583.0,824.0,1583.0,903.0
303,12.080,2,person,0.8583,1101,645,1169,785,1135.0,715.0,1135.0,785.0
303,12.080,3,person,0.8173,1374,999,1520,1079,1447.0,1039.0,1447.0,1079.0
303,12.080,4,person,0.7786,387,441,441,550,414.0,495.5,414.0,550.0
303,12.080,5,person,0.7637,1704,404,1745,504,1724.5,454.0,1724.5,504.0
303,12.080,6,person,0.7327,1569,329,1612,410,1590.5,369.5,1590.5,410.0
303,12.080,7,person,0.6900,1273,345,1328,434,1300.5,389.5,1300.5,434.0
303,12.080,8,person,0.6888,825,996,891,1079,858.0,1037.5,858.0,1079.0
303,12.080,9,person,0.6650,814,268,844,344,829.0,306.0,829.0,344.0
303,12.080,10,person,0.6339,1348,552,1395,680,1371.5,616.0,1371.5,680.0
303,12.080,11,person,0.6298,1025,233,1052,306,1038.5,269.5,1038.5,306.0
303,12.080,12,person,0.6108,164,262,194,336,179.0,299.0,179.0,336.0
303,12.080,13,person,0.6069,497,328,529,403,513.0,365.5,513.0,403.0
303,12.080,14,person,0.5193,238,1030,296,1079,267.0,1054.5,267.0,1079.0
303,12.080,15,person,0.4861,1428,279,1461,361,1444.5,320.0,1444.5,361.0
303,12.080,16,person,0.4583,1382,474,1425,575,1403.5,524.5,1403.5,575.0
303,12.080,17,person,0.3619,434,380,471,459,452.5,419.5,452.5,459.0
303,12.080,18,person,0.2972,749,317,777,397,763.0,357.0,763.0,397.0
303,12.080,19,person,0.2721,432,386,480,470,456.0,428.0,456.0,470.0
304,12.120,1,person,0.8530,1092,648,1166,785,1129.0,716.5,1129.0,785.0
304,12.120,2,person,0.8361,1370,999,1517,1079,1443.5,1039.0,1443.5,1079.0
304,12.120,3,person,0.8205,1539,751,1637,906,1588.0,828.5,1588.0,906.0
304,12.120,4,person,0.7776,375,444,433,547,404.0,495.5,404.0,547.0
304,12.120,5,person,0.7551,1702,403,1743,506,1722.5,454.5,1722.5,506.0
304,12.120,6,person,0.7359,808,268,837,344,822.5,306.0,822.5,344.0
304,12.120,7,person,0.7010,1420,277,1457,361,1438.5,319.0,1438.5,361.0
304,12.120,8,person,0.6886,1565,333,1608,410,1586.5,371.5,1586.5,410.0
304,12.120,9,person,0.6856,1374,474,1416,576,1395.0,525.0,1395.0,576.0
304,12.120,10,person,0.6603,1016,233,1047,308,1031.5,270.5,1031.5,308.0
304,12.120,11,person,0.6588,823,996,888,1080,855.5,1038.0,855.5,1080.0
304,12.120,12,person,0.6446,1342,559,1388,670,1365.0,614.5,1365.0,670.0
304,12.120,13,person,0.6439,1259,342,1319,430,1289.0,386.0,1289.0,430.0
304,12.120,14,person,0.6066,490,328,522,407,506.0,367.5,506.0,407.0
304,12.120,15,person,0.5673,237,1029,292,1078,264.5,1053.5,264.5,1078.0
304,12.120,16,person,0.5496,151,263,187,332,169.0,297.5,169.0,332.0
304,12.120,17,person,0.5079,422,381,461,469,441.5,425.0,441.5,469.0
304,12.120,18,person,0.4886,743,315,771,399,757.0,357.0,757.0,399.0
304,12.120,19,person,0.3861,607,196,629,251,618.0,223.5,618.0,251.0
305,12.160,1,person,0.8379,1087,647,1168,782,1127.5,714.5,1127.5,782.0
305,12.160,2,person,0.8352,1367,999,1517,1080,1442.0,1039.5,1442.0,1080.0
305,12.160,3,person,0.8067,1551,752,1640,905,1595.5,828.5,1595.5,905.0
305,12.160,4,person,0.7823,369,441,423,542,396.0,491.5,396.0,542.0
305,12.160,5,person,0.7694,1698,401,1740,504,1719.0,452.5,1719.0,504.0
305,12.160,6,person,0.7215,1253,337,1318,429,1285.5,383.0,1285.5,429.0
305,12.160,7,person,0.7112,817,997,884,1080,850.5,1038.5,850.5,1080.0
305,12.160,8,person,0.7102,1414,278,1451,362,1432.5,320.0,1432.5,362.0
305,12.160,9,person,0.6902,1563,330,1606,409,1584.5,369.5,1584.5,409.0
305,12.160,10,person,0.6396,801,266,831,344,816.0,305.0,816.0,344.0
305,12.160,11,person,0.6057,487,330,514,405,500.5,367.5,500.5,405.0
305,12.160,12,person,0.6056,144,266,176,332,160.0,299.0,160.0,332.0
305,12.160,13,person,0.6034,1333,557,1384,681,1358.5,619.0,1358.5,681.0
305,12.160,14,person,0.5666,1011,234,1039,308,1025.0,271.0,1025.0,308.0
305,12.160,15,person,0.5662,1362,476,1406,570,1384.0,523.0,1384.0,570.0
305,12.160,16,person,0.5146,737,316,768,398,752.5,357.0,752.5,398.0
305,12.160,17,person,0.4759,597,196,625,251,611.0,223.5,611.0,251.0
305,12.160,18,person,0.3488,232,1030,284,1079,258.0,1054.5,258.0,1079.0
306,12.200,1,person,0.8377,1085,646,1157,783,1121.0,714.5,1121.0,783.0
306,12.200,2,person,0.7514,367,441,424,546,395.5,493.5,395.5,546.0
306,12.200,3,person,0.7491,1695,398,1738,506,1716.5,452.0,1716.5,506.0
306,12.200,4,person,0.7486,1567,752,1642,905,1604.5,828.5,1604.5,905.0
306,12.200,5,person,0.7328,812,998,881,1080,846.5,1039.0,846.5,1080.0
306,12.200,6,person,0.7254,1359,999,1514,1079,1436.5,1039.0,1436.5,1079.0
306,12.200,7,person,0.6308,1557,333,1596,413,1576.5,373.0,1576.5,413.0
306,12.200,8,person,0.6241,1352,475,1398,573,1375.0,524.0,1375.0,573.0
306,12.200,9,person,0.6121,136,265,166,331,151.0,298.0,151.0,331.0
306,12.200,10,person,0.6042,792,268,824,344,808.0,306.0,808.0,344.0
306,12.200,11,person,0.5936,1005,233,1032,306,1018.5,269.5,1018.5,306.0
306,12.200,12,person,0.5914,1323,555,1374,686,1348.5,620.5,1348.5,686.0
306,12.200,13,person,0.5034,1250,342,1303,429,1276.5,385.5,1276.5,429.0
306,12.200,14,person,0.4871,1413,278,1445,361,1429.0,319.5,1429.0,361.0
306,12.200,15,person,0.4796,482,331,510,405,496.0,368.0,496.0,405.0
306,12.200,16,person,0.4483,229,1033,279,1079,254.0,1056.0,254.0,1079.0
306,12.200,17,person,0.4393,730,320,764,403,747.0,361.5,747.0,403.0
306,12.200,18,person,0.3371,591,200,617,246,604.0,223.0,604.0,246.0
306,12.200,19,person,0.2769,1258,343,1297,406,1277.5,374.5,1277.5,406.0
307,12.240,1,person,0.8189,1078,647,1144,783,1111.0,715.0,1111.0,783.0
307,12.240,2,person,0.8089,1355,996,1507,1080,1431.0,1038.0,1431.0,1080.0
307,12.240,3,person,0.7794,1574,746,1645,904,1609.5,825.0,1609.5,904.0
307,12.240,4,person,0.7589,1689,398,1736,505,1712.5,451.5,1712.5,505.0
307,12.240,5,person,0.7505,782,266,817,344,799.5,305.0,799.5,344.0
307,12.240,6,person,0.7398,808,999,875,1080,841.5,1039.5,841.5,1080.0
307,12.240,7,person,0.6775,362,440,420,540,391.0,490.0,391.0,540.0
307,12.240,8,person,0.6659,127,266,158,332,142.5,299.0,142.5,332.0
307,12.240,9,person,0.6482,994,232,1026,303,1010.0,267.5,1010.0,303.0
307,12.240,10,person,0.6366,476,326,504,406,490.0,366.0,490.0,406.0
307,12.240,11,person,0.6100,724,319,756,398,740.0,358.5,740.0,398.0
307,12.240,12,person,0.6079,1243,343,1290,428,1266.5,385.5,1266.5,428.0
307,12.240,13,person,0.6044,1336,478,1392,577,1364.0,527.5,1364.0,577.0
307,12.240,14,person,0.5783,1554,335,1593,412,1573.5,373.5,1573.5,412.0
307,12.240,15,person,0.5540,1411,275,1436,360,1423.5,317.5,1423.5,360.0
307,12.240,16,person,0.5208,1312,561,1366,682,1339.0,621.5,1339.0,682.0
307,12.240,17,person,0.4419,360,408,423,542,391.5,475.0,391.5,542.0
307,12.240,18,person,0.2724,222,1035,271,1078,246.5,1056.5,246.5,1078.0
308,12.280,1,person,0.8351,1355,996,1504,1080,1429.5,1038.0,1429.5,1080.0
308,12.280,2,person,0.8122,1687,397,1731,499,1709.0,448.0,1709.0,499.0
308,12.280,3,person,0.7975,774,266,817,345,795.5,305.5,795.5,345.0
308,12.280,4,person,0.7191,1547,334,1590,412,1568.5,373.0,1568.5,412.0
308,12.280,5,person,0.7091,804,1000,870,1079,837.0,1039.5,837.0,1079.0
308,12.280,6,person,0.7067,1578,742,1650,903,1614.0,822.5,1614.0,903.0
308,12.280,7,person,0.7038,468,324,499,405,483.5,364.5,483.5,405.0
308,12.280,8,person,0.7022,1076,647,1125,780,1100.5,713.5,1100.5,780.0
308,12.280,9,person,0.6774,716,319,751,408,733.5,363.5,733.5,408.0
308,12.280,10,person,0.6740,1297,558,1358,688,1327.5,623.0,1327.5,688.0
308,12.280,11,person,0.6693,986,232,1019,306,1002.5,269.0,1002.5,306.0
308,12.280,12,person,0.6693,1238,338,1281,428,1259.5,383.0,1259.5,428.0
308,12.280,13,person,0.6197,120,268,147,331,133.5,299.5,133.5,331.0
308,12.280,14,person,0.6048,357,440,407,540,382.0,490.0,382.0,540.0
308,12.280,15,person,0.5334,1403,276,1431,361,1417.0,318.5,1417.0,361.0
308,12.280,16,person,0.5005,574,196,605,250,589.5,223.0,589.5,250.0
308,12.280,17,person,0.4492,1323,480,1383,581,1353.0,530.5,1353.0,581.0
308,12.280,18,person,0.3848,218,1037,266,1078,242.0,1057.5,242.0,1078.0
308,12.280,19,person,0.3654,356,408,414,538,385.0,473.0,385.0,538.0
309,12.320,1,person,0.8505,1682,395,1726,506,1704.0,450.5,1704.0,506.0
309,12.320,2,person,0.7800,1349,998,1496,1080,1422.5,1039.0,1422.5,1080.0
309,12.320,3,person,0.7525,1584,744,1651,894,1617.5,819.0,1617.5,894.0
309,12.320,4,person,0.7134,1069,641,1110,781,1089.5,711.0,1089.5,781.0
309,12.320,5,person,0.6990,349,431,398,539,373.5,485.0,373.5,539.0
309,12.320,6,person,0.6968,1544,337,1584,414,1564.0,375.5,1564.0,414.0
309,12.320,7,person,0.6800,1233,338,1270,433,1251.5,385.5,1251.5,433.0
309,12.320,8,person,0.6789,764,272,807,347,785.5,309.5,785.5,347.0
309,12.320,9,person,0.6759,464,325,492,405,478.0,365.0,478.0,405.0
309,12.320,10,person,0.6668,1394,277,1426,358,1410.0,317.5,1410.0,358.0
309,12.320,11,person,0.6481,1285,571,1351,682,1318.0,626.5,1318.0,682.0
309,12.320,12,person,0.6162,799,999,865,1079,832.0,1039.0,832.0,1079.0
309,12.320,13,person,0.5678,708,324,744,395,726.0,359.5,726.0,395.0
309,12.320,14,person,0.5113,107,270,136,332,121.5,301.0,121.5,332.0
309,12.320,15,person,0.5092,974,232,1013,310,993.5,271.0,993.5,310.0
309,12.320,16,person,0.4801,1301,484,1374,600,1337.5,542.0,1337.5,600.0
309,12.320,17,person,0.3456,573,197,595,245,584.0,221.0,584.0,245.0
309,12.320,18,person,0.3437,1296,485,1374,639,1335.0,562.0,1335.0,639.0
309,12.320,19,person,0.3370,216,1038,260,1078,238.0,1058.0,238.0,1078.0
310,12.360,1,person,0.8322,1678,396,1721,503,1699.5,449.5,1699.5,503.0
310,12.360,2,person,0.8086,1351,994,1491,1080,1421.0,1037.0,1421.0,1080.0
310,12.360,3,person,0.7721,1586,740,1661,897,1623.5,818.5,1623.5,897.0
310,12.360,4,person,0.7560,758,271,799,344,778.5,307.5,778.5,344.0
310,12.360,5,person,0.7478,343,425,390,538,366.5,481.5,366.5,538.0
310,12.360,6,person,0.7438,1061,638,1099,780,1080.0,709.0,1080.0,780.0
310,12.360,7,person,0.7163,1538,335,1580,415,1559.0,375.0,1559.0,415.0
310,12.360,8,person,0.6913,793,1000,860,1079,826.5,1039.5,826.5,1079.0
310,12.360,9,person,0.6827,1221,336,1260,430,1240.5,383.0,1240.5,430.0
310,12.360,10,person,0.6285,1385,276,1420,358,1402.5,317.0,1402.5,358.0
310,12.360,11,person,0.5915,969,231,1006,310,987.5,270.5,987.5,310.0
310,12.360,12,person,0.5805,456,325,487,404,471.5,364.5,471.5,404.0
310,12.360,13,person,0.5410,101,267,127,334,114.0,300.5,114.0,334.0
310,12.360,14,person,0.5160,1276,581,1344,683,1310.0,632.0,1310.0,683.0
310,12.360,15,person,0.4725,700,327,734,412,717.0,369.5,717.0,412.0
310,12.360,16,person,0.4679,211,1038,252,1078,231.5,1058.0,231.5,1078.0
310,12.360,17,person,0.4049,1289,487,1359,607,1324.0,547.0,1324.0,607.0
310,12.360,18,person,0.3061,561,199,587,251,574.0,225.0,574.0,251.0
311,12.400,1,person,0.7996,1672,393,1715,500,1693.5,446.5,1693.5,500.0
311,12.400,2,person,0.7724,1344,993,1486,1079,1415.0,1036.0,1415.0,1079.0
311,12.400,3,person,0.7723,1588,739,1662,899,1625.0,819.0,1625.0,899.0
311,12.400,4,person,0.7649,751,269,797,347,774.0,308.0,774.0,347.0
311,12.400,5,person,0.7426,787,1000,854,1079,820.5,1039.5,820.5,1079.0
311,12.400,6,person,0.7126,1050,634,1089,778,1069.5,706.0,1069.5,778.0
311,12.400,7,person,0.6825,332,434,380,540,356.0,487.0,356.0,540.0
311,12.400,8,person,0.6421,450,323,484,408,467.0,365.5,467.0,408.0
311,12.400,9,person,0.6318,1377,277,1412,358,1394.5,317.5,1394.5,358.0
311,12.400,10,person,0.6237,1533,334,1570,416,1551.5,375.0,1551.5,416.0
311,12.400,11,person,0.6189,692,323,730,410,711.0,366.5,711.0,410.0
311,12.400,12,person,0.6008,1271,572,1336,685,1303.5,628.5,1303.5,685.0
311,12.400,13,person,0.5920,1209,334,1252,440,1230.5,387.0,1230.5,440.0
311,12.400,14,person,0.5608,965,231,998,305,981.5,268.0,981.5,305.0
311,12.400,15,person,0.5525,86,266,119,332,102.5,299.0,102.5,332.0
311,12.400,16,person,0.5439,1290,490,1347,597,1318.5,543.5,1318.5,597.0
311,12.400,17,person,0.4564,551,193,582,255,566.5,224.0,566.5,255.0
311,12.400,18,person,0.3088,331,394,382,537,356.5,465.5,356.5,537.0
311,12.400,19,person,0.2809,201,1041,245,1079,223.0,1060.0,223.0,1079.0
311,12.400,20,person,0.2585,1298,490,1346,578,1322.0,534.0,1322.0,578.0
312,12.440,1,person,0.8019,1666,393,1711,497,1688.5,445.0,1688.5,497.0
312,12.440,2,person,0.7889,1592,740,1657,900,1624.5,820.0,1624.5,900.0
312,12.440,3,person,0.7712,321,431,374,539,347.5,485.0,347.5,539.0
312,12.440,4,person,0.7647,1333,995,1477,1080,1405.0,1037.5,1405.0,1080.0
312,12.440,5,person,0.7185,781,1000,847,1080,814.0,1040.0,814.0,1080.0
312,12.440,6,person,0.7142,684,324,720,411,702.0,367.5,702.0,411.0
312,12.440,7,person,0.7093,443,321,478,407,460.5,364.0,460.5,407.0
312,12.440,8,person,0.7084,1034,636,1075,776,1054.5,706.0,1054.5,776.0
312,12.440,9,person,0.7082,1367,276,1404,357,1385.5,316.5,1385.5,357.0
312,12.440,10,person,0.7005,1526,331,1567,416,1546.5,373.5,1546.5,416.0
312,12.440,11,person,0.6925,745,273,784,345,764.5,309.0,764.5,345.0
312,12.440,12,person,0.6515,1262,563,1330,682,1296.0,622.5,1296.0,682.0
312,12.440,13,person,0.5933,77,268,108,331,92.5,299.5,92.5,331.0
312,12.440,14,person,0.5561,954,231,990,301,972.0,266.0,972.0,301.0
312,12.440,15,person,0.4590,1205,335,1242,429,1223.5,382.0,1223.5,429.0
312,12.440,16,person,0.3833,195,1040,238,1078,216.5,1059.0,216.5,1078.0
312,12.440,17,person,0.3642,1275,488,1334,594,1304.5,541.0,1304.5,594.0
312,12.440,18,person,0.3608,545,193,574,255,559.5,224.0,559.5,255.0
313,12.480,1,person,0.8324,1327,993,1472,1080,1399.5,1036.5,1399.5,1080.0
313,12.480,2,person,0.8255,1659,394,1704,497,1681.5,445.5,1681.5,497.0
313,12.480,3,person,0.8241,1592,739,1651,901,1621.5,820.0,1621.5,901.0
313,12.480,4,person,0.7780,1521,332,1560,419,1540.5,375.5,1540.5,419.0
313,12.480,5,person,0.7439,1014,639,1067,776,1040.5,707.5,1040.5,776.0
313,12.480,6,person,0.7368,738,271,774,345,756.0,308.0,756.0,345.0
313,12.480,7,person,0.7001,1253,569,1316,680,1284.5,624.5,1284.5,680.0
313,12.480,8,person,0.6695,311,394,372,541,341.5,467.5,341.5,541.0
313,12.480,9,person,0.6488,438,325,467,407,452.5,366.0,452.5,407.0
313,12.480,10,person,0.6275,775,1000,841,1079,808.0,1039.5,808.0,1079.0
313,12.480,11,person,0.6229,65,268,101,335,83.0,301.5,83.0,335.0
313,12.480,12,person,0.5984,310,438,371,541,340.5,489.5,340.5,541.0
313,12.480,13,person,0.5607,677,328,709,413,693.0,370.5,693.0,413.0
313,12.480,14,person,0.5423,1190,334,1232,434,1211.0,384.0,1211.0,434.0
313,12.480,15,person,0.5343,1361,275,1397,359,1379.0,317.0,1379.0,359.0
313,12.480,16,person,0.5239,946,231,984,301,965.0,266.0,965.0,301.0
313,12.480,17,person,0.4667,1273,492,1320,592,1296.5,542.0,1296.5,592.0
313,12.480,18,person,0.4337,1195,335,1233,402,1214.0,368.5,1214.0,402.0
313,12.480,19,person,0.3678,539,194,563,247,551.0,220.5,551.0,247.0
313,12.480,20,person,0.3502,1252,490,1319,682,1285.5,586.0,1285.5,682.0
313,12.480,21,person,0.2627,193,1042,230,1080,211.5,1061.0,211.5,1080.0
314,12.520,1,person,0.8493,1591,734,1650,901,1620.5,817.5,1620.5,901.0
314,12.520,2,person,0.8416,1326,992,1466,1080,1396.0,1036.0,1396.0,1080.0
314,12.520,3,person,0.8066,1652,392,1697,494,1674.5,443.0,1674.5,494.0
314,12.520,4,person,0.7689,298,442,368,541,333.0,491.5,333.0,541.0
314,12.520,5,person,0.7552,1000,635,1057,775,1028.5,705.0,1028.5,775.0
314,12.520,6,person,0.7305,1512,335,1552,419,1532.0,377.0,1532.0,419.0
314,12.520,7,person,0.7150,769,1000,835,1079,802.0,1039.5,802.0,1079.0
314,12.520,8,person,0.6942,295,404,369,541,332.0,472.5,332.0,541.0
314,12.520,9,person,0.6699,941,227,977,304,959.0,265.5,959.0,304.0
314,12.520,10,person,0.6446,669,325,699,414,684.0,369.5,684.0,414.0
314,12.520,11,person,0.6418,431,322,463,407,447.0,364.5,447.0,407.0
314,12.520,12,person,0.6352,1260,493,1308,591,1284.0,542.0,1284.0,591.0
314,12.520,13,person,0.6348,1243,563,1293,676,1268.0,619.5,1268.0,676.0
314,12.520,14,person,0.6208,55,267,92,334,73.5,300.5,73.5,334.0
314,12.520,15,person,0.6106,1356,277,1389,359,1372.5,318.0,1372.5,359.0
314,12.520,16,person,0.5695,1176,337,1225,426,1200.5,381.5,1200.5,426.0
314,12.520,17,person,0.5622,727,269,760,345,743.5,307.0,743.5,345.0
314,12.520,18,person,0.4410,528,191,555,249,541.5,220.0,541.5,249.0
314,12.520,19,person,0.3769,1177,347,1215,425,1196.0,386.0,1196.0,425.0
314,12.520,20,person,0.3384,1184,337,1223,411,1203.5,374.0,1203.5,411.0
314,12.520,21,person,0.3124,182,1044,223,1080,202.5,1062.0,202.5,1080.0
315,12.560,1,person,0.8575,1589,732,1648,894,1618.5,813.0,1618.5,894.0
315,12.560,2,person,0.8157,1313,990,1460,1079,1386.5,1034.5,1386.5,1079.0
315,12.560,3,person,0.7819,1649,392,1692,490,1670.5,441.0,1670.5,490.0
315,12.560,4,person,0.7364,762,1001,828,1079,795.0,1040.0,795.0,1079.0
315,12.560,5,person,0.7205,291,447,368,543,329.5,495.0,329.5,543.0
315,12.560,6,person,0.7093,989,642,1048,775,1018.5,708.5,1018.5,775.0
315,12.560,7,person,0.7077,423,326,456,408,439.5,367.0,439.5,408.0
315,12.560,8,person,0.6979,1245,495,1297,596,1271.0,545.5,1271.0,596.0
315,12.560,9,person,0.6776,723,269,751,346,737.0,307.5,737.0,346.0
315,12.560,10,person,0.6511,1159,335,1214,426,1186.5,380.5,1186.5,426.0
315,12.560,11,person,0.6147,1508,337,1545,419,1526.5,378.0,1526.5,419.0
315,12.560,12,person,0.5612,1346,274,1381,357,1363.5,315.5,1363.5,357.0
315,12.560,13,person,0.5538,45,265,80,337,62.5,301.0,62.5,337.0
315,12.560,14,person,0.5152,935,228,967,300,951.0,264.0,951.0,300.0
315,12.560,15,person,0.5143,1231,571,1275,680,1253.0,625.5,1253.0,680.0
315,12.560,16,person,0.5020,660,325,695,419,677.5,372.0,677.5,419.0
315,12.560,17,person,0.3628,522,192,547,254,534.5,223.0,534.5,254.0
315,12.560,18,person,0.3368,176,1044,214,1080,195.0,1062.0,195.0,1080.0
316,12.600,1,person,0.8584,1585,722,1646,888,1615.5,805.0,1615.5,888.0
316,12.600,2,person,0.8255,1308,989,1453,1080,1380.5,1034.5,1380.5,1080.0
316,12.600,3,person,0.8080,1642,390,1688,490,1665.0,440.0,1665.0,490.0
316,12.600,4,person,0.7938,976,637,1043,775,1009.5,706.0,1009.5,775.0
316,12.600,5,person,0.7507,1501,336,1541,420,1521.0,378.0,1521.0,420.0
316,12.600,6,person,0.7478,284,452,359,543,321.5,497.5,321.5,543.0
316,12.600,7,person,0.7394,1152,336,1205,423,1178.5,379.5,1178.5,423.0
316,12.600,8,person,0.7196,757,1001,822,1079,789.5,1040.0,789.5,1079.0
316,12.600,9,person,0.6909,713,269,740,347,726.5,308.0,726.5,347.0
316,12.600,10,person,0.6835,417,326,451,407,434.0,366.5,434.0,407.0
316,12.600,11,person,0.5905,32,264,71,333,51.5,298.5,51.5,333.0
316,12.600,12,person,0.5810,1221,496,1286,596,1253.5,546.0,1253.5,596.0
316,12.600,13,person,0.5699,1341,271,1374,358,1357.5,314.5,1357.5,358.0
316,12.600,14,person,0.5516,1219,564,1261,679,1240.0,621.5,1240.0,679.0
316,12.600,15,person,0.5309,930,228,958,297,944.0,262.5,944.0,297.0
316,12.600,16,person,0.5158,653,329,681,423,667.0,376.0,667.0,423.0
316,12.600,17,person,0.5111,510,192,536,256,523.0,224.0,523.0,256.0
316,12.600,18,person,0.2870,1217,526,1278,679,1247.5,602.5,1247.5,679.0
317,12.640,1,person,0.8399,1581,727,1650,887,1615.5,807.0,1615.5,887.0
317,12.640,2,person,0.8282,1301,987,1443,1079,1372.0,1033.0,1372.0,1079.0
317,12.640,3,person,0.8158,275,453,354,543,314.5,498.0,314.5,543.0
317,12.640,4,person,0.8082,1635,393,1682,492,1658.5,442.5,1658.5,492.0
317,12.640,5,person,0.7954,967,642,1036,775,1001.5,708.5,1001.5,775.0
317,12.640,6,person,0.7637,1495,336,1535,421,1515.0,378.5,1515.0,421.0
317,12.640,7,person,0.6986,644,329,675,418,659.5,373.5,659.5,418.0
317,12.640,8,person,0.6886,1332,273,1366,358,1349.0,315.5,1349.0,358.0
317,12.640,9,person,0.6817,1145,333,1195,422,1170.0,377.5,1170.0,422.0
317,12.640,10,person,0.6696,410,327,443,408,426.5,367.5,426.5,408.0
317,12.640,11,person,0.6684,750,1001,815,1079,782.5,1040.0,782.5,1079.0
317,12.640,12,person,0.6549,920,226,954,301,937.0,263.5,937.0,301.0
317,12.640,13,person,0.6349,705,271,732,346,718.5,308.5,718.5,346.0
317,12.640,14,person,0.5496,1205,561,1254,674,1229.5,617.5,1229.5,674.0
317,12.640,15,person,0.5457,266,394,305,485,285.5,439.5,285.5,485.0
317,12.640,16,person,0.5066,1206,502,1273,673,1239.5,587.5,1239.5,673.0
317,12.640,17,person,0.5000,25,264,56,336,40.5,300.0,40.5,336.0
317,12.640,18,person,0.4872,504,193,529,252,516.5,222.5,516.5,252.0
317,12.640,19,person,0.2763,1220,499,1276,611,1248.0,555.0,1248.0,611.0
318,12.680,1,person,0.8556,271,452,348,543,309.5,497.5,309.5,543.0
318,12.680,2,person,0.8447,961,640,1029,773,995.0,706.5,995.0,773.0
318,12.680,3,person,0.8387,1580,726,1649,884,1614.5,805.0,1614.5,884.0
318,12.680,4,person,0.7869,1297,986,1437,1079,1367.0,1032.5,1367.0,1079.0
318,12.680,5,person,0.7801,1625,393,1674,487,1649.5,440.0,1649.5,487.0
318,12.680,6,person,0.7583,695,268,726,347,710.5,307.5,710.5,347.0
318,12.680,7,person,0.7296,743,1001,811,1079,777.0,1040.0,777.0,1079.0
318,12.680,8,person,0.7250,1491,337,1525,418,1508.0,377.5,1508.0,418.0
318,12.680,9,person,0.7161,1322,272,1360,357,1341.0,314.5,1341.0,357.0
318,12.680,10,person,0.7051,1136,332,1185,421,1160.5,376.5,1160.5,421.0
318,12.680,11,person,0.6704,404,325,439,410,421.5,367.5,421.5,410.0
318,12.680,12,person,0.6271,634,332,669,420,651.5,376.0,651.5,420.0
318,12.680,13,person,0.5660,1194,505,1259,671,1226.5,588.0,1226.5,671.0
318,12.680,14,person,0.5475,249,394,292,487,270.5,440.5,270.5,487.0
318,12.680,15,person,0.5440,913,227,944,304,928.5,265.5,928.5,304.0
318,12.680,16,person,0.4797,1193,553,1244,670,1218.5,611.5,1218.5,670.0
318,12.680,17,person,0.4178,16,264,48,332,32.0,298.0,32.0,332.0
318,12.680,18,person,0.3419,496,196,521,255,508.5,225.5,508.5,255.0
318,12.680,19,person,0.3216,1216,503,1262,587,1239.0,545.0,1239.0,587.0
318,12.680,20,person,0.2967,247,425,293,493,270.0,459.0,270.0,493.0
319,12.720,1,person,0.8639,268,448,343,547,305.5,497.5,305.5,547.0
319,12.720,2,person,0.8365,1575,723,1647,877,1611.0,800.0,1611.0,877.0
319,12.720,3,person,0.7922,954,637,1022,772,988.0,704.5,988.0,772.0
319,12.720,4,person,0.7859,1284,986,1429,1080,1356.5,1033.0,1356.5,1080.0
319,12.720,5,person,0.7600,1135,327,1180,423,1157.5,375.0,1157.5,423.0
319,12.720,6,person,0.7437,1618,392,1670,491,1644.0,441.5,1644.0,491.0
319,12.720,7,person,0.7335,396,326,433,414,414.5,370.0,414.5,414.0
319,12.720,8,person,0.7165,737,1003,804,1079,770.5,1041.0,770.5,1079.0
319,12.720,9,person,0.6757,1482,334,1518,420,1500.0,377.0,1500.0,420.0
319,12.720,10,person,0.6732,1181,508,1252,649,1216.5,578.5,1216.5,649.0
319,12.720,11,person,0.6693,687,269,718,348,702.5,308.5,702.5,348.0
319,12.720,12,person,0.6338,1317,266,1352,360,1334.5,313.0,1334.5,360.0
319,12.720,13,person,0.6185,905,227,937,301,921.0,264.0,921.0,301.0
319,12.720,14,person,0.6154,627,337,656,428,641.5,382.5,641.5,428.0
319,12.720,15,person,0.5485,6,263,37,334,21.5,298.5,21.5,334.0
319,12.720,16,person,0.4949,486,194,514,257,500.0,225.5,500.0,257.0
319,12.720,17,person,0.4733,237,395,286,495,261.5,445.0,261.5,495.0
319,12.720,18,person,0.2600,1180,516,1236,670,1208.0,593.0,1208.0,670.0
320,12.760,1,person,0.8067,1572,724,1645,873,1608.5,798.5,1608.5,873.0
320,12.760,2,person,0.7980,1127,326,1171,421,1149.0,373.5,1149.0,421.0
320,12.760,3,person,0.7937,1277,986,1422,1080,1349.5,1033.0,1349.5,1080.0
320,12.760,4,person,0.7896,1613,391,1667,489,1640.0,440.0,1640.0,489.0
320,12.760,5,person,0.7852,265,447,336,544,300.5,495.5,300.5,544.0
320,12.760,6,person,0.7716,948,639,1011,775,979.5,707.0,979.5,775.0
320,12.760,7,person,0.7547,394,326,429,414,411.5,370.0,411.5,414.0
320,12.760,8,person,0.7188,1166,507,1242,656,1204.0,581.5,1204.0,656.0
320,12.760,9,person,0.6965,1477,336,1512,425,1494.5,380.5,1494.5,425.0
320,12.760,10,person,0.6883,678,269,710,349,694.0,309.0,694.0,349.0
320,12.760,11,person,0.6858,732,1002,797,1080,764.5,1041.0,764.5,1080.0
320,12.760,12,person,0.6660,899,226,931,299,915.0,262.5,915.0,299.0
320,12.760,13,person,0.6339,621,339,654,431,637.5,385.0,637.5,431.0
320,12.760,14,person,0.6287,230,392,275,492,252.5,442.0,252.5,492.0
320,12.760,15,person,0.5539,1311,270,1344,355,1327.5,312.5,1327.5,355.0
320,12.760,16,person,0.5080,476,195,505,256,490.5,225.5,490.5,256.0
320,12.760,17,person,0.5046,0,265,27,330,13.5,297.5,13.5,330.0
321,12.800,1,person,0.8583,1570,727,1644,887,1607.0,807.0,1607.0,887.0
321,12.800,2,person,0.8329,1274,983,1418,1080,1346.0,1031.5,1346.0,1080.0
321,12.800,3,person,0.7921,265,448,329,545,297.0,496.5,297.0,545.0
321,12.800,4,person,0.7876,1612,390,1661,490,1636.5,440.0,1636.5,490.0
321,12.800,5,person,0.7774,943,630,997,775,970.0,702.5,970.0,775.0
321,12.800,6,person,0.7301,1471,338,1505,426,1488.0,382.0,1488.0,426.0
321,12.800,7,person,0.7133,614,341,646,430,630.0,385.5,630.0,430.0
321,12.800,8,person,0.7114,670,272,703,348,686.5,310.0,686.5,348.0
321,12.800,9,person,0.6695,387,328,421,413,404.0,370.5,404.0,413.0
321,12.800,10,person,0.6436,895,226,925,301,910.0,263.5,910.0,301.0
321,12.800,11,person,0.6272,727,1002,792,1079,759.5,1040.5,759.5,1079.0
321,12.800,12,person,0.6031,1122,326,1161,421,1141.5,373.5,1141.5,421.0
321,12.800,13,person,0.5962,1155,509,1230,673,1192.5,591.0,1192.5,673.0
321,12.800,14,person,0.5670,1306,270,1339,357,1322.5,313.5,1322.5,357.0
321,12.800,15,person,0.3874,474,193,498,251,486.0,222.0,486.0,251.0
321,12.800,16,person,0.3655,0,260,18,337,9.0,298.5,9.0,337.0
321,12.800,17,person,0.3451,1163,508,1230,624,1196.5,566.0,1196.5,624.0
321,12.800,18,person,0.3108,1145,579,1211,678,1178.0,628.5,1178.0,678.0
321,12.800,19,person,0.2601,222,402,266,493,244.0,447.5,244.0,493.0
321,12.800,20,person,0.2553,222,425,260,495,241.0,460.0,241.0,495.0
321,12.800,21,person,0.2501,1145,517,1219,680,1182.0,598.5,1182.0,680.0
322,12.840,1,person,0.8163,1567,727,1642,890,1604.5,808.5,1604.5,890.0
322,12.840,2,person,0.8030,264,444,324,546,294.0,495.0,294.0,546.0
322,12.840,3,person,0.8003,1263,985,1411,1080,1337.0,1032.5,1337.0,1080.0
322,12.840,4,person,0.7730,1613,390,1657,490,1635.0,440.0,1635.0,490.0
322,12.840,5,person,0.7133,1467,338,1499,428,1483.0,383.0,1483.0,428.0
322,12.840,6,person,0.7095,939,635,984,772,961.5,703.5,961.5,772.0
322,12.840,7,person,0.7061,665,271,696,346,680.5,308.5,680.5,346.0
322,12.840,8,person,0.6912,721,1002,787,1080,754.0,1041.0,754.0,1080.0
322,12.840,9,person,0.6737,1114,327,1155,423,1134.5,375.0,1134.5,423.0
322,12.840,10,person,0.6365,607,344,641,432,624.0,388.0,624.0,432.0
322,12.840,11,person,0.6278,1296,269,1334,357,1315.0,313.0,1315.0,357.0
322,12.840,12,person,0.6035,382,326,415,415,398.5,370.5,398.5,415.0
322,12.840,13,person,0.5782,892,228,919,296,905.5,262.0,905.5,296.0
322,12.840,14,person,0.4845,1158,510,1217,612,1187.5,561.0,1187.5,612.0
322,12.840,15,person,0.4734,1136,563,1203,675,1169.5,619.0,1169.5,675.0
322,12.840,16,person,0.4653,212,409,250,497,231.0,453.0,231.0,497.0
322,12.840,17,person,0.3976,464,197,487,238,475.5,217.5,475.5,238.0
323,12.880,1,person,0.8238,1258,984,1403,1080,1330.5,1032.0,1330.5,1080.0
323,12.880,2,person,0.8221,267,441,321,548,294.0,494.5,294.0,548.0
323,12.880,3,person,0.8128,1568,725,1639,885,1603.5,805.0,1603.5,885.0
323,12.880,4,person,0.7947,1610,388,1654,487,1632.0,437.5,1632.0,487.0
323,12.880,5,person,0.7303,716,1002,782,1079,749.0,1040.5,749.0,1079.0
323,12.880,6,person,0.7157,599,341,635,438,617.0,389.5,617.0,438.0
323,12.880,7,person,0.7139,932,633,973,774,952.5,703.5,952.5,774.0
323,12.880,8,person,0.7046,380,324,414,415,397.0,369.5,397.0,415.0
323,12.880,9,person,0.6906,1459,339,1495,428,1477.0,383.5,1477.0,428.0
323,12.880,10,person,0.6686,1110,327,1147,422,1128.5,374.5,1128.5,422.0
323,12.880,11,person,0.6615,658,275,690,345,674.0,310.0,674.0,345.0
323,12.880,12,person,0.6225,1293,268,1328,357,1310.5,312.5,1310.5,357.0
323,12.880,13,person,0.6129,1137,510,1206,621,1171.5,565.5,1171.5,621.0
323,12.880,14,person,0.5888,1136,510,1208,665,1172.0,587.5,1172.0,665.0
323,12.880,15,person,0.5844,888,228,912,294,900.0,261.0,900.0,294.0
323,12.880,16,person,0.5415,457,194,483,246,470.0,220.0,470.0,246.0
323,12.880,17,person,0.5065,203,407,245,498,224.0,452.5,224.0,498.0
324,12.920,1,person,0.8202,1568,726,1635,882,1601.5,804.0,1601.5,882.0
324,12.920,2,person,0.8072,1252,982,1395,1080,1323.5,1031.0,1323.5,1080.0
324,12.920,3,person,0.7885,1606,389,1649,489,1627.5,439.0,1627.5,489.0
324,12.920,4,person,0.7854,272,443,317,549,294.5,496.0,294.5,549.0
324,12.920,5,person,0.7718,925,632,966,777,945.5,704.5,945.5,777.0
324,12.920,6,person,0.7427,1452,338,1490,430,1471.0,384.0,1471.0,430.0
324,12.920,7,person,0.7229,1104,329,1142,419,1123.0,374.0,1123.0,419.0
324,12.920,8,person,0.7163,377,326,408,414,392.5,370.0,392.5,414.0
324,12.920,9,person,0.7028,711,1004,777,1079,744.0,1041.5,744.0,1079.0
324,12.920,10,person,0.6435,593,341,630,439,611.5,390.0,611.5,439.0
324,12.920,11,person,0.6054,651,277,683,346,667.0,311.5,667.0,346.0
324,12.920,12,person,0.5848,882,228,908,294,895.0,261.0,895.0,294.0
324,12.920,13,person,0.5540,197,407,238,502,217.5,454.5,217.5,502.0
324,12.920,14,person,0.5250,453,193,477,247,465.0,220.0,465.0,247.0
324,12.920,15,person,0.5201,1288,270,1324,355,1306.0,312.5,1306.0,355.0
324,12.920,16,person,0.4864,1120,568,1184,677,1152.0,622.5,1152.0,677.0
324,12.920,17,person,0.4488,1128,512,1198,616,1163.0,564.0,1163.0,616.0
324,12.920,18,person,0.4326,1123,513,1193,673,1158.0,593.0,1158.0,673.0
325,12.960,1,person,0.8303,1568,722,1638,881,1603.0,801.5,1603.0,881.0
325,12.960,2,person,0.7823,1605,389,1646,490,1625.5,439.5,1625.5,490.0
325,12.960,3,person,0.7821,275,442,316,547,295.5,494.5,295.5,547.0
325,12.960,4,person,0.7682,1447,344,1484,429,1465.5,386.5,1465.5,429.0
325,12.960,5,person,0.6961,373,328,406,415,389.5,371.5,389.5,415.0
325,12.960,6,person,0.6871,587,344,622,436,604.5,390.0,604.5,436.0
325,12.960,7,person,0.6777,917,633,957,779,937.0,706.0,937.0,779.0
325,12.960,8,person,0.6661,1308,983,1389,1079,1348.5,1031.0,1348.5,1079.0
325,12.960,9,person,0.6601,706,1001,772,1079,739.0,1040.0,739.0,1079.0
325,12.960,10,person,0.6487,190,409,224,500,207.0,454.5,207.0,500.0
325,12.960,11,person,0.6474,645,275,679,345,662.0,310.0,662.0,345.0
325,12.960,12,person,0.6424,1249,984,1390,1080,1319.5,1032.0,1319.5,1080.0
325,12.960,13,person,0.5881,1099,325,1134,430,1116.5,377.5,1116.5,430.0
325,12.960,14,person,0.5876,1285,273,1318,352,1301.5,312.5,1301.5,352.0
325,12.960,15,person,0.5708,1138,514,1191,620,1164.5,567.0,1164.5,620.0
325,12.960,16,person,0.5261,876,228,903,295,889.5,261.5,889.5,295.0
325,12.960,17,person,0.5053,1112,563,1166,674,1139.0,618.5,1139.0,674.0
325,12.960,18,person,0.4201,643,275,675,366,659.0,320.5,659.0,366.0
325,12.960,19,person,0.4149,444,189,469,250,456.5,219.5,456.5,250.0
325,12.960,20,person,0.3638,1116,515,1190,623,1153.0,569.0,1153.0,623.0
326,13.000,1,person,0.8421,1568,720,1635,880,1601.5,800.0,1601.5,880.0
326,13.000,2,person,0.7950,1236,984,1382,1080,1309.0,1032.0,1309.0,1080.0
326,13.000,3,person,0.7846,1602,388,1643,487,1622.5,437.5,1622.5,487.0
326,13.000,4,person,0.7778,276,442,316,549,296.0,495.5,296.0,549.0
326,13.000,5,person,0.7539,1441,349,1478,428,1459.5,388.5,1459.5,428.0
326,13.000,6,person,0.7435,913,634,949,774,931.0,704.0,931.0,774.0
326,13.000,7,person,0.7206,182,404,223,503,202.5,453.5,202.5,503.0
326,13.000,8,person,0.7051,639,274,672,357,655.5,315.5,655.5,357.0
326,13.000,9,person,0.7010,369,327,401,417,385.0,372.0,385.0,417.0
326,13.000,10,person,0.6494,1135,517,1182,630,1158.5,573.5,1158.5,630.0
326,13.000,11,person,0.6462,703,1001,766,1079,734.5,1040.0,734.5,1079.0
326,13.000,12,person,0.6452,1095,327,1130,421,1112.5,374.0,1112.5,421.0
326,13.000,13,person,0.6302,871,224,901,299,886.0,261.5,886.0,299.0
326,13.000,14,person,0.6073,579,346,617,437,598.0,391.5,598.0,437.0
326,13.000,15,person,0.5890,1104,550,1154,672,1129.0,611.0,1129.0,672.0
326,13.000,16,person,0.5344,1281,274,1316,351,1298.5,312.5,1298.5,351.0
326,13.000,17,person,0.4786,438,193,463,251,450.5,222.0,450.5,251.0
327,13.040,1,person,0.8182,1561,723,1631,876,1596.0,799.5,1596.0,876.0
327,13.040,2,person,0.8036,1231,987,1374,1080,1302.5,1033.5,1302.5,1080.0
327,13.040,3,person,0.7740,1599,388,1642,489,1620.5,438.5,1620.5,489.0
327,13.040,4,person,0.7655,275,443,316,549,295.5,496.0,295.5,549.0
327,13.040,5,person,0.7469,365,329,397,418,381.0,373.5,381.0,418.0
327,13.040,6,person,0.7298,1090,327,1125,423,1107.5,375.0,1107.5,423.0
327,13.040,7,person,0.7216,635,276,668,347,651.5,311.5,651.5,347.0
327,13.040,8,person,0.7188,1440,347,1472,429,1456.0,388.0,1456.0,429.0
327,13.040,9,person,0.6956,905,633,945,774,925.0,703.5,925.0,774.0
327,13.040,10,person,0.6928,699,1003,764,1079,731.5,1041.0,731.5,1079.0
327,13.040,11,person,0.6813,572,346,611,438,591.5,392.0,591.5,438.0
327,13.040,12,person,0.6292,175,405,218,506,196.5,455.5,196.5,506.0
327,13.040,13,person,0.6203,1274,273,1311,356,1292.5,314.5,1292.5,356.0
327,13.040,14,person,0.5971,1124,520,1169,633,1146.5,576.5,1146.5,633.0
327,13.040,15,person,0.5599,867,227,896,297,881.5,262.0,881.5,297.0
327,13.040,16,person,0.5414,433,194,456,248,444.5,221.0,444.5,248.0
327,13.040,17,person,0.4978,1094,545,1129,668,1111.5,606.5,1111.5,668.0
327,13.040,18,person,0.2548,1103,523,1172,648,1137.5,585.5,1137.5,648.0
328,13.080,1,person,0.8401,1226,988,1372,1080,1299.0,1034.0,1299.0,1080.0
328,13.080,2,person,0.8265,1558,723,1630,875,1594.0,799.0,1594.0,875.0
328,13.080,3,person,0.7855,272,444,316,550,294.0,497.0,294.0,550.0
328,13.080,4,person,0.7631,898,631,937,779,917.5,705.0,917.5,779.0
328,13.080,5,person,0.7512,1597,389,1640,488,1618.5,438.5,1618.5,488.0
328,13.080,6,person,0.7287,694,1003,760,1079,727.0,1041.0,727.0,1079.0
328,13.080,7,person,0.7256,169,410,213,509,191.0,459.5,191.0,509.0
328,13.080,8,person,0.7123,363,330,395,418,379.0,374.0,379.0,418.0
328,13.080,9,person,0.6864,566,351,606,450,586.0,400.5,586.0,450.0
328,13.080,10,person,0.6777,1087,326,1119,422,1103.0,374.0,1103.0,422.0
328,13.080,11,person,0.6685,1433,347,1469,432,1451.0,389.5,1451.0,432.0
328,13.080,12,person,0.6258,630,277,662,350,646.0,313.5,646.0,350.0
328,13.080,13,person,0.6078,1270,274,1304,354,1287.0,314.0,1287.0,354.0
328,13.080,14,person,0.6029,1117,528,1160,638,1138.5,583.0,1138.5,638.0
328,13.080,15,person,0.5780,863,227,894,298,878.5,262.5,878.5,298.0
328,13.080,16,person,0.4694,1086,551,1118,663,1102.0,607.0,1102.0,663.0
328,13.080,17,person,0.3948,1092,530,1164,664,1128.0,597.0,1128.0,664.0
328,13.080,18,person,0.3499,428,193,452,251,440.0,222.0,440.0,251.0
328,13.080,19,person,0.2789,1086,539,1134,668,1110.0,603.5,1110.0,668.0
329,13.120,1,person,0.8257,1225,987,1366,1080,1295.5,1033.5,1295.5,1080.0
329,13.120,2,person,0.8140,1549,724,1627,873,1588.0,798.5,1588.0,873.0
329,13.120,3,person,0.7991,892,632,930,776,911.0,704.0,911.0,776.0
329,13.120,4,person,0.7915,164,412,202,510,183.0,461.0,183.0,510.0
329,13.120,5,person,0.7713,271,444,319,551,295.0,497.5,295.0,551.0
329,13.120,6,person,0.7072,692,1007,755,1078,723.5,1042.5,723.5,1078.0
329,13.120,7,person,0.7060,361,332,395,419,378.0,375.5,378.0,419.0
329,13.120,8,person,0.6985,1591,390,1639,493,1615.0,441.5,1615.0,493.0
329,13.120,9,person,0.6674,1429,349,1463,434,1446.0,391.5,1446.0,434.0
329,13.120,10,person,0.6357,560,355,602,448,581.0,401.5,581.0,448.0
329,13.120,11,person,0.6312,624,277,659,356,641.5,316.5,641.5,356.0
329,13.120,12,person,0.5971,857,228,889,300,873.0,264.0,873.0,300.0
329,13.120,13,person,0.5893,1076,530,1153,669,1114.5,599.5,1114.5,669.0
329,13.120,14,person,0.5885,1267,271,1303,355,1285.0,313.0,1285.0,355.0
329,13.120,15,person,0.5871,1083,327,1117,416,1100.0,371.5,1100.0,416.0
329,13.120,16,person,0.5677,1074,548,1108,669,1091.0,608.5,1091.0,669.0
329,13.120,17,person,0.4991,1106,530,1154,641,1130.0,585.5,1130.0,641.0
329,13.120,18,person,0.2974,620,275,657,373,638.5,324.0,638.5,373.0
329,13.120,19,person,0.2766,421,194,447,252,434.0,223.0,434.0,252.0
330,13.160,1,person,0.8485,160,412,200,508,180.0,460.0,180.0,508.0
330,13.160,2,person,0.8453,1213,988,1361,1080,1287.0,1034.0,1287.0,1080.0
330,13.160,3,person,0.8182,1546,722,1623,872,1584.5,797.0,1584.5,872.0
330,13.160,4,person,0.7920,887,632,926,776,906.5,704.0,906.5,776.0
330,13.160,5,person,0.7707,268,443,322,553,295.0,498.0,295.0,553.0
330,13.160,6,person,0.7297,1424,346,1462,433,1443.0,389.5,1443.0,433.0
330,13.160,7,person,0.7237,1591,392,1636,487,1613.5,439.5,1613.5,487.0
330,13.160,8,person,0.6965,359,335,393,419,376.0,377.0,376.0,419.0
330,13.160,9,person,0.6612,689,1008,752,1078,720.5,1043.0,720.5,1078.0
330,13.160,10,person,0.6499,1095,533,1148,637,1121.5,585.0,1121.5,637.0
330,13.160,11,person,0.6492,623,276,653,356,638.0,316.0,638.0,356.0
330,13.160,12,person,0.6174,853,226,885,299,869.0,262.5,869.0,299.0
330,13.160,13,person,0.6134,555,359,598,453,576.5,406.0,576.5,453.0
330,13.160,14,person,0.6006,1052,552,1101,676,1076.5,614.0,1076.5,676.0
330,13.160,15,person,0.5680,1079,325,1114,421,1096.5,373.0,1096.5,421.0
330,13.160,16,person,0.4476,1267,273,1300,356,1283.5,314.5,1283.5,356.0
330,13.160,17,person,0.3515,1064,552,1100,643,1082.0,597.5,1082.0,643.0
330,13.160,18,person,0.3207,417,194,440,254,428.5,224.0,428.5,254.0
331,13.200,1,person,0.8474,155,409,195,507,175.0,458.0,175.0,507.0
331,13.200,2,person,0.8452,1212,992,1357,1080,1284.5,1036.0,1284.5,1080.0
331,13.200,3,person,0.8093,263,443,328,553,295.5,498.0,295.5,553.0
331,13.200,4,person,0.7760,1558,718,1620,867,1589.0,792.5,1589.0,867.0
331,13.200,5,person,0.7642,1587,392,1633,489,1610.0,440.5,1610.0,489.0
331,13.200,6,person,0.7445,880,632,922,778,901.0,705.0,901.0,778.0
331,13.200,7,person,0.7073,1418,350,1457,436,1437.5,393.0,1437.5,436.0
331,13.200,8,person,0.7045,685,1008,750,1079,717.5,1043.5,717.5,1079.0
331,13.200,9,person,0.6984,353,337,393,421,373.0,379.0,373.0,421.0
331,13.200,10,person,0.6700,551,360,589,453,570.0,406.5,570.0,453.0
331,13.200,11,person,0.6644,850,227,881,300,865.5,263.5,865.5,300.0
331,13.200,12,person,0.6592,619,277,648,361,633.5,319.0,633.5,361.0
331,13.200,13,person,0.6308,1038,553,1095,668,1066.5,610.5,1066.5,668.0
331,13.200,14,person,0.5679,1083,533,1144,635,1113.5,584.0,1113.5,635.0
331,13.200,15,person,0.5503,1051,553,1092,663,1071.5,608.0,1071.5,663.0
331,13.200,16,person,0.5384,1077,323,1111,415,1094.0,369.0,1094.0,415.0
331,13.200,17,person,0.4888,1264,272,1295,353,1279.5,312.5,1279.5,353.0
331,13.200,18,person,0.3787,413,194,435,248,424.0,221.0,424.0,248.0
331,13.200,19,person,0.3177,1543,758,1618,871,1580.5,814.5,1580.5,871.0
332,13.240,1,person,0.8060,1208,992,1350,1079,1279.0,1035.5,1279.0,1079.0
332,13.240,2,person,0.8001,151,409,191,511,171.0,460.0,171.0,511.0
332,13.240,3,person,0.7895,1586,392,1631,490,1608.5,441.0,1608.5,490.0
332,13.240,4,person,0.7844,260,446,325,553,292.5,499.5,292.5,553.0
332,13.240,5,person,0.7775,1549,713,1618,870,1583.5,791.5,1583.5,870.0
332,13.240,6,person,0.7496,875,631,921,778,898.0,704.5,898.0,778.0
332,13.240,7,person,0.7281,1416,349,1451,438,1433.5,393.5,1433.5,438.0
332,13.240,8,person,0.7048,614,277,644,358,629.0,317.5,629.0,358.0
332,13.240,9,person,0.7031,683,1009,747,1079,715.0,1044.0,715.0,1079.0
332,13.240,10,person,0.6728,1075,324,1107,418,1091.0,371.0,1091.0,418.0
332,13.240,11,person,0.6461,547,358,587,452,567.0,405.0,567.0,452.0
332,13.240,12,person,0.6420,352,334,389,425,370.5,379.5,370.5,425.0
332,13.240,13,person,0.6234,844,229,878,301,861.0,265.0,861.0,301.0
332,13.240,14,person,0.5750,1024,553,1087,675,1055.5,614.0,1055.5,675.0
332,13.240,15,person,0.5606,1072,537,1140,643,1106.0,590.0,1106.0,643.0
332,13.240,16,person,0.5195,1260,275,1293,355,1276.5,315.0,1276.5,355.0
332,13.240,17,person,0.3524,1042,557,1081,666,1061.5,611.5,1061.5,666.0
332,13.240,18,person,0.3045,407,196,432,253,419.5,224.5,419.5,253.0
333,13.280,1,person,0.8414,1209,992,1347,1079,1278.0,1035.5,1278.0,1079.0
333,13.280,2,person,0.8171,1587,391,1630,489,1608.5,440.0,1608.5,489.0
333,13.280,3,person,0.7903,1556,711,1613,869,1584.5,790.0,1584.5,869.0
333,13.280,4,person,0.7864,871,634,915,776,893.0,705.0,893.0,776.0
333,13.280,5,person,0.7754,1410,351,1450,442,1430.0,396.5,1430.0,442.0
333,13.280,6,person,0.7652,259,446,321,557,290.0,501.5,290.0,557.0
333,13.280,7,person,0.7361,147,412,187,512,167.0,462.0,167.0,512.0
333,13.280,8,person,0.6737,681,1014,743,1079,712.0,1046.5,712.0,1079.0
333,13.280,9,person,0.6720,1063,537,1131,641,1097.0,589.0,1097.0,641.0
333,13.280,10,person,0.6511,612,279,639,356,625.5,317.5,625.5,356.0
333,13.280,11,person,0.6461,352,336,386,425,369.0,380.5,369.0,425.0
333,13.280,12,person,0.6447,544,359,581,452,562.5,405.5,562.5,452.0
333,13.280,13,person,0.6163,1069,326,1103,418,1086.0,372.0,1086.0,418.0
333,13.280,14,person,0.6051,1015,560,1082,676,1048.5,618.0,1048.5,676.0
333,13.280,15,person,0.5933,844,230,873,298,858.5,264.0,858.5,298.0
333,13.280,16,person,0.5677,1258,272,1291,357,1274.5,314.5,1274.5,357.0
333,13.280,17,person,0.3007,1039,544,1131,646,1085.0,595.0,1085.0,646.0
334,13.320,1,person,0.8240,1207,994,1342,1079,1274.5,1036.5,1274.5,1079.0
334,13.320,2,person,0.8171,1585,391,1626,490,1605.5,440.5,1605.5,490.0
334,13.320,3,person,0.7919,1555,708,1610,870,1582.5,789.0,1582.5,870.0
334,13.320,4,person,0.7655,867,631,909,770,888.0,700.5,888.0,770.0
334,13.320,5,person,0.7651,261,447,319,557,290.0,502.0,290.0,557.0
334,13.320,6,person,0.7559,1406,355,1447,439,1426.5,397.0,1426.5,439.0
334,13.320,7,person,0.7172,1005,563,1081,679,1043.0,621.0,1043.0,679.0
334,13.320,8,person,0.6964,145,414,179,513,162.0,463.5,162.0,513.0
334,13.320,9,person,0.6923,542,358,575,457,558.5,407.5,558.5,457.0
334,13.320,10,person,0.6614,679,1015,740,1078,709.5,1046.5,709.5,1078.0
334,13.320,11,person,0.6485,353,337,384,428,368.5,382.5,368.5,428.0
334,13.320,12,person,0.6421,1064,324,1099,418,1081.5,371.0,1081.5,418.0
334,13.320,13,person,0.6398,1050,531,1114,641,1082.0,586.0,1082.0,641.0
334,13.320,14,person,0.5523,839,231,869,299,854.0,265.0,854.0,299.0
334,13.320,15,person,0.5375,1256,274,1288,359,1272.0,316.5,1272.0,359.0
334,13.320,16,person,0.5286,608,281,636,357,622.0,319.0,622.0,357.0
334,13.320,17,person,0.3506,394,196,421,253,407.5,224.5,407.5,253.0
334,13.320,18,person,0.3005,1020,557,1066,656,1043.0,606.5,1043.0,656.0
335,13.360,1,person,0.7858,141,412,176,514,158.5,463.0,158.5,514.0
335,13.360,2,person,0.7736,1195,995,1337,1079,1266.0,1037.0,1266.0,1079.0
335,13.360,3,person,0.7694,1587,392,1624,492,1605.5,442.0,1605.5,492.0
335,13.360,4,person,0.7678,1548,708,1607,871,1577.5,789.5,1577.5,871.0
335,13.360,5,person,0.7660,864,629,906,766,885.0,697.5,885.0,766.0
335,13.360,6,person,0.7574,271,448,316,560,293.5,504.0,293.5,560.0
335,13.360,7,person,0.7229,1404,359,1444,440,1424.0,399.5,1424.0,440.0
335,13.360,8,person,0.6815,1004,580,1070,678,1037.0,629.0,1037.0,678.0
335,13.360,9,person,0.6751,674,1015,738,1079,706.0,1047.0,706.0,1079.0
335,13.360,10,person,0.6559,536,361,570,456,553.0,408.5,553.0,456.0
335,13.360,11,person,0.6552,354,338,383,428,368.5,383.0,368.5,428.0
335,13.360,12,person,0.6404,1061,324,1096,414,1078.5,369.0,1078.5,414.0
335,13.360,13,person,0.6153,1252,273,1285,358,1268.5,315.5,1268.5,358.0
335,13.360,14,person,0.6009,838,231,865,298,851.5,264.5,851.5,298.0
335,13.360,15,person,0.5084,1040,530,1092,643,1066.0,586.5,1066.0,643.0
335,13.360,16,person,0.5037,606,283,634,357,620.0,320.0,620.0,357.0
335,13.360,17,person,0.4464,1009,561,1065,674,1037.0,617.5,1037.0,674.0
335,13.360,18,person,0.3510,391,195,418,259,404.5,227.0,404.5,259.0
335,13.360,19,person,0.3317,1013,551,1077,665,1045.0,608.0,1045.0,665.0
336,13.400,1,person,0.8141,140,412,172,517,156.0,464.5,156.0,517.0
336,13.400,2,person,0.7834,1190,995,1335,1080,1262.5,1037.5,1262.5,1080.0
336,13.400,3,person,0.7786,857,626,901,764,879.0,695.0,879.0,764.0
336,13.400,4,person,0.7782,272,449,313,558,292.5,503.5,292.5,558.0
336,13.400,5,person,0.7760,1584,391,1622,489,1603.0,440.0,1603.0,489.0
336,13.400,6,person,0.7371,1396,360,1441,444,1418.5,402.0,1418.5,444.0
336,13.400,7,person,0.7139,1000,565,1062,682,1031.0,623.5,1031.0,682.0
336,13.400,8,person,0.6923,532,362,565,463,548.5,412.5,548.5,463.0
336,13.400,9,person,0.6899,1248,274,1283,361,1265.5,317.5,1265.5,361.0
336,13.400,10,person,0.6816,670,1015,734,1079,702.0,1047.0,702.0,1079.0
336,13.400,11,person,0.6648,1544,708,1603,863,1573.5,785.5,1573.5,863.0
336,13.400,12,person,0.6423,353,339,380,426,366.5,382.5,366.5,426.0
336,13.400,13,person,0.6334,834,230,862,298,848.0,264.0,848.0,298.0
336,13.400,14,person,0.6126,1032,531,1076,642,1054.0,586.5,1054.0,642.0
336,13.400,15,person,0.6060,1054,325,1091,420,1072.5,372.5,1072.5,420.0
336,13.400,16,person,0.5831,602,283,632,358,617.0,320.5,617.0,358.0
336,13.400,17,person,0.4287,1003,542,1071,678,1037.0,610.0,1037.0,678.0
336,13.400,18,person,0.4179,1523,707,1605,867,1564.0,787.0,1564.0,867.0
336,13.400,19,person,0.3605,387,195,414,258,400.5,226.5,400.5,258.0
336,13.400,20,person,0.2620,1004,561,1046,673,1025.0,617.0,1025.0,673.0
337,13.440,1,person,0.8363,851,625,896,765,873.5,695.0,873.5,765.0
337,13.440,2,person,0.8355,134,414,168,521,151.0,467.5,151.0,521.0
337,13.440,3,person,0.8154,1190,997,1330,1080,1260.0,1038.5,1260.0,1080.0
337,13.440,4,person,0.7808,1583,390,1620,492,1601.5,441.0,1601.5,492.0
337,13.440,5,person,0.7686,275,449,311,560,293.0,504.5,293.0,560.0
337,13.440,6,person,0.7060,1525,706,1596,862,1560.5,784.0,1560.5,862.0
337,13.440,7,person,0.6911,529,362,562,464,545.5,413.0,545.5,464.0
337,13.440,8,person,0.6746,351,338,379,428,365.0,383.0,365.0,428.0
337,13.440,9,person,0.6661,666,1015,731,1079,698.5,1047.0,698.5,1079.0
337,13.440,10,person,0.6401,1052,324,1088,418,1070.0,371.0,1070.0,418.0
337,13.440,11,person,0.6394,1391,361,1434,446,1412.5,403.5,1412.5,446.0
337,13.440,12,person,0.6287,994,553,1049,680,1021.5,616.5,1021.5,680.0
337,13.440,13,person,0.6286,830,229,860,300,845.0,264.5,845.0,300.0
337,13.440,14,person,0.6195,1246,273,1280,361,1263.0,317.0,1263.0,361.0
337,13.440,15,person,0.6174,601,285,631,355,616.0,320.0,616.0,355.0
337,13.440,16,person,0.5460,1544,707,1596,855,1570.0,781.0,1570.0,855.0
337,13.440,17,person,0.4168,1028,526,1062,641,1045.0,583.5,1045.0,641.0
337,13.440,18,person,0.3649,384,199,408,259,396.0,229.0,396.0,259.0
338,13.480,1,person,0.8694,848,625,893,766,870.5,695.5,870.5,766.0
338,13.480,2,person,0.8033,131,416,166,522,148.5,469.0,148.5,522.0
338,13.480,3,person,0.7962,1186,1000,1324,1080,1255.0,1040.0,1255.0,1080.0
338,13.480,4,person,0.7861,1582,390,1619,490,1600.5,440.0,1600.5,490.0
338,13.480,5,person,0.7801,1540,704,1594,854,1567.0,779.0,1567.0,854.0
338,13.480,6,person,0.7736,278,448,311,560,294.5,504.0,294.5,560.0
338,13.480,7,person,0.7297,524,365,559,466,541.5,415.5,541.5,466.0
338,13.480,8,person,0.7142,1382,360,1432,449,1407.0,404.5,1407.0,449.0
338,13.480,9,person,0.7004,600,287,628,356,614.0,321.5,614.0,356.0
338,13.480,10,person,0.6822,664,1016,727,1079,695.5,1047.5,695.5,1079.0
338,13.480,11,person,0.6821,1049,325,1084,414,1066.5,369.5,1066.5,414.0
338,13.480,12,person,0.6431,987,566,1035,679,1011.0,622.5,1011.0,679.0
338,13.480,13,person,0.6057,827,229,856,300,841.5,264.5,841.5,300.0
338,13.480,14,person,0.6010,1244,273,1278,360,1261.0,316.5,1261.0,360.0
338,13.480,15,person,0.5823,349,340,377,428,363.0,384.0,363.0,428.0
338,13.480,16,person,0.5051,996,527,1050,671,1023.0,599.0,1023.0,671.0
338,13.480,17,person,0.4791,1015,526,1051,644,1033.0,585.0,1033.0,644.0
338,13.480,18,person,0.3069,380,200,406,261,393.0,230.5,393.0,261.0
338,13.480,19,person,0.2836,988,566,1022,674,1005.0,620.0,1005.0,674.0
339,13.520,1,person,0.8707,844,626,889,765,866.5,695.5,866.5,765.0
339,13.520,2,person,0.8138,1180,1000,1322,1080,1251.0,1040.0,1251.0,1080.0
339,13.520,3,person,0.7833,130,418,165,522,147.5,470.0,147.5,522.0
339,13.520,4,person,0.7785,279,448,310,562,294.5,505.0,294.5,562.0
339,13.520,5,person,0.7729,1535,704,1594,850,1564.5,777.0,1564.5,850.0
339,13.520,6,person,0.7586,1580,390,1619,490,1599.5,440.0,1599.5,490.0
339,13.520,7,person,0.7274,1377,361,1424,448,1400.5,404.5,1400.5,448.0
339,13.520,8,person,0.7236,1045,326,1079,414,1062.0,370.0,1062.0,414.0
339,13.520,9,person,0.7225,978,561,1022,685,1000.0,623.0,1000.0,685.0
339,13.520,10,person,0.7091,599,288,624,356,611.5,322.0,611.5,356.0
339,13.520,11,person,0.6806,660,1016,726,1080,693.0,1048.0,693.0,1080.0
339,13.520,12,person,0.6529,1242,274,1274,359,1258.0,316.5,1258.0,359.0
339,13.520,13,person,0.6406,517,369,556,464,536.5,416.5,536.5,464.0
339,13.520,14,person,0.6369,348,341,378,429,363.0,385.0,363.0,429.0
339,13.520,15,person,0.5008,825,230,854,301,839.5,265.5,839.5,301.0
339,13.520,16,person,0.4117,997,524,1043,625,1020.0,574.5,1020.0,625.0
339,13.520,17,person,0.3508,1004,523,1043,661,1023.5,592.0,1023.5,661.0
339,13.520,18,person,0.2929,979,541,1033,685,1006.0,613.0,1006.0,685.0
340,13.560,1,person,0.8666,841,626,888,765,864.5,695.5,864.5,765.0
340,13.560,2,person,0.7794,1373,363,1422,453,1397.5,408.0,1397.5,453.0
340,13.560,3,person,0.7727,1579,391,1618,488,1598.5,439.5,1598.5,488.0
340,13.560,4,person,0.7657,1180,1002,1320,1079,1250.0,1040.5,1250.0,1079.0
340,13.560,5,person,0.7652,279,449,313,562,296.0,505.5,296.0,562.0
340,13.560,6,person,0.7603,127,416,164,523,145.5,469.5,145.5,523.0
340,13.560,7,person,0.7427,1529,697,1589,845,1559.0,771.0,1559.0,845.0
340,13.560,8,person,0.7329,1041,326,1077,416,1059.0,371.0,1059.0,416.0
340,13.560,9,person,0.7202,512,371,553,474,532.5,422.5,532.5,474.0
340,13.560,10,person,0.6915,659,1017,725,1080,692.0,1048.5,692.0,1080.0
340,13.560,11,person,0.6839,1239,274,1272,360,1255.5,317.0,1255.5,360.0
340,13.560,12,person,0.6689,598,288,623,356,610.5,322.0,610.5,356.0
340,13.560,13,person,0.6609,346,340,380,429,363.0,384.5,363.0,429.0
340,13.560,14,person,0.5818,969,545,1023,678,996.0,611.5,996.0,678.0
340,13.560,15,person,0.5251,823,232,850,294,836.5,263.0,836.5,294.0
340,13.560,16,person,0.3455,970,561,1008,675,989.0,618.0,989.0,675.0
340,13.560,17,person,0.3249,979,525,1029,677,1004.0,601.0,1004.0,677.0
340,13.560,18,person,0.3190,590,286,625,363,607.5,324.5,607.5,363.0
340,13.560,19,person,0.2723,997,528,1030,647,1013.5,587.5,1013.5,647.0
341,13.600,1,person,0.8416,836,630,886,768,861.0,699.0,861.0,768.0
341,13.600,2,person,0.8015,1178,1002,1315,1079,1246.5,1040.5,1246.5,1079.0
341,13.600,3,person,0.7934,124,417,163,525,143.5,471.0,143.5,525.0
341,13.600,4,person,0.7916,1522,686,1587,842,1554.5,764.0,1554.5,842.0
341,13.600,5,person,0.7427,505,373,550,474,527.5,423.5,527.5,474.0
341,13.600,6,person,0.7285,1577,391,1620,491,1598.5,441.0,1598.5,491.0
341,13.600,7,person,0.7212,278,451,318,558,298.0,504.5,298.0,558.0
341,13.600,8,person,0.7051,657,1017,720,1080,688.5,1048.5,688.5,1080.0
341,13.600,9,person,0.6828,1370,364,1413,450,1391.5,407.0,1391.5,450.0
341,13.600,10,person,0.6687,344,342,386,430,365.0,386.0,365.0,430.0
341,13.600,11,person,0.6641,1237,274,1270,359,1253.5,316.5,1253.5,359.0
341,13.600,12,person,0.6501,1037,327,1072,415,1054.5,371.0,1054.5,415.0
341,13.600,13,person,0.6196,959,530,1024,678,991.5,604.0,991.5,678.0
341,13.600,14,person,0.5910,596,288,623,362,609.5,325.0,609.5,362.0
341,13.600,15,person,0.5787,821,231,848,299,834.5,265.0,834.5,299.0
341,13.600,16,person,0.2747,962,562,1002,648,982.0,605.0,982.0,648.0
342,13.640,1,person,0.8408,833,630,883,768,858.0,699.0,858.0,768.0
342,13.640,2,person,0.8176,1176,1003,1309,1079,1242.5,1041.0,1242.5,1079.0
342,13.640,3,person,0.7852,1524,683,1584,836,1554.0,759.5,1554.0,836.0
342,13.640,4,person,0.7699,274,450,329,562,301.5,506.0,301.5,562.0
342,13.640,5,person,0.7621,1575,391,1620,491,1597.5,441.0,1597.5,491.0
342,13.640,6,person,0.7549,505,373,547,477,526.0,425.0,526.0,477.0
342,13.640,7,person,0.7290,121,421,162,524,141.5,472.5,141.5,524.0
342,13.640,8,person,0.7072,1360,360,1402,447,1381.0,403.5,1381.0,447.0
342,13.640,9,person,0.6621,655,1017,718,1080,686.5,1048.5,686.5,1080.0
342,13.640,10,person,0.6443,342,343,389,430,365.5,386.5,365.5,430.0
342,13.640,11,person,0.6373,1236,276,1268,360,1252.0,318.0,1252.0,360.0
342,13.640,12,person,0.6262,595,288,623,361,609.0,324.5,609.0,361.0
342,13.640,13,person,0.5718,817,231,846,305,831.5,268.0,831.5,305.0
342,13.640,14,person,0.5440,1032,326,1067,418,1049.5,372.0,1049.5,418.0
342,13.640,15,person,0.4615,984,534,1014,643,999.0,588.5,999.0,643.0
342,13.640,16,person,0.3346,969,534,1015,654,992.0,594.0,992.0,654.0
342,13.640,17,person,0.3315,952,553,1004,678,978.0,615.5,978.0,678.0
342,13.640,18,person,0.2661,364,203,389,254,376.5,228.5,376.5,254.0
342,13.640,19,person,0.2636,952,534,1016,674,984.0,604.0,984.0,674.0
342,13.640,20,person,0.2609,956,557,987,647,971.5,602.0,971.5,647.0
343,13.680,1,person,0.8402,830,631,884,765,857.0,698.0,857.0,765.0
343,13.680,2,person,0.8173,1178,1004,1306,1079,1242.0,1041.5,1242.0,1079.0
343,13.680,3,person,0.8024,273,451,334,563,303.5,507.0,303.5,563.0
343,13.680,4,person,0.7795,1572,392,1618,490,1595.0,441.0,1595.0,490.0
343,13.680,5,person,0.7586,1524,682,1580,835,1552.0,758.5,1552.0,835.0
343,13.680,6,person,0.7476,1356,361,1398,449,1377.0,405.0,1377.0,449.0
343,13.680,7,person,0.6986,119,433,161,524,140.0,478.5,140.0,524.0
343,13.680,8,person,0.6982,505,371,544,477,524.5,424.0,524.5,477.0
343,13.680,9,person,0.6753,339,344,386,431,362.5,387.5,362.5,431.0
343,13.680,10,person,0.6567,596,289,621,360,608.5,324.5,608.5,360.0
343,13.680,11,person,0.6388,654,1018,714,1080,684.0,1049.0,684.0,1080.0
343,13.680,12,person,0.6227,1234,277,1266,360,1250.0,318.5,1250.0,360.0
343,13.680,13,person,0.6209,1030,325,1063,415,1046.5,370.0,1046.5,415.0
343,13.680,14,person,0.5952,816,234,843,304,829.5,269.0,829.5,304.0
343,13.680,15,person,0.5484,964,536,1004,647,984.0,591.5,984.0,647.0
343,13.680,16,person,0.5073,946,538,1003,674,974.5,606.0,974.5,674.0
343,13.680,17,person,0.3648,362,202,386,255,374.0,228.5,374.0,255.0
343,13.680,18,person,0.2774,940,557,993,678,966.5,617.5,966.5,678.0
344,13.720,1,person,0.8239,828,631,882,764,855.0,697.5,855.0,764.0
344,13.720,2,person,0.7987,1352,359,1391,452,1371.5,405.5,1371.5,452.0
344,13.720,3,person,0.7982,271,455,335,564,303.0,509.5,303.0,564.0
344,13.720,4,person,0.7881,1523,682,1577,830,1550.0,756.0,1550.0,830.0
344,13.720,5,person,0.7638,1569,392,1618,489,1593.5,440.5,1593.5,489.0
344,13.720,6,person,0.7615,1178,1006,1301,1079,1239.5,1042.5,1239.5,1079.0
344,13.720,7,person,0.7278,502,370,540,478,521.0,424.0,521.0,478.0
344,13.720,8,person,0.7090,338,344,386,432,362.0,388.0,362.0,432.0
344,13.720,9,person,0.6818,1231,273,1264,359,1247.5,316.0,1247.5,359.0
344,13.720,10,person,0.6725,116,438,160,524,138.0,481.0,138.0,524.0
344,13.720,11,person,0.6567,814,232,841,303,827.5,267.5,827.5,303.0
344,13.720,12,person,0.6104,651,1018,713,1080,682.0,1049.0,682.0,1080.0
344,13.720,13,person,0.6086,595,289,619,359,607.0,324.0,607.0,359.0
344,13.720,14,person,0.5037,1027,326,1061,421,1044.0,373.5,1044.0,421.0
344,13.720,15,person,0.4952,962,538,997,664,979.5,601.0,979.5,664.0
344,13.720,16,person,0.4704,944,538,995,672,969.5,605.0,969.5,672.0
344,13.720,17,person,0.3584,915,567,981,679,948.0,623.0,948.0,679.0
344,13.720,18,person,0.3532,358,203,383,257,370.5,230.0,370.5,257.0
345,13.760,1,person,0.8160,269,453,332,567,300.5,510.0,300.5,567.0
345,13.760,2,person,0.7994,824,632,879,764,851.5,698.0,851.5,764.0
345,13.760,3,person,0.7992,1510,683,1570,827,1540.0,755.0,1540.0,827.0
345,13.760,4,person,0.7808,1565,391,1618,493,1591.5,442.0,1591.5,493.0
345,13.760,5,person,0.7431,1229,274,1263,359,1246.0,316.5,1246.0,359.0
345,13.760,6,person,0.7334,1346,362,1385,455,1365.5,408.5,1365.5,455.0
345,13.760,7,person,0.7172,1187,1005,1298,1080,1242.5,1042.5,1242.5,1080.0
345,13.760,8,person,0.6945,338,344,381,433,359.5,388.5,359.5,433.0
345,13.760,9,person,0.6739,118,440,161,526,139.5,483.0,139.5,526.0
345,13.760,10,person,0.6660,501,370,537,476,519.0,423.0,519.0,476.0
345,13.760,11,person,0.6214,649,1020,712,1080,680.5,1050.0,680.5,1080.0
345,13.760,12,person,0.5708,1023,326,1055,407,1039.0,366.5,1039.0,407.0
345,13.760,13,person,0.5610,914,539,985,684,949.5,611.5,949.5,684.0
345,13.760,14,person,0.5529,813,234,838,304,825.5,269.0,825.5,304.0
345,13.760,15,person,0.5495,593,289,619,361,606.0,325.0,606.0,361.0
345,13.760,16,person,0.5306,950,536,988,654,969.0,595.0,969.0,654.0
345,13.760,17,person,0.3685,356,201,379,260,367.5,230.5,367.5,260.0
345,13.760,18,person,0.2845,928,541,978,664,953.0,602.5,953.0,664.0
346,13.800,1,person,0.8277,270,454,331,564,300.5,509.0,300.5,564.0
346,13.800,2,person,0.8010,817,629,877,764,847.0,696.5,847.0,764.0
346,13.800,3,person,0.7949,1565,392,1613,492,1589.0,442.0,1589.0,492.0
346,13.800,4,person,0.7742,1510,686,1568,830,1539.0,758.0,1539.0,830.0
346,13.800,5,person,0.7550,1228,272,1261,359,1244.5,315.5,1244.5,359.0
346,13.800,6,person,0.7149,1193,1010,1296,1080,1244.5,1045.0,1244.5,1080.0
346,13.800,7,person,0.7090,499,369,538,478,518.5,423.5,518.5,478.0
346,13.800,8,person,0.6735,118,436,157,524,137.5,480.0,137.5,524.0
346,13.800,9,person,0.6618,1343,359,1380,455,1361.5,407.0,1361.5,455.0
346,13.800,10,person,0.6536,339,343,378,432,358.5,387.5,358.5,432.0
346,13.800,11,person,0.6355,810,232,839,305,824.5,268.5,824.5,305.0
346,13.800,12,person,0.6131,647,1020,709,1080,678.0,1050.0,678.0,1080.0
346,13.800,13,person,0.5818,593,289,619,364,606.0,326.5,606.0,364.0
346,13.800,14,person,0.5791,912,536,984,684,948.0,610.0,948.0,684.0
346,13.800,15,person,0.5777,1021,326,1053,413,1037.0,369.5,1037.0,413.0
346,13.800,16,person,0.5213,911,571,977,684,944.0,627.5,944.0,684.0
346,13.800,17,person,0.5008,931,535,991,654,961.0,594.5,961.0,654.0
346,13.800,18,person,0.3065,1496,777,1564,826,1530.0,801.5,1530.0,826.0
346,13.800,19,person,0.2867,352,205,375,261,363.5,233.0,363.5,261.0
346,13.800,20,person,0.2601,910,602,970,685,940.0,643.5,940.0,685.0
346,13.800,21,person,0.2543,914,558,959,680,936.5,619.0,936.5,680.0
347,13.840,1,person,0.8129,814,630,873,755,843.5,692.5,843.5,755.0
347,13.840,2,person,0.7912,273,454,329,563,301.0,508.5,301.0,563.0
347,13.840,3,person,0.7864,1496,687,1566,830,1531.0,758.5,1531.0,830.0
347,13.840,4,person,0.7607,1227,272,1261,357,1244.0,314.5,1244.0,357.0
347,13.840,5,person,0.7566,1565,392,1612,492,1588.5,442.0,1588.5,492.0
347,13.840,6,person,0.7492,1336,359,1376,456,1356.0,407.5,1356.0,456.0
347,13.840,7,person,0.7189,909,535,973,680,941.0,607.5,941.0,680.0
347,13.840,8,person,0.6991,1209,1010,1293,1080,1251.0,1045.0,1251.0,1080.0
347,13.840,9,person,0.6845,497,373,535,479,516.0,426.0,516.0,479.0
347,13.840,10,person,0.6397,645,1021,707,1080,676.0,1050.5,676.0,1080.0
347,13.840,11,person,0.6305,119,445,156,526,137.5,485.5,137.5,526.0
347,13.840,12,person,0.5967,341,344,376,430,358.5,387.0,358.5,430.0
347,13.840,13,person,0.5814,1015,326,1052,414,1033.5,370.0,1033.5,414.0
347,13.840,14,person,0.5097,594,288,619,366,606.5,327.0,606.5,366.0
347,13.840,15,person,0.5000,809,230,837,304,823.0,267.0,823.0,304.0
347,13.840,16,person,0.3981,1494,775,1563,826,1528.5,800.5,1528.5,826.0
347,13.840,17,person,0.2752,350,208,373,267,361.5,237.5,361.5,267.0
347,13.840,18,person,0.2661,1494,755,1562,828,1528.0,791.5,1528.0,828.0
347,13.840,19,person,0.2588,123,424,157,523,140.0,473.5,140.0,523.0
348,13.880,1,person,0.8229,1332,365,1373,456,1352.5,410.5,1352.5,456.0
348,13.880,2,person,0.8051,810,625,872,754,841.0,689.5,841.0,754.0
348,13.880,3,person,0.7761,1564,393,1607,488,1585.5,440.5,1585.5,488.0
348,13.880,4,person,0.7673,1494,689,1562,829,1528.0,759.0,1528.0,829.0
348,13.880,5,person,0.7398,1225,273,1261,358,1243.0,315.5,1243.0,358.0
348,13.880,6,person,0.7153,285,454,327,560,306.0,507.0,306.0,560.0
348,13.880,7,person,0.7010,494,379,535,478,514.5,428.5,514.5,478.0
348,13.880,8,person,0.6942,1214,1012,1289,1080,1251.5,1046.0,1251.5,1080.0
348,13.880,9,person,0.6919,1012,326,1048,412,1030.0,369.0,1030.0,412.0
348,13.880,10,person,0.6821,346,343,376,431,361.0,387.0,361.0,431.0
348,13.880,11,person,0.6461,645,1025,707,1080,676.0,1052.5,676.0,1080.0
348,13.880,12,person,0.6378,123,448,156,529,139.5,488.5,139.5,529.0
348,13.880,13,person,0.6090,807,229,835,303,821.0,266.0,821.0,303.0
348,13.880,14,person,0.5784,594,289,619,364,606.5,326.5,606.5,364.0
348,13.880,15,person,0.5100,904,532,967,680,935.5,606.0,935.5,680.0
348,13.880,16,person,0.4908,923,532,966,675,944.5,603.5,944.5,675.0
348,13.880,17,person,0.4092,929,533,965,646,947.0,589.5,947.0,646.0
348,13.880,18,person,0.3125,349,209,370,261,359.5,235.0,359.5,261.0
348,13.880,19,person,0.3056,905,538,952,661,928.5,599.5,928.5,661.0
349,13.920,1,person,0.8749,809,623,867,756,838.0,689.5,838.0,756.0
349,13.920,2,person,0.8182,1565,393,1607,490,1586.0,441.5,1586.0,490.0
349,13.920,3,person,0.7861,1331,371,1369,456,1350.0,413.5,1350.0,456.0
349,13.920,4,person,0.7857,1489,688,1559,828,1524.0,758.0,1524.0,828.0
349,13.920,5,person,0.7478,290,453,325,560,307.5,506.5,307.5,560.0
349,13.920,6,person,0.7235,1224,274,1259,360,1241.5,317.0,1241.5,360.0
349,13.920,7,person,0.7212,494,379,533,477,513.5,428.0,513.5,477.0
349,13.920,8,person,0.6656,349,342,379,430,364.0,386.0,364.0,430.0
349,13.920,9,person,0.6431,1215,1012,1287,1080,1251.0,1046.0,1251.0,1080.0
349,13.920,10,person,0.6425,807,230,835,303,821.0,266.5,821.0,303.0
349,13.920,11,person,0.6350,645,1026,703,1080,674.0,1053.0,674.0,1080.0
349,13.920,12,person,0.5785,127,439,155,528,141.0,483.5,141.0,528.0
349,13.920,13,person,0.5716,1007,329,1046,415,1026.5,372.0,1026.5,415.0
349,13.920,14,person,0.5689,595,289,618,367,606.5,328.0,606.5,367.0
349,13.920,15,person,0.5341,896,539,954,682,925.0,610.5,925.0,682.0
349,13.920,16,person,0.3368,345,207,368,268,356.5,237.5,356.5,268.0
350,13.960,1,person,0.8230,1566,395,1604,489,1585.0,442.0,1585.0,489.0
350,13.960,2,person,0.8131,805,625,863,757,834.0,691.0,834.0,757.0
350,13.960,3,person,0.7881,1329,374,1365,456,1347.0,415.0,1347.0,456.0
350,13.960,4,person,0.7573,1486,686,1557,829,1521.5,757.5,1521.5,829.0
350,13.960,5,person,0.7565,294,451,328,561,311.0,506.0,311.0,561.0
350,13.960,6,person,0.7224,1224,276,1258,358,1241.0,317.0,1241.0,358.0
350,13.960,7,person,0.6902,351,343,380,431,365.5,387.0,365.5,431.0
350,13.960,8,person,0.6752,493,381,529,478,511.0,429.5,511.0,478.0
350,13.960,9,person,0.6606,644,1027,702,1080,673.0,1053.5,673.0,1080.0
350,13.960,10,person,0.6476,1215,1013,1285,1080,1250.0,1046.5,1250.0,1080.0
350,13.960,11,person,0.6387,895,528,960,678,927.5,603.0,927.5,678.0
350,13.960,12,person,0.6144,805,229,834,302,819.5,265.5,819.5,302.0
350,13.960,13,person,0.5924,1004,332,1044,418,1024.0,375.0,1024.0,418.0
350,13.960,14,person,0.5800,594,286,622,368,608.0,327.0,608.0,368.0
350,13.960,15,person,0.4847,901,529,953,646,927.0,587.5,927.0,646.0
350,13.960,16,person,0.4795,129,439,159,528,144.0,483.5,144.0,528.0
350,13.960,17,person,0.3891,341,205,368,263,354.5,234.0,354.5,263.0
350,13.960,18,person,0.3558,894,524,936,679,915.0,601.5,915.0,679.0
350,13.960,19,person,0.3527,1486,748,1557,828,1521.5,788.0,1521.5,828.0
351,14.000,1,person,0.8400,803,626,861,755,832.0,690.5,832.0,755.0
351,14.000,2,person,0.8073,296,450,331,563,313.5,506.5,313.5,563.0
351,14.000,3,person,0.7992,1566,396,1605,491,1585.5,443.5,1585.5,491.0
351,14.000,4,person,0.7256,1324,374,1358,456,1341.0,415.0,1341.0,456.0
351,14.000,5,person,0.6869,1223,276,1260,357,1241.5,316.5,1241.5,357.0
351,14.000,6,person,0.6847,1215,1018,1285,1080,1250.0,1049.0,1250.0,1080.0
351,14.000,7,person,0.6773,491,380,527,480,509.0,430.0,509.0,480.0
351,14.000,8,person,0.6640,644,1025,701,1080,672.5,1052.5,672.5,1080.0
351,14.000,9,person,0.6569,352,343,382,432,367.0,387.5,367.0,432.0
351,14.000,10,person,0.6241,133,456,162,529,147.5,492.5,147.5,529.0
351,14.000,11,person,0.5912,998,331,1045,414,1021.5,372.5,1021.5,414.0
351,14.000,12,person,0.5870,888,524,947,657,917.5,590.5,917.5,657.0
351,14.000,13,person,0.5820,803,230,832,304,817.5,267.0,817.5,304.0
351,14.000,14,person,0.5806,1494,683,1556,823,1525.0,753.0,1525.0,823.0
351,14.000,15,person,0.5798,594,289,620,369,607.0,329.0,607.0,369.0
351,14.000,16,person,0.4042,1003,330,1040,404,1021.5,367.0,1021.5,404.0
351,14.000,17,person,0.4029,887,536,925,660,906.0,598.0,906.0,660.0
351,14.000,18,person,0.3892,340,205,366,263,353.0,234.0,353.0,263.0
351,14.000,19,person,0.3344,130,437,164,530,147.0,483.5,147.0,530.0
352,14.040,1,person,0.8106,804,623,859,753,831.5,688.0,831.5,753.0
352,14.040,2,person,0.7947,297,451,334,561,315.5,506.0,315.5,561.0
352,14.040,3,person,0.7894,1563,395,1602,487,1582.5,441.0,1582.5,487.0
352,14.040,4,person,0.7265,352,342,384,431,368.0,386.5,368.0,431.0
352,14.040,5,person,0.7215,1222,275,1262,357,1242.0,316.0,1242.0,357.0
352,14.040,6,person,0.7043,1215,1019,1284,1080,1249.5,1049.5,1249.5,1080.0
352,14.040,7,person,0.7035,993,330,1043,409,1018.0,369.5,1018.0,409.0
352,14.040,8,person,0.6853,645,1026,701,1080,673.0,1053.0,673.0,1080.0
352,14.040,9,person,0.6795,593,288,622,368,607.5,328.0,607.5,368.0
352,14.040,10,person,0.6618,489,381,527,482,508.0,431.5,508.0,482.0
352,14.040,11,person,0.6345,1317,374,1352,457,1334.5,415.5,1334.5,457.0
352,14.040,12,person,0.6106,131,428,164,529,147.5,478.5,147.5,529.0
352,14.040,13,person,0.6012,1489,682,1553,823,1521.0,752.5,1521.0,823.0
352,14.040,14,person,0.5484,802,231,832,302,817.0,266.5,817.0,302.0
352,14.040,15,person,0.4583,884,521,939,661,911.5,591.0,911.5,661.0
352,14.040,16,person,0.4396,879,532,929,679,904.0,605.5,904.0,679.0
352,14.040,17,person,0.4080,338,208,365,261,351.5,234.5,351.5,261.0
352,14.040,18,person,0.3662,1501,682,1549,806,1525.0,744.0,1525.0,806.0
352,14.040,19,person,0.3176,880,545,924,662,902.0,603.5,902.0,662.0
352,14.040,20,person,0.3153,879,549,913,679,896.0,614.0,896.0,679.0
353,14.080,1,person,0.8090,804,621,858,755,831.0,688.0,831.0,755.0
353,14.080,2,person,0.7582,299,450,337,562,318.0,506.0,318.0,562.0
353,14.080,3,person,0.7342,1310,372,1352,458,1331.0,415.0,1331.0,458.0
353,14.080,4,person,0.7278,1222,275,1260,358,1241.0,316.5,1241.0,358.0
353,14.080,5,person,0.7178,1566,396,1601,485,1583.5,440.5,1583.5,485.0
353,14.080,6,person,0.7164,131,425,166,528,148.5,476.5,148.5,528.0
353,14.080,7,person,0.6925,593,288,621,368,607.0,328.0,607.0,368.0
353,14.080,8,person,0.6903,993,333,1039,418,1016.0,375.5,1016.0,418.0
353,14.080,9,person,0.6895,1213,1017,1284,1080,1248.5,1048.5,1248.5,1080.0
353,14.080,10,person,0.6459,354,344,388,433,371.0,388.5,371.0,433.0
353,14.080,11,person,0.6443,644,1027,700,1080,672.0,1053.5,672.0,1080.0
353,14.080,12,person,0.6351,488,381,526,486,507.0,433.5,507.0,486.0
353,14.080,13,person,0.5374,867,526,936,680,901.5,603.0,901.5,680.0
353,14.080,14,person,0.5203,801,231,831,305,816.0,268.0,816.0,305.0
353,14.080,15,person,0.5081,1498,680,1545,777,1521.5,728.5,1521.5,777.0
353,14.080,16,person,0.3914,881,524,935,645,908.0,584.5,908.0,645.0
353,14.080,17,person,0.3640,337,205,361,263,349.0,234.0,349.0,263.0
353,14.080,18,person,0.3271,1496,680,1546,817,1521.0,748.5,1521.0,817.0
354,14.120,1,person,0.8131,804,621,856,756,830.0,688.5,830.0,756.0
354,14.120,2,person,0.7940,1305,377,1350,459,1327.5,418.0,1327.5,459.0
354,14.120,3,person,0.7855,1564,397,1601,490,1582.5,443.5,1582.5,490.0
354,14.120,4,person,0.7672,1223,274,1261,358,1242.0,316.0,1242.0,358.0
354,14.120,5,person,0.7592,1495,678,1544,820,1519.5,749.0,1519.5,820.0
354,14.120,6,person,0.7006,298,451,346,562,322.0,506.5,322.0,562.0
354,14.120,7,person,0.6950,130,427,169,531,149.5,479.0,149.5,531.0
354,14.120,8,person,0.6867,990,331,1038,413,1014.0,372.0,1014.0,413.0
354,14.120,9,person,0.6781,592,288,621,369,606.5,328.5,606.5,369.0
354,14.120,10,person,0.6747,1210,1018,1281,1080,1245.5,1049.0,1245.5,1080.0
354,14.120,11,person,0.6310,489,382,524,483,506.5,432.5,506.5,483.0
354,14.120,12,person,0.6268,643,1027,700,1080,671.5,1053.5,671.5,1080.0
354,14.120,13,person,0.5907,865,526,924,674,894.5,600.0,894.5,674.0
354,14.120,14,person,0.5901,353,346,392,433,372.5,389.5,372.5,433.0
354,14.120,15,person,0.4617,800,236,829,304,814.5,270.0,814.5,304.0
354,14.120,16,person,0.4193,868,562,918,671,893.0,616.5,893.0,671.0
354,14.120,17,person,0.3581,334,210,359,263,346.5,236.5,346.5,263.0
355,14.160,1,person,0.8461,801,621,855,756,828.0,688.5,828.0,756.0
355,14.160,2,person,0.8270,1493,673,1541,813,1517.0,743.0,1517.0,813.0
355,14.160,3,person,0.7972,1301,375,1349,461,1325.0,418.0,1325.0,461.0
355,14.160,4,person,0.7564,1565,396,1602,492,1583.5,444.0,1583.5,492.0
355,14.160,5,person,0.7481,1224,274,1263,357,1243.5,315.5,1243.5,357.0
355,14.160,6,person,0.7110,298,451,349,561,323.5,506.0,323.5,561.0
355,14.160,7,person,0.6498,1210,1020,1279,1080,1244.5,1050.0,1244.5,1080.0
355,14.160,8,person,0.6436,351,346,396,434,373.5,390.0,373.5,434.0
355,14.160,9,person,0.6403,128,426,173,532,150.5,479.0,150.5,532.0
355,14.160,10,person,0.6314,487,384,521,482,504.0,433.0,504.0,482.0
355,14.160,11,person,0.6064,592,289,621,368,606.5,328.5,606.5,368.0
355,14.160,12,person,0.5909,862,526,924,677,893.0,601.5,893.0,677.0
355,14.160,13,person,0.5802,988,330,1036,409,1012.0,369.5,1012.0,409.0
355,14.160,14,person,0.5774,642,1028,698,1080,670.0,1054.0,670.0,1080.0
355,14.160,15,person,0.4823,797,233,826,301,811.5,267.0,811.5,301.0
355,14.160,16,person,0.3803,989,331,1026,396,1007.5,363.5,1007.5,396.0
355,14.160,17,person,0.2771,862,560,897,657,879.5,608.5,879.5,657.0
356,14.200,1,person,0.8393,1296,376,1345,462,1320.5,419.0,1320.5,462.0
356,14.200,2,person,0.8301,1491,669,1535,810,1513.0,739.5,1513.0,810.0
356,14.200,3,person,0.8033,799,619,850,755,824.5,687.0,824.5,755.0
356,14.200,4,person,0.7723,1564,395,1601,492,1582.5,443.5,1582.5,492.0
356,14.200,5,person,0.7365,1224,274,1265,357,1244.5,315.5,1244.5,357.0
356,14.200,6,person,0.7072,297,452,349,563,323.0,507.5,323.0,563.0
356,14.200,7,person,0.6994,485,383,522,483,503.5,433.0,503.5,483.0
356,14.200,8,person,0.6557,349,345,396,433,372.5,389.0,372.5,433.0
356,14.200,9,person,0.6220,1210,1023,1278,1080,1244.0,1051.5,1244.0,1080.0
356,14.200,10,person,0.6207,127,424,175,532,151.0,478.0,151.0,532.0
356,14.200,11,person,0.6153,985,328,1020,407,1002.5,367.5,1002.5,407.0
356,14.200,12,person,0.5596,858,525,914,673,886.0,599.0,886.0,673.0
356,14.200,13,person,0.5482,639,1029,697,1080,668.0,1054.5,668.0,1080.0
356,14.200,14,person,0.5397,796,234,825,300,810.5,267.0,810.5,300.0
356,14.200,15,person,0.5365,594,289,619,368,606.5,328.5,606.5,368.0
357,14.240,1,person,0.8065,796,618,849,755,822.5,686.5,822.5,755.0
357,14.240,2,person,0.7958,1487,664,1534,805,1510.5,734.5,1510.5,805.0
357,14.240,3,person,0.7497,1226,273,1264,357,1245.0,315.0,1245.0,357.0
357,14.240,4,person,0.7287,1296,375,1341,463,1318.5,419.0,1318.5,463.0
357,14.240,5,person,0.6865,1564,398,1598,494,1581.0,446.0,1581.0,494.0
357,14.240,6,person,0.6779,296,453,349,563,322.5,508.0,322.5,563.0
357,14.240,7,person,0.6739,485,382,521,484,503.0,433.0,503.0,484.0
357,14.240,8,person,0.6727,984,325,1017,407,1000.5,366.0,1000.5,407.0
357,14.240,9,person,0.6709,126,425,175,532,150.5,478.5,150.5,532.0
357,14.240,10,person,0.6469,348,346,390,434,369.0,390.0,369.0,434.0
357,14.240,11,person,0.6013,1209,1023,1277,1080,1243.0,1051.5,1243.0,1080.0
357,14.240,12,person,0.5414,638,1028,695,1080,666.5,1054.0,666.5,1080.0
357,14.240,13,person,0.4935,594,289,619,370,606.5,329.5,606.5,370.0
357,14.240,14,person,0.4519,795,234,824,297,809.5,265.5,809.5,297.0
357,14.240,15,person,0.4428,871,527,909,641,890.0,584.0,890.0,641.0
357,14.240,16,person,0.2849,853,529,906,671,879.5,600.0,879.5,671.0
358,14.280,1,person,0.8102,794,619,845,754,819.5,686.5,819.5,754.0
358,14.280,2,person,0.7982,1484,664,1532,805,1508.0,734.5,1508.0,805.0
358,14.280,3,person,0.7751,1227,274,1264,357,1245.5,315.5,1245.5,357.0
358,14.280,4,person,0.7548,1561,396,1601,494,1581.0,445.0,1581.0,494.0
358,14.280,5,person,0.7236,1293,372,1336,462,1314.5,417.0,1314.5,462.0
358,14.280,6,person,0.6910,121,422,177,533,149.0,477.5,149.0,533.0
358,14.280,7,person,0.6810,482,382,519,483,500.5,432.5,500.5,483.0
358,14.280,8,person,0.6788,299,453,341,559,320.0,506.0,320.0,559.0
358,14.280,9,person,0.6523,981,324,1012,408,996.5,366.0,996.5,408.0
358,14.280,10,person,0.6366,348,345,391,436,369.5,390.5,369.5,436.0
358,14.280,11,person,0.6009,1208,1025,1275,1080,1241.5,1052.5,1241.5,1080.0
358,14.280,12,person,0.5674,794,232,823,297,808.5,264.5,808.5,297.0
358,14.280,13,person,0.4969,591,289,617,369,604.0,329.0,604.0,369.0
358,14.280,14,person,0.4865,843,533,903,660,873.0,596.5,873.0,660.0
358,14.280,15,person,0.4786,637,1028,691,1080,664.0,1054.0,664.0,1080.0
358,14.280,16,person,0.3424,841,566,891,677,866.0,621.5,866.0,677.0
358,14.280,17,person,0.2893,868,531,904,644,886.0,587.5,886.0,644.0
358,14.280,18,person,0.2523,841,564,879,653,860.0,608.5,860.0,653.0
359,14.320,1,person,0.7976,793,617,843,751,818.0,684.0,818.0,751.0
359,14.320,2,person,0.7897,1484,664,1533,807,1508.5,735.5,1508.5,807.0
359,14.320,3,person,0.7494,1561,395,1600,493,1580.5,444.0,1580.5,493.0
359,14.320,4,person,0.7488,1290,372,1331,465,1310.5,418.5,1310.5,465.0
359,14.320,5,person,0.7471,1230,270,1265,356,1247.5,313.0,1247.5,356.0
359,14.320,6,person,0.6744,300,453,337,559,318.5,506.0,318.5,559.0
359,14.320,7,person,0.6742,117,422,174,532,145.5,477.0,145.5,532.0
359,14.320,8,person,0.6668,482,381,516,484,499.0,432.5,499.0,484.0
359,14.320,9,person,0.6373,349,344,389,433,369.0,388.5,369.0,433.0
359,14.320,10,person,0.6081,839,529,896,639,867.5,584.0,867.5,639.0
359,14.320,11,person,0.5696,1206,1026,1272,1080,1239.0,1053.0,1239.0,1080.0
359,14.320,12,person,0.5682,792,232,821,298,806.5,265.0,806.5,298.0
359,14.320,13,person,0.5672,977,323,1007,401,992.0,362.0,992.0,401.0
359,14.320,14,person,0.5318,591,287,616,368,603.5,327.5,603.5,368.0
359,14.320,15,person,0.4742,636,1032,690,1080,663.0,1056.0,663.0,1080.0
359,14.320,16,person,0.3353,835,538,882,640,858.5,589.0,858.5,640.0
359,14.320,17,person,0.3270,317,204,342,263,329.5,233.5,329.5,263.0
360,14.360,1,person,0.8301,1481,662,1532,805,1506.5,733.5,1506.5,805.0
360,14.360,2,person,0.7455,1562,394,1596,490,1579.0,442.0,1579.0,490.0
360,14.360,3,person,0.7354,299,451,336,560,317.5,505.5,317.5,560.0
360,14.360,4,person,0.7277,793,622,840,747,816.5,684.5,816.5,747.0
360,14.360,5,person,0.6995,1286,373,1328,463,1307.0,418.0,1307.0,463.0
360,14.360,6,person,0.6899,118,422,172,531,145.0,476.5,145.0,531.0
360,14.360,7,person,0.6893,350,343,386,431,368.0,387.0,368.0,431.0
360,14.360,8,person,0.6637,1234,271,1267,353,1250.5,312.0,1250.5,353.0
360,14.360,9,person,0.6590,481,380,515,481,498.0,430.5,498.0,481.0
360,14.360,10,person,0.5824,791,227,819,298,805.0,262.5,805.0,298.0
360,14.360,11,person,0.5647,1207,1028,1269,1080,1238.0,1054.0,1238.0,1080.0
360,14.360,12,person,0.5600,974,323,1004,405,989.0,364.0,989.0,405.0
360,14.360,13,person,0.5527,590,287,615,369,602.5,328.0,602.5,369.0
360,14.360,14,person,0.4756,637,1036,684,1080,660.5,1058.0,660.5,1080.0
360,14.360,15,person,0.4721,852,528,891,637,871.5,582.5,871.5,637.0
360,14.360,16,person,0.4543,118,458,172,534,145.0,496.0,145.0,534.0
360,14.360,17,person,0.4113,833,527,890,639,861.5,583.0,861.5,639.0
360,14.360,18,person,0.3568,313,204,341,261,327.0,232.5,327.0,261.0
360,14.360,19,person,0.3418,829,541,883,642,856.0,591.5,856.0,642.0
360,14.360,20,person,0.3393,830,556,871,634,850.5,595.0,850.5,634.0
361,14.400,1,person,0.7576,1474,662,1531,806,1502.5,734.0,1502.5,806.0
361,14.400,2,person,0.7547,297,450,336,559,316.5,504.5,316.5,559.0
361,14.400,3,person,0.7401,791,623,841,745,816.0,684.0,816.0,745.0
361,14.400,4,person,0.7261,1563,393,1596,490,1579.5,441.5,1579.5,490.0
361,14.400,5,person,0.7156,1236,266,1270,353,1253.0,309.5,1253.0,353.0
361,14.400,6,person,0.6926,1285,375,1323,463,1304.0,419.0,1304.0,463.0
361,14.400,7,person,0.6859,352,342,386,431,369.0,386.5,369.0,431.0
361,14.400,8,person,0.6776,123,423,169,526,146.0,474.5,146.0,526.0
361,14.400,9,person,0.6506,480,381,514,483,497.0,432.0,497.0,483.0
361,14.400,10,person,0.6356,970,323,1001,409,985.5,366.0,985.5,409.0
361,14.400,11,person,0.5840,846,524,884,632,865.0,578.0,865.0,632.0
361,14.400,12,person,0.5710,587,287,614,369,600.5,328.0,600.5,369.0
361,14.400,13,person,0.5337,789,228,818,298,803.5,263.0,803.5,298.0
361,14.400,14,person,0.5121,1207,1030,1268,1080,1237.5,1055.0,1237.5,1080.0
361,14.400,15,person,0.5024,638,1038,681,1079,659.5,1058.5,659.5,1079.0
361,14.400,16,person,0.4290,826,532,885,630,855.5,581.0,855.5,630.0
361,14.400,17,person,0.4042,309,203,339,265,324.0,234.0,324.0,265.0
362,14.440,1,person,0.7845,1472,663,1531,806,1501.5,734.5,1501.5,806.0
362,14.440,2,person,0.7652,297,450,333,558,315.0,504.0,315.0,558.0
362,14.440,3,person,0.7497,1564,393,1597,493,1580.5,443.0,1580.5,493.0
362,14.440,4,person,0.7406,1284,374,1319,464,1301.5,419.0,1301.5,464.0
362,14.440,5,person,0.7379,790,615,840,744,815.0,679.5,815.0,744.0
362,14.440,6,person,0.6883,353,342,383,431,368.0,386.5,368.0,431.0
362,14.440,7,person,0.6787,125,425,167,528,146.0,476.5,146.0,528.0
362,14.440,8,person,0.6362,480,379,514,483,497.0,431.0,497.0,483.0
362,14.440,9,person,0.5988,1241,268,1270,353,1255.5,310.5,1255.5,353.0
362,14.440,10,person,0.5884,789,227,815,296,802.0,261.5,802.0,296.0
362,14.440,11,person,0.5650,586,286,614,369,600.0,327.5,600.0,369.0
362,14.440,12,person,0.5547,823,524,881,635,852.0,579.5,852.0,635.0
362,14.440,13,person,0.5477,968,324,998,404,983.0,364.0,983.0,404.0
362,14.440,14,person,0.5267,1207,1032,1265,1080,1236.0,1056.0,1236.0,1080.0
362,14.440,15,person,0.5016,639,1039,678,1079,658.5,1059.0,658.5,1079.0
362,14.440,16,person,0.3999,840,522,881,635,860.5,578.5,860.5,635.0
362,14.440,17,person,0.3957,308,202,333,262,320.5,232.0,320.5,262.0
362,14.440,18,person,0.2573,819,562,855,632,837.0,597.0,837.0,632.0
363,14.480,1,person,0.7854,1281,373,1318,464,1299.5,418.5,1299.5,464.0
363,14.480,2,person,0.7742,1465,662,1530,805,1497.5,733.5,1497.5,805.0
363,14.480,3,person,0.7715,296,450,331,557,313.5,503.5,313.5,557.0
363,14.480,4,person,0.7433,1563,393,1598,495,1580.5,444.0,1580.5,495.0
363,14.480,5,person,0.7166,791,619,839,743,815.0,681.0,815.0,743.0
363,14.480,6,person,0.7163,355,339,382,430,368.5,384.5,368.5,430.0
363,14.480,7,person,0.6617,125,423,167,527,146.0,475.0,146.0,527.0
363,14.480,8,person,0.6364,478,380,513,485,495.5,432.5,495.5,485.0
363,14.480,9,person,0.6086,821,520,873,634,847.0,577.0,847.0,634.0
363,14.480,10,person,0.6070,1243,264,1271,350,1257.0,307.0,1257.0,350.0
363,14.480,11,person,0.5768,789,227,815,296,802.0,261.5,802.0,296.0
363,14.480,12,person,0.5537,963,325,997,412,980.0,368.5,980.0,412.0
363,14.480,13,person,0.5365,586,285,613,369,599.5,327.0,599.5,369.0
363,14.480,14,person,0.4947,1210,1036,1259,1077,1234.5,1056.5,1234.5,1077.0
363,14.480,15,person,0.4101,306,200,329,260,317.5,230.0,317.5,260.0
363,14.480,16,person,0.2682,816,561,849,629,832.5,595.0,832.5,629.0
363,14.480,17,person,0.2677,813,536,870,635,841.5,585.5,841.5,635.0
364,14.520,1,person,0.7807,296,450,330,556,313.0,503.0,313.0,556.0
364,14.520,2,person,0.7739,791,619,836,743,813.5,681.0,813.5,743.0
364,14.520,3,person,0.7538,1278,375,1315,465,1296.5,420.0,1296.5,465.0
364,14.520,4,person,0.7487,1563,394,1599,494,1581.0,444.0,1581.0,494.0
364,14.520,5,person,0.7446,1466,662,1530,807,1498.0,734.5,1498.0,807.0
364,14.520,6,person,0.7034,355,340,383,430,369.0,385.0,369.0,430.0
364,14.520,7,person,0.6675,129,423,167,529,148.0,476.0,148.0,529.0
364,14.520,8,person,0.6356,478,378,511,485,494.5,431.5,494.5,485.0
364,14.520,9,person,0.6265,1244,264,1271,348,1257.5,306.0,1257.5,348.0
364,14.520,10,person,0.5854,836,520,870,622,853.0,571.0,853.0,622.0
364,14.520,11,person,0.5388,789,225,814,296,801.5,260.5,801.5,296.0
364,14.520,12,person,0.5183,963,324,992,386,977.5,355.0,977.5,386.0
364,14.520,13,person,0.5099,586,286,612,369,599.0,327.5,599.0,369.0
364,14.520,14,person,0.5094,811,558,842,623,826.5,590.5,826.5,623.0
364,14.520,15,person,0.4915,962,324,993,407,977.5,365.5,977.5,407.0
364,14.520,16,person,0.4200,816,521,872,627,844.0,574.0,844.0,627.0
364,14.520,17,person,0.3634,1213,1037,1251,1076,1232.0,1056.5,1232.0,1076.0
364,14.520,18,person,0.3589,301,198,326,257,313.5,227.5,313.5,257.0
365,14.560,1,person,0.7728,791,620,837,743,814.0,681.5,814.0,743.0
365,14.560,2,person,0.7510,1275,374,1310,467,1292.5,420.5,1292.5,467.0
365,14.560,3,person,0.7368,1564,395,1600,498,1582.0,446.5,1582.0,498.0
365,14.560,4,person,0.7244,355,338,383,429,369.0,383.5,369.0,429.0
365,14.560,5,person,0.7039,293,450,332,559,312.5,504.5,312.5,559.0
365,14.560,6,person,0.6836,130,422,167,529,148.5,475.5,148.5,529.0
365,14.560,7,person,0.6587,1445,660,1527,805,1486.0,732.5,1486.0,805.0
365,14.560,8,person,0.6130,477,378,510,484,493.5,431.0,493.5,484.0
365,14.560,9,person,0.5970,1246,263,1274,349,1260.0,306.0,1260.0,349.0
365,14.560,10,person,0.5951,585,286,612,370,598.5,328.0,598.5,370.0
365,14.560,11,person,0.5724,960,325,991,400,975.5,362.5,975.5,400.0
365,14.560,12,person,0.5521,788,225,814,294,801.0,259.5,801.0,294.0
365,14.560,13,person,0.4563,1468,661,1529,807,1498.5,734.0,1498.5,807.0
365,14.560,14,person,0.4137,833,519,867,618,850.0,568.5,850.0,618.0
365,14.560,15,person,0.3676,1212,1041,1244,1075,1228.0,1058.0,1228.0,1075.0
365,14.560,16,person,0.3442,299,198,325,258,312.0,228.0,312.0,258.0
365,14.560,17,person,0.3060,802,559,848,625,825.0,592.0,825.0,625.0
365,14.560,18,person,0.2713,811,518,869,626,840.0,572.0,840.0,626.0
366,14.600,1,person,0.7190,355,338,383,429,369.0,383.5,369.0,429.0
366,14.600,2,person,0.7160,1560,394,1602,500,1581.0,447.0,1581.0,500.0
366,14.600,3,person,0.7131,1275,377,1308,468,1291.5,422.5,1291.5,468.0
366,14.600,4,person,0.7087,789,621,840,742,814.5,681.5,814.5,742.0
366,14.600,5,person,0.7055,292,451,330,559,311.0,505.0,311.0,559.0
366,14.600,6,person,0.6966,1457,659,1530,803,1493.5,731.0,1493.5,803.0
366,14.600,7,person,0.6817,787,570,840,742,813.5,656.0,813.5,742.0
366,14.600,8,person,0.6485,131,423,167,527,149.0,475.0,149.0,527.0
366,14.600,9,person,0.6467,585,285,611,370,598.0,327.5,598.0,370.0
366,14.600,10,person,0.6129,477,376,511,483,494.0,429.5,494.0,483.0
366,14.600,11,person,0.5568,788,226,812,296,800.0,261.0,800.0,296.0
366,14.600,12,person,0.5518,956,326,989,400,972.5,363.0,972.5,400.0
366,14.600,13,person,0.5432,1250,265,1276,349,1263.0,307.0,1263.0,349.0
366,14.600,14,person,0.5398,948,327,993,407,970.5,367.0,970.5,407.0
366,14.600,15,person,0.4575,1477,662,1528,803,1502.5,732.5,1502.5,803.0
366,14.600,16,person,0.3777,295,198,323,255,309.0,226.5,309.0,255.0
366,14.600,17,person,0.3441,1212,1043,1243,1077,1227.5,1060.0,1227.5,1077.0
366,14.600,18,person,0.3440,828,517,861,613,844.5,565.0,844.5,613.0
367,14.640,1,person,0.7636,290,452,328,558,309.0,505.0,309.0,558.0
367,14.640,2,person,0.7608,1561,396,1604,503,1582.5,449.5,1582.5,503.0
367,14.640,3,person,0.7030,584,286,611,369,597.5,327.5,597.5,369.0
367,14.640,4,person,0.7013,1449,659,1529,803,1489.0,731.0,1489.0,803.0
367,14.640,5,person,0.6848,1272,378,1306,468,1289.0,423.0,1289.0,468.0
367,14.640,6,person,0.6841,355,336,383,429,369.0,382.5,369.0,429.0
367,14.640,7,person,0.6757,131,423,169,529,150.0,476.0,150.0,529.0
367,14.640,8,person,0.6695,790,617,836,742,813.0,679.5,813.0,742.0
367,14.640,9,person,0.6294,788,567,840,743,814.0,655.0,814.0,743.0
367,14.640,10,person,0.5951,940,327,991,411,965.5,369.0,965.5,411.0
367,14.640,11,person,0.5812,475,376,507,482,491.0,429.0,491.0,482.0
367,14.640,12,person,0.5789,787,226,813,295,800.0,260.5,800.0,295.0
367,14.640,13,person,0.5055,1251,264,1279,346,1265.0,305.0,1265.0,346.0
367,14.640,14,person,0.4327,824,517,858,608,841.0,562.5,841.0,608.0
367,14.640,15,person,0.3638,294,196,320,248,307.0,222.0,307.0,248.0
367,14.640,16,person,0.2888,950,327,987,383,968.5,355.0,968.5,383.0
367,14.640,17,person,0.2797,1211,1045,1242,1080,1226.5,1062.5,1226.5,1080.0
368,14.680,1,person,0.8147,1562,396,1606,504,1584.0,450.0,1584.0,504.0
368,14.680,2,person,0.7740,286,451,326,560,306.0,505.5,306.0,560.0
368,14.680,3,person,0.7423,1441,656,1527,802,1484.0,729.0,1484.0,802.0
368,14.680,4,person,0.7224,132,424,172,535,152.0,479.5,152.0,535.0
368,14.680,5,person,0.7128,355,337,384,430,369.5,383.5,369.5,430.0
368,14.680,6,person,0.6821,583,287,610,369,596.5,328.0,596.5,369.0
368,14.680,7,person,0.6806,938,328,989,418,963.5,373.0,963.5,418.0
368,14.680,8,person,0.6584,1269,380,1303,466,1286.0,423.0,1286.0,466.0
368,14.680,9,person,0.6194,794,621,835,743,814.5,682.0,814.5,743.0
368,14.680,10,person,0.6004,472,376,506,480,489.0,428.0,489.0,480.0
368,14.680,11,person,0.5564,787,226,812,293,799.5,259.5,799.5,293.0
368,14.680,12,person,0.5514,1252,264,1280,346,1266.0,305.0,1266.0,346.0
368,14.680,13,person,0.3925,291,194,319,247,305.0,220.5,305.0,247.0
368,14.680,14,person,0.3508,812,523,853,622,832.5,572.5,832.5,622.0
368,14.680,15,person,0.2838,797,523,854,628,825.5,575.5,825.5,628.0
368,14.680,16,person,0.2756,783,561,844,746,813.5,653.5,813.5,746.0
369,14.720,1,person,0.7957,1564,397,1605,500,1584.5,448.5,1584.5,500.0
369,14.720,2,person,0.7433,283,449,326,563,304.5,506.0,304.5,563.0
369,14.720,3,person,0.7379,1441,654,1526,799,1483.5,726.5,1483.5,799.0
369,14.720,4,person,0.7128,1264,379,1303,467,1283.5,423.0,1283.5,467.0
369,14.720,5,person,0.7126,133,425,173,534,153.0,479.5,153.0,534.0
369,14.720,6,person,0.7016,354,337,384,430,369.0,383.5,369.0,430.0
369,14.720,7,person,0.6674,582,287,609,369,595.5,328.0,595.5,369.0
369,14.720,8,person,0.5824,1252,265,1282,345,1267.0,305.0,1267.0,345.0
369,14.720,9,person,0.5765,471,375,506,482,488.5,428.5,488.5,482.0
369,14.720,10,person,0.5623,940,325,984,417,962.0,371.0,962.0,417.0
369,14.720,11,person,0.5375,788,225,812,291,800.0,258.0,800.0,291.0
369,14.720,12,person,0.5370,795,626,835,743,815.0,684.5,815.0,743.0
369,14.720,13,person,0.5207,287,193,316,258,301.5,225.5,301.5,258.0
369,14.720,14,person,0.4507,788,561,840,744,814.0,652.5,814.0,744.0
369,14.720,15,person,0.2803,797,529,850,628,823.5,578.5,823.5,628.0
370,14.760,1,person,0.8298,1564,396,1605,500,1584.5,448.0,1584.5,500.0
370,14.760,2,person,0.7991,1440,651,1526,800,1483.0,725.5,1483.0,800.0
370,14.760,3,person,0.7868,1256,379,1300,470,1278.0,424.5,1278.0,470.0
370,14.760,4,person,0.7649,793,612,838,743,815.5,677.5,815.5,743.0
370,14.760,5,person,0.7629,279,448,325,562,302.0,505.0,302.0,562.0
370,14.760,6,person,0.7063,355,337,385,429,370.0,383.0,370.0,429.0
370,14.760,7,person,0.6625,583,286,610,367,596.5,326.5,596.5,367.0
370,14.760,8,person,0.6528,134,426,177,533,155.5,479.5,155.5,533.0
370,14.760,9,person,0.6124,938,326,977,414,957.5,370.0,957.5,414.0
370,14.760,10,person,0.6045,787,224,811,291,799.0,257.5,799.0,291.0
370,14.760,11,person,0.6007,1256,264,1282,344,1269.0,304.0,1269.0,344.0
370,14.760,12,person,0.5937,472,375,505,479,488.5,427.0,488.5,479.0
370,14.760,13,person,0.4726,287,196,313,253,300.0,224.5,300.0,253.0
370,14.760,14,person,0.4369,811,527,846,604,828.5,565.5,828.5,604.0
370,14.760,15,person,0.3291,776,559,816,660,796.0,609.5,796.0,660.0
370,14.760,16,person,0.2743,797,527,850,629,823.5,578.0,823.5,629.0
370,14.760,17,person,0.2707,779,559,813,632,796.0,595.5,796.0,632.0
371,14.800,1,person,0.8421,1563,398,1606,503,1584.5,450.5,1584.5,503.0
371,14.800,2,person,0.7953,1251,379,1299,471,1275.0,425.0,1275.0,471.0
371,14.800,3,person,0.7624,1440,652,1527,800,1483.5,726.0,1483.5,800.0
371,14.800,4,person,0.7376,278,447,324,561,301.0,504.0,301.0,561.0
371,14.800,5,person,0.6913,356,337,384,431,370.0,384.0,370.0,431.0
371,14.800,6,person,0.6515,135,426,184,534,159.5,480.0,159.5,534.0
371,14.800,7,person,0.6421,582,286,610,368,596.0,327.0,596.0,368.0
371,14.800,8,person,0.6361,792,598,844,746,818.0,672.0,818.0,746.0
371,14.800,9,person,0.6248,471,375,505,477,488.0,426.0,488.0,477.0
371,14.800,10,person,0.6166,778,552,843,745,810.5,648.5,810.5,745.0
371,14.800,11,person,0.6071,1257,265,1285,344,1271.0,304.5,1271.0,344.0
371,14.800,12,person,0.5844,786,224,810,291,798.0,257.5,798.0,291.0
371,14.800,13,person,0.5345,937,323,968,420,952.5,371.5,952.5,420.0
371,14.800,14,person,0.4340,285,197,311,259,298.0,228.0,298.0,259.0
371,14.800,15,person,0.2963,774,558,812,676,793.0,617.0,793.0,676.0
371,14.800,16,person,0.2892,804,527,843,605,823.5,566.0,823.5,605.0
371,14.800,17,person,0.2690,774,553,823,730,798.5,641.5,798.5,730.0
372,14.840,1,person,0.8295,1565,398,1607,503,1586.0,450.5,1586.0,503.0
372,14.840,2,person,0.8289,1244,380,1300,473,1272.0,426.5,1272.0,473.0
372,14.840,3,person,0.7679,1439,651,1529,800,1484.0,725.5,1484.0,800.0
372,14.840,4,person,0.7512,276,445,319,564,297.5,504.5,297.5,564.0
372,14.840,5,person,0.7248,356,336,384,430,370.0,383.0,370.0,430.0
372,14.840,6,person,0.6857,794,598,844,741,819.0,669.5,819.0,741.0
372,14.840,7,person,0.6667,132,425,190,537,161.0,481.0,161.0,537.0
372,14.840,8,person,0.6665,469,377,503,478,486.0,427.5,486.0,478.0
372,14.840,9,person,0.6662,583,285,610,369,596.5,327.0,596.5,369.0
372,14.840,10,person,0.6012,1258,264,1288,344,1273.0,304.0,1273.0,344.0
372,14.840,11,person,0.5953,934,321,967,420,950.5,370.5,950.5,420.0
372,14.840,12,person,0.5614,784,225,809,291,796.5,258.0,796.5,291.0
372,14.840,13,person,0.5225,768,558,805,683,786.5,620.5,786.5,683.0
372,14.840,14,person,0.4016,284,198,307,254,295.5,226.0,295.5,254.0
372,14.840,15,person,0.3106,768,550,817,681,792.5,615.5,792.5,681.0
372,14.840,16,person,0.2704,801,530,841,604,821.0,567.0,821.0,604.0
373,14.880,1,person,0.8130,272,444,313,561,292.5,502.5,292.5,561.0
373,14.880,2,person,0.7954,1568,398,1609,502,1588.5,450.0,1588.5,502.0
373,14.880,3,person,0.7889,1242,380,1298,475,1270.0,427.5,1270.0,475.0
373,14.880,4,person,0.7544,1441,652,1529,800,1485.0,726.0,1485.0,800.0
373,14.880,5,person,0.7185,466,375,503,480,484.5,427.5,484.5,480.0
373,14.880,6,person,0.6983,356,335,385,428,370.5,381.5,370.5,428.0
373,14.880,7,person,0.6715,795,602,846,741,820.5,671.5,820.5,741.0
373,14.880,8,person,0.6634,132,425,188,535,160.0,480.0,160.0,535.0
373,14.880,9,person,0.6479,582,287,610,369,596.0,328.0,596.0,369.0
373,14.880,10,person,0.6210,1259,264,1290,347,1274.5,305.5,1274.5,347.0
373,14.880,11,person,0.5628,930,319,965,414,947.5,366.5,947.5,414.0
373,14.880,12,person,0.5030,783,224,810,291,796.5,257.5,796.5,291.0
373,14.880,13,person,0.3999,281,198,304,259,292.5,228.5,292.5,259.0
373,14.880,14,person,0.3491,766,531,843,680,804.5,605.5,804.5,680.0
373,14.880,15,person,0.2961,766,547,800,679,783.0,613.0,783.0,679.0
373,14.880,16,person,0.2731,783,581,846,742,814.5,661.5,814.5,742.0
374,14.920,1,person,0.8274,269,444,308,553,288.5,498.5,288.5,553.0
374,14.920,2,person,0.8007,1567,400,1610,505,1588.5,452.5,1588.5,505.0
374,14.920,3,person,0.7953,1244,383,1297,475,1270.5,429.0,1270.5,475.0
374,14.920,4,person,0.7347,797,599,846,742,821.5,670.5,821.5,742.0
374,14.920,5,person,0.7325,355,336,385,429,370.0,382.5,370.0,429.0
374,14.920,6,person,0.7267,132,425,188,537,160.0,481.0,160.0,537.0
374,14.920,7,person,0.7160,1440,652,1529,802,1484.5,727.0,1484.5,802.0
374,14.920,8,person,0.7135,465,376,502,482,483.5,429.0,483.5,482.0
374,14.920,9,person,0.6450,1261,263,1290,344,1275.5,303.5,1275.5,344.0
374,14.920,10,person,0.6145,582,288,610,369,596.0,328.5,596.0,369.0
374,14.920,11,person,0.5902,782,225,810,294,796.0,259.5,796.0,294.0
374,14.920,12,person,0.5081,760,529,839,684,799.5,606.5,799.5,684.0
374,14.920,13,person,0.4756,928,324,964,416,946.0,370.0,946.0,416.0
374,14.920,14,person,0.3145,277,197,303,254,290.0,225.5,290.0,254.0
374,14.920,15,person,0.3135,759,544,800,684,779.5,614.0,779.5,684.0
375,14.960,1,person,0.8041,1568,399,1611,504,1589.5,451.5,1589.5,504.0
375,14.960,2,person,0.7540,799,606,847,743,823.0,674.5,823.0,743.0
375,14.960,3,person,0.7533,268,446,307,554,287.5,500.0,287.5,554.0
375,14.960,4,person,0.7488,1440,653,1530,800,1485.0,726.5,1485.0,800.0
375,14.960,5,person,0.7481,356,337,383,429,369.5,383.0,369.5,429.0
375,14.960,6,person,0.7352,132,426,186,538,159.0,482.0,159.0,538.0
375,14.960,7,person,0.7235,1243,382,1296,476,1269.5,429.0,1269.5,476.0
375,14.960,8,person,0.6966,465,380,502,485,483.5,432.5,483.5,485.0
375,14.960,9,person,0.6921,751,527,824,682,787.5,604.5,787.5,682.0
375,14.960,10,person,0.5770,1263,267,1293,343,1278.0,305.0,1278.0,343.0
375,14.960,11,person,0.5671,925,326,963,412,944.0,369.0,944.0,412.0
375,14.960,12,person,0.5508,578,287,609,368,593.5,327.5,593.5,368.0
375,14.960,13,person,0.5297,780,224,807,294,793.5,259.0,793.5,294.0
375,14.960,14,person,0.4555,273,194,302,258,287.5,226.0,287.5,258.0
376,15.000,1,person,0.8053,1567,401,1610,506,1588.5,453.5,1588.5,506.0
376,15.000,2,person,0.7484,265,445,301,554,283.0,499.5,283.0,554.0
376,15.000,3,person,0.7422,802,608,849,743,825.5,675.5,825.5,743.0
376,15.000,4,person,0.7242,1439,652,1531,803,1485.0,727.5,1485.0,803.0
376,15.000,5,person,0.7227,357,337,386,428,371.5,382.5,371.5,428.0
376,15.000,6,person,0.6976,1244,381,1287,475,1265.5,428.0,1265.5,475.0
376,15.000,7,person,0.6806,463,381,500,484,481.5,432.5,481.5,484.0
376,15.000,8,person,0.6369,136,426,182,535,159.0,480.5,159.0,535.0
376,15.000,9,person,0.6202,1266,266,1295,342,1280.5,304.0,1280.5,342.0
376,15.000,10,person,0.5613,577,287,609,368,593.0,327.5,593.0,368.0
376,15.000,11,person,0.5300,747,534,817,681,782.0,607.5,782.0,681.0
376,15.000,12,person,0.5165,918,327,961,414,939.5,370.5,939.5,414.0
376,15.000,13,person,0.5020,779,225,807,295,793.0,260.0,793.0,295.0
376,15.000,14,person,0.4628,270,196,298,255,284.0,225.5,284.0,255.0
376,15.000,15,person,0.4004,743,538,797,683,770.0,610.5,770.0,683.0
376,15.000,16,person,0.3683,923,327,959,396,941.0,361.5,941.0,396.0
377,15.040,1,person,0.8241,1569,403,1610,504,1589.5,453.5,1589.5,504.0
377,15.040,2,person,0.7752,1439,652,1528,803,1483.5,727.5,1483.5,803.0
377,15.040,3,person,0.7500,262,444,298,558,280.0,501.0,280.0,558.0
377,15.040,4,person,0.7357,802,611,854,748,828.0,679.5,828.0,748.0
377,15.040,5,person,0.7331,1242,380,1283,476,1262.5,428.0,1262.5,476.0
377,15.040,6,person,0.6918,357,336,388,428,372.5,382.0,372.5,428.0
377,15.040,7,person,0.6891,463,381,498,483,480.5,432.0,480.5,483.0
377,15.040,8,person,0.6477,137,427,183,538,160.0,482.5,160.0,538.0
377,15.040,9,person,0.6054,744,530,819,682,781.5,606.0,781.5,682.0
377,15.040,10,person,0.5866,1268,265,1296,345,1282.0,305.0,1282.0,345.0
377,15.040,11,person,0.5404,578,288,610,369,594.0,328.5,594.0,369.0
377,15.040,12,person,0.4980,911,331,960,422,935.5,376.5,935.5,422.0
377,15.040,13,person,0.4554,778,227,807,296,792.5,261.5,792.5,296.0
377,15.040,14,person,0.4452,269,195,296,256,282.5,225.5,282.5,256.0
377,15.040,15,person,0.4036,921,331,958,414,939.5,372.5,939.5,414.0
377,15.040,16,person,0.3314,732,535,806,684,769.0,609.5,769.0,684.0
377,15.040,17,person,0.2634,745,543,795,680,770.0,611.5,770.0,680.0
378,15.080,1,person,0.8359,1570,403,1609,508,1589.5,455.5,1589.5,508.0
378,15.080,2,person,0.7565,258,446,296,561,277.0,503.5,277.0,561.0
378,15.080,3,person,0.7423,805,612,853,746,829.0,679.0,829.0,746.0
378,15.080,4,person,0.7251,1241,380,1280,476,1260.5,428.0,1260.5,476.0
378,15.080,5,person,0.7191,1440,654,1529,804,1484.5,729.0,1484.5,804.0
378,15.080,6,person,0.7004,358,340,388,429,373.0,384.5,373.0,429.0
378,15.080,7,person,0.6998,460,382,500,486,480.0,434.0,480.0,486.0
378,15.080,8,person,0.6655,140,428,181,538,160.5,483.0,160.5,538.0
378,15.080,9,person,0.6029,740,526,816,681,778.0,603.5,778.0,681.0
378,15.080,10,person,0.5818,1269,265,1300,347,1284.5,306.0,1284.5,347.0
378,15.080,11,person,0.5423,578,288,610,369,594.0,328.5,594.0,369.0
378,15.080,12,person,0.5152,753,527,814,661,783.5,594.0,783.5,661.0
378,15.080,13,person,0.4817,908,333,959,423,933.5,378.0,933.5,423.0
378,15.080,14,person,0.4476,775,227,807,295,791.0,261.0,791.0,295.0
378,15.080,15,person,0.3881,266,197,294,256,280.0,226.5,280.0,256.0
378,15.080,16,person,0.3600,723,557,801,688,762.0,622.5,762.0,688.0
378,15.080,17,person,0.2804,918,333,956,415,937.0,374.0,937.0,415.0
379,15.120,1,person,0.7787,1570,405,1608,508,1589.0,456.5,1589.0,508.0
379,15.120,2,person,0.7512,1239,381,1279,478,1259.0,429.5,1259.0,478.0
379,15.120,3,person,0.7352,254,446,291,561,272.5,503.5,272.5,561.0
379,15.120,4,person,0.7273,803,612,859,750,831.0,681.0,831.0,750.0
379,15.120,5,person,0.7213,459,382,501,488,480.0,435.0,480.0,488.0
379,15.120,6,person,0.7067,358,339,389,431,373.5,385.0,373.5,431.0
379,15.120,7,person,0.6926,1441,654,1529,799,1485.0,726.5,1485.0,799.0
379,15.120,8,person,0.6518,140,429,181,537,160.5,483.0,160.5,537.0
379,15.120,9,person,0.6349,725,570,791,687,758.0,628.5,758.0,687.0
379,15.120,10,person,0.5584,902,337,961,427,931.5,382.0,931.5,427.0
379,15.120,11,person,0.5448,1272,265,1301,347,1286.5,306.0,1286.5,347.0
379,15.120,12,person,0.5279,578,289,609,370,593.5,329.5,593.5,370.0
379,15.120,13,person,0.5052,262,196,294,258,278.0,227.0,278.0,258.0
379,15.120,14,person,0.4541,761,527,811,647,786.0,587.0,786.0,647.0
379,15.120,15,person,0.4265,775,228,806,295,790.5,261.5,790.5,295.0
379,15.120,16,person,0.2826,723,527,813,686,768.0,606.5,768.0,686.0
380,15.160,1,person,0.7952,252,450,287,561,269.5,505.5,269.5,561.0
380,15.160,2,person,0.7885,1572,405,1609,506,1590.5,455.5,1590.5,506.0
380,15.160,3,person,0.7451,805,615,862,751,833.5,683.0,833.5,751.0
380,15.160,4,person,0.7223,1237,382,1278,478,1257.5,430.0,1257.5,478.0
380,15.160,5,person,0.7214,358,338,390,431,374.0,384.5,374.0,431.0
380,15.160,6,person,0.7197,1460,653,1526,794,1493.0,723.5,1493.0,794.0
380,15.160,7,person,0.7182,458,381,501,489,479.5,435.0,479.5,489.0
380,15.160,8,person,0.6862,141,430,178,539,159.5,484.5,159.5,539.0
380,15.160,9,person,0.5650,729,523,819,681,774.0,602.0,774.0,681.0
380,15.160,10,person,0.5252,261,198,292,261,276.5,229.5,276.5,261.0
380,15.160,11,person,0.5195,578,288,610,369,594.0,328.5,594.0,369.0
380,15.160,12,person,0.5009,1274,265,1301,347,1287.5,306.0,1287.5,347.0
380,15.160,13,person,0.4716,776,227,805,295,790.5,261.0,790.5,295.0
380,15.160,14,person,0.4067,724,533,800,687,762.0,610.0,762.0,687.0
380,15.160,15,person,0.3683,903,336,960,418,931.5,377.0,931.5,418.0
380,15.160,16,person,0.3514,726,565,789,688,757.5,626.5,757.5,688.0
380,15.160,17,person,0.3428,747,526,813,659,780.0,592.5,780.0,659.0
380,15.160,18,person,0.2739,1437,651,1528,790,1482.5,720.5,1482.5,790.0
381,15.200,1,person,0.7929,245,452,286,561,265.5,506.5,265.5,561.0
381,15.200,2,person,0.7726,807,617,863,751,835.0,684.0,835.0,751.0
381,15.200,3,person,0.7718,1572,406,1611,515,1591.5,460.5,1591.5,515.0
381,15.200,4,person,0.7589,1438,652,1527,800,1482.5,726.0,1482.5,800.0
381,15.200,5,person,0.7376,140,431,178,538,159.0,484.5,159.0,538.0
381,15.200,6,person,0.7242,456,380,500,490,478.0,435.0,478.0,490.0
381,15.200,7,person,0.7239,1234,383,1279,481,1256.5,432.0,1256.5,481.0
381,15.200,8,person,0.7169,358,339,391,431,374.5,385.0,374.5,431.0
381,15.200,9,person,0.6609,1276,265,1304,350,1290.0,307.5,1290.0,350.0
381,15.200,10,person,0.6116,727,532,811,689,769.0,610.5,769.0,689.0
381,15.200,11,person,0.5570,579,288,610,370,594.5,329.0,594.5,370.0
381,15.200,12,person,0.4955,775,225,805,297,790.0,261.0,790.0,297.0
381,15.200,13,person,0.4565,260,198,289,261,274.5,229.5,274.5,261.0
381,15.200,14,person,0.3205,901,336,959,421,930.0,378.5,930.0,421.0
381,15.200,15,person,0.2675,733,541,796,667,764.5,604.0,764.5,667.0
382,15.240,1,person,0.8074,242,455,283,561,262.5,508.0,262.5,561.0
382,15.240,2,person,0.7729,811,616,867,750,839.0,683.0,839.0,750.0
382,15.240,3,person,0.7631,455,378,499,489,477.0,433.5,477.0,489.0
382,15.240,4,person,0.7560,1573,406,1611,514,1592.0,460.0,1592.0,514.0
382,15.240,5,person,0.7514,1233,385,1279,484,1256.0,434.5,1256.0,484.0
382,15.240,6,person,0.7349,358,341,393,431,375.5,386.0,375.5,431.0
382,15.240,7,person,0.7349,1439,650,1528,796,1483.5,723.0,1483.5,796.0
382,15.240,8,person,0.7336,140,431,179,542,159.5,486.5,159.5,542.0
382,15.240,9,person,0.6384,1278,267,1306,351,1292.0,309.0,1292.0,351.0
382,15.240,10,person,0.5554,579,289,609,370,594.0,329.5,594.0,370.0
382,15.240,11,person,0.4618,725,572,777,692,751.0,632.0,751.0,692.0
382,15.240,12,person,0.4601,775,225,805,296,790.0,260.5,790.0,296.0
382,15.240,13,person,0.4429,744,537,804,645,774.0,591.0,774.0,645.0
382,15.240,14,person,0.3508,258,197,287,261,272.5,229.0,272.5,261.0
382,15.240,15,person,0.3194,730,539,808,684,769.0,611.5,769.0,684.0
382,15.240,16,person,0.2956,726,549,794,692,760.0,620.5,760.0,692.0
383,15.280,1,person,0.8029,815,615,870,746,842.5,680.5,842.5,746.0
383,15.280,2,person,0.7773,1229,385,1278,486,1253.5,435.5,1253.5,486.0
383,15.280,3,person,0.7628,240,458,281,562,260.5,510.0,260.5,562.0
383,15.280,4,person,0.7621,1571,408,1612,514,1591.5,461.0,1591.5,514.0
383,15.280,5,person,0.7333,454,381,499,491,476.5,436.0,476.5,491.0
383,15.280,6,person,0.7283,141,431,181,544,161.0,487.5,161.0,544.0
383,15.280,7,person,0.7207,358,343,393,434,375.5,388.5,375.5,434.0
383,15.280,8,person,0.7106,1438,651,1527,806,1482.5,728.5,1482.5,806.0
383,15.280,9,person,0.6695,1280,266,1309,351,1294.5,308.5,1294.5,351.0
383,15.280,10,person,0.6112,1464,653,1526,804,1495.0,728.5,1495.0,804.0
383,15.280,11,person,0.5436,583,289,611,370,597.0,329.5,597.0,370.0
383,15.280,12,person,0.5245,775,225,804,297,789.5,261.0,789.5,297.0
383,15.280,13,person,0.3450,256,199,286,263,271.0,231.0,271.0,263.0
383,15.280,14,person,0.3379,728,541,808,691,768.0,616.0,768.0,691.0
383,15.280,15,person,0.3268,740,541,806,649,773.0,595.0,773.0,649.0
383,15.280,16,person,0.2988,725,551,790,693,757.5,622.0,757.5,693.0
383,15.280,17,person,0.2727,905,335,948,417,926.5,376.0,926.5,417.0
383,15.280,18,person,0.2566,725,584,772,693,748.5,638.5,748.5,693.0
384,15.320,1,person,0.8200,1227,388,1277,487,1252.0,437.5,1252.0,487.0
384,15.320,2,person,0.7782,822,616,874,747,848.0,681.5,848.0,747.0
384,15.320,3,person,0.7719,452,381,498,488,475.0,434.5,475.0,488.0
384,15.320,4,person,0.7456,1439,652,1526,805,1482.5,728.5,1482.5,805.0
384,15.320,5,person,0.7323,1570,412,1613,518,1591.5,465.0,1591.5,518.0
384,15.320,6,person,0.7309,140,432,180,544,160.0,488.0,160.0,544.0
384,15.320,7,person,0.7283,237,456,278,565,257.5,510.5,257.5,565.0
384,15.320,8,person,0.6984,358,342,395,435,376.5,388.5,376.5,435.0
384,15.320,9,person,0.6312,1281,265,1312,352,1296.5,308.5,1296.5,352.0
384,15.320,10,person,0.5560,583,287,611,370,597.0,328.5,597.0,370.0
384,15.320,11,person,0.5340,774,225,804,297,789.0,261.0,789.0,297.0
384,15.320,12,person,0.4298,723,545,795,694,759.0,619.5,759.0,694.0
384,15.320,13,person,0.3990,723,574,773,694,748.0,634.0,748.0,694.0
384,15.320,14,person,0.3479,907,336,945,415,926.0,375.5,926.0,415.0
384,15.320,15,person,0.3188,253,194,284,264,268.5,229.0,268.5,264.0
384,15.320,16,person,0.2836,740,544,790,642,765.0,593.0,765.0,642.0
384,15.320,17,person,0.2515,741,541,809,647,775.0,594.0,775.0,647.0
385,15.360,1,person,0.8150,1226,391,1276,488,1251.0,439.5,1251.0,488.0
385,15.360,2,person,0.7855,828,611,874,745,851.0,678.0,851.0,745.0
385,15.360,3,person,0.7528,1566,411,1613,517,1589.5,464.0,1589.5,517.0
385,15.360,4,person,0.7499,450,382,494,491,472.0,436.5,472.0,491.0
385,15.360,5,person,0.7283,1439,653,1528,800,1483.5,726.5,1483.5,800.0
385,15.360,6,person,0.7233,234,456,275,563,254.5,509.5,254.5,563.0
385,15.360,7,person,0.6886,140,433,181,546,160.5,489.5,160.5,546.0
385,15.360,8,person,0.6791,583,287,612,372,597.5,329.5,597.5,372.0
385,15.360,9,person,0.6610,359,344,393,436,376.0,390.0,376.0,436.0
385,15.360,10,person,0.6020,1283,264,1312,349,1297.5,306.5,1297.5,349.0
385,15.360,11,person,0.5099,774,226,803,298,788.5,262.0,788.5,298.0
385,15.360,12,person,0.3911,743,550,783,658,763.0,604.0,763.0,658.0
385,15.360,13,person,0.3881,734,549,784,681,759.0,615.0,759.0,681.0
385,15.360,14,person,0.3541,249,194,279,264,264.0,229.0,264.0,264.0
385,15.360,15,person,0.3301,720,574,764,688,742.0,631.0,742.0,688.0
385,15.360,16,person,0.2923,906,336,943,416,924.5,376.0,924.5,416.0
385,15.360,17,person,0.2763,721,576,753,681,737.0,628.5,737.0,681.0
386,15.400,1,person,0.8165,1226,395,1276,490,1251.0,442.5,1251.0,490.0
386,15.400,2,person,0.7634,1571,415,1615,523,1593.0,469.0,1593.0,523.0
386,15.400,3,person,0.7627,833,611,881,744,857.0,677.5,857.0,744.0
386,15.400,4,person,0.7581,1438,652,1525,802,1481.5,727.0,1481.5,802.0
386,15.400,5,person,0.7496,140,433,180,547,160.0,490.0,160.0,547.0
386,15.400,6,person,0.7379,1283,262,1317,353,1300.0,307.5,1300.0,353.0
386,15.400,7,person,0.7223,448,381,495,490,471.5,435.5,471.5,490.0
386,15.400,8,person,0.6984,229,453,273,564,251.0,508.5,251.0,564.0
386,15.400,9,person,0.6759,583,288,612,372,597.5,330.0,597.5,372.0
386,15.400,10,person,0.6512,359,347,393,437,376.0,392.0,376.0,437.0
386,15.400,11,person,0.5958,715,571,759,691,737.0,631.0,737.0,691.0
386,15.400,12,person,0.5233,774,227,802,300,788.0,263.5,788.0,300.0
386,15.400,13,person,0.4467,905,336,942,424,923.5,380.0,923.5,424.0
386,15.400,14,person,0.4312,744,553,782,647,763.0,600.0,763.0,647.0
386,15.400,15,person,0.3019,743,552,797,651,770.0,601.5,770.0,651.0
386,15.400,16,person,0.2615,248,197,275,263,261.5,230.0,261.5,263.0
387,15.440,1,person,0.8109,1226,395,1272,491,1249.0,443.0,1249.0,491.0
387,15.440,2,person,0.7832,835,612,885,747,860.0,679.5,860.0,747.0
387,15.440,3,person,0.7825,1571,415,1615,521,1593.0,468.0,1593.0,521.0
387,15.440,4,person,0.7475,228,450,269,564,248.5,507.0,248.5,564.0
387,15.440,5,person,0.7445,582,289,613,376,597.5,332.5,597.5,376.0
387,15.440,6,person,0.7262,1438,655,1527,803,1482.5,729.0,1482.5,803.0
387,15.440,7,person,0.7207,1285,262,1319,350,1302.0,306.0,1302.0,350.0
387,15.440,8,person,0.7142,140,432,180,548,160.0,490.0,160.0,548.0
387,15.440,9,person,0.7029,448,381,493,492,470.5,436.5,470.5,492.0
387,15.440,10,person,0.6652,360,346,393,438,376.5,392.0,376.5,438.0
387,15.440,11,person,0.6141,713,565,757,691,735.0,628.0,735.0,691.0
387,15.440,12,person,0.5371,742,552,787,650,764.5,601.0,764.5,650.0
387,15.440,13,person,0.4958,774,228,802,298,788.0,263.0,788.0,298.0
387,15.440,14,person,0.4465,905,338,942,425,923.5,381.5,923.5,425.0
387,15.440,15,person,0.2579,247,203,272,262,259.5,232.5,259.5,262.0
387,15.440,16,person,0.2576,1475,656,1529,804,1502.0,730.0,1502.0,804.0
388,15.480,1,person,0.8231,1223,396,1269,492,1246.0,444.0,1246.0,492.0
388,15.480,2,person,0.7641,836,613,892,748,864.0,680.5,864.0,748.0
388,15.480,3,person,0.7637,1573,416,1617,524,1595.0,470.0,1595.0,524.0
388,15.480,4,person,0.7528,447,382,491,489,469.0,435.5,469.0,489.0
388,15.480,5,person,0.7489,1439,655,1529,804,1484.0,729.5,1484.0,804.0
388,15.480,6,person,0.7257,222,448,266,565,244.0,506.5,244.0,565.0
388,15.480,7,person,0.7151,584,289,613,375,598.5,332.0,598.5,375.0
388,15.480,8,person,0.7026,361,344,393,440,377.0,392.0,377.0,440.0
388,15.480,9,person,0.6993,137,433,175,549,156.0,491.0,156.0,549.0
388,15.480,10,person,0.6905,1288,264,1319,350,1303.5,307.0,1303.5,350.0
388,15.480,11,person,0.5519,704,566,768,690,736.0,628.0,736.0,690.0
388,15.480,12,person,0.4961,736,551,787,653,761.5,602.0,761.5,653.0
388,15.480,13,person,0.4638,774,228,802,300,788.0,264.0,788.0,300.0
388,15.480,14,person,0.4470,706,567,747,687,726.5,627.0,726.5,687.0
388,15.480,15,person,0.3459,244,201,270,260,257.0,230.5,257.0,260.0
388,15.480,16,person,0.3335,705,554,786,683,745.5,618.5,745.5,683.0
388,15.480,17,person,0.2948,905,341,940,426,922.5,383.5,922.5,426.0
389,15.520,1,person,0.8298,836,620,898,751,867.0,685.5,867.0,751.0
389,15.520,2,person,0.8233,1221,397,1267,496,1244.0,446.5,1244.0,496.0
389,15.520,3,person,0.7535,1573,416,1617,525,1595.0,470.5,1595.0,525.0
389,15.520,4,person,0.7350,1441,655,1528,804,1484.5,729.5,1484.5,804.0
389,15.520,5,person,0.7188,447,382,490,488,468.5,435.0,468.5,488.0
389,15.520,6,person,0.7092,217,455,260,562,238.5,508.5,238.5,562.0
389,15.520,7,person,0.6868,135,436,173,551,154.0,493.5,154.0,551.0
389,15.520,8,person,0.6814,1289,264,1320,352,1304.5,308.0,1304.5,352.0
389,15.520,9,person,0.6690,700,572,755,702,727.5,637.0,727.5,702.0
389,15.520,10,person,0.6677,584,291,613,377,598.5,334.0,598.5,377.0
389,15.520,11,person,0.6656,362,350,394,441,378.0,395.5,378.0,441.0
389,15.520,12,person,0.4882,904,342,941,430,922.5,386.0,922.5,430.0
389,15.520,13,person,0.4809,733,550,787,657,760.0,603.5,760.0,657.0
389,15.520,14,person,0.4149,774,230,802,304,788.0,267.0,788.0,304.0
389,15.520,15,person,0.3508,1473,659,1530,803,1501.5,731.0,1501.5,803.0
389,15.520,16,person,0.3087,241,203,268,264,254.5,233.5,254.5,264.0
389,15.520,17,person,0.2710,704,566,751,679,727.5,622.5,727.5,679.0
389,15.520,18,person,0.2525,717,549,790,668,753.5,608.5,753.5,668.0
390,15.560,1,person,0.8609,836,621,906,752,871.0,686.5,871.0,752.0
390,15.560,2,person,0.8080,1219,397,1265,494,1242.0,445.5,1242.0,494.0
390,15.560,3,person,0.7668,1441,654,1525,802,1483.0,728.0,1483.0,802.0
390,15.560,4,person,0.7667,1574,415,1618,525,1596.0,470.0,1596.0,525.0
390,15.560,5,person,0.7298,212,453,255,566,233.5,509.5,233.5,566.0
390,15.560,6,person,0.7161,448,384,488,489,468.0,436.5,468.0,489.0
390,15.560,7,person,0.7119,135,437,177,552,156.0,494.5,156.0,552.0
390,15.560,8,person,0.6720,584,291,613,380,598.5,335.5,598.5,380.0
390,15.560,9,person,0.6717,363,350,393,440,378.0,395.0,378.0,440.0
390,15.560,10,person,0.6704,697,574,753,696,725.0,635.0,725.0,696.0
390,15.560,11,person,0.6604,1291,264,1323,353,1307.0,308.5,1307.0,353.0
390,15.560,12,person,0.4654,734,550,779,657,756.5,603.5,756.5,657.0
390,15.560,13,person,0.4381,775,230,800,298,787.5,264.0,787.5,298.0
390,15.560,14,person,0.4178,904,347,937,433,920.5,390.0,920.5,433.0
390,15.560,15,person,0.3415,238,198,269,268,253.5,233.0,253.5,268.0
391,15.600,1,person,0.8491,836,622,919,753,877.5,687.5,877.5,753.0
391,15.600,2,person,0.7655,1443,653,1524,799,1483.5,726.0,1483.5,799.0
391,15.600,3,person,0.7644,132,438,174,551,153.0,494.5,153.0,551.0
391,15.600,4,person,0.7215,208,458,253,566,230.5,512.0,230.5,566.0
391,15.600,5,person,0.7165,1574,415,1621,527,1597.5,471.0,1597.5,527.0
391,15.600,6,person,0.7143,1216,398,1262,494,1239.0,446.0,1239.0,494.0
391,15.600,7,person,0.6799,447,385,487,491,467.0,438.0,467.0,491.0
391,15.600,8,person,0.6783,1294,269,1326,356,1310.0,312.5,1310.0,356.0
391,15.600,9,person,0.6727,364,350,395,441,379.5,395.5,379.5,441.0
391,15.600,10,person,0.6654,697,582,747,702,722.0,642.0,722.0,702.0
391,15.600,11,person,0.6073,585,292,613,380,599.0,336.0,599.0,380.0
391,15.600,12,person,0.5353,904,348,937,436,920.5,392.0,920.5,436.0
391,15.600,13,person,0.4638,735,551,777,654,756.0,602.5,756.0,654.0
391,15.600,14,person,0.4315,773,230,801,297,787.0,263.5,787.0,297.0
391,15.600,15,person,0.2840,240,208,267,266,253.5,237.0,253.5,266.0
392,15.640,1,person,0.8700,836,629,920,755,878.0,692.0,878.0,755.0
392,15.640,2,person,0.7915,131,434,173,553,152.0,493.5,152.0,553.0
392,15.640,3,person,0.7736,1457,654,1525,803,1491.0,728.5,1491.0,803.0
392,15.640,4,person,0.7315,203,457,252,571,227.5,514.0,227.5,571.0
392,15.640,5,person,0.7207,1580,416,1619,526,1599.5,471.0,1599.5,526.0
392,15.640,6,person,0.7194,445,385,487,490,466.0,437.5,466.0,490.0
392,15.640,7,person,0.7122,1213,396,1261,499,1237.0,447.5,1237.0,499.0
392,15.640,8,person,0.6979,365,348,396,442,380.5,395.0,380.5,442.0
392,15.640,9,person,0.6946,693,572,752,704,722.5,638.0,722.5,704.0
392,15.640,10,person,0.6941,1296,267,1327,357,1311.5,312.0,1311.5,357.0
392,15.640,11,person,0.6092,585,293,614,380,599.5,336.5,599.5,380.0
392,15.640,12,person,0.4969,774,230,802,301,788.0,265.5,788.0,301.0
392,15.640,13,person,0.4010,906,349,938,439,922.0,394.0,922.0,439.0
392,15.640,14,person,0.3188,237,208,265,268,251.0,238.0,251.0,268.0
392,15.640,15,person,0.2788,730,557,776,661,753.0,609.0,753.0,661.0
392,15.640,16,person,0.2548,734,557,776,630,755.0,593.5,755.0,630.0
393,15.680,1,person,0.8606,837,633,926,757,881.5,695.0,881.5,757.0
393,15.680,2,person,0.8283,1457,654,1523,796,1490.0,725.0,1490.0,796.0
393,15.680,3,person,0.7980,130,435,170,556,150.0,495.5,150.0,556.0
393,15.680,4,person,0.7654,203,458,250,573,226.5,515.5,226.5,573.0
393,15.680,5,person,0.7298,1208,398,1260,500,1234.0,449.0,1234.0,500.0
393,15.680,6,person,0.7176,1582,418,1619,527,1600.5,472.5,1600.5,527.0
393,15.680,7,person,0.7101,365,346,397,442,381.0,394.0,381.0,442.0
393,15.680,8,person,0.6874,445,385,485,489,465.0,437.0,465.0,489.0
393,15.680,9,person,0.6783,585,295,615,380,600.0,337.5,600.0,380.0
393,15.680,10,person,0.6519,1298,268,1328,356,1313.0,312.0,1313.0,356.0
393,15.680,11,person,0.6224,905,348,937,441,921.0,394.5,921.0,441.0
393,15.680,12,person,0.6172,695,571,752,702,723.5,636.5,723.5,702.0
393,15.680,13,person,0.5190,773,230,802,302,787.5,266.0,787.5,302.0
393,15.680,14,person,0.3941,719,561,769,684,744.0,622.5,744.0,684.0
393,15.680,15,person,0.3576,696,581,736,697,716.0,639.0,716.0,697.0
393,15.680,16,person,0.3177,709,568,761,694,735.0,631.0,735.0,694.0
393,15.680,17,person,0.3035,235,203,263,268,249.0,235.5,249.0,268.0
393,15.680,18,person,0.2717,732,562,772,674,752.0,618.0,752.0,674.0
394,15.720,1,person,0.8591,843,633,927,755,885.0,694.0,885.0,755.0
394,15.720,2,person,0.8456,1466,655,1520,799,1493.0,727.0,1493.0,799.0
394,15.720,3,person,0.8050,129,438,170,558,149.5,498.0,149.5,558.0
394,15.720,4,person,0.7958,201,458,250,574,225.5,516.0,225.5,574.0
394,15.720,5,person,0.7714,1585,419,1619,531,1602.0,475.0,1602.0,531.0
394,15.720,6,person,0.7619,1205,402,1259,502,1232.0,452.0,1232.0,502.0
394,15.720,7,person,0.7376,365,347,398,445,381.5,396.0,381.5,445.0
394,15.720,8,person,0.7107,444,385,483,491,463.5,438.0,463.5,491.0
394,15.720,9,person,0.6954,586,295,616,378,601.0,336.5,601.0,378.0
394,15.720,10,person,0.6633,906,349,937,440,921.5,394.5,921.5,440.0
394,15.720,11,person,0.6511,1299,274,1329,356,1314.0,315.0,1314.0,356.0
394,15.720,12,person,0.5780,696,563,772,699,734.0,631.0,734.0,699.0
394,15.720,13,person,0.5311,718,564,766,693,742.0,628.5,742.0,693.0
394,15.720,14,person,0.4373,773,229,802,304,787.5,266.5,787.5,304.0
394,15.720,15,person,0.3686,695,572,737,701,716.0,636.5,716.0,701.0
394,15.720,16,person,0.2821,237,203,264,270,250.5,236.5,250.5,270.0
395,15.760,1,person,0.8949,848,635,929,757,888.5,696.0,888.5,757.0
395,15.760,2,person,0.8493,1460,654,1520,800,1490.0,727.0,1490.0,800.0
395,15.760,3,person,0.8040,1585,421,1622,535,1603.5,478.0,1603.5,535.0
395,15.760,4,person,0.7962,202,461,248,574,225.0,517.5,225.0,574.0
395,15.760,5,person,0.7892,125,438,170,558,147.5,498.0,147.5,558.0
395,15.760,6,person,0.7316,1203,404,1259,503,1231.0,453.5,1231.0,503.0
395,15.760,7,person,0.7188,365,348,400,447,382.5,397.5,382.5,447.0
395,15.760,8,person,0.7063,586,295,616,378,601.0,336.5,601.0,378.0
395,15.760,9,person,0.7054,444,385,481,492,462.5,438.5,462.5,492.0
395,15.760,10,person,0.6542,906,350,939,444,922.5,397.0,922.5,444.0
395,15.760,11,person,0.6384,700,563,772,701,736.0,632.0,736.0,701.0
395,15.760,12,person,0.5513,717,564,767,697,742.0,630.5,742.0,697.0
395,15.760,13,person,0.5358,1304,275,1331,358,1317.5,316.5,1317.5,358.0
395,15.760,14,person,0.5154,773,230,803,305,788.0,267.5,788.0,305.0
395,15.760,15,person,0.3219,696,575,729,702,712.5,638.5,712.5,702.0
395,15.760,16,person,0.2541,695,569,742,705,718.5,637.0,718.5,705.0
396,15.800,1,person,0.8412,1468,657,1520,804,1494.0,730.5,1494.0,804.0
396,15.800,2,person,0.8090,1585,424,1625,536,1605.0,480.0,1605.0,536.0
396,15.800,3,person,0.8044,858,633,942,758,900.0,695.5,900.0,758.0
396,15.800,4,person,0.8020,202,461,247,577,224.5,519.0,224.5,577.0
396,15.800,5,person,0.7580,1199,402,1259,505,1229.0,453.5,1229.0,505.0
396,15.800,6,person,0.7410,587,295,617,379,602.0,337.0,602.0,379.0
396,15.800,7,person,0.7387,122,442,166,561,144.0,501.5,144.0,561.0
396,15.800,8,person,0.7374,443,387,480,491,461.5,439.0,461.5,491.0
396,15.800,9,person,0.7089,366,351,399,448,382.5,399.5,382.5,448.0
396,15.800,10,person,0.7038,906,350,940,443,923.0,396.5,923.0,443.0
396,15.800,11,person,0.6245,699,564,771,689,735.0,626.5,735.0,689.0
396,15.800,12,person,0.5652,1306,275,1334,357,1320.0,316.0,1320.0,357.0
396,15.800,13,person,0.5524,719,565,767,687,743.0,626.0,743.0,687.0
396,15.800,14,person,0.4949,773,233,803,305,788.0,269.0,788.0,305.0
396,15.800,15,person,0.3961,695,573,731,702,713.0,637.5,713.0,702.0
396,15.800,16,person,0.3260,694,569,748,703,721.0,636.0,721.0,703.0
397,15.840,1,person,0.8348,1469,658,1520,804,1494.5,731.0,1494.5,804.0
397,15.840,2,person,0.8056,201,460,248,576,224.5,518.0,224.5,576.0
397,15.840,3,person,0.8007,868,632,946,760,907.0,696.0,907.0,760.0
397,15.840,4,person,0.7989,1588,425,1629,539,1608.5,482.0,1608.5,539.0
397,15.840,5,person,0.7811,1200,405,1260,506,1230.0,455.5,1230.0,506.0
397,15.840,6,person,0.7788,118,440,169,560,143.5,500.0,143.5,560.0
397,15.840,7,person,0.7319,441,388,480,494,460.5,441.0,460.5,494.0
397,15.840,8,person,0.6659,905,350,941,444,923.0,397.0,923.0,444.0
397,15.840,9,person,0.6412,587,297,616,379,601.5,338.0,601.5,379.0
397,15.840,10,person,0.6224,367,353,399,450,383.0,401.5,383.0,450.0
397,15.840,11,person,0.5441,1306,274,1336,358,1321.0,316.0,1321.0,358.0
397,15.840,12,person,0.5304,700,567,770,694,735.0,630.5,735.0,694.0
397,15.840,13,person,0.5243,716,568,765,691,740.5,629.5,740.5,691.0
397,15.840,14,person,0.4196,694,572,746,704,720.0,638.0,720.0,704.0
397,15.840,15,person,0.3775,772,233,804,306,788.0,269.5,788.0,306.0
397,15.840,16,person,0.3583,233,208,256,272,244.5,240.0,244.5,272.0
397,15.840,17,person,0.3506,694,573,726,699,710.0,636.0,710.0,699.0
398,15.880,1,person,0.8232,1464,659,1520,803,1492.0,731.0,1492.0,803.0
398,15.880,2,person,0.8188,201,456,247,577,224.0,516.5,224.0,577.0
398,15.880,3,person,0.8124,1590,426,1631,540,1610.5,483.0,1610.5,540.0
398,15.880,4,person,0.7942,888,630,948,760,918.0,695.0,918.0,760.0
398,15.880,5,person,0.7748,116,447,166,561,141.0,504.0,141.0,561.0
398,15.880,6,person,0.7180,439,391,479,495,459.0,443.0,459.0,495.0
398,15.880,7,person,0.7131,1202,406,1258,507,1230.0,456.5,1230.0,507.0
398,15.880,8,person,0.7025,588,296,618,379,603.0,337.5,603.0,379.0
398,15.880,9,person,0.6391,367,355,400,450,383.5,402.5,383.5,450.0
398,15.880,10,person,0.5591,689,571,734,705,711.5,638.0,711.5,705.0
398,15.880,11,person,0.5551,905,353,942,445,923.5,399.0,923.5,445.0
398,15.880,12,person,0.5365,718,568,762,693,740.0,630.5,740.0,693.0
398,15.880,13,person,0.5050,1309,275,1337,357,1323.0,316.0,1323.0,357.0
398,15.880,14,person,0.4124,774,234,802,301,788.0,267.5,788.0,301.0
398,15.880,15,person,0.3280,691,566,766,701,728.5,633.5,728.5,701.0
398,15.880,16,person,0.3129,233,207,257,271,245.0,239.0,245.0,271.0
399,15.920,1,person,0.8226,202,456,248,576,225.0,516.0,225.0,576.0
399,15.920,2,person,0.7895,1593,426,1635,541,1614.0,483.5,1614.0,541.0
399,15.920,3,person,0.7802,1466,662,1522,801,1494.0,731.5,1494.0,801.0
399,15.920,4,person,0.7768,901,630,956,762,928.5,696.0,928.5,762.0
399,15.920,5,person,0.7456,111,445,167,562,139.0,503.5,139.0,562.0
399,15.920,6,person,0.6890,436,391,481,500,458.5,445.5,458.5,500.0
399,15.920,7,person,0.6734,591,295,619,379,605.0,337.0,605.0,379.0
399,15.920,8,person,0.6725,1208,406,1256,507,1232.0,456.5,1232.0,507.0
399,15.920,9,person,0.6572,368,354,401,451,384.5,402.5,384.5,451.0
399,15.920,10,person,0.6491,906,353,943,450,924.5,401.5,924.5,450.0
399,15.920,11,person,0.5737,1313,274,1340,357,1326.5,315.5,1326.5,357.0
399,15.920,12,person,0.5545,683,572,732,702,707.5,637.0,707.5,702.0
399,15.920,13,person,0.4955,716,570,765,697,740.5,633.5,740.5,697.0
399,15.920,14,person,0.4288,771,235,802,305,786.5,270.0,786.5,305.0
399,15.920,15,person,0.3710,698,570,768,699,733.0,634.5,733.0,699.0
400,15.960,1,person,0.8305,202,454,248,576,225.0,515.0,225.0,576.0
400,15.960,2,person,0.8108,909,631,961,764,935.0,697.5,935.0,764.0
400,15.960,3,person,0.7975,111,448,168,563,139.5,505.5,139.5,563.0
400,15.960,4,person,0.7490,1453,658,1525,799,1489.0,728.5,1489.0,799.0
400,15.960,5,person,0.7402,1594,428,1636,544,1615.0,486.0,1615.0,544.0
400,15.960,6,person,0.7299,1211,408,1255,506,1233.0,457.0,1233.0,506.0
400,15.960,7,person,0.6863,593,295,621,380,607.0,337.5,607.0,380.0
400,15.960,8,person,0.6677,436,393,484,501,460.0,447.0,460.0,501.0
400,15.960,9,person,0.6574,369,356,401,452,385.0,404.0,385.0,452.0
400,15.960,10,person,0.6421,908,356,943,447,925.5,401.5,925.5,447.0
400,15.960,11,person,0.6420,1314,272,1341,358,1327.5,315.0,1327.5,358.0
400,15.960,12,person,0.6019,679,574,741,705,710.0,639.5,710.0,705.0
400,15.960,13,person,0.5174,716,572,767,699,741.5,635.5,741.5,699.0
400,15.960,14,person,0.4178,684,575,723,700,703.5,637.5,703.5,700.0
400,15.960,15,person,0.3958,771,236,802,306,786.5,271.0,786.5,306.0
400,15.960,16,person,0.3470,681,569,771,702,726.0,635.5,726.0,702.0
401,16.000,1,person,0.8192,914,631,967,765,940.5,698.0,940.5,765.0
401,16.000,2,person,0.7921,202,455,248,573,225.0,514.0,225.0,573.0
401,16.000,3,person,0.7830,111,451,169,563,140.0,507.0,140.0,563.0
401,16.000,4,person,0.7554,1597,427,1639,546,1618.0,486.5,1618.0,546.0
401,16.000,5,person,0.7220,1453,662,1527,799,1490.0,730.5,1490.0,799.0
401,16.000,6,person,0.7155,1211,408,1254,509,1232.5,458.5,1232.5,509.0
401,16.000,7,person,0.7103,669,574,737,706,703.0,640.0,703.0,706.0
401,16.000,8,person,0.7036,436,394,485,502,460.5,448.0,460.5,502.0
401,16.000,9,person,0.6898,908,359,943,451,925.5,405.0,925.5,451.0
401,16.000,10,person,0.6884,594,297,622,380,608.0,338.5,608.0,380.0
401,16.000,11,person,0.6211,369,356,401,452,385.0,404.0,385.0,452.0
401,16.000,12,person,0.6000,1316,273,1343,358,1329.5,315.5,1329.5,358.0
401,16.000,13,person,0.5397,713,573,767,702,740.0,637.5,740.0,702.0
401,16.000,14,person,0.4134,771,235,802,307,786.5,271.0,786.5,307.0
401,16.000,15,person,0.3217,671,571,771,704,721.0,637.5,721.0,704.0
401,16.000,16,person,0.3164,680,577,719,701,699.5,639.0,699.5,701.0
402,16.040,1,person,0.8229,910,635,977,764,943.5,699.5,943.5,764.0
402,16.040,2,person,0.7620,203,453,247,569,225.0,511.0,225.0,569.0
402,16.040,3,person,0.7526,1599,428,1643,545,1621.0,486.5,1621.0,545.0
402,16.040,4,person,0.7418,668,575,727,705,697.5,640.0,697.5,705.0
402,16.040,5,person,0.7231,594,299,623,380,608.5,339.5,608.5,380.0
402,16.040,6,person,0.7154,1454,666,1527,791,1490.5,728.5,1490.5,791.0
402,16.040,7,person,0.6983,109,450,166,563,137.5,506.5,137.5,563.0
402,16.040,8,person,0.6785,714,572,772,704,743.0,638.0,743.0,704.0
402,16.040,9,person,0.6745,1214,409,1255,507,1234.5,458.0,1234.5,507.0
402,16.040,10,person,0.6648,433,393,486,501,459.5,447.0,459.5,501.0
402,16.040,11,person,0.6473,910,361,944,450,927.0,405.5,927.0,450.0
402,16.040,12,person,0.6124,368,355,402,453,385.0,404.0,385.0,453.0
402,16.040,13,person,0.5450,1317,273,1348,359,1332.5,316.0,1332.5,359.0
402,16.040,14,person,0.4229,771,236,800,307,785.5,271.5,785.5,307.0
402,16.040,15,person,0.3954,675,578,718,702,696.5,640.0,696.5,702.0
402,16.040,16,person,0.2771,223,212,251,269,237.0,240.5,237.0,269.0
403,16.080,1,person,0.8339,913,635,981,763,947.0,699.0,947.0,763.0
403,16.080,2,person,0.7919,202,453,247,573,224.5,513.0,224.5,573.0
403,16.080,3,person,0.7492,668,577,725,706,696.5,641.5,696.5,706.0
403,16.080,4,person,0.7441,1600,431,1646,544,1623.0,487.5,1623.0,544.0
403,16.080,5,person,0.7218,717,574,772,703,744.5,638.5,744.5,703.0
403,16.080,6,person,0.7104,1214,408,1255,510,1234.5,459.0,1234.5,510.0
403,16.080,7,person,0.7020,597,298,625,380,611.0,339.0,611.0,380.0
403,16.080,8,person,0.6970,106,448,164,563,135.0,505.5,135.0,563.0
403,16.080,9,person,0.6792,911,361,945,452,928.0,406.5,928.0,452.0
403,16.080,10,person,0.6296,432,392,481,500,456.5,446.0,456.5,500.0
403,16.080,11,person,0.6129,370,354,401,454,385.5,404.0,385.5,454.0
403,16.080,12,person,0.5905,1453,668,1527,791,1490.0,729.5,1490.0,791.0
403,16.080,13,person,0.5058,1317,275,1350,358,1333.5,316.5,1333.5,358.0
403,16.080,14,person,0.4366,772,233,801,307,786.5,270.0,786.5,307.0
403,16.080,15,person,0.2900,220,209,251,270,235.5,239.5,235.5,270.0
404,16.120,1,person,0.8065,201,455,247,571,224.0,513.0,224.0,571.0
404,16.120,2,person,0.8028,915,634,992,765,953.5,699.5,953.5,765.0
404,16.120,3,person,0.7654,667,576,724,708,695.5,642.0,695.5,708.0
404,16.120,4,person,0.7393,1604,431,1650,545,1627.0,488.0,1627.0,545.0
404,16.120,5,person,0.7284,715,576,775,701,745.0,638.5,745.0,701.0
404,16.120,6,person,0.7201,103,449,163,562,133.0,505.5,133.0,562.0
404,16.120,7,person,0.7136,599,298,627,381,613.0,339.5,613.0,381.0
404,16.120,8,person,0.7008,912,362,945,461,928.5,411.5,928.5,461.0
404,16.120,9,person,0.6737,1212,408,1256,511,1234.0,459.5,1234.0,511.0
404,16.120,10,person,0.6736,1449,668,1528,790,1488.5,729.0,1488.5,790.0
404,16.120,11,person,0.6610,431,393,480,498,455.5,445.5,455.5,498.0
404,16.120,12,person,0.6022,370,353,400,453,385.0,403.0,385.0,453.0
404,16.120,13,person,0.5466,1320,273,1350,360,1335.0,316.5,1335.0,360.0
404,16.120,14,person,0.4094,772,235,801,305,786.5,270.0,786.5,305.0
404,16.120,15,person,0.3325,219,206,249,269,234.0,237.5,234.0,269.0
405,16.160,1,person,0.8249,1608,429,1654,545,1631.0,487.0,1631.0,545.0
405,16.160,2,person,0.8144,199,454,246,572,222.5,513.0,222.5,572.0
405,16.160,3,person,0.7855,919,635,996,766,957.5,700.5,957.5,766.0
405,16.160,4,person,0.7754,1450,666,1530,789,1490.0,727.5,1490.0,789.0
405,16.160,5,person,0.7615,670,578,720,708,695.0,643.0,695.0,708.0
405,16.160,6,person,0.7294,713,579,773,702,743.0,640.5,743.0,702.0
405,16.160,7,person,0.7107,1210,410,1257,515,1233.5,462.5,1233.5,515.0
405,16.160,8,person,0.7103,596,298,626,381,611.0,339.5,611.0,381.0
405,16.160,9,person,0.6993,100,450,155,563,127.5,506.5,127.5,563.0
405,16.160,10,person,0.6940,430,390,473,498,451.5,444.0,451.5,498.0
405,16.160,11,person,0.6407,914,366,947,460,930.5,413.0,930.5,460.0
405,16.160,12,person,0.6353,369,353,400,453,384.5,403.0,384.5,453.0
405,16.160,13,person,0.5589,1322,274,1353,361,1337.5,317.5,1337.5,361.0
405,16.160,14,person,0.4502,771,233,801,305,786.0,269.0,786.0,305.0
405,16.160,15,person,0.3055,217,207,247,270,232.0,238.5,232.0,270.0
406,16.200,1,person,0.8506,1611,430,1658,551,1634.5,490.5,1634.5,551.0
406,16.200,2,person,0.8236,198,455,247,571,222.5,513.0,222.5,571.0
406,16.200,3,person,0.7858,926,633,1002,764,964.0,698.5,964.0,764.0
406,16.200,4,person,0.7461,670,579,722,708,696.0,643.5,696.0,708.0
406,16.200,5,person,0.7299,711,583,763,700,737.0,641.5,737.0,700.0
406,16.200,6,person,0.7172,1212,412,1258,515,1235.0,463.5,1235.0,515.0
406,16.200,7,person,0.7076,98,453,143,564,120.5,508.5,120.5,564.0
406,16.200,8,person,0.6969,597,298,627,382,612.0,340.0,612.0,382.0
406,16.200,9,person,0.6961,1462,667,1530,791,1496.0,729.0,1496.0,791.0
406,16.200,10,person,0.6568,368,355,400,452,384.0,403.5,384.0,452.0
406,16.200,11,person,0.6541,429,391,471,496,450.0,443.5,450.0,496.0
406,16.200,12,person,0.6476,914,366,949,463,931.5,414.5,931.5,463.0
406,16.200,13,person,0.6367,1324,273,1355,358,1339.5,315.5,1339.5,358.0
406,16.200,14,person,0.4071,771,232,801,305,786.0,268.5,786.0,305.0
406,16.200,15,person,0.2904,732,586,767,698,749.5,642.0,749.5,698.0
406,16.200,16,person,0.2880,215,208,249,270,232.0,239.0,232.0,270.0
407,16.240,1,person,0.8329,1613,432,1661,554,1637.0,493.0,1637.0,554.0
407,16.240,2,person,0.8143,195,459,249,572,222.0,515.5,222.0,572.0
407,16.240,3,person,0.8027,937,635,1004,764,970.5,699.5,970.5,764.0
407,16.240,4,person,0.7923,670,575,720,707,695.0,641.0,695.0,707.0
407,16.240,5,person,0.7850,710,583,758,703,734.0,643.0,734.0,703.0
407,16.240,6,person,0.7144,1470,665,1530,791,1500.0,728.0,1500.0,791.0
407,16.240,7,person,0.7101,1210,412,1257,518,1233.5,465.0,1233.5,518.0
407,16.240,8,person,0.7036,597,296,628,382,612.5,339.0,612.5,382.0
407,16.240,9,person,0.6951,368,355,399,455,383.5,405.0,383.5,455.0
407,16.240,10,person,0.6847,916,364,950,462,933.0,413.0,933.0,462.0
407,16.240,11,person,0.6769,95,452,137,567,116.0,509.5,116.0,567.0
407,16.240,12,person,0.6649,428,388,465,495,446.5,441.5,446.5,495.0
407,16.240,13,person,0.6349,1325,273,1356,359,1340.5,316.0,1340.5,359.0
407,16.240,14,person,0.4986,718,585,765,697,741.5,641.0,741.5,697.0
407,16.240,15,person,0.3898,771,234,800,307,785.5,270.5,785.5,307.0
407,16.240,16,person,0.2581,215,210,250,272,232.5,241.0,232.5,272.0
408,16.280,1,person,0.8326,1615,435,1667,552,1641.0,493.5,1641.0,552.0
408,16.280,2,person,0.8050,194,460,249,574,221.5,517.0,221.5,574.0
408,16.280,3,person,0.7933,709,585,753,706,731.0,645.5,731.0,706.0
408,16.280,4,person,0.7925,956,632,1008,764,982.0,698.0,982.0,764.0
408,16.280,5,person,0.7830,1470,665,1532,791,1501.0,728.0,1501.0,791.0
408,16.280,6,person,0.7123,366,355,399,453,382.5,404.0,382.5,453.0
408,16.280,7,person,0.7081,1211,413,1256,518,1233.5,465.5,1233.5,518.0
408,16.280,8,person,0.7070,670,575,714,709,692.0,642.0,692.0,709.0
408,16.280,9,person,0.6878,425,389,464,498,444.5,443.5,444.5,498.0
408,16.280,10,person,0.6821,1325,274,1357,357,1341.0,315.5,1341.0,357.0
408,16.280,11,person,0.6774,598,295,629,380,613.5,337.5,613.5,380.0
408,16.280,12,person,0.6736,917,365,950,467,933.5,416.0,933.5,467.0
408,16.280,13,person,0.6685,91,452,133,568,112.0,510.0,112.0,568.0
408,16.280,14,person,0.3872,771,234,799,307,785.0,270.5,785.0,307.0
408,16.280,15,person,0.3237,213,205,248,272,230.5,238.5,230.5,272.0
409,16.320,1,person,0.8599,1473,662,1533,793,1503.0,727.5,1503.0,793.0
409,16.320,2,person,0.8471,1615,438,1671,551,1643.0,494.5,1643.0,551.0
409,16.320,3,person,0.8268,194,459,249,574,221.5,516.5,221.5,574.0
409,16.320,4,person,0.8186,709,585,753,708,731.0,646.5,731.0,708.0
409,16.320,5,person,0.7750,966,632,1014,765,990.0,698.5,990.0,765.0
409,16.320,6,person,0.7142,1210,415,1256,516,1233.0,465.5,1233.0,516.0
409,16.320,7,person,0.6984,364,357,396,452,380.0,404.5,380.0,452.0
409,16.320,8,person,0.6954,669,575,708,707,688.5,641.0,688.5,707.0
409,16.320,9,person,0.6756,599,296,629,380,614.0,338.0,614.0,380.0
409,16.320,10,person,0.6741,1326,273,1357,357,1341.5,315.0,1341.5,357.0
409,16.320,11,person,0.6655,421,388,462,491,441.5,439.5,441.5,491.0
409,16.320,12,person,0.6332,87,449,129,568,108.0,508.5,108.0,568.0
409,16.320,13,person,0.6224,918,365,952,463,935.0,414.0,935.0,463.0
409,16.320,14,person,0.4342,770,232,797,304,783.5,268.0,783.5,304.0
409,16.320,15,person,0.4062,212,202,244,272,228.0,237.0,228.0,272.0
410,16.360,1,person,0.8789,1474,657,1534,793,1504.0,725.0,1504.0,793.0
410,16.360,2,person,0.8418,192,455,247,572,219.5,513.5,219.5,572.0
410,16.360,3,person,0.8203,969,625,1016,764,992.5,694.5,992.5,764.0
410,16.360,4,person,0.8104,705,585,753,712,729.0,648.5,729.0,712.0
410,16.360,5,person,0.7994,1616,439,1675,550,1645.5,494.5,1645.5,550.0
410,16.360,6,person,0.7163,1207,411,1253,515,1230.0,463.0,1230.0,515.0
410,16.360,7,person,0.6992,1326,271,1357,358,1341.5,314.5,1341.5,358.0
410,16.360,8,person,0.6807,79,448,122,566,100.5,507.0,100.5,566.0
410,16.360,9,person,0.6694,662,576,708,711,685.0,643.5,685.0,711.0
410,16.360,10,person,0.6655,418,387,460,491,439.0,439.0,439.0,491.0
410,16.360,11,person,0.6627,362,354,395,452,378.5,403.0,378.5,452.0
410,16.360,12,person,0.6613,918,366,952,460,935.0,413.0,935.0,460.0
410,16.360,13,person,0.5724,600,294,629,380,614.5,337.0,614.5,380.0
410,16.360,14,person,0.3681,770,233,797,305,783.5,269.0,783.5,305.0
410,16.360,15,person,0.2984,211,204,240,271,225.5,237.5,225.5,271.0
411,16.400,1,person,0.8582,1475,656,1536,791,1505.5,723.5,1505.5,791.0
411,16.400,2,person,0.8129,192,452,246,573,219.0,512.5,219.0,573.0
411,16.400,3,person,0.7891,1616,439,1678,552,1647.0,495.5,1647.0,552.0
411,16.400,4,person,0.7844,970,626,1018,765,994.0,695.5,994.0,765.0
411,16.400,5,person,0.7658,1198,411,1249,515,1223.5,463.0,1223.5,515.0
411,16.400,6,person,0.7523,656,577,699,711,677.5,644.0,677.5,711.0
411,16.400,7,person,0.7383,1325,271,1357,356,1341.0,313.5,1341.0,356.0
411,16.400,8,person,0.7349,700,586,751,714,725.5,650.0,725.5,714.0
411,16.400,9,person,0.7191,916,364,953,466,934.5,415.0,934.5,466.0
411,16.400,10,person,0.7069,414,389,456,496,435.0,442.5,435.0,496.0
411,16.400,11,person,0.6983,73,450,116,568,94.5,509.0,94.5,568.0
411,16.400,12,person,0.6372,599,291,628,379,613.5,335.0,613.5,379.0
411,16.400,13,person,0.6257,358,354,393,454,375.5,404.0,375.5,454.0
411,16.400,14,person,0.4214,767,233,794,300,780.5,266.5,780.5,300.0
412,16.440,1,person,0.8461,1474,653,1540,792,1507.0,722.5,1507.0,792.0
412,16.440,2,person,0.8200,1615,439,1680,551,1647.5,495.0,1647.5,551.0
412,16.440,3,person,0.8151,693,586,746,716,719.5,651.0,719.5,716.0
412,16.440,4,person,0.8003,191,453,243,572,217.0,512.5,217.0,572.0
412,16.440,5,person,0.7616,968,627,1021,765,994.5,696.0,994.5,765.0
412,16.440,6,person,0.7166,410,389,451,493,430.5,441.0,430.5,493.0
412,16.440,7,person,0.7156,1190,414,1244,515,1217.0,464.5,1217.0,515.0
412,16.440,8,person,0.7115,913,363,950,466,931.5,414.5,931.5,466.0
412,16.440,9,person,0.6999,1322,269,1354,356,1338.0,312.5,1338.0,356.0
412,16.440,10,person,0.6996,650,576,694,704,672.0,640.0,672.0,704.0
412,16.440,11,person,0.6928,356,352,389,455,372.5,403.5,372.5,455.0
412,16.440,12,person,0.6733,597,290,627,380,612.0,335.0,612.0,380.0
412,16.440,13,person,0.6665,66,452,109,565,87.5,508.5,87.5,565.0
412,16.440,14,person,0.4146,764,232,789,301,776.5,266.5,776.5,301.0
413,16.480,1,person,0.8419,1471,656,1544,791,1507.5,723.5,1507.5,791.0
413,16.480,2,person,0.8310,690,589,740,717,715.0,653.0,715.0,717.0
413,16.480,3,person,0.8112,1182,416,1237,521,1209.5,468.5,1209.5,521.0
413,16.480,4,person,0.8045,1614,439,1678,551,1646.0,495.0,1646.0,551.0
413,16.480,5,person,0.7695,645,576,690,703,667.5,639.5,667.5,703.0
413,16.480,6,person,0.7622,965,625,1025,762,995.0,693.5,995.0,762.0
413,16.480,7,person,0.7532,404,388,446,495,425.0,441.5,425.0,495.0
413,16.480,8,person,0.7338,196,454,239,568,217.5,511.0,217.5,568.0
413,16.480,9,person,0.7223,1318,266,1351,357,1334.5,311.5,1334.5,357.0
413,16.480,10,person,0.6781,594,289,624,377,609.0,333.0,609.0,377.0
413,16.480,11,person,0.6712,909,365,945,465,927.0,415.0,927.0,465.0
413,16.480,12,person,0.6712,351,353,385,454,368.0,403.5,368.0,454.0
413,16.480,13,person,0.6108,56,454,103,565,79.5,509.5,79.5,565.0
413,16.480,14,person,0.3538,759,230,786,299,772.5,264.5,772.5,299.0
413,16.480,15,person,0.3354,194,206,222,270,208.0,238.0,208.0,270.0
414,16.520,1,person,0.8557,1612,439,1674,551,1643.0,495.0,1643.0,551.0
414,16.520,2,person,0.7891,1179,419,1231,517,1205.0,468.0,1205.0,517.0
414,16.520,3,person,0.7661,963,624,1027,762,995.0,693.0,995.0,762.0
414,16.520,4,person,0.7650,687,591,736,719,711.5,655.0,711.5,719.0
414,16.520,5,person,0.7307,200,453,238,566,219.0,509.5,219.0,566.0
414,16.520,6,person,0.7198,908,367,943,467,925.5,417.0,925.5,467.0
414,16.520,7,person,0.7190,401,388,440,489,420.5,438.5,420.5,489.0
414,16.520,8,person,0.7151,1465,655,1545,791,1505.0,723.0,1505.0,791.0
414,16.520,9,person,0.7134,633,572,685,708,659.0,640.0,659.0,708.0
414,16.520,10,person,0.7013,1315,266,1348,357,1331.5,311.5,1331.5,357.0
414,16.520,11,person,0.6707,591,292,624,378,607.5,335.0,607.5,378.0
414,16.520,12,person,0.6021,344,351,383,457,363.5,404.0,363.5,457.0
414,16.520,13,person,0.5895,46,453,103,567,74.5,510.0,74.5,567.0
414,16.520,14,person,0.3103,190,206,217,267,203.5,236.5,203.5,267.0
415,16.560,1,person,0.8609,1609,438,1671,552,1640.0,495.0,1640.0,552.0
415,16.560,2,person,0.8343,1177,418,1226,517,1201.5,467.5,1201.5,517.0
415,16.560,3,person,0.8192,963,623,1026,760,994.5,691.5,994.5,760.0
415,16.560,4,person,0.7585,682,595,729,723,705.5,659.0,705.5,723.0
415,16.560,5,person,0.7356,392,387,436,490,414.0,438.5,414.0,490.0
415,16.560,6,person,0.7242,1465,650,1545,793,1505.0,721.5,1505.0,793.0
415,16.560,7,person,0.7234,201,453,237,568,219.0,510.5,219.0,568.0
415,16.560,8,person,0.7169,1311,266,1342,352,1326.5,309.0,1326.5,352.0
415,16.560,9,person,0.6796,582,290,620,379,601.0,334.5,601.0,379.0
415,16.560,10,person,0.6609,904,367,941,466,922.5,416.5,922.5,466.0
415,16.560,11,person,0.6533,340,355,375,453,357.5,404.0,357.5,453.0
415,16.560,12,person,0.6235,624,577,677,709,650.5,643.0,650.5,709.0
415,16.560,13,person,0.6164,39,454,96,568,67.5,511.0,67.5,568.0
415,16.560,14,person,0.4666,747,232,775,300,761.0,266.0,761.0,300.0
415,16.560,15,person,0.2582,187,204,213,269,200.0,236.5,200.0,269.0
416,16.600,1,person,0.8292,1611,436,1668,547,1639.5,491.5,1639.5,547.0
416,16.600,2,person,0.8181,1171,418,1220,517,1195.5,467.5,1195.5,517.0
416,16.600,3,person,0.7712,972,625,1025,760,998.5,692.5,998.5,760.0
416,16.600,4,person,0.7660,672,591,725,725,698.5,658.0,698.5,725.0
416,16.600,5,person,0.7280,386,387,427,488,406.5,437.5,406.5,488.0
416,16.600,6,person,0.7167,1464,644,1544,792,1504.0,718.0,1504.0,792.0
416,16.600,7,person,0.6880,1304,267,1337,353,1320.5,310.0,1320.5,353.0
416,16.600,8,person,0.6846,900,370,939,465,919.5,417.5,919.5,465.0
416,16.600,9,person,0.6745,31,455,91,570,61.0,512.5,61.0,570.0
416,16.600,10,person,0.6718,335,353,370,453,352.5,403.0,352.5,453.0
416,16.600,11,person,0.6674,579,291,613,377,596.0,334.0,596.0,377.0
416,16.600,12,person,0.6297,620,579,667,707,643.5,643.0,643.5,707.0
416,16.600,13,person,0.6289,200,456,233,567,216.5,511.5,216.5,567.0
416,16.600,14,person,0.4454,744,232,771,298,757.5,265.0,757.5,298.0
417,16.640,1,person,0.8490,1608,432,1663,551,1635.5,491.5,1635.5,551.0
417,16.640,2,person,0.8144,667,592,721,724,694.0,658.0,694.0,724.0
417,16.640,3,person,0.7664,976,623,1027,759,1001.5,691.0,1001.5,759.0
417,16.640,4,person,0.7599,1300,268,1332,353,1316.0,310.5,1316.0,353.0
417,16.640,5,person,0.7501,616,575,660,709,638.0,642.0,638.0,709.0
417,16.640,6,person,0.7365,1165,416,1214,518,1189.5,467.0,1189.5,518.0
417,16.640,7,person,0.7106,329,354,363,455,346.0,404.5,346.0,455.0
417,16.640,8,person,0.6982,379,385,422,489,400.5,437.0,400.5,489.0
417,16.640,9,person,0.6870,197,455,233,568,215.0,511.5,215.0,568.0
417,16.640,10,person,0.6736,1465,637,1548,792,1506.5,714.5,1506.5,792.0
417,16.640,11,person,0.6679,29,457,84,569,56.5,513.0,56.5,569.0
417,16.640,12,person,0.6440,574,290,612,378,593.0,334.0,593.0,378.0
417,16.640,13,person,0.6383,897,371,933,465,915.0,418.0,915.0,465.0
417,16.640,14,person,0.4101,736,229,764,300,750.0,264.5,750.0,300.0
417,16.640,15,person,0.3405,170,204,198,272,184.0,238.0,184.0,272.0
418,16.680,1,person,0.8409,1607,430,1661,554,1634.0,492.0,1634.0,554.0
418,16.680,2,person,0.8007,980,621,1031,758,1005.5,689.5,1005.5,758.0
418,16.680,3,person,0.7561,1159,415,1209,518,1184.0,466.5,1184.0,518.0
418,16.680,4,person,0.7421,1295,266,1327,353,1311.0,309.5,1311.0,353.0
418,16.680,5,person,0.7360,664,594,716,724,690.0,659.0,690.0,724.0
418,16.680,6,person,0.7223,1464,640,1531,790,1497.5,715.0,1497.5,790.0
418,16.680,7,person,0.7056,24,455,78,570,51.0,512.5,51.0,570.0
418,16.680,8,person,0.6952,323,354,360,453,341.5,403.5,341.5,453.0
418,16.680,9,person,0.6940,605,576,656,711,630.5,643.5,630.5,711.0
418,16.680,10,person,0.6903,567,289,607,376,587.0,332.5,587.0,376.0
418,16.680,11,person,0.6801,193,457,231,567,212.0,512.0,212.0,567.0
418,16.680,12,person,0.5978,374,384,413,490,393.5,437.0,393.5,490.0
418,16.680,13,person,0.5900,893,371,930,466,911.5,418.5,911.5,466.0
418,16.680,14,person,0.4238,731,228,759,300,745.0,264.0,745.0,300.0
418,16.680,15,person,0.3423,166,204,194,270,180.0,237.0,180.0,270.0
418,16.680,16,person,0.2506,893,371,952,465,922.5,418.0,922.5,465.0
419,16.720,1,person,0.8354,1459,633,1532,793,1495.5,713.0,1495.5,793.0
419,16.720,2,person,0.8256,1604,430,1656,549,1630.0,489.5,1630.0,549.0
419,16.720,3,person,0.8116,976,617,1034,763,1005.0,690.0,1005.0,763.0
419,16.720,4,person,0.7736,1158,410,1208,519,1183.0,464.5,1183.0,519.0
419,16.720,5,person,0.7527,316,359,354,456,335.0,407.5,335.0,456.0
419,16.720,6,person,0.7298,656,594,711,725,683.5,659.5,683.5,725.0
419,16.720,7,person,0.7247,367,386,410,489,388.5,437.5,388.5,489.0
419,16.720,8,person,0.7090,565,290,599,377,582.0,333.5,582.0,377.0
419,16.720,9,person,0.7065,189,460,231,566,210.0,513.0,210.0,566.0
419,16.720,10,person,0.6903,16,456,69,571,42.5,513.5,42.5,571.0
419,16.720,11,person,0.6829,603,578,648,712,625.5,645.0,625.5,712.0
419,16.720,12,person,0.6742,1292,268,1324,353,1308.0,310.5,1308.0,353.0
419,16.720,13,person,0.5456,891,372,929,468,910.0,420.0,910.0,468.0
419,16.720,14,person,0.5365,724,228,755,300,739.5,264.0,739.5,300.0
419,16.720,15,person,0.4007,890,370,951,469,920.5,419.5,920.5,469.0
419,16.720,16,person,0.3444,161,203,188,267,174.5,235.0,174.5,267.0
420,16.760,1,person,0.8540,1455,631,1531,790,1493.0,710.5,1493.0,790.0
420,16.760,2,person,0.8184,1601,432,1657,560,1629.0,496.0,1629.0,560.0
420,16.760,3,person,0.8049,360,386,402,490,381.0,438.0,381.0,490.0
420,16.760,4,person,0.7766,975,614,1030,760,1002.5,687.0,1002.5,760.0
420,16.760,5,person,0.7635,656,598,701,724,678.5,661.0,678.5,724.0
420,16.760,6,person,0.7509,183,457,238,568,210.5,512.5,210.5,568.0
420,16.760,7,person,0.7367,563,290,598,376,580.5,333.0,580.5,376.0
420,16.760,8,person,0.7163,1156,413,1207,516,1181.5,464.5,1181.5,516.0
420,16.760,9,person,0.7108,12,460,63,570,37.5,515.0,37.5,570.0
420,16.760,10,person,0.6788,1289,268,1319,352,1304.0,310.0,1304.0,352.0
420,16.760,11,person,0.6635,599,578,643,709,621.0,643.5,621.0,709.0
420,16.760,12,person,0.6292,311,356,348,454,329.5,405.0,329.5,454.0
420,16.760,13,person,0.5371,888,368,920,472,904.0,420.0,904.0,472.0
420,16.760,14,person,0.4904,720,229,750,300,735.0,264.5,735.0,300.0
421,16.800,1,person,0.8592,1449,653,1533,792,1491.0,722.5,1491.0,792.0
421,16.800,2,person,0.8301,178,455,244,569,211.0,512.0,211.0,569.0
421,16.800,3,person,0.7892,1150,415,1202,517,1176.0,466.0,1176.0,517.0
421,16.800,4,person,0.7884,650,598,699,728,674.5,663.0,674.5,728.0
421,16.800,5,person,0.7773,1597,434,1656,550,1626.5,492.0,1626.5,550.0
421,16.800,6,person,0.7733,354,385,394,492,374.0,438.5,374.0,492.0
421,16.800,7,person,0.7705,976,613,1028,753,1002.0,683.0,1002.0,753.0
421,16.800,8,person,0.7345,559,289,595,373,577.0,331.0,577.0,373.0
421,16.800,9,person,0.7171,1283,267,1315,351,1299.0,309.0,1299.0,351.0
421,16.800,10,person,0.7066,597,576,640,710,618.5,643.0,618.5,710.0
421,16.800,11,person,0.6334,11,460,47,571,29.0,515.5,29.0,571.0
421,16.800,12,person,0.6097,307,353,344,455,325.5,404.0,325.5,455.0
421,16.800,13,person,0.5412,887,369,922,471,904.5,420.0,904.5,471.0
421,16.800,14,person,0.4787,715,230,746,300,730.5,265.0,730.5,300.0
421,16.800,15,person,0.4067,146,204,176,266,161.0,235.0,161.0,266.0
421,16.800,16,person,0.2798,886,370,944,468,915.0,419.0,915.0,468.0
422,16.840,1,person,0.8444,1446,651,1534,795,1490.0,723.0,1490.0,795.0
422,16.840,2,person,0.8360,174,457,245,572,209.5,514.5,209.5,572.0
422,16.840,3,person,0.8257,1595,436,1651,557,1623.0,496.5,1623.0,557.0
422,16.840,4,person,0.7971,1144,418,1199,518,1171.5,468.0,1171.5,518.0
422,16.840,5,person,0.7904,975,612,1033,753,1004.0,682.5,1004.0,753.0
422,16.840,6,person,0.7750,645,602,692,731,668.5,666.5,668.5,731.0
422,16.840,7,person,0.7325,558,290,592,376,575.0,333.0,575.0,376.0
422,16.840,8,person,0.7206,302,356,337,456,319.5,406.0,319.5,456.0
422,16.840,9,person,0.7103,591,571,637,708,614.0,639.5,614.0,708.0
422,16.840,10,person,0.7054,1280,268,1312,353,1296.0,310.5,1296.0,353.0
422,16.840,11,person,0.7028,346,388,387,489,366.5,438.5,366.5,489.0
422,16.840,12,person,0.6016,3,457,45,571,24.0,514.0,24.0,571.0
422,16.840,13,person,0.5734,884,371,927,469,905.5,420.0,905.5,469.0
422,16.840,14,person,0.5019,708,230,737,299,722.5,264.5,722.5,299.0
422,16.840,15,person,0.4010,144,207,172,273,158.0,240.0,158.0,273.0
423,16.880,1,person,0.8528,1443,645,1532,794,1487.5,719.5,1487.5,794.0
423,16.880,2,person,0.8235,1138,418,1197,520,1167.5,469.0,1167.5,520.0
423,16.880,3,person,0.8224,1592,439,1647,556,1619.5,497.5,1619.5,556.0
423,16.880,4,person,0.8126,975,611,1035,750,1005.0,680.5,1005.0,750.0
423,16.880,5,person,0.8046,171,456,244,574,207.5,515.0,207.5,574.0
423,16.880,6,person,0.7616,643,601,685,734,664.0,667.5,664.0,734.0
423,16.880,7,person,0.7536,294,358,330,458,312.0,408.0,312.0,458.0
423,16.880,8,person,0.7376,337,391,383,491,360.0,441.0,360.0,491.0
423,16.880,9,person,0.7204,1,458,37,571,19.0,514.5,19.0,571.0
423,16.880,10,person,0.7145,1276,269,1308,352,1292.0,310.5,1292.0,352.0
423,16.880,11,person,0.6879,555,290,588,376,571.5,333.0,571.5,376.0
423,16.880,12,person,0.6692,585,570,633,705,609.0,637.5,609.0,705.0
423,16.880,13,person,0.5223,881,371,916,470,898.5,420.5,898.5,470.0
423,16.880,14,person,0.3873,702,231,729,295,715.5,263.0,715.5,295.0
423,16.880,15,person,0.2812,140,207,167,271,153.5,239.0,153.5,271.0
424,16.920,1,person,0.8436,1443,645,1527,793,1485.0,719.0,1485.0,793.0
424,16.920,2,person,0.8108,1133,420,1194,521,1163.5,470.5,1163.5,521.0
424,16.920,3,person,0.8107,1590,438,1645,559,1617.5,498.5,1617.5,559.0
424,16.920,4,person,0.7898,978,615,1029,749,1003.5,682.0,1003.5,749.0
424,16.920,5,person,0.7788,167,463,236,571,201.5,517.0,201.5,571.0
424,16.920,6,person,0.7501,330,389,377,495,353.5,442.0,353.5,495.0
424,16.920,7,person,0.7394,639,605,681,735,660.0,670.0,660.0,735.0
424,16.920,8,person,0.7113,582,572,626,706,604.0,639.0,604.0,706.0
424,16.920,9,person,0.7051,1272,267,1304,352,1288.0,309.5,1288.0,352.0
424,16.920,10,person,0.6633,554,290,584,376,569.0,333.0,569.0,376.0
424,16.920,11,person,0.6509,289,363,325,455,307.0,409.0,307.0,455.0
424,16.920,12,person,0.6497,875,371,925,475,900.0,423.0,900.0,475.0
424,16.920,13,person,0.6411,0,460,29,575,14.5,517.5,14.5,575.0
424,16.920,14,person,0.5049,698,232,725,302,711.5,267.0,711.5,302.0
425,16.960,1,person,0.8434,1446,629,1525,792,1485.5,710.5,1485.5,792.0
425,16.960,2,person,0.8381,979,614,1030,749,1004.5,681.5,1004.5,749.0
425,16.960,3,person,0.7947,1586,440,1638,555,1612.0,497.5,1612.0,555.0
425,16.960,4,person,0.7924,166,464,232,572,199.0,518.0,199.0,572.0
425,16.960,5,person,0.7530,636,607,678,738,657.0,672.5,657.0,738.0
425,16.960,6,person,0.7489,1131,423,1194,519,1162.5,471.0,1162.5,519.0
425,16.960,7,person,0.7161,550,290,581,379,565.5,334.5,565.5,379.0
425,16.960,8,person,0.7054,1268,266,1301,358,1284.5,312.0,1284.5,358.0
425,16.960,9,person,0.6849,578,573,620,706,599.0,639.5,599.0,706.0
425,16.960,10,person,0.6685,285,358,322,456,303.5,407.0,303.5,456.0
425,16.960,11,person,0.6127,327,391,374,495,350.5,443.0,350.5,495.0
425,16.960,12,person,0.5005,0,455,22,579,11.0,517.0,11.0,579.0
425,16.960,13,person,0.4757,872,373,911,476,891.5,424.5,891.5,476.0
425,16.960,14,person,0.4725,693,234,718,301,705.5,267.5,705.5,301.0
425,16.960,15,person,0.3285,126,208,154,272,140.0,240.0,140.0,272.0
425,16.960,16,person,0.3146,872,373,929,476,900.5,424.5,900.5,476.0
426,17.000,1,person,0.8421,980,616,1029,751,1004.5,683.5,1004.5,751.0
426,17.000,2,person,0.8359,631,610,674,740,652.5,675.0,652.5,740.0
426,17.000,3,person,0.8087,169,464,228,572,198.5,518.0,198.5,572.0
426,17.000,4,person,0.8056,1447,630,1524,796,1485.5,713.0,1485.5,796.0
426,17.000,5,person,0.7688,1584,442,1629,552,1606.5,497.0,1606.5,552.0
426,17.000,6,person,0.7537,1131,425,1194,517,1162.5,471.0,1162.5,517.0
426,17.000,7,person,0.7228,575,575,617,709,596.0,642.0,596.0,709.0
426,17.000,8,person,0.7224,546,292,576,379,561.0,335.5,561.0,379.0
426,17.000,9,person,0.6978,281,360,317,457,299.0,408.5,299.0,457.0
426,17.000,10,person,0.6966,318,392,375,498,346.5,445.0,346.5,498.0
426,17.000,11,person,0.6936,1267,268,1298,357,1282.5,312.5,1282.5,357.0
426,17.000,12,person,0.5612,870,374,914,476,892.0,425.0,892.0,476.0
426,17.000,13,person,0.5396,687,230,713,302,700.0,266.0,700.0,302.0
426,17.000,14,person,0.4972,319,393,359,492,339.0,442.5,339.0,492.0
426,17.000,15,person,0.4883,0,454,16,581,8.0,517.5,8.0,581.0
426,17.000,16,person,0.3645,121,207,148,274,134.5,240.5,134.5,274.0
427,17.040,1,person,0.8219,982,614,1030,753,1006.0,683.5,1006.0,753.0
427,17.040,2,person,0.7993,629,611,672,745,650.5,678.0,650.5,745.0
427,17.040,3,person,0.7977,169,465,228,573,198.5,519.0,198.5,573.0
427,17.040,4,person,0.7950,1578,440,1626,555,1602.0,497.5,1602.0,555.0
427,17.040,5,person,0.7630,1131,425,1194,521,1162.5,473.0,1162.5,521.0
427,17.040,6,person,0.7492,275,361,311,460,293.0,410.5,293.0,460.0
427,17.040,7,person,0.7180,1264,264,1295,356,1279.5,310.0,1279.5,356.0
427,17.040,8,person,0.7137,1454,646,1521,798,1487.5,722.0,1487.5,798.0
427,17.040,9,person,0.7122,572,575,614,710,593.0,642.5,593.0,710.0
427,17.040,10,person,0.6860,545,294,574,377,559.5,335.5,559.5,377.0
427,17.040,11,person,0.6529,316,396,349,458,332.5,427.0,332.5,458.0
427,17.040,12,person,0.5668,314,395,353,490,333.5,442.5,333.5,490.0
427,17.040,13,person,0.5260,867,375,911,477,889.0,426.0,889.0,477.0
427,17.040,14,person,0.4316,117,205,147,275,132.0,240.0,132.0,275.0
427,17.040,15,person,0.3730,316,395,369,496,342.5,445.5,342.5,496.0
427,17.040,16,person,0.3175,684,232,707,301,695.5,266.5,695.5,301.0
428,17.080,1,person,0.8517,982,611,1029,753,1005.5,682.0,1005.5,753.0
428,17.080,2,person,0.7831,172,465,228,574,200.0,519.5,200.0,574.0
428,17.080,3,person,0.7619,1572,439,1623,551,1597.5,495.0,1597.5,551.0
428,17.080,4,person,0.7557,1465,649,1520,801,1492.5,725.0,1492.5,801.0
428,17.080,5,person,0.7476,1261,270,1292,357,1276.5,313.5,1276.5,357.0
428,17.080,6,person,0.7465,309,391,353,496,331.0,443.5,331.0,496.0
428,17.080,7,person,0.7368,625,612,670,747,647.5,679.5,647.5,747.0
428,17.080,8,person,0.7319,272,363,307,459,289.5,411.0,289.5,459.0
428,17.080,9,person,0.7290,310,393,347,479,328.5,436.0,328.5,479.0
428,17.080,10,person,0.7251,571,576,612,711,591.5,643.5,591.5,711.0
428,17.080,11,person,0.7235,1134,425,1195,522,1164.5,473.5,1164.5,522.0
428,17.080,12,person,0.6869,540,297,570,380,555.0,338.5,555.0,380.0
428,17.080,13,person,0.6350,865,379,919,478,892.0,428.5,892.0,478.0
428,17.080,14,person,0.5820,679,238,703,298,691.0,268.0,691.0,298.0
429,17.120,1,person,0.8269,1574,438,1620,550,1597.0,494.0,1597.0,550.0
429,17.120,2,person,0.8094,982,610,1030,750,1006.0,680.0,1006.0,750.0
429,17.120,3,person,0.7670,1259,270,1290,355,1274.5,312.5,1274.5,355.0
429,17.120,4,person,0.7301,1474,651,1520,802,1497.0,726.5,1497.0,802.0
429,17.120,5,person,0.7286,305,395,346,497,325.5,446.0,325.5,497.0
429,17.120,6,person,0.7223,181,466,227,576,204.0,521.0,204.0,576.0
429,17.120,7,person,0.7161,622,614,667,747,644.5,680.5,644.5,747.0
429,17.120,8,person,0.7101,566,575,610,710,588.0,642.5,588.0,710.0
429,17.120,9,person,0.6904,1139,425,1199,524,1169.0,474.5,1169.0,524.0
429,17.120,10,person,0.6503,267,363,303,463,285.0,413.0,285.0,463.0
429,17.120,11,person,0.6498,537,298,568,381,552.5,339.5,552.5,381.0
429,17.120,12,person,0.5906,864,380,918,470,891.0,425.0,891.0,470.0
429,17.120,13,person,0.4752,674,238,700,303,687.0,270.5,687.0,303.0
430,17.160,1,person,0.8492,1571,441,1620,558,1595.5,499.5,1595.5,558.0
430,17.160,2,person,0.8067,981,610,1034,750,1007.5,680.0,1007.5,750.0
430,17.160,3,person,0.7474,564,576,609,709,586.5,642.5,586.5,709.0
430,17.160,4,person,0.7322,1477,653,1523,805,1500.0,729.0,1500.0,805.0
430,17.160,5,person,0.7161,1147,427,1202,519,1174.5,473.0,1174.5,519.0
430,17.160,6,person,0.7061,621,621,666,749,643.5,685.0,643.5,749.0
430,17.160,7,person,0.6984,190,466,226,576,208.0,521.0,208.0,576.0
430,17.160,8,person,0.6939,537,298,566,381,551.5,339.5,551.5,381.0
430,17.160,9,person,0.6855,1258,273,1288,358,1273.0,315.5,1273.0,358.0
430,17.160,10,person,0.6665,304,396,341,496,322.5,446.0,322.5,496.0
430,17.160,11,person,0.6548,266,363,300,467,283.0,415.0,283.0,467.0
430,17.160,12,person,0.5652,863,381,916,474,889.5,427.5,889.5,474.0
430,17.160,13,person,0.5126,669,238,696,305,682.5,271.5,682.5,305.0
431,17.200,1,person,0.8162,980,609,1033,743,1006.5,676.0,1006.5,743.0
431,17.200,2,person,0.8123,1567,442,1620,563,1593.5,502.5,1593.5,563.0
431,17.200,3,person,0.7634,563,577,607,713,585.0,645.0,585.0,713.0
431,17.200,4,person,0.7547,1145,426,1205,523,1175.0,474.5,1175.0,523.0
431,17.200,5,person,0.7178,620,619,665,752,642.5,685.5,642.5,752.0
431,17.200,6,person,0.7031,1256,275,1284,359,1270.0,317.0,1270.0,359.0
431,17.200,7,person,0.6926,262,365,295,467,278.5,416.0,278.5,467.0
431,17.200,8,person,0.6880,1478,653,1522,803,1500.0,728.0,1500.0,803.0
431,17.200,9,person,0.6877,536,298,564,382,550.0,340.0,550.0,382.0
431,17.200,10,person,0.6794,193,468,227,579,210.0,523.5,210.0,579.0
431,17.200,11,person,0.6108,299,394,334,497,316.5,445.5,316.5,497.0
431,17.200,12,person,0.5736,667,239,693,305,680.0,272.0,680.0,305.0
431,17.200,13,person,0.4884,860,383,915,474,887.5,428.5,887.5,474.0
431,17.200,14,person,0.4327,104,218,129,278,116.5,248.0,116.5,278.0
432,17.240,1,person,0.8342,980,609,1032,738,1006.0,673.5,1006.0,738.0
432,17.240,2,person,0.7940,1142,429,1205,522,1173.5,475.5,1173.5,522.0
432,17.240,3,person,0.7724,1565,449,1618,562,1591.5,505.5,1591.5,562.0
432,17.240,4,person,0.7448,564,578,606,710,585.0,644.0,585.0,710.0
432,17.240,5,person,0.7277,1254,274,1283,359,1268.5,316.5,1268.5,359.0
432,17.240,6,person,0.7232,1477,660,1532,802,1504.5,731.0,1504.5,802.0
432,17.240,7,person,0.7212,618,623,665,754,641.5,688.5,641.5,754.0
432,17.240,8,person,0.6558,195,467,228,580,211.5,523.5,211.5,580.0
432,17.240,9,person,0.6459,261,367,293,466,277.0,416.5,277.0,466.0
432,17.240,10,person,0.6408,535,299,562,384,548.5,341.5,548.5,384.0
432,17.240,11,person,0.6290,296,398,330,500,313.0,449.0,313.0,500.0
432,17.240,12,person,0.5693,857,382,912,484,884.5,433.0,884.5,484.0
432,17.240,13,person,0.5145,663,239,690,307,676.5,273.0,676.5,307.0
432,17.240,14,person,0.4260,100,216,125,280,112.5,248.0,112.5,280.0
432,17.240,15,person,0.4238,293,398,326,463,309.5,430.5,309.5,463.0
433,17.280,1,person,0.8543,561,577,606,708,583.5,642.5,583.5,708.0
433,17.280,2,person,0.8125,980,610,1029,739,1004.5,674.5,1004.5,739.0
433,17.280,3,person,0.7920,1145,429,1209,528,1177.0,478.5,1177.0,528.0
433,17.280,4,person,0.7521,1475,648,1538,806,1506.5,727.0,1506.5,806.0
433,17.280,5,person,0.7020,617,624,663,755,640.0,689.5,640.0,755.0
433,17.280,6,person,0.6950,1253,276,1282,360,1267.5,318.0,1267.5,360.0
433,17.280,7,person,0.6940,1563,452,1616,568,1589.5,510.0,1589.5,568.0
433,17.280,8,person,0.6859,193,468,234,580,213.5,524.0,213.5,580.0
433,17.280,9,person,0.6786,288,399,327,501,307.5,450.0,307.5,501.0
433,17.280,10,person,0.6696,534,299,562,382,548.0,340.5,548.0,382.0
433,17.280,11,person,0.6563,256,369,291,466,273.5,417.5,273.5,466.0
433,17.280,12,person,0.5741,854,383,910,489,882.0,436.0,882.0,489.0
433,17.280,13,person,0.5028,656,239,686,308,671.0,273.5,671.0,308.0
433,17.280,14,person,0.4741,97,219,125,282,111.0,250.5,111.0,282.0
434,17.320,1,person,0.8433,561,577,607,707,584.0,642.0,584.0,707.0
434,17.320,2,person,0.8205,1150,428,1208,526,1179.0,477.0,1179.0,526.0
434,17.320,3,person,0.8095,980,610,1033,738,1006.5,674.0,1006.5,738.0
434,17.320,4,person,0.7601,1474,665,1544,807,1509.0,736.0,1509.0,807.0
434,17.320,5,person,0.7549,192,467,244,582,218.0,524.5,218.0,582.0
434,17.320,6,person,0.7223,618,628,666,761,642.0,694.5,642.0,761.0
434,17.320,7,person,0.7176,1553,454,1614,563,1583.5,508.5,1583.5,563.0
434,17.320,8,person,0.6930,283,402,324,501,303.5,451.5,303.5,501.0
434,17.320,9,person,0.6896,534,299,561,384,547.5,341.5,547.5,384.0
434,17.320,10,person,0.6462,1253,276,1281,360,1267.0,318.0,1267.0,360.0
434,17.320,11,person,0.5791,653,241,682,308,667.5,274.5,667.5,308.0
434,17.320,12,person,0.4997,854,384,910,485,882.0,434.5,882.0,485.0
434,17.320,13,person,0.4849,254,374,287,472,270.5,423.0,270.5,472.0
434,17.320,14,person,0.4306,94,219,125,285,109.5,252.0,109.5,285.0
434,17.320,15,person,0.3234,1571,454,1613,564,1592.0,509.0,1592.0,564.0
435,17.360,1,person,0.8252,980,611,1035,739,1007.5,675.0,1007.5,739.0
435,17.360,2,person,0.8187,1152,428,1216,524,1184.0,476.0,1184.0,524.0
435,17.360,3,person,0.7950,192,470,254,585,223.0,527.5,223.0,585.0
435,17.360,4,person,0.7797,563,578,606,708,584.5,643.0,584.5,708.0
435,17.360,5,person,0.7102,1535,455,1614,570,1574.5,512.5,1574.5,570.0
435,17.360,6,person,0.7097,1251,275,1281,362,1266.0,318.5,1266.0,362.0
435,17.360,7,person,0.7045,1475,669,1547,814,1511.0,741.5,1511.0,814.0
435,17.360,8,person,0.6985,618,631,666,762,642.0,696.5,642.0,762.0
435,17.360,9,person,0.6859,534,299,561,384,547.5,341.5,547.5,384.0
435,17.360,10,person,0.6533,282,403,323,502,302.5,452.5,302.5,502.0
435,17.360,11,person,0.5527,650,242,679,308,664.5,275.0,664.5,308.0
435,17.360,12,person,0.4970,94,217,126,284,110.0,250.5,110.0,284.0
435,17.360,13,person,0.4758,253,373,286,474,269.5,423.5,269.5,474.0
435,17.360,14,person,0.3836,855,385,910,488,882.5,436.5,882.5,488.0
435,17.360,15,person,0.2662,254,371,297,481,275.5,426.0,275.5,481.0
436,17.400,1,person,0.8409,978,610,1035,741,1006.5,675.5,1006.5,741.0
436,17.400,2,person,0.8144,563,577,607,708,585.0,642.5,585.0,708.0
436,17.400,3,person,0.7874,192,472,254,585,223.0,528.5,223.0,585.0
436,17.400,4,person,0.7824,1537,454,1611,565,1574.0,509.5,1574.0,565.0
436,17.400,5,person,0.7565,532,301,562,387,547.0,344.0,547.0,387.0
436,17.400,6,person,0.7460,1155,426,1216,524,1185.5,475.0,1185.5,524.0
436,17.400,7,person,0.7437,617,633,670,768,643.5,700.5,643.5,768.0
436,17.400,8,person,0.7353,1473,666,1549,813,1511.0,739.5,1511.0,813.0
436,17.400,9,person,0.7309,1250,276,1280,362,1265.0,319.0,1265.0,362.0
436,17.400,10,person,0.5857,283,404,321,502,302.0,453.0,302.0,502.0
436,17.400,11,person,0.5850,648,243,678,311,663.0,277.0,663.0,311.0
436,17.400,12,person,0.4771,93,222,122,289,107.5,255.5,107.5,289.0
436,17.400,13,person,0.4600,854,392,910,488,882.0,440.0,882.0,488.0
436,17.400,14,person,0.4132,255,378,295,488,275.0,433.0,275.0,488.0
436,17.400,15,person,0.3037,253,376,288,474,270.5,425.0,270.5,474.0
437,17.440,1,person,0.8342,978,609,1036,743,1007.0,676.0,1007.0,743.0
437,17.440,2,person,0.8006,561,579,605,710,583.0,644.5,583.0,710.0
437,17.440,3,person,0.7838,1538,456,1609,566,1573.5,511.0,1573.5,566.0
437,17.440,4,person,0.7645,616,634,671,769,643.5,701.5,643.5,769.0
437,17.440,5,person,0.7502,192,474,258,586,225.0,530.0,225.0,586.0
437,17.440,6,person,0.7286,1248,276,1280,364,1264.0,320.0,1264.0,364.0
437,17.440,7,person,0.7272,531,301,562,389,546.5,345.0,546.5,389.0
437,17.440,8,person,0.7265,1161,430,1221,527,1191.0,478.5,1191.0,527.0
437,17.440,9,person,0.7221,1475,668,1549,814,1512.0,741.0,1512.0,814.0
437,17.440,10,person,0.5237,646,244,675,307,660.5,275.5,660.5,307.0
437,17.440,11,person,0.4689,854,393,907,490,880.5,441.5,880.5,490.0
437,17.440,12,person,0.4525,279,404,318,505,298.5,454.5,298.5,505.0
437,17.440,13,person,0.4365,93,227,120,294,106.5,260.5,106.5,294.0
437,17.440,14,person,0.4182,251,379,288,480,269.5,429.5,269.5,480.0
438,17.480,1,person,0.8346,560,579,603,711,581.5,645.0,581.5,711.0
438,17.480,2,person,0.8180,1538,457,1607,566,1572.5,511.5,1572.5,566.0
438,17.480,3,person,0.8099,613,633,670,773,641.5,703.0,641.5,773.0
438,17.480,4,person,0.8022,978,609,1034,742,1006.0,675.5,1006.0,742.0
438,17.480,5,person,0.7961,193,478,254,588,223.5,533.0,223.5,588.0
438,17.480,6,person,0.7742,1175,430,1223,527,1199.0,478.5,1199.0,527.0
438,17.480,7,person,0.7380,1476,664,1549,814,1512.5,739.0,1512.5,814.0
438,17.480,8,person,0.7370,528,302,561,391,544.5,346.5,544.5,391.0
438,17.480,9,person,0.6616,1247,278,1278,365,1262.5,321.5,1262.5,365.0
438,17.480,10,person,0.5643,854,393,906,490,880.0,441.5,880.0,490.0
438,17.480,11,person,0.5000,268,401,316,505,292.0,453.0,292.0,505.0
438,17.480,12,person,0.4237,248,379,285,478,266.5,428.5,266.5,478.0
438,17.480,13,person,0.3894,249,381,298,490,273.5,435.5,273.5,490.0
438,17.480,14,person,0.3892,644,244,671,308,657.5,276.0,657.5,308.0
438,17.480,15,person,0.3664,251,378,313,504,282.0,441.0,282.0,504.0
438,17.480,16,person,0.3285,90,224,117,288,103.5,256.0,103.5,288.0
439,17.520,1,person,0.8403,975,601,1034,738,1004.5,669.5,1004.5,738.0
439,17.520,2,person,0.8026,1541,457,1607,567,1574.0,512.0,1574.0,567.0
439,17.520,3,person,0.8024,1183,430,1226,528,1204.5,479.0,1204.5,528.0
439,17.520,4,person,0.8015,614,635,667,775,640.5,705.0,640.5,775.0
439,17.520,5,person,0.8000,558,580,602,713,580.0,646.5,580.0,713.0
439,17.520,6,person,0.7951,195,479,254,585,224.5,532.0,224.5,585.0
439,17.520,7,person,0.7169,1247,278,1278,367,1262.5,322.5,1262.5,367.0
439,17.520,8,person,0.6987,1483,665,1546,815,1514.5,740.0,1514.5,815.0
439,17.520,9,person,0.6969,524,305,559,391,541.5,348.0,541.5,391.0
439,17.520,10,person,0.5268,857,393,905,488,881.0,440.5,881.0,488.0
439,17.520,11,person,0.4452,269,402,307,506,288.0,454.0,288.0,506.0
439,17.520,12,person,0.4434,641,246,667,312,654.0,279.0,654.0,312.0
439,17.520,13,person,0.4254,248,380,297,491,272.5,435.5,272.5,491.0
439,17.520,14,person,0.4251,247,380,283,473,265.0,426.5,265.0,473.0
439,17.520,15,person,0.3803,91,231,116,293,103.5,262.0,103.5,293.0
439,17.520,16,person,0.3079,255,390,308,506,281.5,448.0,281.5,506.0
440,17.560,1,person,0.8464,556,583,600,711,578.0,647.0,578.0,711.0
440,17.560,2,person,0.8222,974,599,1029,736,1001.5,667.5,1001.5,736.0
440,17.560,3,person,0.8132,1183,431,1230,530,1206.5,480.5,1206.5,530.0
440,17.560,4,person,0.7649,614,636,664,777,639.0,706.5,639.0,777.0
440,17.560,5,person,0.7562,1542,459,1605,568,1573.5,513.5,1573.5,568.0
440,17.560,6,person,0.7274,1489,674,1546,815,1517.5,744.5,1517.5,815.0
440,17.560,7,person,0.7200,522,304,560,392,541.0,348.0,541.0,392.0
440,17.560,8,person,0.7024,1245,281,1277,367,1261.0,324.0,1261.0,367.0
440,17.560,9,person,0.6598,198,480,254,587,226.0,533.5,226.0,587.0
440,17.560,10,person,0.6430,245,376,298,507,271.5,441.5,271.5,507.0
440,17.560,11,person,0.5186,859,393,904,490,881.5,441.5,881.5,490.0
440,17.560,12,person,0.3398,637,245,663,310,650.0,277.5,650.0,310.0
440,17.560,13,person,0.2602,245,380,282,465,263.5,422.5,263.5,465.0
441,17.600,1,person,0.8324,551,583,598,712,574.5,647.5,574.5,712.0
441,17.600,2,person,0.8286,974,600,1027,733,1000.5,666.5,1000.5,733.0
441,17.600,3,person,0.7580,612,640,664,780,638.0,710.0,638.0,780.0
441,17.600,4,person,0.7556,1183,432,1231,528,1207.0,480.0,1207.0,528.0
441,17.600,5,person,0.7428,1543,462,1603,569,1573.0,515.5,1573.0,569.0
441,17.600,6,person,0.7369,1493,675,1546,816,1519.5,745.5,1519.5,816.0
441,17.600,7,person,0.7316,519,305,556,391,537.5,348.0,537.5,391.0
441,17.600,8,person,0.7198,1244,281,1275,368,1259.5,324.5,1259.5,368.0
441,17.600,9,person,0.5613,243,380,297,508,270.0,444.0,270.0,508.0
441,17.600,10,person,0.5509,205,485,253,587,229.0,536.0,229.0,587.0
441,17.600,11,person,0.5418,862,394,899,490,880.5,442.0,880.5,490.0
441,17.600,12,person,0.4158,631,246,658,315,644.5,280.5,644.5,315.0
442,17.640,1,person,0.8072,549,583,594,712,571.5,647.5,571.5,712.0
442,17.640,2,person,0.7903,972,601,1024,733,998.0,667.0,998.0,733.0
442,17.640,3,person,0.7626,613,642,661,780,637.0,711.0,637.0,780.0
442,17.640,4,person,0.7431,1495,676,1547,821,1521.0,748.5,1521.0,821.0
442,17.640,5,person,0.7337,1184,429,1235,528,1209.5,478.5,1209.5,528.0
442,17.640,6,person,0.7211,519,306,554,392,536.5,349.0,536.5,392.0
442,17.640,7,person,0.6541,1557,462,1602,569,1579.5,515.5,1579.5,569.0
442,17.640,8,person,0.6488,1244,287,1272,368,1258.0,327.5,1258.0,368.0
442,17.640,9,person,0.5917,860,394,898,488,879.0,441.0,879.0,488.0
442,17.640,10,person,0.5293,237,377,293,502,265.0,439.5,265.0,502.0
442,17.640,11,person,0.4687,213,484,251,587,232.0,535.5,232.0,587.0
442,17.640,12,person,0.4460,627,250,655,315,641.0,282.5,641.0,315.0
442,17.640,13,person,0.3956,77,231,106,292,91.5,261.5,91.5,292.0
442,17.640,14,person,0.3643,239,376,284,487,261.5,431.5,261.5,487.0
443,17.680,1,person,0.8084,1544,462,1602,570,1573.0,516.0,1573.0,570.0
443,17.680,2,person,0.7836,614,644,660,783,637.0,713.5,637.0,783.0
443,17.680,3,person,0.7728,545,583,593,715,569.0,649.0,569.0,715.0
443,17.680,4,person,0.7660,972,603,1022,730,997.0,666.5,997.0,730.0
443,17.680,5,person,0.7492,1497,678,1547,825,1522.0,751.5,1522.0,825.0
443,17.680,6,person,0.7349,1188,431,1237,526,1212.5,478.5,1212.5,526.0
443,17.680,7,person,0.7124,516,309,554,392,535.0,350.5,535.0,392.0
443,17.680,8,person,0.7022,220,480,254,589,237.0,534.5,237.0,589.0
443,17.680,9,person,0.6921,1242,286,1271,367,1256.5,326.5,1256.5,367.0
443,17.680,10,person,0.6225,860,396,896,489,878.0,442.5,878.0,489.0
443,17.680,11,person,0.5094,623,251,652,316,637.5,283.5,637.5,316.0
443,17.680,12,person,0.5027,233,376,286,495,259.5,435.5,259.5,495.0
443,17.680,13,person,0.4104,76,234,103,288,89.5,261.0,89.5,288.0
443,17.680,14,person,0.2544,1561,464,1602,567,1581.5,515.5,1581.5,567.0
444,17.720,1,person,0.8126,1193,432,1241,525,1217.0,478.5,1217.0,525.0
444,17.720,2,person,0.8014,614,646,657,786,635.5,716.0,635.5,786.0
444,17.720,3,person,0.7955,1544,465,1603,571,1573.5,518.0,1573.5,571.0
444,17.720,4,person,0.7870,1496,679,1548,824,1522.0,751.5,1522.0,824.0
444,17.720,5,person,0.7555,542,582,590,714,566.0,648.0,566.0,714.0
444,17.720,6,person,0.7447,223,482,256,591,239.5,536.5,239.5,591.0
444,17.720,7,person,0.7408,514,308,552,392,533.0,350.0,533.0,392.0
444,17.720,8,person,0.7282,972,604,1019,728,995.5,666.0,995.5,728.0
444,17.720,9,person,0.6687,1242,288,1270,368,1256.0,328.0,1256.0,368.0
444,17.720,10,person,0.6589,859,394,895,488,877.0,441.0,877.0,488.0
444,17.720,11,person,0.5381,620,256,649,317,634.5,286.5,634.5,317.0
444,17.720,12,person,0.5246,233,372,283,499,258.0,435.5,258.0,499.0
444,17.720,13,person,0.4168,75,236,101,293,88.0,264.5,88.0,293.0
445,17.760,1,person,0.7925,1542,466,1608,579,1575.0,522.5,1575.0,579.0
445,17.760,2,person,0.7784,614,650,655,788,634.5,719.0,634.5,788.0
445,17.760,3,person,0.7592,1494,679,1553,828,1523.5,753.5,1523.5,828.0
445,17.760,4,person,0.7301,971,601,1014,729,992.5,665.0,992.5,729.0
445,17.760,5,person,0.7293,541,581,587,708,564.0,644.5,564.0,708.0
445,17.760,6,person,0.7170,1201,431,1243,526,1222.0,478.5,1222.0,526.0
445,17.760,7,person,0.7047,513,308,551,392,532.0,350.0,532.0,392.0
445,17.760,8,person,0.6984,1239,290,1269,369,1254.0,329.5,1254.0,369.0
445,17.760,9,person,0.6702,224,486,258,593,241.0,539.5,241.0,593.0
445,17.760,10,person,0.6478,853,392,894,490,873.5,441.0,873.5,490.0
445,17.760,11,person,0.5735,72,229,98,300,85.0,264.5,85.0,300.0
445,17.760,12,person,0.5003,610,255,652,318,631.0,286.5,631.0,318.0
445,17.760,13,person,0.3415,230,372,270,484,250.0,428.0,250.0,484.0
446,17.800,1,person,0.8347,1546,467,1604,574,1575.0,520.5,1575.0,574.0
446,17.800,2,person,0.8011,968,597,1012,726,990.0,661.5,990.0,726.0
446,17.800,3,person,0.7882,1498,681,1563,833,1530.5,757.0,1530.5,833.0
446,17.800,4,person,0.7840,613,652,653,788,633.0,720.0,633.0,788.0
446,17.800,5,person,0.7730,540,581,584,709,562.0,645.0,562.0,709.0
446,17.800,6,person,0.7663,1208,433,1251,527,1229.5,480.0,1229.5,527.0
446,17.800,7,person,0.7332,223,483,265,593,244.0,538.0,244.0,593.0
446,17.800,8,person,0.7263,512,308,545,394,528.5,351.0,528.5,394.0
446,17.800,9,person,0.6680,855,393,895,488,875.0,440.5,875.0,488.0
446,17.800,10,person,0.6570,1237,289,1267,370,1252.0,329.5,1252.0,370.0
446,17.800,11,person,0.5099,69,232,97,297,83.0,264.5,83.0,297.0
446,17.800,12,person,0.4966,608,260,646,318,627.0,289.0,627.0,318.0
446,17.800,13,person,0.3477,228,379,271,483,249.5,431.0,249.5,483.0
447,17.840,1,person,0.8365,966,594,1010,726,988.0,660.0,988.0,726.0
447,17.840,2,person,0.8095,1497,683,1563,836,1530.0,759.5,1530.0,836.0
447,17.840,3,person,0.7910,537,582,583,708,560.0,645.0,560.0,708.0
447,17.840,4,person,0.7807,1547,467,1606,571,1576.5,519.0,1576.5,571.0
447,17.840,5,person,0.7696,613,656,654,789,633.5,722.5,633.5,789.0
447,17.840,6,person,0.7475,1209,432,1253,526,1231.0,479.0,1231.0,526.0
447,17.840,7,person,0.7263,222,482,275,598,248.5,540.0,248.5,598.0
447,17.840,8,person,0.7232,511,309,544,395,527.5,352.0,527.5,395.0
447,17.840,9,person,0.6767,1236,289,1264,370,1250.0,329.5,1250.0,370.0
447,17.840,10,person,0.5929,854,394,895,493,874.5,443.5,874.5,493.0
447,17.840,11,person,0.5079,67,232,95,297,81.0,264.5,81.0,297.0
447,17.840,12,person,0.4806,605,262,630,319,617.5,290.5,617.5,319.0
447,17.840,13,person,0.4612,223,381,267,480,245.0,430.5,245.0,480.0
447,17.840,14,person,0.2570,603,261,645,320,624.0,290.5,624.0,320.0
448,17.880,1,person,0.8502,964,592,1009,725,986.5,658.5,986.5,725.0
448,17.880,2,person,0.8383,611,658,653,790,632.0,724.0,632.0,790.0
448,17.880,3,person,0.8233,1497,688,1563,835,1530.0,761.5,1530.0,835.0
448,17.880,4,person,0.8102,534,582,578,710,556.0,646.0,556.0,710.0
448,17.880,5,person,0.7962,1548,467,1606,570,1577.0,518.5,1577.0,570.0
448,17.880,6,person,0.7700,1207,432,1259,530,1233.0,481.0,1233.0,530.0
448,17.880,7,person,0.6857,221,482,275,596,248.0,539.0,248.0,596.0
448,17.880,8,person,0.6822,510,311,542,395,526.0,353.0,526.0,395.0
448,17.880,9,person,0.6198,848,395,894,499,871.0,447.0,871.0,499.0
448,17.880,10,person,0.6148,1234,289,1263,372,1248.5,330.5,1248.5,372.0
448,17.880,11,person,0.5035,598,263,634,321,616.0,292.0,616.0,321.0
448,17.880,12,person,0.3837,66,236,91,300,78.5,268.0,78.5,300.0
448,17.880,13,person,0.3480,220,385,255,481,237.5,433.0,237.5,481.0
449,17.920,1,person,0.8481,1497,689,1560,835,1528.5,762.0,1528.5,835.0
449,17.920,2,person,0.8343,962,591,1007,714,984.5,652.5,984.5,714.0
449,17.920,3,person,0.8334,610,658,654,790,632.0,724.0,632.0,790.0
449,17.920,4,person,0.8326,531,581,576,712,553.5,646.5,553.5,712.0
449,17.920,5,person,0.7999,1548,468,1603,573,1575.5,520.5,1575.5,573.0
449,17.920,6,person,0.7308,1207,431,1262,527,1234.5,479.0,1234.5,527.0
449,17.920,7,person,0.6998,509,311,540,395,524.5,353.0,524.5,395.0
449,17.920,8,person,0.6233,1232,290,1263,373,1247.5,331.5,1247.5,373.0
449,17.920,9,person,0.6176,222,489,271,598,246.5,543.5,246.5,598.0
449,17.920,10,person,0.5609,849,394,894,499,871.5,446.5,871.5,499.0
449,17.920,11,person,0.4512,220,433,275,599,247.5,516.0,247.5,599.0
449,17.920,12,person,0.3553,596,264,633,323,614.5,293.5,614.5,323.0
449,17.920,13,person,0.3334,64,235,89,305,76.5,270.0,76.5,305.0
450,17.960,1,person,0.8455,1494,692,1557,834,1525.5,763.0,1525.5,834.0
450,17.960,2,person,0.8351,960,593,1006,715,983.0,654.0,983.0,715.0
450,17.960,3,person,0.8172,610,659,655,793,632.5,726.0,632.5,793.0
450,17.960,4,person,0.8162,529,583,574,713,551.5,648.0,551.5,713.0
450,17.960,5,person,0.7982,1544,466,1601,572,1572.5,519.0,1572.5,572.0
450,17.960,6,person,0.7849,1210,431,1268,526,1239.0,478.5,1239.0,526.0
450,17.960,7,person,0.7251,221,494,269,598,245.0,546.0,245.0,598.0
450,17.960,8,person,0.6865,1230,292,1262,374,1246.0,333.0,1246.0,374.0
450,17.960,9,person,0.6764,508,312,537,396,522.5,354.0,522.5,396.0
450,17.960,10,person,0.5721,848,397,893,503,870.5,450.0,870.5,503.0
450,17.960,11,person,0.4546,591,267,622,323,606.5,295.0,606.5,323.0
450,17.960,12,person,0.4267,217,386,248,476,232.5,431.0,232.5,476.0
450,17.960,13,person,0.3570,221,414,269,597,245.0,505.5,245.0,597.0
451,18.000,1,person,0.8415,1495,693,1558,837,1526.5,765.0,1526.5,837.0
451,18.000,2,person,0.8329,528,584,573,714,550.5,649.0,550.5,714.0
451,18.000,3,person,0.8251,960,595,1005,717,982.5,656.0,982.5,717.0
451,18.000,4,person,0.8211,1545,464,1599,571,1572.0,517.5,1572.0,571.0
451,18.000,5,person,0.7784,610,659,655,799,632.5,729.0,632.5,799.0
451,18.000,6,person,0.7643,1213,430,1270,527,1241.5,478.5,1241.5,527.0
451,18.000,7,person,0.6989,222,493,270,601,246.0,547.0,246.0,601.0
451,18.000,8,person,0.6965,1230,293,1261,375,1245.5,334.0,1245.5,375.0
451,18.000,9,person,0.6714,506,313,535,397,520.5,355.0,520.5,397.0
451,18.000,10,person,0.5674,847,398,891,503,869.0,450.5,869.0,503.0
451,18.000,11,person,0.3573,212,384,247,485,229.5,434.5,229.5,485.0
451,18.000,12,person,0.3326,586,266,617,324,601.5,295.0,601.5,324.0
451,18.000,13,person,0.3050,581,264,610,322,595.5,293.0,595.5,322.0
451,18.000,14,person,0.2986,56,239,84,302,70.0,270.5,70.0,302.0
452,18.040,1,person,0.8186,1497,697,1560,840,1528.5,768.5,1528.5,840.0
452,18.040,2,person,0.8064,1547,466,1597,568,1572.0,517.0,1572.0,568.0
452,18.040,3,person,0.8051,956,597,1003,716,979.5,656.5,979.5,716.0
452,18.040,4,person,0.7822,526,584,570,714,548.0,649.0,548.0,714.0
452,18.040,5,person,0.7748,609,662,654,800,631.5,731.0,631.5,800.0
452,18.040,6,person,0.7271,1227,293,1259,374,1243.0,333.5,1243.0,374.0
452,18.040,7,person,0.6961,505,317,532,399,518.5,358.0,518.5,399.0
452,18.040,8,person,0.6881,1228,432,1271,525,1249.5,478.5,1249.5,525.0
452,18.040,9,person,0.6808,224,490,267,602,245.5,546.0,245.5,602.0
452,18.040,10,person,0.5261,850,398,892,501,871.0,449.5,871.0,501.0
452,18.040,11,person,0.4600,579,264,606,321,592.5,292.5,592.5,321.0
452,18.040,12,person,0.3840,52,236,80,304,66.0,270.0,66.0,304.0
452,18.040,13,person,0.3238,209,386,249,491,229.0,438.5,229.0,491.0
452,18.040,14,person,0.2701,219,427,265,600,242.0,513.5,242.0,600.0
453,18.080,1,person,0.8665,1495,699,1561,843,1528.0,771.0,1528.0,843.0
453,18.080,2,person,0.7957,953,595,1001,717,977.0,656.0,977.0,717.0
453,18.080,3,person,0.7887,1547,463,1596,568,1571.5,515.5,1571.5,568.0
453,18.080,4,person,0.7711,502,319,530,399,516.0,359.0,516.0,399.0
453,18.080,5,person,0.7589,608,665,654,804,631.0,734.5,631.0,804.0
453,18.080,6,person,0.7559,525,584,566,713,545.5,648.5,545.5,713.0
453,18.080,7,person,0.7006,225,490,264,605,244.5,547.5,244.5,605.0
453,18.080,8,person,0.6438,1236,433,1276,527,1256.0,480.0,1256.0,527.0
453,18.080,9,person,0.6408,1226,297,1257,375,1241.5,336.0,1241.5,375.0
453,18.080,10,person,0.5382,856,398,887,501,871.5,449.5,871.5,501.0
453,18.080,11,person,0.4609,204,387,246,488,225.0,437.5,225.0,488.0
453,18.080,12,person,0.4360,573,263,606,323,589.5,293.0,589.5,323.0
453,18.080,13,person,0.3843,48,240,78,303,63.0,271.5,63.0,303.0
454,18.120,1,person,0.8561,1497,697,1562,846,1529.5,771.5,1529.5,846.0
454,18.120,2,person,0.8464,522,585,564,715,543.0,650.0,543.0,715.0
454,18.120,3,person,0.8290,951,589,1000,716,975.5,652.5,975.5,716.0
454,18.120,4,person,0.7830,607,666,657,808,632.0,737.0,632.0,808.0
454,18.120,5,person,0.7774,502,322,528,402,515.0,362.0,515.0,402.0
454,18.120,6,person,0.7652,1549,465,1595,567,1572.0,516.0,1572.0,567.0
454,18.120,7,person,0.6906,227,492,262,603,244.5,547.5,244.5,603.0
454,18.120,8,person,0.6654,1226,297,1256,376,1241.0,336.5,1241.0,376.0
454,18.120,9,person,0.6463,1245,432,1282,526,1263.5,479.0,1263.5,526.0
454,18.120,10,person,0.5764,45,239,78,310,61.5,274.5,61.5,310.0
454,18.120,11,person,0.5717,567,268,600,327,583.5,297.5,583.5,327.0
454,18.120,12,person,0.4614,860,398,888,496,874.0,447.0,874.0,496.0
454,18.120,13,person,0.3798,209,414,261,604,235.0,509.0,235.0,604.0
455,18.160,1,person,0.8694,1495,700,1565,846,1530.0,773.0,1530.0,846.0
455,18.160,2,person,0.8638,520,585,563,717,541.5,651.0,541.5,717.0
455,18.160,3,person,0.8377,949,587,999,717,974.0,652.0,974.0,717.0
455,18.160,4,person,0.8103,606,671,656,810,631.0,740.5,631.0,810.0
455,18.160,5,person,0.7733,1251,433,1288,529,1269.5,481.0,1269.5,529.0
455,18.160,6,person,0.7577,500,322,527,402,513.5,362.0,513.5,402.0
455,18.160,7,person,0.7544,1550,464,1595,567,1572.5,515.5,1572.5,567.0
455,18.160,8,person,0.6205,1224,297,1255,380,1239.5,338.5,1239.5,380.0
455,18.160,9,person,0.6191,223,491,261,606,242.0,548.5,242.0,606.0
455,18.160,10,person,0.5667,858,399,888,499,873.0,449.0,873.0,499.0
455,18.160,11,person,0.5013,565,270,596,326,580.5,298.0,580.5,326.0
455,18.160,12,person,0.4766,45,242,75,309,60.0,275.5,60.0,309.0
455,18.160,13,person,0.4287,212,454,261,607,236.5,530.5,236.5,607.0
455,18.160,14,person,0.4250,202,400,261,610,231.5,505.0,231.5,610.0
456,18.200,1,person,0.8592,1493,701,1564,850,1528.5,775.5,1528.5,850.0
456,18.200,2,person,0.8489,948,585,1001,714,974.5,649.5,974.5,714.0
456,18.200,3,person,0.8466,517,587,560,716,538.5,651.5,538.5,716.0
456,18.200,4,person,0.8210,606,671,655,812,630.5,741.5,630.5,812.0
456,18.200,5,person,0.7768,1250,431,1292,528,1271.0,479.5,1271.0,528.0
456,18.200,6,person,0.7587,499,322,527,403,513.0,362.5,513.0,403.0
456,18.200,7,person,0.7502,1550,470,1597,567,1573.5,518.5,1573.5,567.0
456,18.200,8,person,0.6373,1223,299,1253,380,1238.0,339.5,1238.0,380.0
456,18.200,9,person,0.6168,221,490,261,607,241.0,548.5,241.0,607.0
456,18.200,10,person,0.5930,856,401,889,501,872.5,451.0,872.5,501.0
456,18.200,11,person,0.5745,555,267,584,329,569.5,298.0,569.5,329.0
456,18.200,12,person,0.4621,197,404,262,611,229.5,507.5,229.5,611.0
456,18.200,13,person,0.4524,204,452,262,607,233.0,529.5,233.0,607.0
456,18.200,14,person,0.2884,195,391,236,487,215.5,439.0,215.5,487.0
456,18.200,15,person,0.2721,44,240,75,312,59.5,276.0,59.5,312.0
457,18.240,1,person,0.8823,1493,703,1565,851,1529.0,777.0,1529.0,851.0
457,18.240,2,person,0.8531,516,587,560,712,538.0,649.5,538.0,712.0
457,18.240,3,person,0.8223,605,671,657,812,631.0,741.5,631.0,812.0
457,18.240,4,person,0.8149,948,584,1000,707,974.0,645.5,974.0,707.0
457,18.240,5,person,0.7841,495,323,527,405,511.0,364.0,511.0,405.0
457,18.240,6,person,0.7416,217,487,260,609,238.5,548.0,238.5,609.0
457,18.240,7,person,0.7331,1256,429,1297,527,1276.5,478.0,1276.5,527.0
457,18.240,8,person,0.7076,1547,471,1596,569,1571.5,520.0,1571.5,569.0
457,18.240,9,person,0.5876,1222,301,1252,380,1237.0,340.5,1237.0,380.0
457,18.240,10,person,0.5713,192,392,231,487,211.5,439.5,211.5,487.0
457,18.240,11,person,0.5197,552,272,582,331,567.0,301.5,567.0,331.0
457,18.240,12,person,0.5108,855,404,892,501,873.5,452.5,873.5,501.0
457,18.240,13,person,0.4031,43,243,71,310,57.0,276.5,57.0,310.0
458,18.280,1,person,0.8706,1498,703,1566,853,1532.0,778.0,1532.0,853.0
458,18.280,2,person,0.8364,513,588,561,713,537.0,650.5,537.0,713.0
458,18.280,3,person,0.8233,493,323,527,403,510.0,363.0,510.0,403.0
458,18.280,4,person,0.8220,948,585,995,702,971.5,643.5,971.5,702.0
458,18.280,5,person,0.7991,606,672,656,813,631.0,742.5,631.0,813.0
458,18.280,6,person,0.7529,222,497,259,610,240.5,553.5,240.5,610.0
458,18.280,7,person,0.7096,1257,429,1303,527,1280.0,478.0,1280.0,527.0
458,18.280,8,person,0.6739,1550,469,1596,566,1573.0,517.5,1573.0,566.0
458,18.280,9,person,0.6180,192,390,227,494,209.5,442.0,209.5,494.0
458,18.280,10,person,0.5892,1221,301,1251,383,1236.0,342.0,1236.0,383.0
458,18.280,11,person,0.5044,857,405,893,499,875.0,452.0,875.0,499.0
458,18.280,12,person,0.3626,549,274,574,326,561.5,300.0,561.5,326.0
458,18.280,13,person,0.2651,43,253,66,308,54.5,280.5,54.5,308.0
459,18.320,1,person,0.8770,1500,707,1564,854,1532.0,780.5,1532.0,854.0
459,18.320,2,person,0.8522,944,586,992,701,968.0,643.5,968.0,701.0
459,18.320,3,person,0.8037,512,585,558,713,535.0,649.0,535.0,713.0
459,18.320,4,person,0.7837,609,674,655,816,632.0,745.0,632.0,816.0
459,18.320,5,person,0.7812,491,323,523,402,507.0,362.5,507.0,402.0
459,18.320,6,person,0.7262,1261,431,1308,527,1284.5,479.0,1284.5,527.0
459,18.320,7,person,0.7229,219,500,254,613,236.5,556.5,236.5,613.0
459,18.320,8,person,0.6605,1221,300,1251,381,1236.0,340.5,1236.0,381.0
459,18.320,9,person,0.6489,1552,467,1594,566,1573.0,516.5,1573.0,566.0
459,18.320,10,person,0.5318,191,388,224,502,207.5,445.0,207.5,502.0
459,18.320,11,person,0.4975,541,273,567,330,554.0,301.5,554.0,330.0
459,18.320,12,person,0.4943,857,406,891,501,874.0,453.5,874.0,501.0
460,18.360,1,person,0.8673,1507,709,1564,859,1535.5,784.0,1535.5,859.0
460,18.360,2,person,0.8443,942,586,989,705,965.5,645.5,965.5,705.0
460,18.360,3,person,0.8158,509,586,555,712,532.0,649.0,532.0,712.0
460,18.360,4,person,0.7718,1272,431,1310,526,1291.0,478.5,1291.0,526.0
460,18.360,5,person,0.7544,613,677,654,817,633.5,747.0,633.5,817.0
460,18.360,6,person,0.7369,216,501,255,613,235.5,557.0,235.5,613.0
460,18.360,7,person,0.7273,486,323,520,402,503.0,362.5,503.0,402.0
460,18.360,8,person,0.6715,1554,465,1594,564,1574.0,514.5,1574.0,564.0
460,18.360,9,person,0.6591,1221,300,1249,381,1235.0,340.5,1235.0,381.0
460,18.360,10,person,0.5780,856,407,892,502,874.0,454.5,874.0,502.0
460,18.360,11,person,0.5430,535,273,561,330,548.0,301.5,548.0,330.0
460,18.360,12,person,0.5006,189,390,223,510,206.0,450.0,206.0,510.0
461,18.400,1,person,0.9001,939,584,986,703,962.5,643.5,962.5,703.0
461,18.400,2,person,0.8511,503,584,554,711,528.5,647.5,528.5,711.0
461,18.400,3,person,0.8024,1507,711,1565,864,1536.0,787.5,1536.0,864.0
461,18.400,4,person,0.7814,614,678,655,817,634.5,747.5,634.5,817.0
461,18.400,5,person,0.7780,484,322,517,404,500.5,363.0,500.5,404.0
461,18.400,6,person,0.7502,214,502,251,612,232.5,557.0,232.5,612.0
461,18.400,7,person,0.7481,1281,431,1316,528,1298.5,479.5,1298.5,528.0
461,18.400,8,person,0.6784,1553,465,1593,562,1573.0,513.5,1573.0,562.0
461,18.400,9,person,0.6763,1221,300,1248,381,1234.5,340.5,1234.5,381.0
461,18.400,10,person,0.6244,185,389,222,516,203.5,452.5,203.5,516.0
461,18.400,11,person,0.6233,856,407,888,503,872.0,455.0,872.0,503.0
461,18.400,12,person,0.5642,527,276,558,330,542.5,303.0,542.5,330.0
461,18.400,13,person,0.2670,847,407,891,506,869.0,456.5,869.0,506.0
462,18.440,1,person,0.9039,939,583,983,702,961.0,642.5,961.0,702.0
462,18.440,2,person,0.8551,501,585,552,714,526.5,649.5,526.5,714.0
462,18.440,3,person,0.8416,1507,710,1562,863,1534.5,786.5,1534.5,863.0
462,18.440,4,person,0.7530,617,680,658,821,637.5,750.5,637.5,821.0
462,18.440,5,person,0.7362,481,323,514,404,497.5,363.5,497.5,404.0
462,18.440,6,person,0.7134,1290,430,1321,533,1305.5,481.5,1305.5,533.0
462,18.440,7,person,0.7026,210,498,251,615,230.5,556.5,230.5,615.0
462,18.440,8,person,0.6421,1552,462,1592,562,1572.0,512.0,1572.0,562.0
462,18.440,9,person,0.6361,1220,299,1247,381,1233.5,340.0,1233.5,381.0
462,18.440,10,person,0.6293,860,408,888,501,874.0,454.5,874.0,501.0
462,18.440,11,person,0.5121,179,389,219,492,199.0,440.5,199.0,492.0
462,18.440,12,person,0.3658,520,276,553,329,536.5,302.5,536.5,329.0
463,18.480,1,person,0.8720,499,586,550,715,524.5,650.5,524.5,715.0
463,18.480,2,person,0.8532,1508,715,1561,865,1534.5,790.0,1534.5,865.0
463,18.480,3,person,0.7988,938,581,980,703,959.0,642.0,959.0,703.0
463,18.480,4,person,0.7740,480,322,514,404,497.0,363.0,497.0,404.0
463,18.480,5,person,0.7716,615,681,660,823,637.5,752.0,637.5,823.0
463,18.480,6,person,0.6948,1293,431,1327,532,1310.0,481.5,1310.0,532.0
463,18.480,7,person,0.6902,1552,461,1594,559,1573.0,510.0,1573.0,559.0
463,18.480,8,person,0.6513,859,407,889,502,874.0,454.5,874.0,502.0
463,18.480,9,person,0.6374,206,496,249,615,227.5,555.5,227.5,615.0
463,18.480,10,person,0.6170,1218,298,1247,381,1232.5,339.5,1232.5,381.0
463,18.480,11,person,0.6143,175,395,217,511,196.0,453.0,196.0,511.0
463,18.480,12,person,0.3678,512,275,541,333,526.5,304.0,526.5,333.0
463,18.480,13,person,0.2681,847,406,891,507,869.0,456.5,869.0,507.0
464,18.520,1,person,0.8287,1509,720,1558,873,1533.5,796.5,1533.5,873.0
464,18.520,2,person,0.8184,937,576,977,705,957.0,640.5,957.0,705.0
464,18.520,3,person,0.8161,495,587,545,717,520.0,652.0,520.0,717.0
464,18.520,4,person,0.7765,478,322,511,403,494.5,362.5,494.5,403.0
464,18.520,5,person,0.7528,612,686,661,829,636.5,757.5,636.5,829.0
464,18.520,6,person,0.6993,1294,434,1334,534,1314.0,484.0,1314.0,534.0
464,18.520,7,person,0.6572,1548,463,1602,553,1575.0,508.0,1575.0,553.0
464,18.520,8,person,0.6567,201,498,240,613,220.5,555.5,220.5,613.0
464,18.520,9,person,0.6552,859,406,887,500,873.0,453.0,873.0,500.0
464,18.520,10,person,0.6307,1218,299,1246,382,1232.0,340.5,1232.0,382.0
464,18.520,11,person,0.5426,169,395,213,523,191.0,459.0,191.0,523.0
464,18.520,12,person,0.5252,506,274,534,327,520.0,300.5,520.0,327.0
465,18.560,1,person,0.7977,493,590,539,716,516.0,653.0,516.0,716.0
465,18.560,2,person,0.7849,1294,434,1343,534,1318.5,484.0,1318.5,534.0
465,18.560,3,person,0.7800,933,575,974,701,953.5,638.0,953.5,701.0
465,18.560,4,person,0.7712,1511,722,1557,878,1534.0,800.0,1534.0,878.0
465,18.560,5,person,0.7689,611,690,661,831,636.0,760.5,636.0,831.0
465,18.560,6,person,0.7606,474,321,506,405,490.0,363.0,490.0,405.0
465,18.560,7,person,0.6988,1547,465,1602,551,1574.5,508.0,1574.5,551.0
465,18.560,8,person,0.6757,856,406,887,505,871.5,455.5,871.5,505.0
465,18.560,9,person,0.6317,1217,299,1247,384,1232.0,341.5,1232.0,384.0
465,18.560,10,person,0.5922,188,494,239,615,213.5,554.5,213.5,615.0
465,18.560,11,person,0.5318,160,398,210,526,185.0,462.0,185.0,526.0
465,18.560,12,person,0.5220,175,493,234,616,204.5,554.5,204.5,616.0
465,18.560,13,person,0.4046,499,275,529,329,514.0,302.0,514.0,329.0
465,18.560,14,person,0.2627,847,405,887,512,867.0,458.5,867.0,512.0
466,18.600,1,person,0.7957,611,692,663,834,637.0,763.0,637.0,834.0
466,18.600,2,person,0.7927,491,592,536,719,513.5,655.5,513.5,719.0
466,18.600,3,person,0.7820,1511,727,1555,881,1533.0,804.0,1533.0,881.0
466,18.600,4,person,0.7653,1300,434,1355,533,1327.5,483.5,1327.5,533.0
466,18.600,5,person,0.7347,471,321,505,406,488.0,363.5,488.0,406.0
466,18.600,6,person,0.7183,929,575,973,693,951.0,634.0,951.0,693.0
466,18.600,7,person,0.6930,1548,465,1607,554,1577.5,509.5,1577.5,554.0
466,18.600,8,person,0.6873,189,490,242,616,215.5,553.0,215.5,616.0
466,18.600,9,person,0.6590,854,407,886,504,870.0,455.5,870.0,504.0
466,18.600,10,person,0.6203,1217,299,1248,383,1232.5,341.0,1232.5,383.0
466,18.600,11,person,0.4515,155,397,207,524,181.0,460.5,181.0,524.0
467,18.640,1,person,0.7870,926,574,973,692,949.5,633.0,949.5,692.0
467,18.640,2,person,0.7723,611,696,667,838,639.0,767.0,639.0,838.0
467,18.640,3,person,0.7657,484,592,534,719,509.0,655.5,509.0,719.0
467,18.640,4,person,0.7591,1510,731,1554,884,1532.0,807.5,1532.0,884.0
467,18.640,5,person,0.7434,1303,434,1361,531,1332.0,482.5,1332.0,531.0
467,18.640,6,person,0.6962,179,493,239,616,209.0,554.5,209.0,616.0
467,18.640,7,person,0.6759,1544,465,1600,558,1572.0,511.5,1572.0,558.0
467,18.640,8,person,0.6706,469,323,504,407,486.5,365.0,486.5,407.0
467,18.640,9,person,0.6629,853,406,887,503,870.0,454.5,870.0,503.0
467,18.640,10,person,0.6223,1217,301,1248,383,1232.5,342.0,1232.5,383.0
467,18.640,11,person,0.4771,468,308,511,407,489.5,357.5,489.5,407.0
467,18.640,12,person,0.4000,147,396,208,510,177.5,453.0,177.5,510.0
468,18.680,1,person,0.7754,482,593,531,720,506.5,656.5,506.5,720.0
468,18.680,2,person,0.7742,1513,732,1554,888,1533.5,810.0,1533.5,888.0
468,18.680,3,person,0.7641,612,704,670,843,641.0,773.5,641.0,843.0
468,18.680,4,person,0.7331,175,496,234,616,204.5,556.0,204.5,616.0
468,18.680,5,person,0.7073,925,575,972,698,948.5,636.5,948.5,698.0
468,18.680,6,person,0.7072,1316,440,1361,531,1338.5,485.5,1338.5,531.0
468,18.680,7,person,0.7043,468,318,504,407,486.0,362.5,486.0,407.0
468,18.680,8,person,0.6828,852,407,887,508,869.5,457.5,869.5,508.0
468,18.680,9,person,0.6668,1544,469,1593,560,1568.5,514.5,1568.5,560.0
468,18.680,10,person,0.6288,1219,300,1249,384,1234.0,342.0,1234.0,384.0
468,18.680,11,person,0.4415,145,392,208,517,176.5,454.5,176.5,517.0
468,18.680,12,person,0.3443,468,295,508,405,488.0,350.0,488.0,405.0
469,18.720,1,person,0.8016,924,576,972,699,948.0,637.5,948.0,699.0
469,18.720,2,person,0.7951,1327,437,1366,533,1346.5,485.0,1346.5,533.0
469,18.720,3,person,0.7810,479,594,530,722,504.5,658.0,504.5,722.0
469,18.720,4,person,0.7657,1514,737,1554,889,1534.0,813.0,1534.0,889.0
469,18.720,5,person,0.7618,613,705,669,846,641.0,775.5,641.0,846.0
469,18.720,6,person,0.7285,169,494,217,611,193.0,552.5,193.0,611.0
469,18.720,7,person,0.7178,467,319,500,407,483.5,363.0,483.5,407.0
469,18.720,8,person,0.7024,1218,301,1254,385,1236.0,343.0,1236.0,385.0
469,18.720,9,person,0.6888,852,407,887,508,869.5,457.5,869.5,508.0
469,18.720,10,person,0.6834,1540,469,1597,558,1568.5,513.5,1568.5,558.0
469,18.720,11,person,0.5410,137,422,173,528,155.0,475.0,155.0,528.0
469,18.720,12,person,0.3401,169,395,203,491,186.0,443.0,186.0,491.0
469,18.720,13,person,0.2749,1535,488,1590,555,1562.5,521.5,1562.5,555.0
470,18.760,1,person,0.8285,924,576,970,700,947.0,638.0,947.0,700.0
470,18.760,2,person,0.8252,1329,439,1366,535,1347.5,487.0,1347.5,535.0
470,18.760,3,person,0.7697,615,704,668,848,641.5,776.0,641.5,848.0
470,18.760,4,person,0.7528,853,408,887,510,870.0,459.0,870.0,510.0
470,18.760,5,person,0.7458,1515,742,1554,894,1534.5,818.0,1534.5,894.0
470,18.760,6,person,0.7207,478,595,527,725,502.5,660.0,502.5,725.0
470,18.760,7,person,0.7174,465,303,499,406,482.0,354.5,482.0,406.0
470,18.760,8,person,0.7023,1550,468,1596,562,1573.0,515.0,1573.0,562.0
470,18.760,9,person,0.6808,1218,304,1253,387,1235.5,345.5,1235.5,387.0
470,18.760,10,person,0.6717,165,497,232,617,198.5,557.0,198.5,617.0
470,18.760,11,person,0.5735,133,430,169,528,151.0,479.0,151.0,528.0
470,18.760,12,person,0.4029,168,397,203,482,185.5,439.5,185.5,482.0
470,18.760,13,person,0.3465,164,497,207,617,185.5,557.0,185.5,617.0
471,18.800,1,person,0.8025,924,572,968,703,946.0,637.5,946.0,703.0
471,18.800,2,person,0.8019,1331,437,1371,540,1351.0,488.5,1351.0,540.0
471,18.800,3,person,0.7769,1550,466,1597,559,1573.5,512.5,1573.5,559.0
471,18.800,4,person,0.7510,853,413,887,510,870.0,461.5,870.0,510.0
471,18.800,5,person,0.7400,164,501,228,619,196.0,560.0,196.0,619.0
471,18.800,6,person,0.7387,621,706,669,851,645.0,778.5,645.0,851.0
471,18.800,7,person,0.7300,474,595,523,725,498.5,660.0,498.5,725.0
471,18.800,8,person,0.7137,462,300,497,408,479.5,354.0,479.5,408.0
471,18.800,9,person,0.6880,1514,745,1555,895,1534.5,820.0,1534.5,895.0
471,18.800,10,person,0.6687,1220,303,1254,386,1237.0,344.5,1237.0,386.0
471,18.800,11,person,0.6493,167,398,202,487,184.5,442.5,184.5,487.0
471,18.800,12,person,0.6317,129,430,167,531,148.0,480.5,148.0,531.0
471,18.800,13,person,0.3206,130,431,163,508,146.5,469.5,146.5,508.0
471,18.800,14,person,0.2696,162,502,209,618,185.5,560.0,185.5,618.0
472,18.840,1,person,0.7805,923,573,967,701,945.0,637.0,945.0,701.0
472,18.840,2,person,0.7550,1334,437,1378,539,1356.0,488.0,1356.0,539.0
472,18.840,3,person,0.7522,854,416,886,513,870.0,464.5,870.0,513.0
472,18.840,4,person,0.7496,472,597,521,725,496.5,661.0,496.5,725.0
472,18.840,5,person,0.7386,1553,464,1599,562,1576.0,513.0,1576.0,562.0
472,18.840,6,person,0.7130,160,506,230,621,195.0,563.5,195.0,621.0
472,18.840,7,person,0.7071,628,705,670,855,649.0,780.0,649.0,855.0
472,18.840,8,person,0.6734,1516,750,1558,900,1537.0,825.0,1537.0,900.0
472,18.840,9,person,0.6670,1220,305,1255,388,1237.5,346.5,1237.5,388.0
472,18.840,10,person,0.6659,460,297,495,408,477.5,352.5,477.5,408.0
472,18.840,11,person,0.6578,170,401,203,488,186.5,444.5,186.5,488.0
472,18.840,12,person,0.4710,125,433,164,534,144.5,483.5,144.5,534.0
473,18.880,1,person,0.7867,634,708,675,856,654.5,782.0,654.5,856.0
473,18.880,2,person,0.7770,1340,439,1386,536,1363.0,487.5,1363.0,536.0
473,18.880,3,person,0.7663,854,416,888,513,871.0,464.5,871.0,513.0
473,18.880,4,person,0.7566,924,573,966,699,945.0,636.0,945.0,699.0
473,18.880,5,person,0.7268,1516,751,1558,902,1537.0,826.5,1537.0,902.0
473,18.880,6,person,0.7217,472,597,518,725,495.0,661.0,495.0,725.0
473,18.880,7,person,0.6904,1555,464,1601,566,1578.0,515.0,1578.0,566.0
473,18.880,8,person,0.6888,156,514,229,625,192.5,569.5,192.5,625.0
473,18.880,9,person,0.6502,459,315,494,415,476.5,365.0,476.5,415.0
473,18.880,10,person,0.6317,171,404,204,492,187.5,448.0,187.5,492.0
473,18.880,11,person,0.6273,1221,309,1255,391,1238.0,350.0,1238.0,391.0
473,18.880,12,person,0.5786,123,437,162,533,142.5,485.0,142.5,533.0
474,18.920,1,person,0.7829,1346,442,1396,534,1371.0,488.0,1371.0,534.0
474,18.920,2,person,0.7778,1517,753,1560,906,1538.5,829.5,1538.5,906.0
474,18.920,3,person,0.7759,638,712,678,859,658.0,785.5,658.0,859.0
474,18.920,4,person,0.7405,925,573,967,690,946.0,631.5,946.0,690.0
474,18.920,5,person,0.7386,856,417,891,515,873.5,466.0,873.5,515.0
474,18.920,6,person,0.7329,470,598,518,730,494.0,664.0,494.0,730.0
474,18.920,7,person,0.7189,1558,464,1602,567,1580.0,515.5,1580.0,567.0
474,18.920,8,person,0.6828,458,320,493,411,475.5,365.5,475.5,411.0
474,18.920,9,person,0.6638,152,518,222,627,187.0,572.5,187.0,627.0
474,18.920,10,person,0.6597,1223,309,1256,394,1239.5,351.5,1239.5,394.0
474,18.920,11,person,0.6463,170,401,205,493,187.5,447.0,187.5,493.0
474,18.920,12,person,0.2928,122,441,156,540,139.0,490.5,139.0,540.0
475,18.960,1,person,0.7981,638,715,683,862,660.5,788.5,660.5,862.0
475,18.960,2,person,0.7978,1517,757,1564,908,1540.5,832.5,1540.5,908.0
475,18.960,3,person,0.7908,1560,464,1609,569,1584.5,516.5,1584.5,569.0
475,18.960,4,person,0.7787,1354,444,1401,534,1377.5,489.0,1377.5,534.0
475,18.960,5,person,0.7598,857,417,894,517,875.5,467.0,875.5,517.0
475,18.960,6,person,0.7474,925,575,967,691,946.0,633.0,946.0,691.0
475,18.960,7,person,0.7457,469,600,516,735,492.5,667.5,492.5,735.0
475,18.960,8,person,0.7079,147,516,215,625,181.0,570.5,181.0,625.0
475,18.960,9,person,0.6155,1226,316,1262,393,1244.0,354.5,1244.0,393.0
475,18.960,10,person,0.6075,456,328,492,411,474.0,369.5,474.0,411.0
475,18.960,11,person,0.6041,173,402,207,495,190.0,448.5,190.0,495.0
475,18.960,12,person,0.5781,120,441,155,540,137.5,490.5,137.5,540.0
475,18.960,13,person,0.3219,450,296,491,413,470.5,354.5,470.5,413.0
476,19.000,1,person,0.8464,641,719,695,869,668.0,794.0,668.0,869.0
476,19.000,2,person,0.8019,858,417,895,518,876.5,467.5,876.5,518.0
476,19.000,3,person,0.7806,1563,466,1612,571,1587.5,518.5,1587.5,571.0
476,19.000,4,person,0.7798,471,602,514,735,492.5,668.5,492.5,735.0
476,19.000,5,person,0.7749,925,576,971,692,948.0,634.0,948.0,692.0
476,19.000,6,person,0.7680,1359,442,1404,536,1381.5,489.0,1381.5,536.0
476,19.000,7,person,0.7445,142,516,202,627,172.0,571.5,172.0,627.0
476,19.000,8,person,0.7441,1515,762,1571,912,1543.0,837.0,1543.0,912.0
476,19.000,9,person,0.7114,1229,316,1264,396,1246.5,356.0,1246.5,396.0
476,19.000,10,person,0.6897,116,441,153,540,134.5,490.5,134.5,540.0
476,19.000,11,person,0.6855,173,400,209,495,191.0,447.5,191.0,495.0
476,19.000,12,person,0.6610,458,335,492,411,475.0,373.0,475.0,411.0
477,19.040,1,person,0.8161,1366,442,1418,539,1392.0,490.5,1392.0,539.0
477,19.040,2,person,0.8160,644,719,702,869,673.0,794.0,673.0,869.0
477,19.040,3,person,0.7891,472,605,515,735,493.5,670.0,493.5,735.0
477,19.040,4,person,0.7870,1511,766,1575,917,1543.0,841.5,1543.0,917.0
477,19.040,5,person,0.7775,1566,467,1612,574,1589.0,520.5,1589.0,574.0
477,19.040,6,person,0.7758,924,577,972,696,948.0,636.5,948.0,696.0
477,19.040,7,person,0.7248,863,419,898,525,880.5,472.0,880.5,525.0
477,19.040,8,person,0.7213,136,514,198,627,167.0,570.5,167.0,627.0
477,19.040,9,person,0.6950,174,400,211,496,192.5,448.0,192.5,496.0
477,19.040,10,person,0.6807,1228,319,1271,399,1249.5,359.0,1249.5,399.0
477,19.040,11,person,0.6501,459,334,493,416,476.0,375.0,476.0,416.0
477,19.040,12,person,0.5634,114,441,153,540,133.5,490.5,133.5,540.0
478,19.080,1,person,0.8477,1374,447,1420,547,1397.0,497.0,1397.0,547.0
478,19.080,2,person,0.8105,925,579,973,696,949.0,637.5,949.0,696.0
478,19.080,3,person,0.8104,473,608,516,737,494.5,672.5,494.5,737.0
478,19.080,4,person,0.8021,647,720,716,872,681.5,796.0,681.5,872.0
478,19.080,5,person,0.7835,1511,770,1578,920,1544.5,845.0,1544.5,920.0
478,19.080,6,person,0.7724,1570,467,1615,570,1592.5,518.5,1592.5,570.0
478,19.080,7,person,0.7569,177,399,212,497,194.5,448.0,194.5,497.0
478,19.080,8,person,0.7153,1229,320,1278,398,1253.5,359.0,1253.5,398.0
478,19.080,9,person,0.7126,132,514,196,629,164.0,571.5,164.0,629.0
478,19.080,10,person,0.6996,863,420,899,526,881.0,473.0,881.0,526.0
478,19.080,11,person,0.6734,459,337,493,415,476.0,376.0,476.0,415.0
478,19.080,12,person,0.5528,110,443,151,538,130.5,490.5,130.5,538.0
478,19.080,13,person,0.4285,434,297,458,356,446.0,326.5,446.0,356.0
479,19.120,1,person,0.8364,473,610,517,736,495.0,673.0,495.0,736.0
479,19.120,2,person,0.8185,1378,445,1424,548,1401.0,496.5,1401.0,548.0
479,19.120,3,person,0.8148,1503,775,1586,923,1544.5,849.0,1544.5,923.0
479,19.120,4,person,0.8134,926,577,973,698,949.5,637.5,949.5,698.0
479,19.120,5,person,0.8053,649,725,720,873,684.5,799.0,684.5,873.0
479,19.120,6,person,0.7903,1572,466,1617,571,1594.5,518.5,1594.5,571.0
479,19.120,7,person,0.7508,177,401,214,499,195.5,450.0,195.5,499.0
479,19.120,8,person,0.7195,460,335,493,417,476.5,376.0,476.5,417.0
479,19.120,9,person,0.7058,133,515,192,630,162.5,572.5,162.5,630.0
479,19.120,10,person,0.6839,864,419,900,527,882.0,473.0,882.0,527.0
479,19.120,11,person,0.6159,1230,324,1279,397,1254.5,360.5,1254.5,397.0
479,19.120,12,person,0.4399,430,297,456,363,443.0,330.0,443.0,363.0
479,19.120,13,person,0.4374,111,444,151,547,131.0,495.5,131.0,547.0
479,19.120,14,person,0.3770,110,445,149,505,129.5,475.0,129.5,505.0
479,19.120,15,person,0.3306,652,735,724,828,688.0,781.5,688.0,828.0
480,19.160,1,person,0.8799,1501,778,1591,930,1546.0,854.0,1546.0,930.0
480,19.160,2,person,0.8348,650,725,728,875,689.0,800.0,689.0,875.0
480,19.160,3,person,0.8346,473,609,517,739,495.0,674.0,495.0,739.0
480,19.160,4,person,0.8015,928,575,973,695,950.5,635.0,950.5,695.0
480,19.160,5,person,0.7812,179,402,215,499,197.0,450.5,197.0,499.0
480,19.160,6,person,0.7405,1374,444,1428,544,1401.0,494.0,1401.0,544.0
480,19.160,7,person,0.7258,1576,466,1618,573,1597.0,519.5,1597.0,573.0
480,19.160,8,person,0.7072,459,335,493,416,476.0,375.5,476.0,416.0
480,19.160,9,person,0.6988,129,516,189,631,159.0,573.5,159.0,631.0
480,19.160,10,person,0.6654,868,424,901,525,884.5,474.5,884.5,525.0
480,19.160,11,person,0.4899,1232,328,1283,403,1257.5,365.5,1257.5,403.0
480,19.160,12,person,0.4291,110,447,146,534,128.0,490.5,128.0,534.0
480,19.160,13,person,0.4191,109,447,146,500,127.5,473.5,127.5,500.0
480,19.160,14,person,0.3238,1235,327,1275,381,1255.0,354.0,1255.0,381.0
480,19.160,15,person,0.2604,426,299,452,359,439.0,329.0,439.0,359.0
481,19.200,1,person,0.8704,1501,781,1596,935,1548.5,858.0,1548.5,935.0
481,19.200,2,person,0.8529,654,726,734,877,694.0,801.5,694.0,877.0
481,19.200,3,person,0.8332,472,609,518,741,495.0,675.0,495.0,741.0
481,19.200,4,person,0.7868,179,404,215,500,197.0,452.0,197.0,500.0
481,19.200,5,person,0.7728,1388,441,1434,545,1411.0,493.0,1411.0,545.0
481,19.200,6,person,0.7552,1580,463,1618,573,1599.0,518.0,1599.0,573.0
481,19.200,7,person,0.7344,928,573,974,695,951.0,634.0,951.0,695.0
481,19.200,8,person,0.7339,127,517,180,632,153.5,574.5,153.5,632.0
481,19.200,9,person,0.6743,869,426,903,527,886.0,476.5,886.0,527.0
481,19.200,10,person,0.6650,458,333,496,417,477.0,375.0,477.0,417.0
481,19.200,11,person,0.5528,106,446,144,534,125.0,490.0,125.0,534.0
481,19.200,12,person,0.5105,1233,327,1287,404,1260.0,365.5,1260.0,404.0
481,19.200,13,person,0.3847,1236,326,1276,396,1256.0,361.0,1256.0,396.0
481,19.200,14,person,0.2959,128,517,202,633,165.0,575.0,165.0,633.0
482,19.240,1,person,0.8497,659,727,737,879,698.0,803.0,698.0,879.0
482,19.240,2,person,0.8333,1505,784,1602,935,1553.5,859.5,1553.5,935.0
482,19.240,3,person,0.8192,471,609,517,738,494.0,673.5,494.0,738.0
482,19.240,4,person,0.7776,929,569,975,690,952.0,629.5,952.0,690.0
482,19.240,5,person,0.7681,121,514,177,632,149.0,573.0,149.0,632.0
482,19.240,6,person,0.7606,1391,444,1439,535,1415.0,489.5,1415.0,535.0
482,19.240,7,person,0.7542,178,408,217,501,197.5,454.5,197.5,501.0
482,19.240,8,person,0.7140,1585,464,1620,571,1602.5,517.5,1602.5,571.0
482,19.240,9,person,0.6776,869,427,905,525,887.0,476.0,887.0,525.0
482,19.240,10,person,0.6618,460,333,497,415,478.5,374.0,478.5,415.0
482,19.240,11,person,0.5846,102,445,141,524,121.5,484.5,121.5,524.0
482,19.240,12,person,0.5465,1234,325,1288,403,1261.0,364.0,1261.0,403.0
482,19.240,13,person,0.2893,415,302,441,362,428.0,332.0,428.0,362.0
483,19.280,1,person,0.8635,660,726,738,883,699.0,804.5,699.0,883.0
483,19.280,2,person,0.8258,1508,789,1604,938,1556.0,863.5,1556.0,938.0
483,19.280,3,person,0.8101,472,610,516,739,494.0,674.5,494.0,739.0
483,19.280,4,person,0.7949,120,515,196,634,158.0,574.5,158.0,634.0
483,19.280,5,person,0.7827,929,567,975,686,952.0,626.5,952.0,686.0
483,19.280,6,person,0.7677,1394,446,1446,532,1420.0,489.0,1420.0,532.0
483,19.280,7,person,0.7065,177,407,220,501,198.5,454.0,198.5,501.0
483,19.280,8,person,0.7062,869,429,910,525,889.5,477.0,889.5,525.0
483,19.280,9,person,0.7050,1589,465,1626,576,1607.5,520.5,1607.5,576.0
483,19.280,10,person,0.6919,459,331,498,415,478.5,373.0,478.5,415.0
483,19.280,11,person,0.6136,102,443,141,529,121.5,486.0,121.5,529.0
483,19.280,12,person,0.5850,1237,326,1287,402,1262.0,364.0,1262.0,402.0
483,19.280,13,person,0.5245,414,307,436,364,425.0,335.5,425.0,364.0
484,19.320,1,person,0.8440,663,727,736,881,699.5,804.0,699.5,881.0
484,19.320,2,person,0.8182,472,611,515,738,493.5,674.5,493.5,738.0
484,19.320,3,person,0.8126,930,567,977,684,953.5,625.5,953.5,684.0
484,19.320,4,person,0.8105,1399,444,1450,536,1424.5,490.0,1424.5,536.0
484,19.320,5,person,0.7905,116,514,180,634,148.0,574.0,148.0,634.0
484,19.320,6,person,0.7719,1509,792,1606,943,1557.5,867.5,1557.5,943.0
484,19.320,7,person,0.7592,1593,466,1630,576,1611.5,521.0,1611.5,576.0
484,19.320,8,person,0.7416,177,403,219,502,198.0,452.5,198.0,502.0
484,19.320,9,person,0.7169,871,429,910,529,890.5,479.0,890.5,529.0
484,19.320,10,person,0.7132,458,332,497,416,477.5,374.0,477.5,416.0
484,19.320,11,person,0.6175,100,442,138,529,119.0,485.5,119.0,529.0
484,19.320,12,person,0.6016,1235,325,1286,402,1260.5,363.5,1260.5,402.0
484,19.320,13,person,0.4529,410,306,433,361,421.5,333.5,421.5,361.0
484,19.320,14,person,0.4461,1504,791,1575,944,1539.5,867.5,1539.5,944.0
485,19.360,1,person,0.8388,471,610,513,738,492.0,674.0,492.0,738.0
485,19.360,2,person,0.8287,666,728,734,882,700.0,805.0,700.0,882.0
485,19.360,3,person,0.8219,1404,442,1454,537,1429.0,489.5,1429.0,537.0
485,19.360,4,person,0.8069,932,571,977,687,954.5,629.0,954.5,687.0
485,19.360,5,person,0.7776,110,513,177,637,143.5,575.0,143.5,637.0
485,19.360,6,person,0.7599,1595,465,1638,581,1616.5,523.0,1616.5,581.0
485,19.360,7,person,0.7417,871,429,912,533,891.5,481.0,891.5,533.0
485,19.360,8,person,0.7256,1523,793,1603,947,1563.0,870.0,1563.0,947.0
485,19.360,9,person,0.7074,179,401,219,500,199.0,450.5,199.0,500.0
485,19.360,10,person,0.6715,458,333,499,418,478.5,375.5,478.5,418.0
485,19.360,11,person,0.5808,99,443,137,529,118.0,486.0,118.0,529.0
485,19.360,12,person,0.5545,1238,327,1280,399,1259.0,363.0,1259.0,399.0
485,19.360,13,person,0.4399,409,305,430,356,419.5,330.5,419.5,356.0
486,19.400,1,person,0.8716,665,730,734,887,699.5,808.5,699.5,887.0
486,19.400,2,person,0.8344,935,570,980,690,957.5,630.0,957.5,690.0
486,19.400,3,person,0.8310,1411,442,1459,539,1435.0,490.5,1435.0,539.0
486,19.400,4,person,0.8091,469,610,514,742,491.5,676.0,491.5,742.0
486,19.400,5,person,0.7790,1598,466,1646,575,1622.0,520.5,1622.0,575.0
486,19.400,6,person,0.7374,178,400,220,501,199.0,450.5,199.0,501.0
486,19.400,7,person,0.7099,873,426,915,525,894.0,475.5,894.0,525.0
486,19.400,8,person,0.6722,1526,792,1601,949,1563.5,870.5,1563.5,949.0
486,19.400,9,person,0.6277,458,333,497,417,477.5,375.0,477.5,417.0
486,19.400,10,person,0.6121,107,511,182,633,144.5,572.0,144.5,633.0
486,19.400,11,person,0.5790,1239,326,1282,399,1260.5,362.5,1260.5,399.0
486,19.400,12,person,0.4608,1530,794,1578,947,1554.0,870.5,1554.0,947.0
486,19.400,13,person,0.3775,97,441,132,491,114.5,466.0,114.5,491.0
486,19.400,14,person,0.3508,98,440,136,523,117.0,481.5,117.0,523.0
486,19.400,15,person,0.2805,405,304,429,368,417.0,336.0,417.0,368.0
487,19.440,1,person,0.8594,669,731,734,888,701.5,809.5,701.5,888.0
487,19.440,2,person,0.8193,1414,443,1467,539,1440.5,491.0,1440.5,539.0
487,19.440,3,person,0.7985,937,571,980,687,958.5,629.0,958.5,687.0
487,19.440,4,person,0.7962,470,612,514,743,492.0,677.5,492.0,743.0
487,19.440,5,person,0.7919,1603,468,1654,576,1628.5,522.0,1628.5,576.0
487,19.440,6,person,0.7437,874,425,914,529,894.0,477.0,894.0,529.0
487,19.440,7,person,0.7429,179,400,222,505,200.5,452.5,200.5,505.0
487,19.440,8,person,0.6582,1531,796,1590,952,1560.5,874.0,1560.5,952.0
487,19.440,9,person,0.6275,1242,325,1283,402,1262.5,363.5,1262.5,402.0
487,19.440,10,person,0.6198,459,333,496,416,477.5,374.5,477.5,416.0
487,19.440,11,person,0.5717,101,502,182,634,141.5,568.0,141.5,634.0
487,19.440,12,person,0.5117,102,517,164,634,133.0,575.5,133.0,634.0
487,19.440,13,person,0.3871,96,441,132,493,114.0,467.0,114.0,493.0
487,19.440,14,person,0.3665,96,439,136,528,116.0,483.5,116.0,528.0
487,19.440,15,person,0.3626,394,296,424,367,409.0,331.5,409.0,367.0
487,19.440,16,person,0.2791,96,440,143,636,119.5,538.0,119.5,636.0
488,19.480,1,person,0.8469,671,734,734,888,702.5,811.0,702.5,888.0
488,19.480,2,person,0.8232,470,612,515,746,492.5,679.0,492.5,746.0
488,19.480,3,person,0.8230,1417,445,1473,543,1445.0,494.0,1445.0,543.0
488,19.480,4,person,0.8005,938,565,981,686,959.5,625.5,959.5,686.0
488,19.480,5,person,0.7412,100,516,184,635,142.0,575.5,142.0,635.0
488,19.480,6,person,0.7286,180,399,223,501,201.5,450.0,201.5,501.0
488,19.480,7,person,0.7246,1607,470,1664,576,1635.5,523.0,1635.5,576.0
488,19.480,8,person,0.7230,1527,797,1581,954,1554.0,875.5,1554.0,954.0
488,19.480,9,person,0.6939,878,426,913,524,895.5,475.0,895.5,524.0
488,19.480,10,person,0.6291,1243,323,1279,401,1261.0,362.0,1261.0,401.0
488,19.480,11,person,0.6236,459,334,493,419,476.0,376.5,476.0,419.0
488,19.480,12,person,0.5853,95,440,132,529,113.5,484.5,113.5,529.0
488,19.480,13,person,0.4074,395,297,423,372,409.0,334.5,409.0,372.0
489,19.520,1,person,0.8460,674,739,735,887,704.5,813.0,704.5,887.0
489,19.520,2,person,0.8309,939,563,983,684,961.0,623.5,961.0,684.0
489,19.520,3,person,0.8308,1422,445,1476,548,1449.0,496.5,1449.0,548.0
489,19.520,4,person,0.7991,469,612,513,746,491.0,679.0,491.0,746.0
489,19.520,5,person,0.7643,1524,798,1579,957,1551.5,877.5,1551.5,957.0
489,19.520,6,person,0.7357,183,399,224,500,203.5,449.5,203.5,500.0
489,19.520,7,person,0.7290,1609,472,1665,577,1637.0,524.5,1637.0,577.0
489,19.520,8,person,0.7196,880,426,915,519,897.5,472.5,897.5,519.0
489,19.520,9,person,0.6932,95,520,175,633,135.0,576.5,135.0,633.0
489,19.520,10,person,0.6536,1245,323,1275,400,1260.0,361.5,1260.0,400.0
489,19.520,11,person,0.5992,457,332,495,418,476.0,375.0,476.0,418.0
489,19.520,12,person,0.5892,96,439,133,534,114.5,486.5,114.5,534.0
489,19.520,13,person,0.3884,392,296,418,368,405.0,332.0,405.0,368.0
490,19.560,1,person,0.8338,675,739,734,890,704.5,814.5,704.5,890.0
490,19.560,2,person,0.8142,1424,442,1476,534,1450.0,488.0,1450.0,534.0
490,19.560,3,person,0.8137,939,563,988,682,963.5,622.5,963.5,682.0
490,19.560,4,person,0.7990,469,613,516,744,492.5,678.5,492.5,744.0
490,19.560,5,person,0.7604,1524,801,1582,963,1553.0,882.0,1553.0,963.0
490,19.560,6,person,0.7543,1612,471,1664,579,1638.0,525.0,1638.0,579.0
490,19.560,7,person,0.7356,880,426,916,529,898.0,477.5,898.0,529.0
490,19.560,8,person,0.7277,187,401,226,496,206.5,448.5,206.5,496.0
490,19.560,9,person,0.7251,90,516,155,631,122.5,573.5,122.5,631.0
490,19.560,10,person,0.6254,1246,322,1275,400,1260.5,361.0,1260.5,400.0
490,19.560,11,person,0.6086,458,328,496,417,477.0,372.5,477.0,417.0
490,19.560,12,person,0.5575,94,441,132,530,113.0,485.5,113.0,530.0
490,19.560,13,person,0.3819,389,298,414,363,401.5,330.5,401.5,363.0
490,19.560,14,person,0.3751,388,300,420,375,404.0,337.5,404.0,375.0
491,19.600,1,person,0.8301,676,740,736,890,706.0,815.0,706.0,890.0
491,19.600,2,person,0.8248,942,565,986,675,964.0,620.0,964.0,675.0
491,19.600,3,person,0.8215,1426,440,1480,537,1453.0,488.5,1453.0,537.0
491,19.600,4,person,0.7891,1614,467,1669,581,1641.5,524.0,1641.5,581.0
491,19.600,5,person,0.7848,469,614,517,746,493.0,680.0,493.0,746.0
491,19.600,6,person,0.7781,1520,803,1591,968,1555.5,885.5,1555.5,968.0
491,19.600,7,person,0.7507,189,401,227,497,208.0,449.0,208.0,497.0
491,19.600,8,person,0.7396,84,513,152,632,118.0,572.5,118.0,632.0
491,19.600,9,person,0.7180,883,429,918,530,900.5,479.5,900.5,530.0
491,19.600,10,person,0.6734,1243,322,1284,402,1263.5,362.0,1263.5,402.0
491,19.600,11,person,0.6221,457,329,497,414,477.0,371.5,477.0,414.0
491,19.600,12,person,0.5937,93,440,131,515,112.0,477.5,112.0,515.0
491,19.600,13,person,0.5312,1239,322,1288,420,1263.5,371.0,1263.5,420.0
491,19.600,14,person,0.4830,387,295,418,389,402.5,342.0,402.5,389.0
491,19.600,15,person,0.3766,85,511,179,633,132.0,572.0,132.0,633.0
492,19.640,1,person,0.8544,1511,807,1599,971,1555.0,889.0,1555.0,971.0
492,19.640,2,person,0.8188,679,744,740,895,709.5,819.5,709.5,895.0
492,19.640,3,person,0.8148,1430,438,1482,536,1456.0,487.0,1456.0,536.0
492,19.640,4,person,0.7941,1618,465,1672,574,1645.0,519.5,1645.0,574.0
492,19.640,5,person,0.7937,942,566,989,672,965.5,619.0,965.5,672.0
492,19.640,6,person,0.7782,469,614,519,745,494.0,679.5,494.0,745.0
492,19.640,7,person,0.7699,82,503,144,631,113.0,567.0,113.0,631.0
492,19.640,8,person,0.7093,1236,321,1287,412,1261.5,366.5,1261.5,412.0
492,19.640,9,person,0.6854,194,397,230,497,212.0,447.0,212.0,497.0
492,19.640,10,person,0.6775,457,328,497,413,477.0,370.5,477.0,413.0
492,19.640,11,person,0.6526,882,429,921,529,901.5,479.0,901.5,529.0
492,19.640,12,person,0.5293,386,297,412,377,399.0,337.0,399.0,377.0
492,19.640,13,person,0.5049,94,442,130,516,112.0,479.0,112.0,516.0
493,19.680,1,person,0.8578,1511,809,1604,971,1557.5,890.0,1557.5,971.0
493,19.680,2,person,0.8252,944,564,987,672,965.5,618.0,965.5,672.0
493,19.680,3,person,0.8177,682,739,742,892,712.0,815.5,712.0,892.0
493,19.680,4,person,0.7860,1619,465,1675,575,1647.0,520.0,1647.0,575.0
493,19.680,5,person,0.7749,1435,441,1484,527,1459.5,484.0,1459.5,527.0
493,19.680,6,person,0.7610,82,501,145,631,113.5,566.0,113.5,631.0
493,19.680,7,person,0.7575,468,613,524,747,496.0,680.0,496.0,747.0
493,19.680,8,person,0.7243,195,397,233,497,214.0,447.0,214.0,497.0
493,19.680,9,person,0.7223,885,429,925,528,905.0,478.5,905.0,528.0
493,19.680,10,person,0.7130,458,328,498,413,478.0,370.5,478.0,413.0
493,19.680,11,person,0.6519,1238,322,1288,421,1263.0,371.5,1263.0,421.0
493,19.680,12,person,0.5684,384,298,412,377,398.0,337.5,398.0,377.0
493,19.680,13,person,0.4624,93,437,129,509,111.0,473.0,111.0,509.0
494,19.720,1,person,0.8623,1513,811,1611,971,1562.0,891.0,1562.0,971.0
494,19.720,2,person,0.8367,684,740,745,893,714.5,816.5,714.5,893.0
494,19.720,3,person,0.8177,944,563,989,675,966.5,619.0,966.5,675.0
494,19.720,4,person,0.8030,469,612,517,746,493.0,679.0,493.0,746.0
494,19.720,5,person,0.7774,82,499,149,631,115.5,565.0,115.5,631.0
494,19.720,6,person,0.7539,1438,440,1492,532,1465.0,486.0,1465.0,532.0
494,19.720,7,person,0.7368,459,328,499,411,479.0,369.5,479.0,411.0
494,19.720,8,person,0.7239,888,429,929,530,908.5,479.5,908.5,530.0
494,19.720,9,person,0.7102,197,397,235,495,216.0,446.0,216.0,495.0
494,19.720,10,person,0.6951,1624,466,1686,582,1655.0,524.0,1655.0,582.0
494,19.720,11,person,0.6452,1244,318,1287,417,1265.5,367.5,1265.5,417.0
494,19.720,12,person,0.5188,92,434,129,504,110.5,469.0,110.5,504.0
494,19.720,13,person,0.4048,383,303,410,376,396.5,339.5,396.5,376.0
495,19.760,1,person,0.8559,685,741,745,890,715.0,815.5,715.0,890.0
495,19.760,2,person,0.8533,1517,812,1619,975,1568.0,893.5,1568.0,975.0
495,19.760,3,person,0.8474,470,611,518,745,494.0,678.0,494.0,745.0
495,19.760,4,person,0.7802,946,563,990,679,968.0,621.0,968.0,679.0
495,19.760,5,person,0.7600,83,500,151,630,117.0,565.0,117.0,630.0
495,19.760,6,person,0.7570,1631,465,1688,573,1659.5,519.0,1659.5,573.0
495,19.760,7,person,0.7526,199,393,237,489,218.0,441.0,218.0,489.0
495,19.760,8,person,0.7238,890,428,932,531,911.0,479.5,911.0,531.0
495,19.760,9,person,0.7013,1439,438,1497,536,1468.0,487.0,1468.0,536.0
495,19.760,10,person,0.7001,462,327,499,410,480.5,368.5,480.5,410.0
495,19.760,11,person,0.6102,1245,316,1283,414,1264.0,365.0,1264.0,414.0
495,19.760,12,person,0.4692,91,434,129,501,110.0,467.5,110.0,501.0
495,19.760,13,person,0.3345,381,302,410,377,395.5,339.5,395.5,377.0
496,19.800,1,person,0.8969,687,743,750,893,718.5,818.0,718.5,893.0
496,19.800,2,person,0.8169,470,611,517,744,493.5,677.5,493.5,744.0
496,19.800,3,person,0.8045,1524,814,1621,979,1572.5,896.5,1572.5,979.0
496,19.800,4,person,0.7546,1633,465,1690,575,1661.5,520.0,1661.5,575.0
496,19.800,5,person,0.7494,199,392,239,489,219.0,440.5,219.0,489.0
496,19.800,6,person,0.7471,947,554,993,676,970.0,615.0,970.0,676.0
496,19.800,7,person,0.7382,1442,435,1501,529,1471.5,482.0,1471.5,529.0
496,19.800,8,person,0.7293,82,501,147,631,114.5,566.0,114.5,631.0
496,19.800,9,person,0.7035,462,325,500,409,481.0,367.0,481.0,409.0
496,19.800,10,person,0.6459,1245,317,1280,411,1262.5,364.0,1262.5,411.0
496,19.800,11,person,0.5574,91,431,128,506,109.5,468.5,109.5,506.0
496,19.800,12,person,0.5537,893,428,933,540,913.0,484.0,913.0,540.0
496,19.800,13,person,0.4768,1636,468,1676,571,1656.0,519.5,1656.0,571.0
496,19.800,14,person,0.4479,378,302,403,378,390.5,340.0,390.5,378.0
496,19.800,15,person,0.3731,41,271,69,332,55.0,301.5,55.0,332.0
496,19.800,16,person,0.3034,894,431,930,512,912.0,471.5,912.0,512.0
497,19.840,1,person,0.8809,689,742,755,891,722.0,816.5,722.0,891.0
497,19.840,2,person,0.8105,470,610,518,743,494.0,676.5,494.0,743.0
497,19.840,3,person,0.7977,1441,431,1505,527,1473.0,479.0,1473.0,527.0
497,19.840,4,person,0.7817,1534,816,1622,981,1578.0,898.5,1578.0,981.0
497,19.840,5,person,0.7685,202,392,240,490,221.0,441.0,221.0,490.0
497,19.840,6,person,0.7628,947,552,996,675,971.5,613.5,971.5,675.0
497,19.840,7,person,0.7422,1638,468,1689,573,1663.5,520.5,1663.5,573.0
497,19.840,8,person,0.7223,462,325,502,409,482.0,367.0,482.0,409.0
497,19.840,9,person,0.7075,82,497,153,630,117.5,563.5,117.5,630.0
497,19.840,10,person,0.6244,1246,318,1278,406,1262.0,362.0,1262.0,406.0
497,19.840,11,person,0.6043,896,430,934,532,915.0,481.0,915.0,532.0
497,19.840,12,person,0.4785,45,270,75,333,60.0,301.5,60.0,333.0
497,19.840,13,person,0.4729,373,301,403,378,388.0,339.5,388.0,378.0
497,19.840,14,person,0.4290,90,431,128,493,109.0,462.0,109.0,493.0
497,19.840,15,person,0.2992,87,429,132,512,109.5,470.5,109.5,512.0
498,19.880,1,person,0.8699,688,739,756,890,722.0,814.5,722.0,890.0
498,19.880,2,person,0.8429,470,611,522,748,496.0,679.5,496.0,748.0
498,19.880,3,person,0.7945,1537,817,1617,982,1577.0,899.5,1577.0,982.0
498,19.880,4,person,0.7712,948,551,996,669,972.0,610.0,972.0,669.0
498,19.880,5,person,0.7673,205,393,243,488,224.0,440.5,224.0,488.0
498,19.880,6,person,0.7546,464,323,504,408,484.0,365.5,484.0,408.0
498,19.880,7,person,0.7296,1440,432,1507,520,1473.5,476.0,1473.5,520.0
498,19.880,8,person,0.7211,82,506,140,631,111.0,568.5,111.0,631.0
498,19.880,9,person,0.6913,1642,470,1686,573,1664.0,521.5,1664.0,573.0
498,19.880,10,person,0.6609,1245,318,1278,402,1261.5,360.0,1261.5,402.0
498,19.880,11,person,0.5120,897,430,934,519,915.5,474.5,915.5,519.0
498,19.880,12,person,0.4654,371,301,410,380,390.5,340.5,390.5,380.0
498,19.880,13,person,0.4246,91,433,130,496,110.5,464.5,110.5,496.0
498,19.880,14,person,0.3602,52,272,78,331,65.0,301.5,65.0,331.0
498,19.880,15,person,0.3553,87,430,135,531,111.0,480.5,111.0,531.0
499,19.920,1,person,0.8487,688,736,760,891,724.0,813.5,724.0,891.0
499,19.920,2,person,0.8140,472,612,523,747,497.5,679.5,497.5,747.0
499,19.920,3,person,0.7878,950,547,996,662,973.0,604.5,973.0,662.0
499,19.920,4,person,0.7750,82,511,132,630,107.0,570.5,107.0,630.0
499,19.920,5,person,0.7684,1542,817,1612,989,1577.0,903.0,1577.0,989.0
499,19.920,6,person,0.7630,206,393,247,486,226.5,439.5,226.5,486.0
499,19.920,7,person,0.7569,1642,468,1695,577,1668.5,522.5,1668.5,577.0
499,19.920,8,person,0.7453,464,322,508,409,486.0,365.5,486.0,409.0
499,19.920,9,person,0.6660,1238,320,1282,401,1260.0,360.5,1260.0,401.0
499,19.920,10,person,0.6640,898,428,941,525,919.5,476.5,919.5,525.0
499,19.920,11,person,0.6629,1442,432,1507,515,1474.5,473.5,1474.5,515.0
499,19.920,12,person,0.6205,90,432,130,522,110.0,477.0,110.0,522.0
499,19.920,13,person,0.3850,367,299,403,378,385.0,338.5,385.0,378.0
499,19.920,14,person,0.3120,1545,819,1596,982,1570.5,900.5,1570.5,982.0
499,19.920,15,person,0.2655,1444,428,1481,516,1462.5,472.0,1462.5,516.0
499,19.920,16,person,0.2579,57,274,81,333,69.0,303.5,69.0,333.0
500,19.960,1,person,0.8333,688,732,763,886,725.5,809.0,725.5,886.0
500,19.960,2,person,0.8292,474,612,527,748,500.5,680.0,500.5,748.0
500,19.960,3,person,0.8071,466,321,508,405,487.0,363.0,487.0,405.0
500,19.960,4,person,0.8028,82,509,132,630,107.0,569.5,107.0,630.0
500,19.960,5,person,0.7886,1645,466,1700,576,1672.5,521.0,1672.5,576.0
500,19.960,6,person,0.7804,211,393,251,489,231.0,441.0,231.0,489.0
500,19.960,7,person,0.7702,1544,819,1598,990,1571.0,904.5,1571.0,990.0
500,19.960,8,person,0.7596,954,545,997,660,975.5,602.5,975.5,660.0
500,19.960,9,person,0.7125,1446,430,1499,521,1472.5,475.5,1472.5,521.0
500,19.960,10,person,0.6930,1235,321,1290,403,1262.5,362.0,1262.5,403.0
500,19.960,11,person,0.6080,900,428,942,522,921.0,475.0,921.0,522.0
500,19.960,12,person,0.5887,89,430,131,521,110.0,475.5,110.0,521.0
500,19.960,13,person,0.4351,369,301,406,377,387.5,339.0,387.5,377.0
500,19.960,14,person,0.3190,64,258,92,332,78.0,295.0,78.0,332.0
501,20.000,1,person,0.8241,690,733,766,884,728.0,808.5,728.0,884.0
501,20.000,2,person,0.7978,467,321,508,405,487.5,363.0,487.5,405.0
501,20.000,3,person,0.7930,1648,465,1710,580,1679.0,522.5,1679.0,580.0
501,20.000,4,person,0.7887,81,502,131,631,106.0,566.5,106.0,631.0
501,20.000,5,person,0.7874,475,613,532,748,503.5,680.5,503.5,748.0
501,20.000,6,person,0.7779,212,391,254,488,233.0,439.5,233.0,488.0
501,20.000,7,person,0.7592,955,547,998,660,976.5,603.5,976.5,660.0
501,20.000,8,person,0.7573,1449,431,1497,521,1473.0,476.0,1473.0,521.0
501,20.000,9,person,0.7483,1546,822,1597,991,1571.5,906.5,1571.5,991.0
501,20.000,10,person,0.7065,1233,320,1295,402,1264.0,361.0,1264.0,402.0
501,20.000,11,person,0.6160,89,429,130,488,109.5,458.5,109.5,488.0
501,20.000,12,person,0.5776,906,428,950,524,928.0,476.0,928.0,524.0
501,20.000,13,person,0.4804,366,299,408,380,387.0,339.5,387.0,380.0
501,20.000,14,person,0.4287,71,262,97,332,84.0,297.0,84.0,332.0
502,20.040,1,person,0.8501,687,741,766,884,726.5,812.5,726.5,884.0
502,20.040,2,person,0.8048,1652,465,1716,578,1684.0,521.5,1684.0,578.0
502,20.040,3,person,0.7976,477,614,532,748,504.5,681.0,504.5,748.0
502,20.040,4,person,0.7964,469,322,508,406,488.5,364.0,488.5,406.0
502,20.040,5,person,0.7860,1452,431,1502,521,1477.0,476.0,1477.0,521.0
502,20.040,6,person,0.7665,955,551,998,660,976.5,605.5,976.5,660.0
502,20.040,7,person,0.7647,80,501,136,628,108.0,564.5,108.0,628.0
502,20.040,8,person,0.7542,1545,824,1603,994,1574.0,909.0,1574.0,994.0
502,20.040,9,person,0.7491,213,388,259,488,236.0,438.0,236.0,488.0
502,20.040,10,person,0.7291,1232,317,1300,400,1266.0,358.5,1266.0,400.0
502,20.040,11,person,0.6510,907,431,948,527,927.5,479.0,927.5,527.0
502,20.040,12,person,0.5594,367,303,402,379,384.5,341.0,384.5,379.0
502,20.040,13,person,0.5313,91,426,131,501,111.0,463.5,111.0,501.0
502,20.040,14,person,0.2722,80,264,106,329,93.0,296.5,93.0,329.0
503,20.080,1,person,0.8600,688,742,768,884,728.0,813.0,728.0,884.0
503,20.080,2,person,0.8315,1652,463,1720,574,1686.0,518.5,1686.0,574.0
503,20.080,3,person,0.8004,478,615,537,752,507.5,683.5,507.5,752.0
503,20.080,4,person,0.7868,79,498,134,625,106.5,561.5,106.5,625.0
503,20.080,5,person,0.7746,1537,825,1617,999,1577.0,912.0,1577.0,999.0
503,20.080,6,person,0.7620,959,552,1001,664,980.0,608.0,980.0,664.0
503,20.080,7,person,0.7414,469,323,509,408,489.0,365.5,489.0,408.0
503,20.080,8,person,0.7326,1453,427,1506,521,1479.5,474.0,1479.5,521.0
503,20.080,9,person,0.7073,215,387,262,486,238.5,436.5,238.5,486.0
503,20.080,10,person,0.6297,907,427,959,525,933.0,476.0,933.0,525.0
503,20.080,11,person,0.6147,1230,314,1303,399,1266.5,356.5,1266.5,399.0
503,20.080,12,person,0.4704,369,308,402,380,385.5,344.0,385.5,380.0
503,20.080,13,person,0.4379,94,425,131,475,112.5,450.0,112.5,475.0
503,20.080,14,person,0.3653,0,542,15,600,7.5,571.0,7.5,600.0
504,20.120,1,person,0.8469,687,743,766,886,726.5,814.5,726.5,886.0
504,20.120,2,person,0.8315,1522,829,1619,1002,1570.5,915.5,1570.5,1002.0
504,20.120,3,person,0.8208,1654,464,1722,576,1688.0,520.0,1688.0,576.0
504,20.120,4,person,0.7943,80,500,133,621,106.5,560.5,106.5,621.0
504,20.120,5,person,0.7858,481,613,537,751,509.0,682.0,509.0,751.0
504,20.120,6,person,0.7821,962,543,1003,659,982.5,601.0,982.5,659.0
504,20.120,7,person,0.7715,1452,426,1512,522,1482.0,474.0,1482.0,522.0
504,20.120,8,person,0.7696,218,385,265,486,241.5,435.5,241.5,486.0
504,20.120,9,person,0.7666,474,322,510,406,492.0,364.0,492.0,406.0
504,20.120,10,person,0.6066,906,423,961,527,933.5,475.0,933.5,527.0
504,20.120,11,person,0.5556,369,307,402,380,385.5,343.5,385.5,380.0
504,20.120,12,person,0.5507,908,424,947,526,927.5,475.0,927.5,526.0
504,20.120,13,person,0.5453,1243,313,1301,395,1272.0,354.0,1272.0,395.0
504,20.120,14,person,0.5203,95,423,135,505,115.0,464.0,115.0,505.0
504,20.120,15,person,0.4618,0,539,17,630,8.5,584.5,8.5,630.0
505,20.160,1,person,0.8421,688,743,762,885,725.0,814.0,725.0,885.0
505,20.160,2,person,0.8117,1522,834,1627,1003,1574.5,918.5,1574.5,1003.0
505,20.160,3,person,0.7879,488,611,539,747,513.5,679.0,513.5,747.0
505,20.160,4,person,0.7868,961,536,1009,658,985.0,597.0,985.0,658.0
505,20.160,5,person,0.7789,223,385,268,481,245.5,433.0,245.5,481.0
505,20.160,6,person,0.7650,81,503,133,619,107.0,561.0,107.0,619.0
505,20.160,7,person,0.7460,476,320,513,404,494.5,362.0,494.5,404.0
505,20.160,8,person,0.7354,1452,424,1518,527,1485.0,475.5,1485.0,527.0
505,20.160,9,person,0.6493,1658,467,1723,577,1690.5,522.0,1690.5,577.0
505,20.160,10,person,0.5500,909,423,955,527,932.0,475.0,932.0,527.0
505,20.160,11,person,0.5292,369,304,402,383,385.5,343.5,385.5,383.0
505,20.160,12,person,0.4870,0,539,23,657,11.5,598.0,11.5,657.0
505,20.160,13,person,0.4858,99,424,139,481,119.0,452.5,119.0,481.0
505,20.160,14,person,0.3941,97,425,139,528,118.0,476.5,118.0,528.0
505,20.160,15,person,0.3882,1257,315,1292,394,1274.5,354.5,1274.5,394.0
505,20.160,16,person,0.3567,94,423,137,502,115.5,462.5,115.5,502.0
505,20.160,17,person,0.2982,913,423,944,524,928.5,473.5,928.5,524.0
506,20.200,1,person,0.8348,689,739,758,887,723.5,813.0,723.5,887.0
506,20.200,2,person,0.8121,964,537,1015,652,989.5,594.5,989.5,652.0
506,20.200,3,person,0.8098,82,505,132,618,107.0,561.5,107.0,618.0
506,20.200,4,person,0.8051,477,318,513,403,495.0,360.5,495.0,403.0
506,20.200,5,person,0.8049,1525,835,1640,1007,1582.5,921.0,1582.5,1007.0
506,20.200,6,person,0.7687,490,610,539,744,514.5,677.0,514.5,744.0
506,20.200,7,person,0.7459,226,383,273,482,249.5,432.5,249.5,482.0
506,20.200,8,person,0.6908,1453,422,1518,515,1485.5,468.5,1485.5,515.0
506,20.200,9,person,0.6532,0,531,31,656,15.5,593.5,15.5,656.0
506,20.200,10,person,0.6311,915,424,949,522,932.0,473.0,932.0,522.0
506,20.200,11,person,0.6303,1661,472,1713,575,1687.0,523.5,1687.0,575.0
506,20.200,12,person,0.5489,99,425,140,484,119.5,454.5,119.5,484.0
506,20.200,13,person,0.5409,369,304,402,383,385.5,343.5,385.5,383.0
506,20.200,14,person,0.4396,1259,311,1296,394,1277.5,352.5,1277.5,394.0
506,20.200,15,person,0.3996,97,425,141,526,119.0,475.5,119.0,526.0
507,20.240,1,person,0.8460,1536,841,1642,1007,1589.0,924.0,1589.0,1007.0
507,20.240,2,person,0.8113,687,734,759,885,723.0,809.5,723.0,885.0
507,20.240,3,person,0.8083,966,533,1016,648,991.0,590.5,991.0,648.0
507,20.240,4,person,0.8012,1662,469,1717,578,1689.5,523.5,1689.5,578.0
507,20.240,5,person,0.7899,83,504,131,619,107.0,561.5,107.0,619.0
507,20.240,6,person,0.7887,480,319,515,401,497.5,360.0,497.5,401.0
507,20.240,7,person,0.7836,493,611,540,742,516.5,676.5,516.5,742.0
507,20.240,8,person,0.7634,228,385,275,482,251.5,433.5,251.5,482.0
507,20.240,9,person,0.6945,0,516,35,657,17.5,586.5,17.5,657.0
507,20.240,10,person,0.6843,916,425,954,525,935.0,475.0,935.0,525.0
507,20.240,11,person,0.6753,1451,421,1520,512,1485.5,466.5,1485.5,512.0
507,20.240,12,person,0.5637,101,424,144,492,122.5,458.0,122.5,492.0
507,20.240,13,person,0.5110,370,305,402,381,386.0,343.0,386.0,381.0
507,20.240,14,person,0.4930,1260,310,1291,397,1275.5,353.5,1275.5,397.0
507,20.240,15,person,0.4536,100,424,144,523,122.0,473.5,122.0,523.0
508,20.280,1,person,0.8271,685,729,761,884,723.0,806.5,723.0,884.0
508,20.280,2,person,0.7992,1539,838,1642,1012,1590.5,925.0,1590.5,1012.0
508,20.280,3,person,0.7905,1664,468,1717,579,1690.5,523.5,1690.5,579.0
508,20.280,4,person,0.7843,84,502,133,620,108.5,561.0,108.5,620.0
508,20.280,5,person,0.7808,481,318,516,400,498.5,359.0,498.5,400.0
508,20.280,6,person,0.7643,0,517,40,656,20.0,586.5,20.0,656.0
508,20.280,7,person,0.7618,970,536,1018,645,994.0,590.5,994.0,645.0
508,20.280,8,person,0.7495,231,385,280,482,255.5,433.5,255.5,482.0
508,20.280,9,person,0.7101,499,609,541,747,520.0,678.0,520.0,747.0
508,20.280,10,person,0.6698,1454,422,1501,510,1477.5,466.0,1477.5,510.0
508,20.280,11,person,0.6350,918,429,954,523,936.0,476.0,936.0,523.0
508,20.280,12,person,0.5417,1261,309,1295,397,1278.0,353.0,1278.0,397.0
508,20.280,13,person,0.5237,369,306,405,387,387.0,346.5,387.0,387.0
508,20.280,14,person,0.5236,106,425,147,504,126.5,464.5,126.5,504.0
508,20.280,15,person,0.3161,102,421,145,488,123.5,454.5,123.5,488.0
509,20.320,1,person,0.8233,686,729,764,880,725.0,804.5,725.0,880.0
509,20.320,2,person,0.8134,500,610,547,748,523.5,679.0,523.5,748.0
509,20.320,3,person,0.8023,0,518,44,655,22.0,586.5,22.0,655.0
509,20.320,4,person,0.7787,1667,466,1725,581,1696.0,523.5,1696.0,581.0
509,20.320,5,person,0.7660,969,536,1015,645,992.0,590.5,992.0,645.0
509,20.320,6,person,0.7621,1544,840,1643,1013,1593.5,926.5,1593.5,1013.0
509,20.320,7,person,0.7597,86,500,134,619,110.0,559.5,110.0,619.0
509,20.320,8,person,0.7368,237,385,286,481,261.5,433.0,261.5,481.0
509,20.320,9,person,0.7184,1456,423,1502,519,1479.0,471.0,1479.0,519.0
509,20.320,10,person,0.6959,481,318,517,400,499.0,359.0,499.0,400.0
509,20.320,11,person,0.6044,919,429,957,526,938.0,477.5,938.0,526.0
509,20.320,12,person,0.5775,1263,313,1300,398,1281.5,355.5,1281.5,398.0
509,20.320,13,person,0.5512,371,301,408,386,389.5,343.5,389.5,386.0
509,20.320,14,person,0.4757,109,420,151,532,130.0,476.0,130.0,532.0
509,20.320,15,person,0.4497,109,420,149,475,129.0,447.5,129.0,475.0
509,20.320,16,person,0.2816,1544,839,1614,1012,1579.0,925.5,1579.0,1012.0
509,20.320,17,person,0.2563,105,418,147,487,126.0,452.5,126.0,487.0
510,20.360,1,person,0.8311,0,517,47,651,23.5,584.0,23.5,651.0
510,20.360,2,person,0.8262,686,729,768,878,727.0,803.5,727.0,878.0
510,20.360,3,person,0.8058,89,496,139,617,114.0,556.5,114.0,617.0
510,20.360,4,person,0.7895,504,611,553,749,528.5,680.0,528.5,749.0
510,20.360,5,person,0.7846,1548,839,1637,1016,1592.5,927.5,1592.5,1016.0
510,20.360,6,person,0.7768,1668,464,1734,578,1701.0,521.0,1701.0,578.0
510,20.360,7,person,0.7388,241,386,289,482,265.0,434.0,265.0,482.0
510,20.360,8,person,0.7385,1455,424,1497,516,1476.0,470.0,1476.0,516.0
510,20.360,9,person,0.7221,970,537,1017,649,993.5,593.0,993.5,649.0
510,20.360,10,person,0.7085,923,423,961,528,942.0,475.5,942.0,528.0
510,20.360,11,person,0.6399,484,319,520,400,502.0,359.5,502.0,400.0
510,20.360,12,person,0.5977,374,307,408,386,391.0,346.5,391.0,386.0
510,20.360,13,person,0.5702,114,418,160,529,137.0,473.5,137.0,529.0
510,20.360,14,person,0.5691,1264,313,1302,397,1283.0,355.0,1283.0,397.0
510,20.360,15,person,0.4451,115,418,153,504,134.0,461.0,134.0,504.0
511,20.400,1,person,0.8544,0,521,53,646,26.5,583.5,26.5,646.0
511,20.400,2,person,0.8151,686,729,770,878,728.0,803.5,728.0,878.0
511,20.400,3,person,0.7939,1672,465,1741,576,1706.5,520.5,1706.5,576.0
511,20.400,4,person,0.7758,974,541,1022,649,998.0,595.0,998.0,649.0
511,20.400,5,person,0.7735,1565,839,1625,1013,1595.0,926.0,1595.0,1013.0
511,20.400,6,person,0.7701,90,494,143,618,116.5,556.0,116.5,618.0
511,20.400,7,person,0.7568,1452,420,1506,518,1479.0,469.0,1479.0,518.0
511,20.400,8,person,0.7234,491,316,523,401,507.0,358.5,507.0,401.0
511,20.400,9,person,0.7075,246,384,292,482,269.0,433.0,269.0,482.0
511,20.400,10,person,0.6710,925,422,963,523,944.0,472.5,944.0,523.0
511,20.400,11,person,0.6670,507,613,560,748,533.5,680.5,533.5,748.0
511,20.400,12,person,0.6206,375,309,407,387,391.0,348.0,391.0,387.0
511,20.400,13,person,0.5438,118,418,157,520,137.5,469.0,137.5,520.0
511,20.400,14,person,0.5037,1267,312,1300,397,1283.5,354.5,1283.5,397.0
512,20.440,1,person,0.8352,689,730,766,878,727.5,804.0,727.5,878.0
512,20.440,2,person,0.8147,9,521,59,646,34.0,583.5,34.0,646.0
512,20.440,3,person,0.7913,1671,464,1746,577,1708.5,520.5,1708.5,577.0
512,20.440,4,person,0.7817,927,420,969,524,948.0,472.0,948.0,524.0
512,20.440,5,person,0.7746,495,316,527,401,511.0,358.5,511.0,401.0
512,20.440,6,person,0.7582,976,539,1026,647,1001.0,593.0,1001.0,647.0
512,20.440,7,person,0.7476,91,493,149,617,120.0,555.0,120.0,617.0
512,20.440,8,person,0.7359,1571,842,1619,1013,1595.0,927.5,1595.0,1013.0
512,20.440,9,person,0.7227,251,382,295,480,273.0,431.0,273.0,480.0
512,20.440,10,person,0.7173,507,613,566,748,536.5,680.5,536.5,748.0
512,20.440,11,person,0.7098,1453,419,1511,516,1482.0,467.5,1482.0,516.0
512,20.440,12,person,0.5945,1268,316,1306,400,1287.0,358.0,1287.0,400.0
512,20.440,13,person,0.5526,379,309,412,388,395.5,348.5,395.5,388.0
512,20.440,14,person,0.5121,121,416,165,522,143.0,469.0,143.0,522.0
513,20.480,1,person,0.8510,12,518,65,645,38.5,581.5,38.5,645.0
513,20.480,2,person,0.8195,695,732,761,878,728.0,805.0,728.0,878.0
513,20.480,3,person,0.7909,92,491,153,617,122.5,554.0,122.5,617.0
513,20.480,4,person,0.7761,977,534,1031,650,1004.0,592.0,1004.0,650.0
513,20.480,5,person,0.7644,1572,843,1621,1018,1596.5,930.5,1596.5,1018.0
513,20.480,6,person,0.7540,1676,467,1748,576,1712.0,521.5,1712.0,576.0
513,20.480,7,person,0.7386,1454,421,1518,515,1486.0,468.0,1486.0,515.0
513,20.480,8,person,0.7378,932,421,972,523,952.0,472.0,952.0,523.0
513,20.480,9,person,0.7209,254,379,301,477,277.5,428.0,277.5,477.0
513,20.480,10,person,0.6934,512,612,571,745,541.5,678.5,541.5,745.0
513,20.480,11,person,0.6672,1272,317,1304,401,1288.0,359.0,1288.0,401.0
513,20.480,12,person,0.6585,500,312,530,400,515.0,356.0,515.0,400.0
513,20.480,13,person,0.5060,381,310,414,390,397.5,350.0,397.5,390.0
513,20.480,14,person,0.4160,124,417,168,520,146.0,468.5,146.0,520.0
513,20.480,15,person,0.3463,1678,466,1717,569,1697.5,517.5,1697.5,569.0
513,20.480,16,person,0.3294,125,420,157,485,141.0,452.5,141.0,485.0
514,20.520,1,person,0.8518,17,517,69,641,43.0,579.0,43.0,641.0
514,20.520,2,person,0.8158,695,732,756,877,725.5,804.5,725.5,877.0
514,20.520,3,person,0.7701,261,379,304,476,282.5,427.5,282.5,476.0
514,20.520,4,person,0.7585,94,493,155,614,124.5,553.5,124.5,614.0
514,20.520,5,person,0.7521,977,534,1037,649,1007.0,591.5,1007.0,649.0
514,20.520,6,person,0.7272,1563,845,1627,1017,1595.0,931.0,1595.0,1017.0
514,20.520,7,person,0.7123,519,613,573,744,546.0,678.5,546.0,744.0
514,20.520,8,person,0.7075,938,422,975,520,956.5,471.0,956.5,520.0
514,20.520,9,person,0.7020,1454,420,1520,508,1487.0,464.0,1487.0,508.0
514,20.520,10,person,0.6975,1681,467,1738,577,1709.5,522.0,1709.5,577.0
514,20.520,11,person,0.6727,1272,319,1306,402,1289.0,360.5,1289.0,402.0
514,20.520,12,person,0.6608,503,306,538,401,520.5,353.5,520.5,401.0
514,20.520,13,person,0.6247,382,309,417,391,399.5,350.0,399.5,391.0
514,20.520,14,person,0.5818,1682,467,1720,576,1701.0,521.5,1701.0,576.0
514,20.520,15,person,0.3929,128,419,167,485,147.5,452.0,147.5,485.0
515,20.560,1,person,0.8337,22,518,75,642,48.5,580.0,48.5,642.0
515,20.560,2,person,0.8179,695,731,758,876,726.5,803.5,726.5,876.0
515,20.560,3,person,0.7817,1548,850,1639,1022,1593.5,936.0,1593.5,1022.0
515,20.560,4,person,0.7628,982,533,1046,639,1014.0,586.0,1014.0,639.0
515,20.560,5,person,0.7491,94,494,152,614,123.0,554.0,123.0,614.0
515,20.560,6,person,0.7080,265,380,306,474,285.5,427.0,285.5,474.0
515,20.560,7,person,0.7063,1686,474,1736,582,1711.0,528.0,1711.0,582.0
515,20.560,8,person,0.6887,522,612,582,744,552.0,678.0,552.0,744.0
515,20.560,9,person,0.6843,1273,319,1314,402,1293.5,360.5,1293.5,402.0
515,20.560,10,person,0.6737,940,423,976,518,958.0,470.5,958.0,518.0
515,20.560,11,person,0.6529,1452,418,1521,508,1486.5,463.0,1486.5,508.0
515,20.560,12,person,0.5554,382,307,422,393,402.0,350.0,402.0,393.0
515,20.560,13,person,0.5318,505,308,541,402,523.0,355.0,523.0,402.0
515,20.560,14,person,0.5211,131,418,171,489,151.0,453.5,151.0,489.0
515,20.560,15,person,0.2507,1684,473,1724,574,1704.0,523.5,1704.0,574.0
516,20.600,1,person,0.8518,1544,854,1650,1029,1597.0,941.5,1597.0,1029.0
516,20.600,2,person,0.8508,27,519,81,643,54.0,581.0,54.0,643.0
516,20.600,3,person,0.8061,697,733,768,877,732.5,805.0,732.5,877.0
516,20.600,4,person,0.7662,1687,475,1736,585,1711.5,530.0,1711.5,585.0
516,20.600,5,person,0.7580,96,494,152,615,124.0,554.5,124.0,615.0
516,20.600,6,person,0.7573,943,423,977,519,960.0,471.0,960.0,519.0
516,20.600,7,person,0.7335,984,532,1043,635,1013.5,583.5,1013.5,635.0
516,20.600,8,person,0.7261,525,613,583,748,554.0,680.5,554.0,748.0
516,20.600,9,person,0.7053,269,381,311,475,290.0,428.0,290.0,475.0
516,20.600,10,person,0.6372,1454,415,1494,509,1474.0,462.0,1474.0,509.0
516,20.600,11,person,0.6031,1274,317,1318,404,1296.0,360.5,1296.0,404.0
516,20.600,12,person,0.5884,133,417,175,495,154.0,456.0,154.0,495.0
516,20.600,13,person,0.5838,382,311,426,393,404.0,352.0,404.0,393.0
516,20.600,14,person,0.5261,507,304,548,445,527.5,374.5,527.5,445.0
516,20.600,15,person,0.3420,1455,420,1522,507,1488.5,463.5,1488.5,507.0
516,20.600,16,person,0.2936,1687,475,1725,576,1706.0,525.5,1706.0,576.0
517,20.640,1,person,0.8632,1543,856,1661,1030,1602.0,943.0,1602.0,1030.0
517,20.640,2,person,0.8270,33,521,84,646,58.5,583.5,58.5,646.0
517,20.640,3,person,0.8176,697,730,772,875,734.5,802.5,734.5,875.0
517,20.640,4,person,0.7930,100,494,153,620,126.5,557.0,126.5,620.0
517,20.640,5,person,0.7751,986,531,1041,635,1013.5,583.0,1013.5,635.0
517,20.640,6,person,0.7593,1687,474,1736,592,1711.5,533.0,1711.5,592.0
517,20.640,7,person,0.7432,527,613,581,744,554.0,678.5,554.0,744.0
517,20.640,8,person,0.7189,276,383,314,478,295.0,430.5,295.0,478.0
517,20.640,9,person,0.6984,1458,417,1491,511,1474.5,464.0,1474.5,511.0
517,20.640,10,person,0.6827,946,421,979,520,962.5,470.5,962.5,520.0
517,20.640,11,person,0.6653,135,418,177,508,156.0,463.0,156.0,508.0
517,20.640,12,person,0.5742,1276,317,1314,403,1295.0,360.0,1295.0,403.0
517,20.640,13,person,0.5364,384,312,422,393,403.0,352.5,403.0,393.0
517,20.640,14,person,0.5072,510,305,546,392,528.0,348.5,528.0,392.0
518,20.680,1,person,0.8381,1558,857,1667,1033,1612.5,945.0,1612.5,1033.0
518,20.680,2,person,0.8329,697,728,777,873,737.0,800.5,737.0,873.0
518,20.680,3,person,0.8223,36,519,90,642,63.0,580.5,63.0,642.0
518,20.680,4,person,0.8205,1689,474,1745,590,1717.0,532.0,1717.0,590.0
518,20.680,5,person,0.7853,991,530,1036,637,1013.5,583.5,1013.5,637.0
518,20.680,6,person,0.7845,279,381,320,478,299.5,429.5,299.5,478.0
518,20.680,7,person,0.7825,103,494,155,615,129.0,554.5,129.0,615.0
518,20.680,8,person,0.7317,530,614,578,742,554.0,678.0,554.0,742.0
518,20.680,9,person,0.7197,948,419,985,518,966.5,468.5,966.5,518.0
518,20.680,10,person,0.7121,1460,420,1496,519,1478.0,469.5,1478.0,519.0
518,20.680,11,person,0.6345,140,417,180,498,160.0,457.5,160.0,498.0
518,20.680,12,person,0.6179,513,310,553,395,533.0,352.5,533.0,395.0
518,20.680,13,person,0.5552,387,313,426,394,406.5,353.5,406.5,394.0
518,20.680,14,person,0.5408,1278,318,1314,400,1296.0,359.0,1296.0,400.0
519,20.720,1,person,0.8370,695,730,777,870,736.0,800.0,736.0,870.0
519,20.720,2,person,0.8235,40,524,102,644,71.0,584.0,71.0,644.0
519,20.720,3,person,0.8228,1559,861,1676,1031,1617.5,946.0,1617.5,1031.0
519,20.720,4,person,0.7952,1691,470,1753,587,1722.0,528.5,1722.0,587.0
519,20.720,5,person,0.7867,995,527,1038,640,1016.5,583.5,1016.5,640.0
519,20.720,6,person,0.7657,534,614,581,750,557.5,682.0,557.5,750.0
519,20.720,7,person,0.7651,1457,419,1495,517,1476.0,468.0,1476.0,517.0
519,20.720,8,person,0.7650,108,492,160,616,134.0,554.0,134.0,616.0
519,20.720,9,person,0.7566,287,382,326,477,306.5,429.5,306.5,477.0
519,20.720,10,person,0.7200,950,418,994,521,972.0,469.5,972.0,521.0
519,20.720,11,person,0.6853,516,318,556,399,536.0,358.5,536.0,399.0
519,20.720,12,person,0.6393,146,414,184,511,165.0,462.5,165.0,511.0
519,20.720,13,person,0.6137,1280,322,1316,403,1298.0,362.5,1298.0,403.0
519,20.720,14,person,0.4298,389,315,425,394,407.0,354.5,407.0,394.0
520,20.760,1,person,0.8345,693,730,779,871,736.0,800.5,736.0,871.0
520,20.760,2,person,0.8241,1691,469,1760,590,1725.5,529.5,1725.5,590.0
520,20.760,3,person,0.8219,48,522,106,642,77.0,582.0,77.0,642.0
520,20.760,4,person,0.8203,112,491,161,610,136.5,550.5,136.5,610.0
520,20.760,5,person,0.8041,1000,526,1044,641,1022.0,583.5,1022.0,641.0
520,20.760,6,person,0.7864,291,379,333,478,312.0,428.5,312.0,478.0
520,20.760,7,person,0.7854,1571,860,1677,1035,1624.0,947.5,1624.0,1035.0
520,20.760,8,person,0.7799,518,318,559,398,538.5,358.0,538.5,398.0
520,20.760,9,person,0.7575,1454,419,1504,512,1479.0,465.5,1479.0,512.0
520,20.760,10,person,0.6695,954,419,999,520,976.5,469.5,976.5,520.0
520,20.760,11,person,0.6690,145,414,190,516,167.5,465.0,167.5,516.0
520,20.760,12,person,0.6634,539,615,585,749,562.0,682.0,562.0,749.0
520,20.760,13,person,0.6091,1281,321,1318,404,1299.5,362.5,1299.5,404.0
520,20.760,14,person,0.5098,391,314,425,396,408.0,355.0,408.0,396.0
521,20.800,1,person,0.8369,114,489,168,613,141.0,551.0,141.0,613.0
521,20.800,2,person,0.8331,692,730,777,873,734.5,801.5,734.5,873.0
521,20.800,3,person,0.8083,56,528,114,647,85.0,587.5,85.0,647.0
521,20.800,4,person,0.8054,1693,470,1767,591,1730.0,530.5,1730.0,591.0
521,20.800,5,person,0.7962,1583,866,1676,1032,1629.5,949.0,1629.5,1032.0
521,20.800,6,person,0.7926,1002,522,1055,640,1028.5,581.0,1028.5,640.0
521,20.800,7,person,0.7552,296,379,343,476,319.5,427.5,319.5,476.0
521,20.800,8,person,0.7508,1454,419,1511,519,1482.5,469.0,1482.5,519.0
521,20.800,9,person,0.7360,542,616,590,742,566.0,679.0,566.0,742.0
521,20.800,10,person,0.7236,522,318,564,395,543.0,356.5,543.0,395.0
521,20.800,11,person,0.6487,152,410,193,511,172.5,460.5,172.5,511.0
521,20.800,12,person,0.6466,955,418,1006,521,980.5,469.5,980.5,521.0
521,20.800,13,person,0.5047,1284,322,1322,404,1303.0,363.0,1303.0,404.0
521,20.800,14,person,0.4992,397,313,429,398,413.0,355.5,413.0,398.0
521,20.800,15,person,0.3151,958,419,993,518,975.5,468.5,975.5,518.0
522,20.840,1,person,0.8230,1694,472,1771,586,1732.5,529.0,1732.5,586.0
522,20.840,2,person,0.8177,119,486,168,605,143.5,545.5,143.5,605.0
522,20.840,3,person,0.7998,688,730,769,873,728.5,801.5,728.5,873.0
522,20.840,4,person,0.7608,1451,417,1516,513,1483.5,465.0,1483.5,513.0
522,20.840,5,person,0.7560,1591,866,1671,1036,1631.0,951.0,1631.0,1036.0
522,20.840,6,person,0.7318,1006,519,1062,641,1034.0,580.0,1034.0,641.0
522,20.840,7,person,0.7196,547,617,599,747,573.0,682.0,573.0,747.0
522,20.840,8,person,0.7167,302,377,347,476,324.5,426.5,324.5,476.0
522,20.840,9,person,0.6750,526,318,567,399,546.5,358.5,546.5,399.0
522,20.840,10,person,0.6684,63,530,121,648,92.0,589.0,92.0,648.0
522,20.840,11,person,0.6637,156,412,198,510,177.0,461.0,177.0,510.0
522,20.840,12,person,0.6249,961,420,1009,523,985.0,471.5,985.0,523.0
522,20.840,13,person,0.5447,398,311,440,398,419.0,354.5,419.0,398.0
522,20.840,14,person,0.4652,1283,323,1336,406,1309.5,364.5,1309.5,406.0
522,20.840,15,person,0.4272,526,320,560,387,543.0,353.5,543.0,387.0
522,20.840,16,person,0.3630,963,419,996,522,979.5,470.5,979.5,522.0
522,20.840,17,person,0.2844,1285,323,1320,396,1302.5,359.5,1302.5,396.0
523,20.880,1,person,0.8503,685,730,759,875,722.0,802.5,722.0,875.0
523,20.880,2,person,0.8047,1448,416,1519,510,1483.5,463.0,1483.5,510.0
523,20.880,3,person,0.7607,548,619,603,747,575.5,683.0,575.5,747.0
523,20.880,4,person,0.7584,122,486,174,607,148.0,546.5,148.0,607.0
523,20.880,5,person,0.7478,307,372,353,474,330.0,423.0,330.0,474.0
523,20.880,6,person,0.7144,1604,862,1664,1041,1634.0,951.5,1634.0,1041.0
523,20.880,7,person,0.7099,1008,512,1062,629,1035.0,570.5,1035.0,629.0
523,20.880,8,person,0.6839,68,524,124,644,96.0,584.0,96.0,644.0
523,20.880,9,person,0.6776,162,412,202,512,182.0,462.0,182.0,512.0
523,20.880,10,person,0.6466,529,318,569,398,549.0,358.0,549.0,398.0
523,20.880,11,person,0.6138,402,310,444,399,423.0,354.5,423.0,399.0
523,20.880,12,person,0.5779,1706,477,1754,587,1730.0,532.0,1730.0,587.0
523,20.880,13,person,0.5208,966,421,999,514,982.5,467.5,982.5,514.0
523,20.880,14,person,0.5193,1450,415,1499,510,1474.5,462.5,1474.5,510.0
523,20.880,15,person,0.4281,1288,322,1315,391,1301.5,356.5,1301.5,391.0
523,20.880,16,person,0.4222,1286,321,1323,401,1304.5,361.0,1304.5,401.0
523,20.880,17,person,0.3835,1706,477,1739,584,1722.5,530.5,1722.5,584.0
523,20.880,18,person,0.3093,0,315,34,377,17.0,346.0,17.0,377.0
523,20.880,19,person,0.2876,1705,476,1773,589,1739.0,532.5,1739.0,589.0
524,20.920,1,person,0.8640,686,731,757,876,721.5,803.5,721.5,876.0
524,20.920,2,person,0.7808,125,488,174,604,149.5,546.0,149.5,604.0
524,20.920,3,person,0.7749,1448,416,1517,508,1482.5,462.0,1482.5,508.0
524,20.920,4,person,0.7562,554,620,609,750,581.5,685.0,581.5,750.0
524,20.920,5,person,0.7522,1610,864,1652,1047,1631.0,955.5,1631.0,1047.0
524,20.920,6,person,0.7360,1010,516,1067,629,1038.5,572.5,1038.5,629.0
524,20.920,7,person,0.7286,311,378,361,477,336.0,427.5,336.0,477.0
524,20.920,8,person,0.7119,166,416,204,507,185.0,461.5,185.0,507.0
524,20.920,9,person,0.6608,1710,478,1771,587,1740.5,532.5,1740.5,587.0
524,20.920,10,person,0.6388,403,315,443,398,423.0,356.5,423.0,398.0
524,20.920,11,person,0.6048,76,525,125,643,100.5,584.0,100.5,643.0
524,20.920,12,person,0.6025,1709,478,1751,585,1730.0,531.5,1730.0,585.0
524,20.920,13,person,0.5825,530,317,572,396,551.0,356.5,551.0,396.0
524,20.920,14,person,0.5676,967,420,1006,518,986.5,469.0,986.5,518.0
524,20.920,15,person,0.5436,1450,414,1496,510,1473.0,462.0,1473.0,510.0
524,20.920,16,person,0.4590,1289,322,1324,403,1306.5,362.5,1306.5,403.0
524,20.920,17,person,0.3024,967,420,998,494,982.5,457.0,982.5,494.0
525,20.960,1,person,0.8517,685,729,759,875,722.0,802.0,722.0,875.0
525,20.960,2,person,0.8124,556,619,613,750,584.5,684.5,584.5,750.0
525,20.960,3,person,0.7891,1609,865,1657,1048,1633.0,956.5,1633.0,1048.0
525,20.960,4,person,0.7469,1711,477,1762,591,1736.5,534.0,1736.5,591.0
525,20.960,5,person,0.7424,127,491,174,607,150.5,549.0,150.5,607.0
525,20.960,6,person,0.7316,315,378,360,479,337.5,428.5,337.5,479.0
525,20.960,7,person,0.7155,80,520,132,644,106.0,582.0,106.0,644.0
525,20.960,8,person,0.7128,1010,516,1060,628,1035.0,572.0,1035.0,628.0
525,20.960,9,person,0.6967,1455,415,1500,511,1477.5,463.0,1477.5,511.0
525,20.960,10,person,0.6455,970,421,1010,517,990.0,469.0,990.0,517.0
525,20.960,11,person,0.6286,170,417,210,512,190.0,464.5,190.0,512.0
525,20.960,12,person,0.6119,408,319,439,399,423.5,359.0,423.5,399.0
525,20.960,13,person,0.5543,530,318,574,395,552.0,356.5,552.0,395.0
525,20.960,14,person,0.5382,1292,322,1323,406,1307.5,364.0,1307.5,406.0
525,20.960,15,person,0.5374,1711,478,1747,589,1729.0,533.5,1729.0,589.0
526,21.000,1,person,0.8876,683,718,759,872,721.0,795.0,721.0,872.0
526,21.000,2,person,0.8136,563,620,619,748,591.0,684.0,591.0,748.0
526,21.000,3,person,0.7930,1600,869,1665,1047,1632.5,958.0,1632.5,1047.0
526,21.000,4,person,0.7821,1010,518,1062,631,1036.0,574.5,1036.0,631.0
526,21.000,5,person,0.7648,1714,480,1760,596,1737.0,538.0,1737.0,596.0
526,21.000,6,person,0.7479,316,381,364,476,340.0,428.5,340.0,476.0
526,21.000,7,person,0.7275,1456,417,1492,515,1474.0,466.0,1474.0,515.0
526,21.000,8,person,0.7273,131,488,178,611,154.5,549.5,154.5,611.0
526,21.000,9,person,0.6962,175,416,213,516,194.0,466.0,194.0,516.0
526,21.000,10,person,0.6761,971,418,1009,514,990.0,466.0,990.0,514.0
526,21.000,11,person,0.6464,1293,322,1325,403,1309.0,362.5,1309.0,403.0
526,21.000,12,person,0.6247,85,520,133,644,109.0,582.0,109.0,644.0
526,21.000,13,person,0.6170,533,319,573,395,553.0,357.0,553.0,395.0
526,21.000,14,person,0.5937,411,319,439,400,425.0,359.5,425.0,400.0
526,21.000,15,person,0.5200,34,302,73,380,53.5,341.0,53.5,380.0
527,21.040,1,person,0.8791,683,719,765,869,724.0,794.0,724.0,869.0
527,21.040,2,person,0.8333,1591,872,1677,1052,1634.0,962.0,1634.0,1052.0
527,21.040,3,person,0.7845,569,616,620,749,594.5,682.5,594.5,749.0
527,21.040,4,person,0.7703,1713,478,1764,596,1738.5,537.0,1738.5,596.0
527,21.040,5,person,0.7627,135,491,180,608,157.5,549.5,157.5,608.0
527,21.040,6,person,0.7569,1011,517,1062,632,1036.5,574.5,1036.5,632.0
527,21.040,7,person,0.7318,320,377,366,477,343.0,427.0,343.0,477.0
527,21.040,8,person,0.7157,1454,419,1494,519,1474.0,469.0,1474.0,519.0
527,21.040,9,person,0.7079,538,319,572,396,555.0,357.5,555.0,396.0
527,21.040,10,person,0.6448,972,418,1014,512,993.0,465.0,993.0,512.0
527,21.040,11,person,0.6156,181,409,221,515,201.0,462.0,201.0,515.0
527,21.040,12,person,0.5662,91,514,137,644,114.0,579.0,114.0,644.0
527,21.040,13,person,0.5418,413,318,443,400,428.0,359.0,428.0,400.0
527,21.040,14,person,0.5204,1293,322,1326,406,1309.5,364.0,1309.5,406.0
527,21.040,15,person,0.3898,43,307,85,376,64.0,341.5,64.0,376.0
527,21.040,16,person,0.3198,1294,323,1340,410,1317.0,366.5,1317.0,410.0
528,21.080,1,person,0.8767,684,717,768,864,726.0,790.5,726.0,864.0
528,21.080,2,person,0.8483,1586,874,1688,1052,1637.0,963.0,1637.0,1052.0
528,21.080,3,person,0.7780,1013,513,1063,632,1038.0,572.5,1038.0,632.0
528,21.080,4,person,0.7628,139,489,186,605,162.5,547.0,162.5,605.0
528,21.080,5,person,0.7589,1454,414,1496,514,1475.0,464.0,1475.0,514.0
528,21.080,6,person,0.7448,572,618,621,748,596.5,683.0,596.5,748.0
528,21.080,7,person,0.7408,1712,478,1777,594,1744.5,536.0,1744.5,594.0
528,21.080,8,person,0.7341,325,374,370,476,347.5,425.0,347.5,476.0
528,21.080,9,person,0.7247,542,318,579,394,560.5,356.0,560.5,394.0
528,21.080,10,person,0.6732,185,403,229,516,207.0,459.5,207.0,516.0
528,21.080,11,person,0.6225,976,417,1014,514,995.0,465.5,995.0,514.0
528,21.080,12,person,0.5873,55,304,100,377,77.5,340.5,77.5,377.0
528,21.080,13,person,0.5332,1293,323,1334,406,1313.5,364.5,1313.5,406.0
528,21.080,14,person,0.5312,412,317,445,401,428.5,359.0,428.5,401.0
528,21.080,15,person,0.4317,1293,322,1324,401,1308.5,361.5,1308.5,401.0
528,21.080,16,person,0.3917,100,519,148,643,124.0,581.0,124.0,643.0
529,21.120,1,person,0.8645,685,715,765,863,725.0,789.0,725.0,863.0
529,21.120,2,person,0.8496,1587,877,1701,1057,1644.0,967.0,1644.0,1057.0
529,21.120,3,person,0.7939,1715,476,1785,590,1750.0,533.0,1750.0,590.0
529,21.120,4,person,0.7584,1016,516,1065,629,1040.5,572.5,1040.5,629.0
529,21.120,5,person,0.7502,330,373,373,475,351.5,424.0,351.5,475.0
529,21.120,6,person,0.7446,546,318,586,395,566.0,356.5,566.0,395.0
529,21.120,7,person,0.7220,1454,413,1505,511,1479.5,462.0,1479.5,511.0
529,21.120,8,person,0.6984,581,616,625,745,603.0,680.5,603.0,745.0
529,21.120,9,person,0.6866,144,482,195,607,169.5,544.5,169.5,607.0
529,21.120,10,person,0.6155,981,416,1015,510,998.0,463.0,998.0,510.0
529,21.120,11,person,0.6136,190,405,231,515,210.5,460.0,210.5,515.0
529,21.120,12,person,0.5298,1294,323,1332,405,1313.0,364.0,1313.0,405.0
529,21.120,13,person,0.4702,414,317,448,402,431.0,359.5,431.0,402.0
529,21.120,14,person,0.4089,68,307,112,371,90.0,339.0,90.0,371.0
529,21.120,15,person,0.3241,109,525,153,644,131.0,584.5,131.0,644.0
530,21.160,1,person,0.8567,1595,879,1708,1060,1651.5,969.5,1651.5,1060.0
530,21.160,2,person,0.8406,687,716,761,863,724.0,789.5,724.0,863.0
530,21.160,3,person,0.7636,585,612,629,750,607.0,681.0,607.0,750.0
530,21.160,4,person,0.7590,1018,517,1066,626,1042.0,571.5,1042.0,626.0
530,21.160,5,person,0.7467,146,476,199,596,172.5,536.0,172.5,596.0
530,21.160,6,person,0.7391,1452,408,1509,504,1480.5,456.0,1480.5,504.0
530,21.160,7,person,0.7244,337,372,379,476,358.0,424.0,358.0,476.0
530,21.160,8,person,0.7078,548,314,596,396,572.0,355.0,572.0,396.0
530,21.160,9,person,0.7068,1710,475,1788,589,1749.0,532.0,1749.0,589.0
530,21.160,10,person,0.6065,194,403,235,509,214.5,456.0,214.5,509.0
530,21.160,11,person,0.5072,416,317,450,398,433.0,357.5,433.0,398.0
530,21.160,12,person,0.5030,984,416,1017,498,1000.5,457.0,1000.5,498.0
530,21.160,13,person,0.4959,1297,322,1325,401,1311.0,361.5,1311.0,401.0
530,21.160,14,person,0.4591,81,306,124,372,102.5,339.0,102.5,372.0
530,21.160,15,person,0.3589,1297,322,1335,406,1316.0,364.0,1316.0,406.0
530,21.160,16,person,0.2587,110,529,159,640,134.5,584.5,134.5,640.0
531,21.200,1,person,0.8445,689,717,756,863,722.5,790.0,722.5,863.0
531,21.200,2,person,0.8357,1601,877,1714,1062,1657.5,969.5,1657.5,1062.0
531,21.200,3,person,0.7714,1449,405,1516,504,1482.5,454.5,1482.5,504.0
531,21.200,4,person,0.7555,1019,516,1073,621,1046.0,568.5,1046.0,621.0
531,21.200,5,person,0.7220,590,612,632,749,611.0,680.5,611.0,749.0
531,21.200,6,person,0.7121,341,372,383,475,362.0,423.5,362.0,475.0
531,21.200,7,person,0.7114,1712,475,1791,591,1751.5,533.0,1751.5,591.0
531,21.200,8,person,0.6650,149,477,202,599,175.5,538.0,175.5,599.0
531,21.200,9,person,0.6362,549,314,599,394,574.0,354.0,574.0,394.0
531,21.200,10,person,0.6161,197,404,252,506,224.5,455.0,224.5,506.0
531,21.200,11,person,0.5427,1300,323,1327,402,1313.5,362.5,1313.5,402.0
531,21.200,12,person,0.5277,988,416,1024,507,1006.0,461.5,1006.0,507.0
531,21.200,13,person,0.4666,421,319,452,400,436.5,359.5,436.5,400.0
531,21.200,14,person,0.4225,103,306,140,372,121.5,339.0,121.5,372.0
531,21.200,15,person,0.3385,119,521,164,641,141.5,581.0,141.5,641.0
531,21.200,16,person,0.2590,197,405,233,498,215.0,451.5,215.0,498.0
532,21.240,1,person,0.8291,692,718,751,864,721.5,791.0,721.5,864.0
532,21.240,2,person,0.8239,1608,876,1713,1061,1660.5,968.5,1660.5,1061.0
532,21.240,3,person,0.7708,1020,512,1080,618,1050.0,565.0,1050.0,618.0
532,21.240,4,person,0.7167,347,371,388,469,367.5,420.0,367.5,469.0
532,21.240,5,person,0.7043,157,478,206,595,181.5,536.5,181.5,595.0
532,21.240,6,person,0.6939,1445,404,1514,501,1479.5,452.5,1479.5,501.0
532,21.240,7,person,0.6852,595,612,636,750,615.5,681.0,615.5,750.0
532,21.240,8,person,0.6548,201,403,253,507,227.0,455.0,227.0,507.0
532,21.240,9,person,0.6301,550,312,606,393,578.0,352.5,578.0,393.0
532,21.240,10,person,0.5737,423,316,453,404,438.0,360.0,438.0,404.0
532,21.240,11,person,0.5663,1723,478,1775,589,1749.0,533.5,1749.0,589.0
532,21.240,12,person,0.5658,1299,322,1330,404,1314.5,363.0,1314.5,404.0
532,21.240,13,person,0.5500,991,418,1025,508,1008.0,463.0,1008.0,508.0
532,21.240,14,person,0.4964,1606,878,1679,1056,1642.5,967.0,1642.5,1056.0
532,21.240,15,person,0.4382,1726,479,1757,588,1741.5,533.5,1741.5,588.0
532,21.240,16,person,0.4223,115,305,154,372,134.5,338.5,134.5,372.0
532,21.240,17,person,0.3834,123,510,176,644,149.5,577.0,149.5,644.0
532,21.240,18,person,0.3002,149,477,209,634,179.0,555.5,179.0,634.0
533,21.280,1,person,0.8209,1612,872,1711,1056,1661.5,964.0,1661.5,1056.0
533,21.280,2,person,0.7715,694,719,750,864,722.0,791.5,722.0,864.0
533,21.280,3,person,0.7335,1023,511,1083,615,1053.0,563.0,1053.0,615.0
533,21.280,4,person,0.7155,593,613,644,747,618.5,680.0,618.5,747.0
533,21.280,5,person,0.7126,352,371,391,469,371.5,420.0,371.5,469.0
533,21.280,6,person,0.6733,1446,404,1503,504,1474.5,454.0,1474.5,504.0
533,21.280,7,person,0.6568,993,418,1028,509,1010.5,463.5,1010.5,509.0
533,21.280,8,person,0.6474,205,401,253,503,229.0,452.0,229.0,503.0
533,21.280,9,person,0.6203,427,316,458,403,442.5,359.5,442.5,403.0
533,21.280,10,person,0.5892,163,477,209,591,186.0,534.0,186.0,591.0
533,21.280,11,person,0.5842,1726,477,1771,587,1748.5,532.0,1748.5,587.0
533,21.280,12,person,0.5515,1298,324,1334,408,1316.0,366.0,1316.0,408.0
533,21.280,13,person,0.5492,1728,476,1788,587,1758.0,531.5,1758.0,587.0
533,21.280,14,person,0.5030,1728,478,1761,578,1744.5,528.0,1744.5,578.0
533,21.280,15,person,0.4802,553,313,590,390,571.5,351.5,571.5,390.0
533,21.280,16,person,0.4700,1300,323,1327,397,1313.5,360.0,1313.5,397.0
533,21.280,17,person,0.4205,553,313,607,391,580.0,352.0,580.0,391.0
533,21.280,18,person,0.4020,133,305,168,369,150.5,337.0,150.5,369.0
533,21.280,19,person,0.3008,129,521,182,641,155.5,581.0,155.5,641.0
533,21.280,20,person,0.2992,1629,876,1680,1050,1654.5,963.0,1654.5,1050.0
533,21.280,21,person,0.2664,144,476,213,630,178.5,553.0,178.5,630.0
534,21.320,1,person,0.8686,694,715,756,859,725.0,787.0,725.0,859.0
534,21.320,2,person,0.8074,595,614,652,747,623.5,680.5,623.5,747.0
534,21.320,3,person,0.7588,1624,873,1700,1054,1662.0,963.5,1662.0,1054.0
534,21.320,4,person,0.6971,1026,509,1078,616,1052.0,562.5,1052.0,616.0
534,21.320,5,person,0.6892,359,373,395,474,377.0,423.5,377.0,474.0
534,21.320,6,person,0.6729,1732,478,1784,592,1758.0,535.0,1758.0,592.0
534,21.320,7,person,0.6592,212,403,253,506,232.5,454.5,232.5,506.0
534,21.320,8,person,0.6586,1454,405,1496,511,1475.0,458.0,1475.0,511.0
534,21.320,9,person,0.6069,430,318,462,400,446.0,359.0,446.0,400.0
534,21.320,10,person,0.5955,995,412,1033,510,1014.0,461.0,1014.0,510.0
534,21.320,11,person,0.5688,157,478,209,596,183.0,537.0,183.0,596.0
534,21.320,12,person,0.5246,556,315,589,389,572.5,352.0,572.5,389.0
534,21.320,13,person,0.4971,133,480,198,644,165.5,562.0,165.5,644.0
534,21.320,14,person,0.4725,1630,875,1685,1043,1657.5,959.0,1657.5,1043.0
534,21.320,15,person,0.4512,1733,480,1771,585,1752.0,532.5,1752.0,585.0
534,21.320,16,person,0.4308,143,302,180,368,161.5,335.0,161.5,368.0
534,21.320,17,person,0.4240,1301,323,1327,392,1314.0,357.5,1314.0,392.0
534,21.320,18,person,0.4163,1297,323,1337,404,1317.0,363.5,1317.0,404.0
534,21.320,19,person,0.4156,137,527,193,642,165.0,584.5,165.0,642.0
534,21.320,20,person,0.3872,145,477,212,637,178.5,557.0,178.5,637.0
535,21.360,1,person,0.8305,690,709,763,858,726.5,783.5,726.5,858.0
535,21.360,2,person,0.8053,602,613,661,747,631.5,680.0,631.5,747.0
535,21.360,3,person,0.7775,1029,508,1073,616,1051.0,562.0,1051.0,616.0
535,21.360,4,person,0.7559,1637,874,1694,1053,1665.5,963.5,1665.5,1053.0
535,21.360,5,person,0.7171,164,478,215,598,189.5,538.0,189.5,598.0
535,21.360,6,person,0.7055,363,372,401,474,382.0,423.0,382.0,474.0
535,21.360,7,person,0.6840,1457,408,1492,510,1474.5,459.0,1474.5,510.0
535,21.360,8,person,0.6671,1734,477,1771,590,1752.5,533.5,1752.5,590.0
535,21.360,9,person,0.6258,215,400,257,507,236.0,453.5,236.0,507.0
535,21.360,10,person,0.5595,1000,408,1039,511,1019.5,459.5,1019.5,511.0
535,21.360,11,person,0.4979,558,316,593,391,575.5,353.5,575.5,391.0
535,21.360,12,person,0.4749,1296,322,1339,407,1317.5,364.5,1317.5,407.0
535,21.360,13,person,0.4639,148,477,213,645,180.5,561.0,180.5,645.0
535,21.360,14,person,0.4512,139,515,197,646,168.0,580.5,168.0,646.0
535,21.360,15,person,0.4354,156,301,199,366,177.5,333.5,177.5,366.0
535,21.360,16,person,0.4047,429,318,469,403,449.0,360.5,449.0,403.0
535,21.360,17,person,0.3700,1303,323,1329,394,1316.0,358.5,1316.0,394.0
535,21.360,18,person,0.2522,559,317,607,392,583.0,354.5,583.0,392.0
536,21.400,1,person,0.8321,692,708,770,854,731.0,781.0,731.0,854.0
536,21.400,2,person,0.8112,611,611,667,746,639.0,678.5,639.0,746.0
536,21.400,3,person,0.7861,1641,875,1694,1066,1667.5,970.5,1667.5,1066.0
536,21.400,4,person,0.7735,1037,504,1076,617,1056.5,560.5,1056.5,617.0
536,21.400,5,person,0.7463,1457,408,1491,512,1474.0,460.0,1474.0,512.0
536,21.400,6,person,0.7387,221,399,263,504,242.0,451.5,242.0,504.0
536,21.400,7,person,0.7025,1736,477,1785,599,1760.5,538.0,1760.5,599.0
536,21.400,8,person,0.6997,371,372,407,470,389.0,421.0,389.0,470.0
536,21.400,9,person,0.6069,163,477,220,595,191.5,536.0,191.5,595.0
536,21.400,10,person,0.5931,1002,406,1041,511,1021.5,458.5,1021.5,511.0
536,21.400,11,person,0.5836,1304,322,1337,405,1320.5,363.5,1320.5,405.0
536,21.400,12,person,0.5170,560,320,600,389,580.0,354.5,580.0,389.0
536,21.400,13,person,0.4057,173,301,216,362,194.5,331.5,194.5,362.0
536,21.400,14,person,0.3412,152,477,216,640,184.0,558.5,184.0,640.0
536,21.400,15,person,0.2679,434,320,470,395,452.0,357.5,452.0,395.0
537,21.440,1,person,0.7899,1642,876,1705,1065,1673.5,970.5,1673.5,1065.0
537,21.440,2,person,0.7824,1739,477,1794,593,1766.5,535.0,1766.5,593.0
537,21.440,3,person,0.7639,690,705,774,850,732.0,777.5,732.0,850.0
537,21.440,4,person,0.7630,1041,499,1083,616,1062.0,557.5,1062.0,616.0
537,21.440,5,person,0.7519,1454,407,1498,509,1476.0,458.0,1476.0,509.0
537,21.440,6,person,0.7188,621,613,673,744,647.0,678.5,647.0,744.0
537,21.440,7,person,0.7024,227,394,270,507,248.5,450.5,248.5,507.0
537,21.440,8,person,0.6552,379,371,415,466,397.0,418.5,397.0,466.0
537,21.440,9,person,0.6080,1000,404,1047,510,1023.5,457.0,1023.5,510.0
537,21.440,10,person,0.5597,174,473,227,600,200.5,536.5,200.5,600.0
537,21.440,11,person,0.5331,562,318,603,390,582.5,354.0,582.5,390.0
537,21.440,12,person,0.4691,1306,322,1335,406,1320.5,364.0,1320.5,406.0
537,21.440,13,person,0.3863,162,469,227,642,194.5,555.5,194.5,642.0
537,21.440,14,person,0.3489,156,504,216,641,186.0,572.5,186.0,641.0
537,21.440,15,person,0.3403,437,319,476,393,456.5,356.0,456.5,393.0
537,21.440,16,person,0.3382,999,406,1033,513,1016.0,459.5,1016.0,513.0
538,21.480,1,person,0.7982,1636,876,1717,1062,1676.5,969.0,1676.5,1062.0
538,21.480,2,person,0.7912,1741,476,1810,596,1775.5,536.0,1775.5,596.0
538,21.480,3,person,0.7798,1455,407,1508,509,1481.5,458.0,1481.5,509.0
538,21.480,4,person,0.7254,1045,493,1092,616,1068.5,554.5,1068.5,616.0
538,21.480,5,person,0.7036,385,369,422,467,403.5,418.0,403.5,467.0
538,21.480,6,person,0.6951,627,611,675,744,651.0,677.5,651.0,744.0
538,21.480,7,person,0.6785,233,393,274,504,253.5,448.5,253.5,504.0
538,21.480,8,person,0.6576,173,466,232,639,202.5,552.5,202.5,639.0
538,21.480,9,person,0.6511,181,466,233,596,207.0,531.0,207.0,596.0
538,21.480,10,person,0.6274,1008,408,1042,508,1025.0,458.0,1025.0,508.0
538,21.480,11,person,0.6152,689,706,775,849,732.0,777.5,732.0,849.0
538,21.480,12,person,0.5791,1307,323,1340,406,1323.5,364.5,1323.5,406.0
538,21.480,13,person,0.5695,564,315,608,388,586.0,351.5,586.0,388.0
538,21.480,14,person,0.4021,164,478,215,644,189.5,561.0,189.5,644.0
538,21.480,15,person,0.3978,690,708,741,848,715.5,778.0,715.5,848.0
538,21.480,16,person,0.3769,444,321,477,390,460.5,355.5,460.5,390.0
538,21.480,17,person,0.3676,166,524,215,641,190.5,582.5,190.5,641.0
538,21.480,18,person,0.3053,440,320,484,402,462.0,361.0,462.0,402.0
538,21.480,19,person,0.3025,211,296,243,361,227.0,328.5,227.0,361.0
539,21.520,1,person,0.8310,1638,880,1729,1061,1683.5,970.5,1683.5,1061.0
539,21.520,2,person,0.8080,1738,477,1815,591,1776.5,534.0,1776.5,591.0
539,21.520,3,person,0.7871,1456,406,1516,506,1486.0,456.0,1486.0,506.0
539,21.520,4,person,0.7749,1048,485,1099,610,1073.5,547.5,1073.5,610.0
539,21.520,5,person,0.7345,566,310,619,390,592.5,350.0,592.5,390.0
539,21.520,6,person,0.7152,632,608,681,744,656.5,676.0,656.5,744.0
539,21.520,7,person,0.6832,242,394,284,500,263.0,447.0,263.0,500.0
539,21.520,8,person,0.6786,390,363,434,463,412.0,413.0,412.0,463.0
539,21.520,9,person,0.6560,175,465,238,637,206.5,551.0,206.5,637.0
539,21.520,10,person,0.6428,691,712,776,845,733.5,778.5,733.5,845.0
539,21.520,11,person,0.6227,1014,410,1048,502,1031.0,456.0,1031.0,502.0
539,21.520,12,person,0.5862,1307,324,1349,405,1328.0,364.5,1328.0,405.0
539,21.520,13,person,0.5730,447,319,494,402,470.5,360.5,470.5,402.0
539,21.520,14,person,0.5567,187,466,239,605,213.0,535.5,213.0,605.0
539,21.520,15,person,0.5477,692,712,743,849,717.5,780.5,717.5,849.0
540,21.560,1,person,0.8476,1636,886,1742,1071,1689.0,978.5,1689.0,1071.0
540,21.560,2,person,0.8206,1452,404,1523,503,1487.5,453.5,1487.5,503.0
540,21.560,3,person,0.7705,454,320,494,402,474.0,361.0,474.0,402.0
540,21.560,4,person,0.7423,249,395,291,500,270.0,447.5,270.0,500.0
540,21.560,5,person,0.7396,1050,486,1107,607,1078.5,546.5,1078.5,607.0
540,21.560,6,person,0.7152,641,609,685,743,663.0,676.0,663.0,743.0
540,21.560,7,person,0.7091,399,366,445,462,422.0,414.0,422.0,462.0
540,21.560,8,person,0.6947,1747,476,1825,587,1786.0,531.5,1786.0,587.0
540,21.560,9,person,0.6859,694,713,767,851,730.5,782.0,730.5,851.0
540,21.560,10,person,0.6648,570,307,612,389,591.0,348.0,591.0,389.0
540,21.560,11,person,0.5451,170,509,247,641,208.5,575.0,208.5,641.0
540,21.560,12,person,0.5425,570,310,628,390,599.0,350.0,599.0,390.0
540,21.560,13,person,0.4808,1310,323,1349,392,1329.5,357.5,1329.5,392.0
540,21.560,14,person,0.4510,1305,322,1357,405,1331.0,363.5,1331.0,405.0
540,21.560,15,person,0.4462,1022,408,1056,490,1039.0,449.0,1039.0,490.0
540,21.560,16,person,0.4274,184,466,248,626,216.0,546.0,216.0,626.0
540,21.560,17,person,0.3972,195,465,245,583,220.0,524.0,220.0,583.0
540,21.560,18,person,0.3614,196,466,244,538,220.0,502.0,220.0,538.0
541,21.600,1,person,0.8178,1452,404,1525,504,1488.5,454.0,1488.5,504.0
541,21.600,2,person,0.7872,1639,884,1755,1069,1697.0,976.5,1697.0,1069.0
541,21.600,3,person,0.7719,650,608,694,740,672.0,674.0,672.0,740.0
541,21.600,4,person,0.7528,1055,487,1114,603,1084.5,545.0,1084.5,603.0
541,21.600,5,person,0.7489,259,393,299,489,279.0,441.0,279.0,489.0
541,21.600,6,person,0.7432,695,708,752,851,723.5,779.5,723.5,851.0
541,21.600,7,person,0.7350,406,363,451,459,428.5,411.0,428.5,459.0
541,21.600,8,person,0.7223,1757,477,1828,590,1792.5,533.5,1792.5,590.0
541,21.600,9,person,0.6691,172,471,249,637,210.5,554.0,210.5,637.0
541,21.600,10,person,0.6408,459,321,493,401,476.0,361.0,476.0,401.0
541,21.600,11,person,0.5238,574,311,634,388,604.0,349.5,604.0,388.0
541,21.600,12,person,0.5205,171,518,247,638,209.0,578.0,209.0,638.0
541,21.600,13,person,0.4849,1312,323,1353,394,1332.5,358.5,1332.5,394.0
541,21.600,14,person,0.4642,203,463,250,549,226.5,506.0,226.5,549.0
541,21.600,15,person,0.4435,1310,323,1367,406,1338.5,364.5,1338.5,406.0
541,21.600,16,person,0.4108,574,312,617,385,595.5,348.5,595.5,385.0
541,21.600,17,person,0.3792,1028,410,1060,478,1044.0,444.0,1044.0,478.0
541,21.600,18,person,0.3753,262,296,299,354,280.5,325.0,280.5,354.0
541,21.600,19,person,0.3507,1757,478,1800,589,1778.5,533.5,1778.5,589.0
541,21.600,20,person,0.3407,1028,410,1062,504,1045.0,457.0,1045.0,504.0
542,21.640,1,person,0.8478,656,607,702,738,679.0,672.5,679.0,738.0
542,21.640,2,person,0.8118,686,709,756,850,721.0,779.5,721.0,850.0
542,21.640,3,person,0.8069,1646,884,1764,1069,1705.0,976.5,1705.0,1069.0
542,21.640,4,person,0.7697,1060,492,1111,601,1085.5,546.5,1085.5,601.0
542,21.640,5,person,0.7474,1463,406,1521,502,1492.0,454.0,1492.0,502.0
542,21.640,6,person,0.7374,264,395,305,487,284.5,441.0,284.5,487.0
542,21.640,7,person,0.7111,413,367,461,461,437.0,414.0,437.0,461.0
542,21.640,8,person,0.6210,1761,478,1818,591,1789.5,534.5,1789.5,591.0
542,21.640,9,person,0.6130,279,295,319,354,299.0,324.5,299.0,354.0
542,21.640,10,person,0.6098,184,467,257,637,220.5,552.0,220.5,637.0
542,21.640,11,person,0.5976,466,318,496,403,481.0,360.5,481.0,403.0
542,21.640,12,person,0.5653,1465,406,1502,504,1483.5,455.0,1483.5,504.0
542,21.640,13,person,0.5522,186,514,254,637,220.0,575.5,220.0,637.0
542,21.640,14,person,0.5515,1760,478,1798,593,1779.0,535.5,1779.0,593.0
542,21.640,15,person,0.5307,1317,323,1354,401,1335.5,362.0,1335.5,401.0
542,21.640,16,person,0.5091,579,312,611,387,595.0,349.5,595.0,387.0
542,21.640,17,person,0.4357,1035,405,1065,468,1050.0,436.5,1050.0,468.0
542,21.640,18,person,0.4028,577,309,621,387,599.0,348.0,599.0,387.0
542,21.640,19,person,0.2560,207,465,258,569,232.5,517.0,232.5,569.0
543,21.680,1,person,0.8369,688,711,761,849,724.5,780.0,724.5,849.0
543,21.680,2,person,0.7886,1660,887,1767,1067,1713.5,977.0,1713.5,1067.0
543,21.680,3,person,0.7593,1064,494,1105,604,1084.5,549.0,1084.5,604.0
543,21.680,4,person,0.7430,274,393,313,498,293.5,445.5,293.5,498.0
543,21.680,5,person,0.7382,1468,406,1507,507,1487.5,456.5,1487.5,507.0
543,21.680,6,person,0.7316,662,608,708,730,685.0,669.0,685.0,730.0
543,21.680,7,person,0.6985,421,366,463,462,442.0,414.0,442.0,462.0
543,21.680,8,person,0.6856,1769,479,1815,597,1792.0,538.0,1792.0,597.0
543,21.680,9,person,0.6443,196,508,260,636,228.0,572.0,228.0,636.0
543,21.680,10,person,0.5904,583,313,615,388,599.0,350.5,599.0,388.0
543,21.680,11,person,0.5188,1319,322,1349,397,1334.0,359.5,1334.0,397.0
543,21.680,12,person,0.5097,472,315,501,401,486.5,358.0,486.5,401.0
543,21.680,13,person,0.4604,199,465,264,637,231.5,551.0,231.5,637.0
543,21.680,14,person,0.4123,290,293,338,355,314.0,324.0,314.0,355.0
543,21.680,15,person,0.3198,1039,406,1071,458,1055.0,432.0,1055.0,458.0
543,21.680,16,person,0.2847,1038,405,1074,486,1056.0,445.5,1056.0,486.0
543,21.680,17,person,0.2668,1771,480,1801,583,1786.0,531.5,1786.0,583.0
544,21.720,1,person,0.7911,692,702,765,849,728.5,775.5,728.5,849.0
544,21.720,2,person,0.7603,1471,406,1511,506,1491.0,456.0,1491.0,506.0
544,21.720,3,person,0.7424,282,394,323,499,302.5,446.5,302.5,499.0
544,21.720,4,person,0.7336,1069,495,1111,606,1090.0,550.5,1090.0,606.0
544,21.720,5,person,0.7185,1674,885,1767,1065,1720.5,975.0,1720.5,1065.0
544,21.720,6,person,0.7131,427,364,471,460,449.0,412.0,449.0,460.0
544,21.720,7,person,0.6780,668,609,720,731,694.0,670.0,694.0,731.0
544,21.720,8,person,0.6716,205,459,272,635,238.5,547.0,238.5,635.0
544,21.720,9,person,0.6639,1774,481,1812,598,1793.0,539.5,1793.0,598.0
544,21.720,10,person,0.5617,1322,325,1354,405,1338.0,365.0,1338.0,405.0
544,21.720,11,person,0.5162,475,315,506,399,490.5,357.0,490.5,399.0
544,21.720,12,person,0.5053,1042,405,1077,503,1059.5,454.0,1059.5,503.0
544,21.720,13,person,0.4457,311,295,350,357,330.5,326.0,330.5,357.0
544,21.720,14,person,0.4307,586,315,619,387,602.5,351.0,602.5,387.0
544,21.720,15,person,0.3971,1683,887,1745,1061,1714.0,974.0,1714.0,1061.0
545,21.760,1,person,0.7852,1469,404,1513,506,1491.0,455.0,1491.0,506.0
545,21.760,2,person,0.7394,696,690,771,844,733.5,767.0,733.5,844.0
545,21.760,3,person,0.7390,1071,490,1115,606,1093.0,548.0,1093.0,606.0
545,21.760,4,person,0.7287,435,365,475,461,455.0,413.0,455.0,461.0
545,21.760,5,person,0.7241,1688,888,1764,1063,1726.0,975.5,1726.0,1063.0
545,21.760,6,person,0.7141,287,394,325,493,306.0,443.5,306.0,493.0
545,21.760,7,person,0.6910,1774,480,1819,601,1796.5,540.5,1796.5,601.0
545,21.760,8,person,0.6713,217,469,278,635,247.5,552.0,247.5,635.0
545,21.760,9,person,0.6481,674,611,727,724,700.5,667.5,700.5,724.0
545,21.760,10,person,0.5870,588,310,626,392,607.0,351.0,607.0,392.0
545,21.760,11,person,0.5594,1323,326,1353,404,1338.0,365.0,1338.0,404.0
545,21.760,12,person,0.5486,481,317,508,401,494.5,359.0,494.5,401.0
545,21.760,13,person,0.4768,217,522,276,635,246.5,578.5,246.5,635.0
545,21.760,14,person,0.4546,328,291,364,360,346.0,325.5,346.0,360.0
545,21.760,15,person,0.4112,1047,405,1083,488,1065.0,446.5,1065.0,488.0
546,21.800,1,person,0.8039,1472,401,1519,504,1495.5,452.5,1495.5,504.0
546,21.800,2,person,0.7787,700,686,773,837,736.5,761.5,736.5,837.0
546,21.800,3,person,0.7703,443,363,478,459,460.5,411.0,460.5,459.0
546,21.800,4,person,0.7287,1777,478,1831,593,1804.0,535.5,1804.0,593.0
546,21.800,5,person,0.7104,1696,883,1756,1070,1726.0,976.5,1726.0,1070.0
546,21.800,6,person,0.6905,1073,489,1122,604,1097.5,546.5,1097.5,604.0
546,21.800,7,person,0.6609,296,392,333,492,314.5,442.0,314.5,492.0
546,21.800,8,person,0.6288,228,462,286,637,257.0,549.5,257.0,637.0
546,21.800,9,person,0.6276,680,610,731,707,705.5,658.5,705.5,707.0
546,21.800,10,person,0.4897,586,312,633,387,609.5,349.5,609.5,387.0
546,21.800,11,person,0.4774,1321,326,1361,407,1341.0,366.5,1341.0,407.0
546,21.800,12,person,0.4531,1052,407,1086,484,1069.0,445.5,1069.0,484.0
546,21.800,13,person,0.3922,339,293,374,355,356.5,324.0,356.5,355.0
546,21.800,14,person,0.3414,1322,325,1350,396,1336.0,360.5,1336.0,396.0
546,21.800,15,person,0.3288,482,321,514,401,498.0,361.0,498.0,401.0
546,21.800,16,person,0.2960,486,322,512,371,499.0,346.5,499.0,371.0
547,21.840,1,person,0.7949,1472,399,1524,506,1498.0,452.5,1498.0,506.0
547,21.840,2,person,0.7919,703,692,776,835,739.5,763.5,739.5,835.0
547,21.840,3,person,0.7853,1702,885,1749,1075,1725.5,980.0,1725.5,1075.0
547,21.840,4,person,0.7574,1779,478,1840,597,1809.5,537.5,1809.5,597.0
547,21.840,5,person,0.7557,1075,487,1127,600,1101.0,543.5,1101.0,600.0
547,21.840,6,person,0.7164,449,362,484,461,466.5,411.5,466.5,461.0
547,21.840,7,person,0.6604,587,312,641,387,614.0,349.5,614.0,387.0
547,21.840,8,person,0.6451,299,386,344,494,321.5,440.0,321.5,494.0
547,21.840,9,person,0.6393,238,453,296,638,267.0,545.5,267.0,638.0
547,21.840,10,person,0.6194,686,612,738,712,712.0,662.0,712.0,712.0
547,21.840,11,person,0.4609,486,322,516,389,501.0,355.5,501.0,389.0
547,21.840,12,person,0.4566,355,291,390,353,372.5,322.0,372.5,353.0
547,21.840,13,person,0.4516,1055,403,1088,493,1071.5,448.0,1071.5,493.0
547,21.840,14,person,0.4154,1057,403,1089,468,1073.0,435.5,1073.0,468.0
547,21.840,15,person,0.3891,1316,327,1360,411,1338.0,369.0,1338.0,411.0
547,21.840,16,person,0.2950,242,453,289,534,265.5,493.5,265.5,534.0
547,21.840,17,person,0.2522,1322,326,1350,388,1336.0,357.0,1336.0,388.0
548,21.880,1,person,0.8042,1470,394,1530,505,1500.0,449.5,1500.0,505.0
548,21.880,2,person,0.8018,1703,886,1754,1077,1728.5,981.5,1728.5,1077.0
548,21.880,3,person,0.7986,1778,476,1850,599,1814.0,537.5,1814.0,599.0
548,21.880,4,person,0.7849,1076,486,1134,597,1105.0,541.5,1105.0,597.0
548,21.880,5,person,0.7833,704,698,775,837,739.5,767.5,739.5,837.0
548,21.880,6,person,0.7298,244,452,301,638,272.5,545.0,272.5,638.0
548,21.880,7,person,0.6997,460,364,491,456,475.5,410.0,475.5,456.0
548,21.880,8,person,0.6893,588,312,646,388,617.0,350.0,617.0,388.0
548,21.880,9,person,0.6883,308,383,353,489,330.5,436.0,330.5,489.0
548,21.880,10,person,0.5450,491,323,521,392,506.0,357.5,506.0,392.0
548,21.880,11,person,0.5114,1061,407,1091,493,1076.0,450.0,1076.0,493.0
548,21.880,12,person,0.4592,694,611,743,713,718.5,662.0,718.5,713.0
548,21.880,13,person,0.3266,1322,326,1351,395,1336.5,360.5,1336.5,395.0
549,21.920,1,person,0.8082,1693,887,1763,1074,1728.0,980.5,1728.0,1074.0
549,21.920,2,person,0.8019,1080,486,1139,595,1109.5,540.5,1109.5,595.0
549,21.920,3,person,0.7744,1777,478,1855,597,1816.0,537.5,1816.0,597.0
549,21.920,4,person,0.7424,707,703,772,838,739.5,770.5,739.5,838.0
549,21.920,5,person,0.7374,699,613,750,707,724.5,660.0,724.5,707.0
549,21.920,6,person,0.7007,1470,394,1533,502,1501.5,448.0,1501.5,502.0
549,21.920,7,person,0.6857,250,450,307,636,278.5,543.0,278.5,636.0
549,21.920,8,person,0.6815,589,312,647,388,618.0,350.0,618.0,388.0
549,21.920,9,person,0.6506,313,384,358,489,335.5,436.5,335.5,489.0
549,21.920,10,person,0.5984,1064,407,1096,488,1080.0,447.5,1080.0,488.0
549,21.920,11,person,0.5628,464,367,498,455,481.0,411.0,481.0,455.0
549,21.920,12,person,0.4054,493,325,525,385,509.0,355.0,509.0,385.0
549,21.920,13,person,0.3556,1320,329,1353,411,1336.5,370.0,1336.5,411.0
549,21.920,14,person,0.3295,1472,396,1517,499,1494.5,447.5,1494.5,499.0
550,21.960,1,person,0.8457,1690,891,1777,1077,1733.5,984.0,1733.5,1077.0
550,21.960,2,person,0.8330,1081,485,1133,596,1107.0,540.5,1107.0,596.0
550,21.960,3,person,0.7407,709,704,762,839,735.5,771.5,735.5,839.0
550,21.960,4,person,0.7339,1474,395,1532,498,1503.0,446.5,1503.0,498.0
550,21.960,5,person,0.7129,707,613,753,712,730.0,662.5,730.0,712.0
550,21.960,6,person,0.7118,1786,479,1854,598,1820.0,538.5,1820.0,598.0
550,21.960,7,person,0.6960,258,453,314,636,286.0,544.5,286.0,636.0
550,21.960,8,person,0.6279,472,362,502,453,487.0,407.5,487.0,453.0
550,21.960,9,person,0.5928,592,311,629,387,610.5,349.0,610.5,387.0
550,21.960,10,person,0.5773,318,385,367,490,342.5,437.5,342.5,490.0
550,21.960,11,person,0.5728,1069,405,1098,484,1083.5,444.5,1083.5,484.0
550,21.960,12,person,0.4706,1788,480,1835,597,1811.5,538.5,1811.5,597.0
550,21.960,13,person,0.4595,1476,396,1516,496,1496.0,446.0,1496.0,496.0
550,21.960,14,person,0.4263,258,497,310,634,284.0,565.5,284.0,634.0
550,21.960,15,person,0.2952,1323,330,1358,412,1340.5,371.0,1340.5,412.0
550,21.960,16,person,0.2926,496,324,532,387,514.0,355.5,514.0,387.0
551,22.000,1,person,0.8588,1687,894,1787,1078,1737.0,986.0,1737.0,1078.0
551,22.000,2,person,0.8493,1085,488,1131,596,1108.0,542.0,1108.0,596.0
551,22.000,3,person,0.7654,1480,399,1518,503,1499.0,451.0,1499.0,503.0
551,22.000,4,person,0.7142,711,706,759,841,735.0,773.5,735.0,841.0
551,22.000,5,person,0.7082,715,613,756,714,735.5,663.5,735.5,714.0
551,22.000,6,person,0.6538,320,386,372,486,346.0,436.0,346.0,486.0
551,22.000,7,person,0.6465,1795,483,1847,603,1821.0,543.0,1821.0,603.0
551,22.000,8,person,0.6437,264,454,316,636,290.0,545.0,290.0,636.0
551,22.000,9,person,0.6387,482,370,512,455,497.0,412.5,497.0,455.0
551,22.000,10,person,0.5786,596,311,628,391,612.0,351.0,612.0,391.0
551,22.000,11,person,0.5324,1072,405,1104,486,1088.0,445.5,1088.0,486.0
551,22.000,12,person,0.5111,1324,331,1365,413,1344.5,372.0,1344.5,413.0
551,22.000,13,person,0.4332,1797,484,1830,601,1813.5,542.5,1813.5,601.0
551,22.000,14,person,0.3220,497,323,533,390,515.0,356.5,515.0,390.0
551,22.000,15,person,0.2840,500,324,531,376,515.5,350.0,515.5,376.0
551,22.000,16,person,0.2502,406,293,443,349,424.5,321.0,424.5,349.0
552,22.040,1,person,0.8431,1687,897,1800,1079,1743.5,988.0,1743.5,1079.0
552,22.040,2,person,0.7745,1482,401,1515,506,1498.5,453.5,1498.5,506.0
552,22.040,3,person,0.7731,1091,487,1130,597,1110.5,542.0,1110.5,597.0
552,22.040,4,person,0.7654,712,694,767,839,739.5,766.5,739.5,839.0
552,22.040,5,person,0.7141,1800,486,1853,606,1826.5,546.0,1826.5,606.0
552,22.040,6,person,0.6703,330,385,373,481,351.5,433.0,351.5,481.0
552,22.040,7,person,0.6651,597,311,632,393,614.5,352.0,614.5,393.0
552,22.040,8,person,0.6471,486,371,517,456,501.5,413.5,501.5,456.0
552,22.040,9,person,0.6039,720,610,764,716,742.0,663.0,742.0,716.0
552,22.040,10,person,0.5938,271,507,321,635,296.0,571.0,296.0,635.0
552,22.040,11,person,0.5935,1324,331,1363,409,1343.5,370.0,1343.5,409.0
552,22.040,12,person,0.5376,268,451,323,636,295.5,543.5,295.5,636.0
552,22.040,13,person,0.4287,1072,406,1109,492,1090.5,449.0,1090.5,492.0
552,22.040,14,person,0.2720,421,292,453,349,437.0,320.5,437.0,349.0
552,22.040,15,person,0.2534,266,452,317,534,291.5,493.0,291.5,534.0
553,22.080,1,person,0.8483,1688,901,1813,1078,1750.5,989.5,1750.5,1078.0
553,22.080,2,person,0.7804,1094,483,1139,597,1116.5,540.0,1116.5,597.0
553,22.080,3,person,0.7491,1478,401,1520,507,1499.0,454.0,1499.0,507.0
553,22.080,4,person,0.7358,712,687,774,835,743.0,761.0,743.0,835.0
553,22.080,5,person,0.6788,596,311,631,393,613.5,352.0,613.5,393.0
553,22.080,6,person,0.6523,1800,487,1845,599,1822.5,543.0,1822.5,599.0
553,22.080,7,person,0.6495,336,386,375,488,355.5,437.0,355.5,488.0
553,22.080,8,person,0.6388,276,455,330,635,303.0,545.0,303.0,635.0
553,22.080,9,person,0.5711,492,331,531,455,511.5,393.0,511.5,455.0
553,22.080,10,person,0.5284,1324,330,1359,413,1341.5,371.5,1341.5,413.0
553,22.080,11,person,0.4492,720,613,767,721,743.5,667.0,743.5,721.0
553,22.080,12,person,0.3967,1324,330,1373,417,1348.5,373.5,1348.5,417.0
553,22.080,13,person,0.3761,1803,488,1835,581,1819.0,534.5,1819.0,581.0
553,22.080,14,person,0.3663,1069,405,1116,503,1092.5,454.0,1092.5,503.0
553,22.080,15,person,0.3149,431,290,467,350,449.0,320.0,449.0,350.0
553,22.080,16,person,0.2839,272,454,320,534,296.0,494.0,296.0,534.0
554,22.120,1,person,0.8001,711,683,781,833,746.0,758.0,746.0,833.0
554,22.120,2,person,0.7750,1700,897,1812,1080,1756.0,988.5,1756.0,1080.0
554,22.120,3,person,0.7750,1477,398,1525,502,1501.0,450.0,1501.0,502.0
554,22.120,4,person,0.7521,1095,485,1147,595,1121.0,540.0,1121.0,595.0
554,22.120,5,person,0.7438,1803,487,1852,606,1827.5,546.5,1827.5,606.0
554,22.120,6,person,0.6919,281,454,334,637,307.5,545.5,307.5,637.0
554,22.120,7,person,0.6807,339,383,378,486,358.5,434.5,358.5,486.0
554,22.120,8,person,0.6702,594,311,637,393,615.5,352.0,615.5,393.0
554,22.120,9,person,0.5529,726,611,771,729,748.5,670.0,748.5,729.0
554,22.120,10,person,0.5255,499,351,534,454,516.5,402.5,516.5,454.0
554,22.120,11,person,0.4383,1320,331,1357,413,1338.5,372.0,1338.5,413.0
554,22.120,12,person,0.4068,496,328,537,453,516.5,390.5,516.5,453.0
554,22.120,13,person,0.3806,1064,408,1124,505,1094.0,456.5,1094.0,505.0
554,22.120,14,person,0.3618,1319,332,1376,414,1347.5,373.0,1347.5,414.0
554,22.120,15,person,0.3186,445,293,478,348,461.5,320.5,461.5,348.0
554,22.120,16,person,0.2749,279,453,322,532,300.5,492.5,300.5,532.0
555,22.160,1,person,0.8130,1804,484,1863,603,1833.5,543.5,1833.5,603.0
555,22.160,2,person,0.8114,710,681,785,832,747.5,756.5,747.5,832.0
555,22.160,3,person,0.7703,1476,396,1533,504,1504.5,450.0,1504.5,504.0
555,22.160,4,person,0.7574,1703,898,1810,1079,1756.5,988.5,1756.5,1079.0
555,22.160,5,person,0.7500,1095,483,1149,592,1122.0,537.5,1122.0,592.0
555,22.160,6,person,0.6686,288,456,344,635,316.0,545.5,316.0,635.0
555,22.160,7,person,0.6183,731,608,785,736,758.0,672.0,758.0,736.0
555,22.160,8,person,0.5996,594,309,645,393,619.5,351.0,619.5,393.0
555,22.160,9,person,0.5851,502,353,540,452,521.0,402.5,521.0,452.0
555,22.160,10,person,0.5823,344,382,382,485,363.0,433.5,363.0,485.0
555,22.160,11,person,0.5351,290,504,347,634,318.5,569.0,318.5,634.0
555,22.160,12,person,0.3717,1063,408,1129,509,1096.0,458.5,1096.0,509.0
555,22.160,13,person,0.3528,498,334,545,451,521.5,392.5,521.5,451.0
555,22.160,14,person,0.3510,452,288,486,347,469.0,317.5,469.0,347.0
555,22.160,15,person,0.3272,1319,332,1353,413,1336.0,372.5,1336.0,413.0
555,22.160,16,person,0.3146,1805,484,1848,599,1826.5,541.5,1826.5,599.0
555,22.160,17,person,0.3074,285,453,327,531,306.0,492.0,306.0,531.0
556,22.200,1,person,0.8776,1805,481,1868,607,1836.5,544.0,1836.5,607.0
556,22.200,2,person,0.8294,708,679,790,827,749.0,753.0,749.0,827.0
556,22.200,3,person,0.8055,1711,898,1806,1080,1758.5,989.0,1758.5,1080.0
556,22.200,4,person,0.7912,1094,482,1158,586,1126.0,534.0,1126.0,586.0
556,22.200,5,person,0.7535,1476,395,1538,502,1507.0,448.5,1507.0,502.0
556,22.200,6,person,0.7188,508,348,546,454,527.0,401.0,527.0,454.0
556,22.200,7,person,0.6577,593,309,646,392,619.5,350.5,619.5,392.0
556,22.200,8,person,0.6532,295,516,349,636,322.0,576.0,322.0,636.0
556,22.200,9,person,0.6084,350,380,388,482,369.0,431.0,369.0,482.0
556,22.200,10,person,0.6022,294,446,350,638,322.0,542.0,322.0,638.0
556,22.200,11,person,0.5686,735,605,792,737,763.5,671.0,763.5,737.0
556,22.200,12,person,0.3628,1321,332,1353,405,1337.0,368.5,1337.0,405.0
556,22.200,13,person,0.2529,291,450,332,532,311.5,491.0,311.5,532.0
557,22.240,1,person,0.8497,1802,480,1882,606,1842.0,543.0,1842.0,606.0
557,22.240,2,person,0.8060,1720,895,1802,1080,1761.0,987.5,1761.0,1080.0
557,22.240,3,person,0.7828,1471,393,1542,502,1506.5,447.5,1506.5,502.0
557,22.240,4,person,0.7721,742,606,801,737,771.5,671.5,771.5,737.0
557,22.240,5,person,0.7643,708,684,790,826,749.0,755.0,749.0,826.0
557,22.240,6,person,0.7622,1096,487,1161,585,1128.5,536.0,1128.5,585.0
557,22.240,7,person,0.6790,356,382,392,484,374.0,433.0,374.0,484.0
557,22.240,8,person,0.6673,592,310,648,389,620.0,349.5,620.0,389.0
557,22.240,9,person,0.6228,300,442,357,639,328.5,540.5,328.5,639.0
557,22.240,10,person,0.6210,513,346,555,453,534.0,399.5,534.0,453.0
557,22.240,11,person,0.6065,301,500,359,638,330.0,569.0,330.0,638.0
557,22.240,12,person,0.4693,1322,335,1351,412,1336.5,373.5,1336.5,412.0
557,22.240,13,person,0.4629,1089,428,1159,585,1124.0,506.5,1124.0,585.0
557,22.240,14,person,0.4203,471,291,553,452,512.0,371.5,512.0,452.0
557,22.240,15,person,0.3455,1071,419,1144,530,1107.5,474.5,1107.5,530.0
557,22.240,16,person,0.3239,1472,394,1518,502,1495.0,448.0,1495.0,502.0
558,22.280,1,person,0.8610,1799,481,1888,602,1843.5,541.5,1843.5,602.0
558,22.280,2,person,0.8250,745,605,805,737,775.0,671.0,775.0,737.0
558,22.280,3,person,0.7930,1733,895,1796,1077,1764.5,986.0,1764.5,1077.0
558,22.280,4,person,0.7651,1470,393,1543,504,1506.5,448.5,1506.5,504.0
558,22.280,5,person,0.7047,360,382,398,479,379.0,430.5,379.0,479.0
558,22.280,6,person,0.6872,518,356,556,456,537.0,406.0,537.0,456.0
558,22.280,7,person,0.6695,707,686,760,830,733.5,758.0,733.5,830.0
558,22.280,8,person,0.6489,1082,421,1161,585,1121.5,503.0,1121.5,585.0
558,22.280,9,person,0.6423,302,443,364,640,333.0,541.5,333.0,640.0
558,22.280,10,person,0.6332,596,311,627,387,611.5,349.0,611.5,387.0
558,22.280,11,person,0.6019,1088,483,1161,584,1124.5,533.5,1124.5,584.0
558,22.280,12,person,0.5610,306,508,366,640,336.0,574.0,336.0,640.0
558,22.280,13,person,0.5087,1323,334,1360,411,1341.5,372.5,1341.5,411.0
558,22.280,14,person,0.4644,709,683,779,830,744.0,756.5,744.0,830.0
558,22.280,15,person,0.3726,1471,395,1518,508,1494.5,451.5,1494.5,508.0
559,22.320,1,person,0.8311,1807,484,1893,605,1850.0,544.5,1850.0,605.0
559,22.320,2,person,0.7925,1743,897,1803,1080,1773.0,988.5,1773.0,1080.0
559,22.320,3,person,0.7735,366,381,404,480,385.0,430.5,385.0,480.0
559,22.320,4,person,0.7635,706,686,777,829,741.5,757.5,741.5,829.0
559,22.320,5,person,0.7249,1095,416,1153,588,1124.0,502.0,1124.0,588.0
559,22.320,6,person,0.7155,748,607,814,739,781.0,673.0,781.0,739.0
559,22.320,7,person,0.7110,1477,396,1518,503,1497.5,449.5,1497.5,503.0
559,22.320,8,person,0.6983,597,310,626,390,611.5,350.0,611.5,390.0
559,22.320,9,person,0.6834,523,356,557,453,540.0,404.5,540.0,453.0
559,22.320,10,person,0.6199,1097,480,1153,586,1125.0,533.0,1125.0,586.0
559,22.320,11,person,0.6048,305,445,363,635,334.0,540.0,334.0,635.0
559,22.320,12,person,0.5537,1321,331,1369,417,1345.0,374.0,1345.0,417.0
559,22.320,13,person,0.5110,313,515,365,635,339.0,575.0,339.0,635.0
559,22.320,14,person,0.4716,1477,393,1540,503,1508.5,448.0,1508.5,503.0
559,22.320,15,person,0.2591,1319,330,1351,415,1335.0,372.5,1335.0,415.0
560,22.360,1,person,0.7647,705,682,769,831,737.0,756.5,737.0,831.0
560,22.360,2,person,0.7316,372,381,410,480,391.0,430.5,391.0,480.0
560,22.360,3,person,0.7286,1746,897,1813,1080,1779.5,988.5,1779.5,1080.0
560,22.360,4,person,0.7273,597,309,629,394,613.0,351.5,613.0,394.0
560,22.360,5,person,0.6937,1105,480,1149,589,1127.0,534.5,1127.0,589.0
560,22.360,6,person,0.6874,529,358,563,455,546.0,406.5,546.0,455.0
560,22.360,7,person,0.6800,1483,399,1522,506,1502.5,452.5,1502.5,506.0
560,22.360,8,person,0.6612,750,609,812,735,781.0,672.0,781.0,735.0
560,22.360,9,person,0.6480,1104,422,1152,590,1128.0,506.0,1128.0,590.0
560,22.360,10,person,0.6290,1820,488,1893,608,1856.5,548.0,1856.5,608.0
560,22.360,11,person,0.6113,314,446,372,634,343.0,540.0,343.0,634.0
560,22.360,12,person,0.5915,1319,329,1373,420,1346.0,374.5,1346.0,420.0
560,22.360,13,person,0.5707,317,512,372,634,344.5,573.0,344.5,634.0
560,22.360,14,person,0.3843,1824,487,1865,607,1844.5,547.0,1844.5,607.0
560,22.360,15,person,0.3144,1320,327,1359,413,1339.5,370.0,1339.5,413.0
561,22.400,1,person,0.7792,707,680,769,834,738.0,757.0,738.0,834.0
561,22.400,2,person,0.7392,596,312,634,394,615.0,353.0,615.0,394.0
561,22.400,3,person,0.7383,1739,899,1822,1080,1780.5,989.5,1780.5,1080.0
561,22.400,4,person,0.6930,316,445,375,633,345.5,539.0,345.5,633.0
561,22.400,5,person,0.6771,1489,401,1525,502,1507.0,451.5,1507.0,502.0
561,22.400,6,person,0.6394,379,382,415,482,397.0,432.0,397.0,482.0
561,22.400,7,person,0.6381,1108,421,1159,588,1133.5,504.5,1133.5,588.0
561,22.400,8,person,0.6299,754,610,813,732,783.5,671.0,783.5,732.0
561,22.400,9,person,0.6239,1827,488,1873,603,1850.0,545.5,1850.0,603.0
561,22.400,10,person,0.6152,531,355,569,454,550.0,404.5,550.0,454.0
561,22.400,11,person,0.5528,1108,477,1156,588,1132.0,532.5,1132.0,588.0
561,22.400,12,person,0.4621,324,500,378,633,351.0,566.5,351.0,633.0
561,22.400,13,person,0.3421,1829,490,1860,595,1844.5,542.5,1844.5,595.0
561,22.400,14,person,0.3345,506,317,567,450,536.5,383.5,536.5,450.0
561,22.400,15,person,0.3254,1315,326,1354,410,1334.5,368.0,1334.5,410.0
561,22.400,16,person,0.3104,1121,418,1159,477,1140.0,447.5,1140.0,477.0
561,22.400,17,person,0.2800,1319,324,1349,396,1334.0,360.0,1334.0,396.0
562,22.440,1,person,0.8679,1729,903,1838,1080,1783.5,991.5,1783.5,1080.0
562,22.440,2,person,0.8020,706,672,772,829,739.0,750.5,739.0,829.0
562,22.440,3,person,0.7639,1107,473,1159,589,1133.0,531.0,1133.0,589.0
562,22.440,4,person,0.7493,1485,398,1529,502,1507.0,450.0,1507.0,502.0
562,22.440,5,person,0.7423,593,312,639,393,616.0,352.5,616.0,393.0
562,22.440,6,person,0.7072,319,450,378,634,348.5,542.0,348.5,634.0
562,22.440,7,person,0.7052,759,610,822,733,790.5,671.5,790.5,733.0
562,22.440,8,person,0.7026,382,383,421,480,401.5,431.5,401.5,480.0
562,22.440,9,person,0.6489,1830,490,1878,609,1854.0,549.5,1854.0,609.0
562,22.440,10,person,0.6280,0,368,24,472,12.0,420.0,12.0,472.0
562,22.440,11,person,0.6134,326,498,378,633,352.0,565.5,352.0,633.0
562,22.440,12,person,0.5042,539,352,575,451,557.0,401.5,557.0,451.0
562,22.440,13,person,0.3831,1131,417,1170,493,1150.5,455.0,1150.5,493.0
562,22.440,14,person,0.3582,1312,327,1365,409,1338.5,368.0,1338.5,409.0
562,22.440,15,person,0.3272,1132,418,1169,473,1150.5,445.5,1150.5,473.0
562,22.440,16,person,0.2837,1307,331,1381,412,1344.0,371.5,1344.0,412.0
562,22.440,17,person,0.2754,1315,326,1352,407,1333.5,366.5,1333.5,407.0
562,22.440,18,person,0.2681,525,345,575,451,550.0,398.0,550.0,451.0
562,22.440,19,person,0.2669,316,444,363,530,339.5,487.0,339.5,530.0
563,22.480,1,person,0.8477,709,669,777,824,743.0,746.5,743.0,824.0
563,22.480,2,person,0.8209,1743,904,1848,1080,1795.5,992.0,1795.5,1080.0
563,22.480,3,person,0.7713,390,382,429,478,409.5,430.0,409.5,478.0
563,22.480,4,person,0.7601,1486,396,1534,500,1510.0,448.0,1510.0,500.0
563,22.480,5,person,0.7464,1110,471,1163,584,1136.5,527.5,1136.5,584.0
563,22.480,6,person,0.7354,763,607,821,735,792.0,671.0,792.0,735.0
563,22.480,7,person,0.7245,590,309,644,391,617.0,350.0,617.0,391.0
563,22.480,8,person,0.6986,324,445,381,635,352.5,540.0,352.5,635.0
563,22.480,9,person,0.6736,0,367,34,467,17.0,417.0,17.0,467.0
563,22.480,10,person,0.6374,1831,489,1881,607,1856.0,548.0,1856.0,607.0
563,22.480,11,person,0.6338,543,349,579,450,561.0,399.5,561.0,450.0
563,22.480,12,person,0.5840,336,511,382,632,359.0,571.5,359.0,632.0
563,22.480,13,person,0.4874,320,445,367,531,343.5,488.0,343.5,531.0
563,22.480,14,person,0.4843,1144,409,1181,503,1162.5,456.0,1162.5,503.0
563,22.480,15,person,0.3861,534,340,578,449,556.0,394.5,556.0,449.0
563,22.480,16,person,0.2701,1319,331,1346,405,1332.5,368.0,1332.5,405.0
564,22.520,1,person,0.8476,709,668,783,818,746.0,743.0,746.0,818.0
564,22.520,2,person,0.8300,1753,906,1859,1080,1806.0,993.0,1806.0,1080.0
564,22.520,3,person,0.8098,1488,395,1542,500,1515.0,447.5,1515.0,500.0
564,22.520,4,person,0.7954,0,364,43,466,21.5,415.0,21.5,466.0
564,22.520,5,person,0.7621,1110,467,1171,577,1140.5,522.0,1140.5,577.0
564,22.520,6,person,0.7220,1837,487,1892,610,1864.5,548.5,1864.5,610.0
564,22.520,7,person,0.7018,769,600,828,737,798.5,668.5,798.5,737.0
564,22.520,8,person,0.6978,397,380,436,475,416.5,427.5,416.5,475.0
564,22.520,9,person,0.6842,1155,405,1190,505,1172.5,455.0,1172.5,505.0
564,22.520,10,person,0.6706,591,308,642,391,616.5,349.5,616.5,391.0
564,22.520,11,person,0.6619,344,515,388,629,366.0,572.0,366.0,629.0
564,22.520,12,person,0.6251,551,349,583,445,567.0,397.0,567.0,445.0
564,22.520,13,person,0.5570,326,444,375,536,350.5,490.0,350.5,536.0
564,22.520,14,person,0.5205,326,444,384,628,355.0,536.0,355.0,628.0
564,22.520,15,person,0.4056,508,331,545,389,526.5,360.0,526.5,389.0
564,22.520,16,person,0.3761,1318,330,1348,415,1333.0,372.5,1333.0,415.0
565,22.560,1,person,0.8240,711,668,786,816,748.5,742.0,748.5,816.0
565,22.560,2,person,0.8023,1758,909,1865,1079,1811.5,994.0,1811.5,1079.0
565,22.560,3,person,0.7846,1113,468,1179,579,1146.0,523.5,1146.0,579.0
565,22.560,4,person,0.7627,1489,396,1547,496,1518.0,446.0,1518.0,496.0
565,22.560,5,person,0.7549,773,599,835,734,804.0,666.5,804.0,734.0
565,22.560,6,person,0.7375,1842,486,1903,608,1872.5,547.0,1872.5,608.0
565,22.560,7,person,0.7033,403,378,441,475,422.0,426.5,422.0,475.0
565,22.560,8,person,0.6872,10,360,51,466,30.5,413.0,30.5,466.0
565,22.560,9,person,0.6353,557,349,590,447,573.5,398.0,573.5,447.0
565,22.560,10,person,0.6032,1168,402,1201,506,1184.5,454.0,1184.5,506.0
565,22.560,11,person,0.5526,348,516,395,634,371.5,575.0,371.5,634.0
565,22.560,12,person,0.5313,340,433,394,634,367.0,533.5,367.0,634.0
565,22.560,13,person,0.5178,333,442,380,531,356.5,486.5,356.5,531.0
565,22.560,14,person,0.4916,591,312,631,381,611.0,346.5,611.0,381.0
565,22.560,15,person,0.4667,1322,332,1357,418,1339.5,375.0,1339.5,418.0
565,22.560,16,person,0.4397,509,331,540,391,524.5,361.0,524.5,391.0
565,22.560,17,person,0.4388,1169,407,1205,479,1187.0,443.0,1187.0,479.0
565,22.560,18,person,0.3134,331,442,384,615,357.5,528.5,357.5,615.0
566,22.600,1,person,0.8225,713,668,774,817,743.5,742.5,743.5,817.0
566,22.600,2,person,0.7819,778,597,840,735,809.0,666.0,809.0,735.0
566,22.600,3,person,0.7720,1119,468,1181,576,1150.0,522.0,1150.0,576.0
566,22.600,4,person,0.7667,1491,396,1548,496,1519.5,446.0,1519.5,496.0
566,22.600,5,person,0.7558,1841,485,1913,607,1877.0,546.0,1877.0,607.0
566,22.600,6,person,0.7464,1777,908,1873,1080,1825.0,994.0,1825.0,1080.0
566,22.600,7,person,0.7437,16,357,61,460,38.5,408.5,38.5,460.0
566,22.600,8,person,0.7071,357,509,400,633,378.5,571.0,378.5,633.0
566,22.600,9,person,0.6745,337,438,387,539,362.0,488.5,362.0,539.0
566,22.600,10,person,0.6662,1175,406,1215,506,1195.0,456.0,1195.0,506.0
566,22.600,11,person,0.6226,405,377,450,475,427.5,426.0,427.5,475.0
566,22.600,12,person,0.5710,1321,331,1353,413,1337.0,372.0,1337.0,413.0
566,22.600,13,person,0.4918,564,346,597,448,580.5,397.0,580.5,448.0
566,22.600,14,person,0.4368,595,313,635,379,615.0,346.0,615.0,379.0
566,22.600,15,person,0.4304,506,327,545,397,525.5,362.0,525.5,397.0
566,22.600,16,person,0.3521,409,377,448,448,428.5,412.5,428.5,448.0
566,22.600,17,person,0.2808,263,239,301,301,282.0,270.0,282.0,301.0
567,22.640,1,person,0.8248,718,669,778,814,748.0,741.5,748.0,814.0
567,22.640,2,person,0.7677,1488,395,1549,497,1518.5,446.0,1518.5,497.0
567,22.640,3,person,0.7427,1836,485,1916,610,1876.0,547.5,1876.0,610.0
567,22.640,4,person,0.7310,781,596,850,734,815.5,665.0,815.5,734.0
567,22.640,5,person,0.7273,1123,468,1173,578,1148.0,523.0,1148.0,578.0
567,22.640,6,person,0.7076,24,360,72,451,48.0,405.5,48.0,451.0
567,22.640,7,person,0.6948,363,513,409,633,386.0,573.0,386.0,633.0
567,22.640,8,person,0.6899,1191,402,1230,499,1210.5,450.5,1210.5,499.0
567,22.640,9,person,0.6699,1788,905,1874,1079,1831.0,992.0,1831.0,1079.0
567,22.640,10,person,0.6015,341,436,390,543,365.5,489.5,365.5,543.0
567,22.640,11,person,0.6008,1321,329,1369,421,1345.0,375.0,1345.0,421.0
567,22.640,12,person,0.5816,411,377,458,464,434.5,420.5,434.5,464.0
567,22.640,13,person,0.4691,574,346,613,448,593.5,397.0,593.5,448.0
567,22.640,14,person,0.3403,344,435,396,635,370.0,535.0,370.0,635.0
567,22.640,15,person,0.3302,1791,905,1849,1066,1820.0,985.5,1820.0,1066.0
567,22.640,16,person,0.3285,505,328,553,399,529.0,363.5,529.0,399.0
567,22.640,17,person,0.2996,1321,328,1351,404,1336.0,366.0,1336.0,404.0
567,22.640,18,person,0.2992,575,312,630,448,602.5,380.0,602.5,448.0
567,22.640,19,person,0.2610,410,394,456,473,433.0,433.5,433.0,473.0
568,22.680,1,person,0.8115,721,670,778,816,749.5,743.0,749.5,816.0
568,22.680,2,person,0.7549,787,597,850,732,818.5,664.5,818.5,732.0
568,22.680,3,person,0.7394,1195,405,1237,507,1216.0,456.0,1216.0,507.0
568,22.680,4,person,0.7189,1128,468,1165,579,1146.5,523.5,1146.5,579.0
568,22.680,5,person,0.7167,1799,905,1871,1080,1835.0,992.5,1835.0,1080.0
568,22.680,6,person,0.7157,1494,394,1547,498,1520.5,446.0,1520.5,498.0
568,22.680,7,person,0.6948,1851,485,1899,603,1875.0,544.0,1875.0,603.0
568,22.680,8,person,0.6478,30,359,81,455,55.5,407.0,55.5,455.0
568,22.680,9,person,0.6433,367,509,420,632,393.5,570.5,393.5,632.0
568,22.680,10,person,0.5719,579,305,628,449,603.5,377.0,603.5,449.0
568,22.680,11,person,0.5505,412,379,466,477,439.0,428.0,439.0,477.0
568,22.680,12,person,0.5262,355,437,419,632,387.0,534.5,387.0,632.0
568,22.680,13,person,0.5123,503,325,554,401,528.5,363.0,528.5,401.0
568,22.680,14,person,0.4662,1315,327,1376,422,1345.5,374.5,1345.5,422.0
568,22.680,15,person,0.3016,421,379,462,461,441.5,420.0,441.5,461.0
568,22.680,16,person,0.2625,1321,326,1349,390,1335.0,358.0,1335.0,390.0
569,22.720,1,person,0.8118,792,598,849,731,820.5,664.5,820.5,731.0
569,22.720,2,person,0.7719,1129,467,1168,575,1148.5,521.0,1148.5,575.0
569,22.720,3,person,0.7516,725,670,774,817,749.5,743.5,749.5,817.0
569,22.720,4,person,0.7412,1808,907,1860,1079,1834.0,993.0,1834.0,1079.0
569,22.720,5,person,0.7406,1501,394,1542,497,1521.5,445.5,1521.5,497.0
569,22.720,6,person,0.7289,39,357,91,454,65.0,405.5,65.0,454.0
569,22.720,7,person,0.6729,1861,487,1899,597,1880.0,542.0,1880.0,597.0
569,22.720,8,person,0.6387,1211,399,1257,505,1234.0,452.0,1234.0,505.0
569,22.720,9,person,0.6344,423,380,467,466,445.0,423.0,445.0,466.0
569,22.720,10,person,0.6273,356,432,424,632,390.0,532.0,390.0,632.0
569,22.720,11,person,0.6235,363,487,427,632,395.0,559.5,395.0,632.0
569,22.720,12,person,0.5941,583,293,629,449,606.0,371.0,606.0,449.0
569,22.720,13,person,0.4282,417,380,474,474,445.5,427.0,445.5,474.0
569,22.720,14,person,0.4192,1214,398,1254,475,1234.0,436.5,1234.0,475.0
569,22.720,15,person,0.3894,499,328,553,399,526.0,363.5,526.0,399.0
569,22.720,16,person,0.3026,1308,326,1380,417,1344.0,371.5,1344.0,417.0
569,22.720,17,person,0.2934,1320,325,1349,391,1334.5,358.0,1334.5,391.0
569,22.720,18,person,0.2740,1314,326,1361,412,1337.5,369.0,1337.5,412.0
569,22.720,19,person,0.2603,1858,487,1918,598,1888.0,542.5,1888.0,598.0
570,22.760,1,person,0.8167,726,669,782,815,754.0,742.0,754.0,815.0
570,22.760,2,person,0.8091,798,601,848,734,823.0,667.5,823.0,734.0
570,22.760,3,person,0.7906,1807,910,1861,1080,1834.0,995.0,1834.0,1080.0
570,22.760,4,person,0.7739,1131,466,1177,579,1154.0,522.5,1154.0,579.0
570,22.760,5,person,0.7732,1501,394,1540,499,1520.5,446.5,1520.5,499.0
570,22.760,6,person,0.7520,48,359,101,457,74.5,408.0,74.5,457.0
570,22.760,7,person,0.6963,1221,398,1267,509,1244.0,453.5,1244.0,509.0
570,22.760,8,person,0.6938,1866,487,1902,610,1884.0,548.5,1884.0,610.0
570,22.760,9,person,0.6191,426,383,484,473,455.0,428.0,455.0,473.0
570,22.760,10,person,0.5490,370,507,433,632,401.5,569.5,401.5,632.0
570,22.760,11,person,0.5431,587,292,635,444,611.0,368.0,611.0,444.0
570,22.760,12,person,0.5346,356,431,413,543,384.5,487.0,384.5,543.0
570,22.760,13,person,0.4800,428,384,474,456,451.0,420.0,451.0,456.0
570,22.760,14,person,0.4256,1864,487,1919,609,1891.5,548.0,1891.5,609.0
570,22.760,15,person,0.3597,498,325,555,396,526.5,360.5,526.5,396.0
570,22.760,16,person,0.3425,1318,326,1352,404,1335.0,365.0,1335.0,404.0
570,22.760,17,person,0.3169,1320,324,1348,393,1334.0,358.5,1334.0,393.0
570,22.760,18,person,0.2631,363,454,421,626,392.0,540.0,392.0,626.0
571,22.800,1,person,0.8512,1804,906,1868,1080,1836.0,993.0,1836.0,1080.0
571,22.800,2,person,0.8021,1233,393,1276,504,1254.5,448.5,1254.5,504.0
571,22.800,3,person,0.7992,726,666,787,816,756.5,741.0,756.5,816.0
571,22.800,4,person,0.7901,1131,463,1184,577,1157.5,520.0,1157.5,577.0
571,22.800,5,person,0.7580,1501,394,1543,495,1522.0,444.5,1522.0,495.0
571,22.800,6,person,0.7421,432,384,495,477,463.5,430.5,463.5,477.0
571,22.800,7,person,0.7025,800,600,846,721,823.0,660.5,823.0,721.0
571,22.800,8,person,0.7015,59,359,108,454,83.5,406.5,83.5,454.0
571,22.800,9,person,0.6543,375,505,444,634,409.5,569.5,409.5,634.0
571,22.800,10,person,0.6502,1869,486,1905,601,1887.0,543.5,1887.0,601.0
571,22.800,11,person,0.4890,1867,486,1919,603,1893.0,544.5,1893.0,603.0
571,22.800,12,person,0.4689,1315,327,1351,406,1333.0,366.5,1333.0,406.0
571,22.800,13,person,0.4379,494,324,544,393,519.0,358.5,519.0,393.0
571,22.800,14,person,0.4338,493,322,556,400,524.5,361.0,524.5,400.0
571,22.800,15,person,0.3887,585,287,631,445,608.0,366.0,608.0,445.0
571,22.800,16,person,0.3716,362,434,412,540,387.0,487.0,387.0,540.0
571,22.800,17,person,0.3625,588,317,636,446,612.0,381.5,612.0,446.0
571,22.800,18,person,0.3488,1315,330,1378,408,1346.5,369.0,1346.5,408.0
571,22.800,19,person,0.2995,1313,327,1366,420,1339.5,373.5,1339.5,420.0
571,22.800,20,person,0.2947,585,290,635,392,610.0,341.0,610.0,392.0
572,22.840,1,person,0.8320,1796,908,1873,1080,1834.5,994.0,1834.5,1080.0
572,22.840,2,person,0.8259,1132,461,1190,574,1161.0,517.5,1161.0,574.0
572,22.840,3,person,0.7937,1500,393,1551,497,1525.5,445.0,1525.5,497.0
572,22.840,4,person,0.7825,725,663,796,810,760.5,736.5,760.5,810.0
572,22.840,5,person,0.7779,1244,394,1286,504,1265.0,449.0,1265.0,504.0
572,22.840,6,person,0.7533,67,358,119,454,93.0,406.0,93.0,454.0
572,22.840,7,person,0.6982,801,598,857,731,829.0,664.5,829.0,731.0
572,22.840,8,person,0.6716,388,507,450,634,419.0,570.5,419.0,634.0
572,22.840,9,person,0.6328,438,383,494,461,466.0,422.0,466.0,461.0
572,22.840,10,person,0.6029,374,425,449,634,411.5,529.5,411.5,634.0
572,22.840,11,person,0.5785,1872,486,1907,585,1889.5,535.5,1889.5,585.0
572,22.840,12,person,0.5776,1317,330,1346,407,1331.5,368.5,1331.5,407.0
572,22.840,13,person,0.5545,498,322,533,394,515.5,358.0,515.5,394.0
572,22.840,14,person,0.4673,587,303,639,445,613.0,374.0,613.0,445.0
572,22.840,15,person,0.4511,368,430,427,612,397.5,521.0,397.5,612.0
572,22.840,16,person,0.4200,600,354,636,446,618.0,400.0,618.0,446.0
572,22.840,17,person,0.4142,1870,485,1919,594,1894.5,539.5,1894.5,594.0
572,22.840,18,person,0.3907,591,347,640,446,615.5,396.5,615.5,446.0
573,22.880,1,person,0.8803,1794,910,1885,1080,1839.5,995.0,1839.5,1080.0
573,22.880,2,person,0.8205,1131,459,1198,569,1164.5,514.0,1164.5,569.0
573,22.880,3,person,0.8105,723,659,804,807,763.5,733.0,763.5,807.0
573,22.880,4,person,0.8071,74,360,132,455,103.0,407.5,103.0,455.0
573,22.880,5,person,0.7729,1501,391,1558,497,1529.5,444.0,1529.5,497.0
573,22.880,6,person,0.7588,1255,395,1300,505,1277.5,450.0,1277.5,505.0
573,22.880,7,person,0.6526,803,595,867,725,835.0,660.0,835.0,725.0
573,22.880,8,person,0.6346,444,382,502,472,473.0,427.0,473.0,472.0
573,22.880,9,person,0.5947,395,515,450,634,422.5,574.5,422.5,634.0
573,22.880,10,person,0.5095,495,323,533,390,514.0,356.5,514.0,390.0
573,22.880,11,person,0.5018,372,427,442,632,407.0,529.5,407.0,632.0
573,22.880,12,person,0.4974,589,331,639,444,614.0,387.5,614.0,444.0
573,22.880,13,person,0.4960,498,322,542,398,520.0,360.0,520.0,398.0
573,22.880,14,person,0.4766,1871,485,1914,601,1892.5,543.0,1892.5,601.0
573,22.880,15,person,0.4734,1317,329,1350,414,1333.5,371.5,1333.5,414.0
573,22.880,16,person,0.3917,386,426,451,634,418.5,530.0,418.5,634.0
573,22.880,17,person,0.3668,599,348,637,444,618.0,396.0,618.0,444.0
573,22.880,18,person,0.2527,1874,485,1907,577,1890.5,531.0,1890.5,577.0
574,22.920,1,person,0.8377,1497,390,1566,491,1531.5,440.5,1531.5,491.0
574,22.920,2,person,0.8347,1793,912,1893,1080,1843.0,996.0,1843.0,1080.0
574,22.920,3,person,0.8165,81,360,140,452,110.5,406.0,110.5,452.0
574,22.920,4,person,0.8014,723,659,805,802,764.0,730.5,764.0,802.0
574,22.920,5,person,0.7631,1268,396,1308,506,1288.0,451.0,1288.0,506.0
574,22.920,6,person,0.7432,1135,460,1198,569,1166.5,514.5,1166.5,569.0
574,22.920,7,person,0.7309,803,591,880,728,841.5,659.5,841.5,728.0
574,22.920,8,person,0.7126,401,513,459,635,430.0,574.0,430.0,635.0
574,22.920,9,person,0.6966,448,380,504,475,476.0,427.5,476.0,475.0
574,22.920,10,person,0.6332,1872,483,1913,612,1892.5,547.5,1892.5,612.0
574,22.920,11,person,0.5787,492,321,550,396,521.0,358.5,521.0,396.0
574,22.920,12,person,0.5512,381,427,423,534,402.0,480.5,402.0,534.0
574,22.920,13,person,0.5120,605,355,643,444,624.0,399.5,624.0,444.0
574,22.920,14,person,0.4060,1313,330,1350,415,1331.5,372.5,1331.5,415.0
574,22.920,15,person,0.2860,586,316,642,444,614.0,380.0,614.0,444.0
574,22.920,16,person,0.2750,1135,461,1178,568,1156.5,514.5,1156.5,568.0
575,22.960,1,person,0.8331,86,360,153,455,119.5,407.5,119.5,455.0
575,22.960,2,person,0.8101,1492,389,1570,490,1531.0,439.5,1531.0,490.0
575,22.960,3,person,0.7923,1795,914,1900,1080,1847.5,997.0,1847.5,1080.0
575,22.960,4,person,0.7825,1138,461,1187,572,1162.5,516.5,1162.5,572.0
575,22.960,5,person,0.7580,454,374,509,480,481.5,427.0,481.5,480.0
575,22.960,6,person,0.7210,721,661,795,801,758.0,731.0,758.0,801.0
575,22.960,7,person,0.7171,803,592,882,724,842.5,658.0,842.5,724.0
575,22.960,8,person,0.7137,1283,398,1320,504,1301.5,451.0,1301.5,504.0
575,22.960,9,person,0.6452,721,660,773,802,747.0,731.0,747.0,802.0
575,22.960,10,person,0.6205,1871,482,1917,612,1894.0,547.0,1894.0,612.0
575,22.960,11,person,0.6089,406,515,465,634,435.5,574.5,435.5,634.0
575,22.960,12,person,0.5356,488,318,545,399,516.5,358.5,516.5,399.0
575,22.960,13,person,0.5185,385,427,428,531,406.5,479.0,406.5,531.0
575,22.960,14,person,0.5107,618,352,645,447,631.5,399.5,631.5,447.0
575,22.960,15,person,0.3924,1494,388,1542,491,1518.0,439.5,1518.0,491.0
575,22.960,16,person,0.3657,1312,325,1346,396,1329.0,360.5,1329.0,396.0
575,22.960,17,person,0.3127,578,310,628,425,603.0,367.5,603.0,425.0
575,22.960,18,person,0.2868,579,312,617,390,598.0,351.0,598.0,390.0
576,23.000,1,person,0.8348,89,364,155,452,122.0,408.0,122.0,452.0
576,23.000,2,person,0.8314,1797,914,1901,1080,1849.0,997.0,1849.0,1080.0
576,23.000,3,person,0.7971,1138,463,1182,571,1160.0,517.0,1160.0,571.0
576,23.000,4,person,0.7916,716,666,779,803,747.5,734.5,747.5,803.0
576,23.000,5,person,0.7112,1496,390,1547,492,1521.5,441.0,1521.5,492.0
576,23.000,6,person,0.7102,455,374,501,472,478.0,423.0,478.0,472.0
576,23.000,7,person,0.6905,1291,398,1332,503,1311.5,450.5,1311.5,503.0
576,23.000,8,person,0.6843,806,592,882,722,844.0,657.0,844.0,722.0
576,23.000,9,person,0.6559,1863,480,1919,611,1891.0,545.5,1891.0,611.0
576,23.000,10,person,0.6103,620,351,650,445,635.0,398.0,635.0,445.0
576,23.000,11,person,0.6070,412,513,463,631,437.5,572.0,437.5,631.0
576,23.000,12,person,0.5883,389,424,428,530,408.5,477.0,408.5,530.0
576,23.000,13,person,0.5396,1494,390,1568,488,1531.0,439.0,1531.0,488.0
576,23.000,14,person,0.4736,576,311,613,380,594.5,345.5,594.5,380.0
576,23.000,15,person,0.4572,1311,324,1342,400,1326.5,362.0,1326.5,400.0
576,23.000,16,person,0.4466,488,319,542,403,515.0,361.0,515.0,403.0
576,23.000,17,person,0.3467,717,669,803,803,760.0,736.0,760.0,803.0
576,23.000,18,person,0.3148,405,508,454,628,429.5,568.0,429.5,628.0
576,23.000,19,person,0.2635,575,308,619,394,597.0,351.0,597.0,394.0
577,23.040,1,person,0.8482,715,664,777,809,746.0,736.5,746.0,809.0
577,23.040,2,person,0.8120,90,362,163,452,126.5,407.0,126.5,452.0
577,23.040,3,person,0.8092,1137,460,1183,572,1160.0,516.0,1160.0,572.0
577,23.040,4,person,0.7805,1808,912,1902,1080,1855.0,996.0,1855.0,1080.0
577,23.040,5,person,0.6893,1501,392,1545,496,1523.0,444.0,1523.0,496.0
577,23.040,6,person,0.6886,807,592,884,717,845.5,654.5,845.5,717.0
577,23.040,7,person,0.6874,621,349,655,442,638.0,395.5,638.0,442.0
577,23.040,8,person,0.6670,458,376,499,470,478.5,423.0,478.5,470.0
577,23.040,9,person,0.6548,415,509,462,629,438.5,569.0,438.5,629.0
577,23.040,10,person,0.6116,1871,483,1919,611,1895.0,547.0,1895.0,611.0
577,23.040,11,person,0.5982,1302,406,1344,505,1323.0,455.5,1323.0,505.0
577,23.040,12,person,0.5908,393,422,432,533,412.5,477.5,412.5,533.0
577,23.040,13,person,0.5902,1503,392,1566,491,1534.5,441.5,1534.5,491.0
577,23.040,14,person,0.4241,1310,328,1338,403,1324.0,365.5,1324.0,403.0
577,23.040,15,person,0.3268,484,319,528,381,506.0,350.0,506.0,381.0
577,23.040,16,person,0.3159,573,309,616,386,594.5,347.5,594.5,386.0
577,23.040,17,person,0.3083,626,253,660,328,643.0,290.5,643.0,328.0
577,23.040,18,person,0.2796,410,498,450,625,430.0,561.5,430.0,625.0
578,23.080,1,person,0.8684,714,661,780,805,747.0,733.0,747.0,805.0
578,23.080,2,person,0.8310,1815,911,1899,1080,1857.0,995.5,1857.0,1080.0
578,23.080,3,person,0.7820,1137,456,1187,572,1162.0,514.0,1162.0,572.0
578,23.080,4,person,0.7401,93,359,174,447,133.5,403.0,133.5,447.0
578,23.080,5,person,0.7251,417,511,463,630,440.0,570.5,440.0,630.0
578,23.080,6,person,0.6827,1507,391,1543,493,1525.0,442.0,1525.0,493.0
578,23.080,7,person,0.6556,625,348,659,441,642.0,394.5,642.0,441.0
578,23.080,8,person,0.6546,1313,394,1356,505,1334.5,449.5,1334.5,505.0
578,23.080,9,person,0.6437,810,593,871,720,840.5,656.5,840.5,720.0
578,23.080,10,person,0.5924,465,379,498,474,481.5,426.5,481.5,474.0
578,23.080,11,person,0.5885,397,421,434,530,415.5,475.5,415.5,530.0
578,23.080,12,person,0.5341,568,309,617,385,592.5,347.0,592.5,385.0
578,23.080,13,person,0.4027,1884,487,1919,613,1901.5,550.0,1901.5,613.0
578,23.080,14,person,0.3051,475,318,524,385,499.5,351.5,499.5,385.0
578,23.080,15,person,0.2553,1308,331,1335,405,1321.5,368.0,1321.5,405.0
579,23.120,1,person,0.8680,714,659,782,808,748.0,733.5,748.0,808.0
579,23.120,2,person,0.8117,1823,912,1904,1080,1863.5,996.0,1863.5,1080.0
579,23.120,3,person,0.7840,1139,454,1190,572,1164.5,513.0,1164.5,572.0
579,23.120,4,person,0.7311,423,512,466,633,444.5,572.5,444.5,633.0
579,23.120,5,person,0.7246,1508,391,1546,495,1527.0,443.0,1527.0,495.0
579,23.120,6,person,0.7160,1324,399,1369,506,1346.5,452.5,1346.5,506.0
579,23.120,7,person,0.7051,810,586,873,722,841.5,654.0,841.5,722.0
579,23.120,8,person,0.6530,95,360,177,446,136.0,403.0,136.0,446.0
579,23.120,9,person,0.6183,399,422,438,532,418.5,477.0,418.5,532.0
579,23.120,10,person,0.6043,564,305,609,387,586.5,346.0,586.5,387.0
579,23.120,11,person,0.5685,629,347,664,440,646.5,393.5,646.5,440.0
579,23.120,12,person,0.5218,466,374,500,474,483.0,424.0,483.0,474.0
579,23.120,13,person,0.4617,466,317,538,470,502.0,393.5,502.0,470.0
579,23.120,14,person,0.4264,1309,328,1332,405,1320.5,366.5,1320.5,405.0
579,23.120,15,person,0.4104,465,328,502,473,483.5,400.5,483.5,473.0
579,23.120,16,person,0.3290,1892,490,1919,618,1905.5,554.0,1905.5,618.0
579,23.120,17,person,0.2600,469,315,539,385,504.0,350.0,504.0,385.0
580,23.160,1,person,0.8445,712,656,784,803,748.0,729.5,748.0,803.0
580,23.160,2,person,0.8106,1836,912,1906,1080,1871.0,996.0,1871.0,1080.0
580,23.160,3,person,0.7756,1506,388,1549,492,1527.5,440.0,1527.5,492.0
580,23.160,4,person,0.7472,96,359,181,447,138.5,403.0,138.5,447.0
580,23.160,5,person,0.7266,1336,400,1380,506,1358.0,453.0,1358.0,506.0
580,23.160,6,person,0.7145,813,586,866,717,839.5,651.5,839.5,717.0
580,23.160,7,person,0.7020,1141,451,1194,565,1167.5,508.0,1167.5,565.0
580,23.160,8,person,0.6986,429,507,472,630,450.5,568.5,450.5,630.0
580,23.160,9,person,0.6519,562,305,605,389,583.5,347.0,583.5,389.0
580,23.160,10,person,0.6329,402,426,444,533,423.0,479.5,423.0,533.0
580,23.160,11,person,0.5688,637,346,665,436,651.0,391.0,651.0,436.0
580,23.160,12,person,0.5174,470,317,533,468,501.5,392.5,501.5,468.0
580,23.160,13,person,0.4972,1306,329,1334,413,1320.0,371.0,1320.0,413.0
580,23.160,14,person,0.2955,469,363,505,473,487.0,418.0,487.0,473.0
580,23.160,15,person,0.2887,470,315,532,407,501.0,361.0,501.0,407.0
580,23.160,16,person,0.2774,1897,487,1919,623,1908.0,555.0,1908.0,623.0
581,23.200,1,person,0.8737,707,648,786,797,746.5,722.5,746.5,797.0
581,23.200,2,person,0.8223,1847,911,1910,1080,1878.5,995.5,1878.5,1080.0
581,23.200,3,person,0.7704,1505,385,1555,495,1530.0,440.0,1530.0,495.0
581,23.200,4,person,0.7626,1346,396,1389,506,1367.5,451.0,1367.5,506.0
581,23.200,5,person,0.7377,1140,451,1196,559,1168.0,505.0,1168.0,559.0
581,23.200,6,person,0.7118,431,515,480,632,455.5,573.5,455.5,632.0
581,23.200,7,person,0.7094,97,358,180,443,138.5,400.5,138.5,443.0
581,23.200,8,person,0.6941,643,343,669,436,656.0,389.5,656.0,436.0
581,23.200,9,person,0.6767,812,582,874,717,843.0,649.5,843.0,717.0
581,23.200,10,person,0.6473,406,425,450,532,428.0,478.5,428.0,532.0
581,23.200,11,person,0.5614,1302,325,1334,417,1318.0,371.0,1318.0,417.0
581,23.200,12,person,0.5417,561,308,598,390,579.5,349.0,579.5,390.0
581,23.200,13,person,0.5174,470,315,515,468,492.5,391.5,492.5,468.0
581,23.200,14,person,0.3685,647,257,678,327,662.5,292.0,662.5,327.0
582,23.240,1,person,0.8867,706,647,791,795,748.5,721.0,748.5,795.0
582,23.240,2,person,0.7871,1506,384,1558,490,1532.0,437.0,1532.0,490.0
582,23.240,3,person,0.7475,1140,449,1198,556,1169.0,502.5,1169.0,556.0
582,23.240,4,person,0.7249,812,579,879,719,845.5,649.0,845.5,719.0
582,23.240,5,person,0.7058,103,358,171,441,137.0,399.5,137.0,441.0
582,23.240,6,person,0.6992,1360,395,1399,503,1379.5,449.0,1379.5,503.0
582,23.240,7,person,0.6918,409,425,452,529,430.5,477.0,430.5,529.0
582,23.240,8,person,0.6849,432,517,488,631,460.0,574.0,460.0,631.0
582,23.240,9,person,0.6660,646,344,673,436,659.5,390.0,659.5,436.0
582,23.240,10,person,0.6442,1851,911,1918,1080,1884.5,995.5,1884.5,1080.0
582,23.240,11,person,0.5561,556,308,597,391,576.5,349.5,576.5,391.0
582,23.240,12,person,0.5462,1295,325,1338,423,1316.5,374.0,1316.5,423.0
582,23.240,13,person,0.5065,469,320,516,474,492.5,397.0,492.5,474.0
582,23.240,14,person,0.4696,471,363,512,473,491.5,418.0,491.5,473.0
582,23.240,15,person,0.4093,866,245,898,316,882.0,280.5,882.0,316.0
582,23.240,16,person,0.3412,650,250,683,324,666.5,287.0,666.5,324.0
582,23.240,17,person,0.3372,428,492,477,632,452.5,562.0,452.5,632.0
582,23.240,18,person,0.2872,1900,486,1919,587,1909.5,536.5,1909.5,587.0
582,23.240,19,person,0.2583,813,579,864,707,838.5,643.0,838.5,707.0
583,23.280,1,person,0.8660,707,645,788,790,747.5,717.5,747.5,790.0
583,23.280,2,person,0.7706,1502,384,1564,486,1533.0,435.0,1533.0,486.0
583,23.280,3,person,0.7600,1370,394,1409,502,1389.5,448.0,1389.5,502.0
583,23.280,4,person,0.7496,107,355,166,441,136.5,398.0,136.5,441.0
583,23.280,5,person,0.7240,814,577,878,712,846.0,644.5,846.0,712.0
583,23.280,6,person,0.7200,435,514,493,632,464.0,573.0,464.0,632.0
583,23.280,7,person,0.6924,412,423,454,527,433.0,475.0,433.0,527.0
583,23.280,8,person,0.6638,1142,452,1188,557,1165.0,504.5,1165.0,557.0
583,23.280,9,person,0.6289,549,306,599,387,574.0,346.5,574.0,387.0
583,23.280,10,person,0.5964,1853,912,1919,1080,1886.0,996.0,1886.0,1080.0
583,23.280,11,person,0.5925,648,346,679,436,663.5,391.0,663.5,436.0
583,23.280,12,person,0.5361,470,375,512,472,491.0,423.5,491.0,472.0
583,23.280,13,person,0.4742,1294,325,1331,419,1312.5,372.0,1312.5,419.0
583,23.280,14,person,0.4034,650,261,688,328,669.0,294.5,669.0,328.0
583,23.280,15,person,0.3070,464,317,517,471,490.5,394.0,490.5,471.0
583,23.280,16,person,0.2930,869,245,900,311,884.5,278.0,884.5,311.0
583,23.280,17,person,0.2713,458,316,515,379,486.5,347.5,486.5,379.0
584,23.320,1,person,0.8490,708,644,782,793,745.0,718.5,745.0,793.0
584,23.320,2,person,0.7701,436,515,499,634,467.5,574.5,467.5,634.0
584,23.320,3,person,0.7501,109,353,174,439,141.5,396.0,141.5,439.0
584,23.320,4,person,0.7460,816,578,876,708,846.0,643.0,846.0,708.0
584,23.320,5,person,0.7296,1495,384,1564,487,1529.5,435.5,1529.5,487.0
584,23.320,6,person,0.7160,545,306,606,386,575.5,346.0,575.5,386.0
584,23.320,7,person,0.7060,1385,394,1421,503,1403.0,448.5,1403.0,503.0
584,23.320,8,person,0.6972,1146,453,1183,562,1164.5,507.5,1164.5,562.0
584,23.320,9,person,0.6729,1850,915,1919,1080,1884.5,997.5,1884.5,1080.0
584,23.320,10,person,0.6491,415,421,458,527,436.5,474.0,436.5,527.0
584,23.320,11,person,0.5511,648,352,682,436,665.0,394.0,665.0,436.0
584,23.320,12,person,0.4872,469,372,517,472,493.0,422.0,493.0,472.0
584,23.320,13,person,0.4070,1297,326,1327,418,1312.0,372.0,1312.0,418.0
584,23.320,14,person,0.3865,1902,479,1919,614,1910.5,546.5,1910.5,614.0
584,23.320,15,person,0.3382,464,315,518,469,491.0,392.0,491.0,469.0
584,23.320,16,person,0.2802,456,315,515,395,485.5,355.0,485.5,395.0
585,23.360,1,person,0.8295,710,648,774,789,742.0,718.5,742.0,789.0
585,23.360,2,person,0.7847,109,350,180,443,144.5,396.5,144.5,443.0
585,23.360,3,person,0.7462,816,583,875,711,845.5,647.0,845.5,711.0
585,23.360,4,person,0.7359,1147,454,1184,562,1165.5,508.0,1165.5,562.0
585,23.360,5,person,0.7146,650,353,689,436,669.5,394.5,669.5,436.0
585,23.360,6,person,0.7116,442,517,500,633,471.0,575.0,471.0,633.0
585,23.360,7,person,0.6931,1498,383,1563,485,1530.5,434.0,1530.5,485.0
585,23.360,8,person,0.6721,1850,920,1919,1080,1884.5,1000.0,1884.5,1080.0
585,23.360,9,person,0.6681,1396,392,1432,499,1414.0,445.5,1414.0,499.0
585,23.360,10,person,0.6641,417,418,461,528,439.0,473.0,439.0,528.0
585,23.360,11,person,0.5576,480,377,519,473,499.5,425.0,499.5,473.0
585,23.360,12,person,0.3911,453,313,488,389,470.5,351.0,470.5,389.0
585,23.360,13,person,0.3645,541,305,580,376,560.5,340.5,560.5,376.0
585,23.360,14,person,0.3370,1296,325,1327,422,1311.5,373.5,1311.5,422.0
585,23.360,15,person,0.3171,1502,383,1546,485,1524.0,434.0,1524.0,485.0
585,23.360,16,person,0.3161,538,303,597,384,567.5,343.5,567.5,384.0
586,23.400,1,person,0.8120,110,348,182,439,146.0,393.5,146.0,439.0
586,23.400,2,person,0.7735,712,650,765,790,738.5,720.0,738.5,790.0
586,23.400,3,person,0.7695,819,585,876,709,847.5,647.0,847.5,709.0
586,23.400,4,person,0.7676,649,351,698,440,673.5,395.5,673.5,440.0
586,23.400,5,person,0.7216,1411,392,1446,500,1428.5,446.0,1428.5,500.0
586,23.400,6,person,0.6815,1149,453,1187,575,1168.0,514.0,1168.0,575.0
586,23.400,7,person,0.6688,419,423,469,531,444.0,477.0,444.0,531.0
586,23.400,8,person,0.5777,1508,385,1546,488,1527.0,436.5,1527.0,488.0
586,23.400,9,person,0.5748,1853,922,1919,1079,1886.0,1000.5,1886.0,1079.0
586,23.400,10,person,0.5550,446,515,505,630,475.5,572.5,475.5,630.0
586,23.400,11,person,0.5532,485,378,525,475,505.0,426.5,505.0,475.0
586,23.400,12,person,0.4913,535,302,576,377,555.5,339.5,555.5,377.0
586,23.400,13,person,0.4166,451,312,485,387,468.0,349.5,468.0,387.0
586,23.400,14,person,0.4095,1293,323,1327,422,1310.0,372.5,1310.0,422.0
586,23.400,15,person,0.3536,1509,385,1560,485,1534.5,435.0,1534.5,485.0
586,23.400,16,person,0.3406,532,302,589,384,560.5,343.0,560.5,384.0
587,23.440,1,person,0.7905,824,585,875,709,849.5,647.0,849.5,709.0
587,23.440,2,person,0.7818,711,648,769,797,740.0,722.5,740.0,797.0
587,23.440,3,person,0.7423,111,349,162,440,136.5,394.5,136.5,440.0
587,23.440,4,person,0.7341,656,351,704,439,680.0,395.0,680.0,439.0
587,23.440,5,person,0.7069,1422,393,1458,505,1440.0,449.0,1440.0,505.0
587,23.440,6,person,0.6669,419,418,471,529,445.0,473.5,445.0,529.0
587,23.440,7,person,0.6579,1149,451,1193,571,1171.0,511.0,1171.0,571.0
587,23.440,8,person,0.6363,1513,385,1550,492,1531.5,438.5,1531.5,492.0
587,23.440,9,person,0.5617,489,377,522,475,505.5,426.0,505.5,475.0
587,23.440,10,person,0.5541,453,514,512,632,482.5,573.0,482.5,632.0
587,23.440,11,person,0.5348,448,312,493,386,470.5,349.0,470.5,386.0
587,23.440,12,person,0.4934,1862,925,1919,1080,1890.5,1002.5,1890.5,1080.0
587,23.440,13,person,0.4526,530,301,571,385,550.5,343.0,550.5,385.0
587,23.440,14,person,0.4168,1291,323,1327,402,1309.0,362.5,1309.0,402.0
587,23.440,15,person,0.2920,889,251,921,317,905.0,284.0,905.0,317.0
587,23.440,16,person,0.2546,673,256,708,325,690.5,290.5,690.5,325.0
588,23.480,1,person,0.8119,711,646,776,792,743.5,719.0,743.5,792.0
588,23.480,2,person,0.7884,114,349,163,441,138.5,395.0,138.5,441.0
588,23.480,3,person,0.7445,1512,385,1549,492,1530.5,438.5,1530.5,492.0
588,23.480,4,person,0.7352,1434,393,1475,502,1454.5,447.5,1454.5,502.0
588,23.480,5,person,0.7109,459,512,513,634,486.0,573.0,486.0,634.0
588,23.480,6,person,0.6782,421,415,477,526,449.0,470.5,449.0,526.0
588,23.480,7,person,0.6695,827,585,875,713,851.0,649.0,851.0,713.0
588,23.480,8,person,0.6339,1149,446,1192,561,1170.5,503.5,1170.5,561.0
588,23.480,9,person,0.5966,531,303,569,390,550.0,346.5,550.0,390.0
588,23.480,10,person,0.5842,663,350,709,438,686.0,394.0,686.0,438.0
588,23.480,11,person,0.5840,492,372,531,479,511.5,425.5,511.5,479.0
588,23.480,12,person,0.5655,1869,924,1919,1080,1894.0,1002.0,1894.0,1080.0
588,23.480,13,person,0.5023,445,309,489,386,467.0,347.5,467.0,386.0
588,23.480,14,person,0.3693,1881,924,1919,1062,1900.0,993.0,1900.0,1062.0
588,23.480,15,person,0.3069,679,255,710,327,694.5,291.0,694.5,327.0
588,23.480,16,person,0.2620,1291,327,1335,407,1313.0,367.0,1313.0,407.0
589,23.520,1,person,0.8257,710,645,782,790,746.0,717.5,746.0,790.0
589,23.520,2,person,0.7982,115,346,163,440,139.0,393.0,139.0,440.0
589,23.520,3,person,0.7673,1513,383,1555,492,1534.0,437.5,1534.0,492.0
589,23.520,4,person,0.7339,1146,445,1206,559,1176.0,502.0,1176.0,559.0
589,23.520,5,person,0.7156,464,511,511,631,487.5,571.0,487.5,631.0
589,23.520,6,person,0.7006,1445,396,1486,507,1465.5,451.5,1465.5,507.0
589,23.520,7,person,0.6855,429,415,481,525,455.0,470.0,455.0,525.0
589,23.520,8,person,0.6585,833,583,874,707,853.5,645.0,853.5,707.0
589,23.520,9,person,0.6155,531,301,569,392,550.0,346.5,550.0,392.0
589,23.520,10,person,0.5403,496,373,532,481,514.0,427.0,514.0,481.0
589,23.520,11,person,0.5137,671,353,711,437,691.0,395.0,691.0,437.0
589,23.520,12,person,0.4755,1884,923,1919,1079,1901.5,1001.0,1901.5,1079.0
589,23.520,13,person,0.2773,1285,333,1330,409,1307.5,371.0,1307.5,409.0
590,23.560,1,person,0.8282,709,641,786,786,747.5,713.5,747.5,786.0
590,23.560,2,person,0.7790,1516,382,1565,491,1540.5,436.5,1540.5,491.0
590,23.560,3,person,0.7773,116,346,171,439,143.5,392.5,143.5,439.0
590,23.560,4,person,0.7745,1144,444,1209,557,1176.5,500.5,1176.5,557.0
590,23.560,5,person,0.7581,469,513,511,633,490.0,573.0,490.0,633.0
590,23.560,6,person,0.7551,836,579,887,712,861.5,645.5,861.5,712.0
590,23.560,7,person,0.7482,1459,398,1500,508,1479.5,453.0,1479.5,508.0
590,23.560,8,person,0.6968,432,413,483,526,457.5,469.5,457.5,526.0
590,23.560,9,person,0.5950,676,354,710,437,693.0,395.5,693.0,437.0
590,23.560,10,person,0.4912,499,372,530,477,514.5,424.5,514.5,477.0
590,23.560,11,person,0.4732,1894,919,1919,1080,1906.5,999.5,1906.5,1080.0
590,23.560,12,person,0.4623,526,299,563,388,544.5,343.5,544.5,388.0
590,23.560,13,person,0.4302,1283,335,1328,412,1305.5,373.5,1305.5,412.0
590,23.560,14,person,0.4171,432,310,495,389,463.5,349.5,463.5,389.0
590,23.560,15,person,0.4164,1268,336,1332,428,1300.0,382.0,1300.0,428.0
591,23.600,1,person,0.8409,708,641,791,786,749.5,713.5,749.5,786.0
591,23.600,2,person,0.7852,116,345,180,439,148.0,392.0,148.0,439.0
591,23.600,3,person,0.7807,1470,398,1512,507,1491.0,452.5,1491.0,507.0
591,23.600,4,person,0.7602,837,577,900,714,868.5,645.5,868.5,714.0
591,23.600,5,person,0.7244,475,512,516,635,495.5,573.5,495.5,635.0
591,23.600,6,person,0.7114,1517,383,1572,491,1544.5,437.0,1544.5,491.0
591,23.600,7,person,0.6723,1273,337,1327,427,1300.0,382.0,1300.0,427.0
591,23.600,8,person,0.6687,438,412,489,526,463.5,469.0,463.5,526.0
591,23.600,9,person,0.6453,1153,445,1203,560,1178.0,502.5,1178.0,560.0
591,23.600,10,person,0.5023,504,380,535,485,519.5,432.5,519.5,485.0
591,23.600,11,person,0.4466,433,308,491,390,462.0,349.0,462.0,390.0
591,23.600,12,person,0.4219,678,347,720,439,699.0,393.0,699.0,439.0
591,23.600,13,person,0.3048,696,257,722,328,709.0,292.5,709.0,328.0
591,23.600,14,person,0.2959,1901,914,1919,1079,1910.0,996.5,1910.0,1079.0
591,23.600,15,person,0.2925,514,300,577,389,545.5,344.5,545.5,389.0
591,23.600,16,person,0.2826,522,298,559,378,540.5,338.0,540.5,378.0
591,23.600,17,person,0.2584,1153,445,1187,559,1170.0,502.0,1170.0,559.0
592,23.640,1,person,0.8496,837,576,907,714,872.0,645.0,872.0,714.0
592,23.640,2,person,0.8436,708,644,792,784,750.0,714.0,750.0,784.0
592,23.640,3,person,0.8415,117,346,187,440,152.0,393.0,152.0,440.0
592,23.640,4,person,0.7589,478,512,521,634,499.5,573.0,499.5,634.0
592,23.640,5,person,0.7041,1158,451,1207,563,1182.5,507.0,1182.5,563.0
592,23.640,6,person,0.6899,1519,384,1581,495,1550.0,439.5,1550.0,495.0
592,23.640,7,person,0.6844,444,413,490,524,467.0,468.5,467.0,524.0
592,23.640,8,person,0.6652,1486,399,1522,506,1504.0,452.5,1504.0,506.0
592,23.640,9,person,0.6305,1270,338,1336,427,1303.0,382.5,1303.0,427.0
592,23.640,10,person,0.5657,686,346,724,438,705.0,392.0,705.0,438.0
592,23.640,11,person,0.4524,435,309,487,390,461.0,349.5,461.0,390.0
592,23.640,12,person,0.3952,506,380,540,480,523.0,430.0,523.0,480.0
592,23.640,13,person,0.3277,700,261,725,330,712.5,295.5,712.5,330.0
592,23.640,14,person,0.3094,519,298,554,370,536.5,334.0,536.5,370.0
592,23.640,15,person,0.2746,518,299,569,385,543.5,342.0,543.5,385.0
593,23.680,1,person,0.8483,842,577,914,715,878.0,646.0,878.0,715.0
593,23.680,2,person,0.7979,115,345,191,442,153.0,393.5,153.0,442.0
593,23.680,3,person,0.7621,1160,450,1205,560,1182.5,505.0,1182.5,560.0
593,23.680,4,person,0.7528,709,644,778,786,743.5,715.0,743.5,786.0
593,23.680,5,person,0.7131,484,513,530,633,507.0,573.0,507.0,633.0
593,23.680,6,person,0.6439,445,421,495,526,470.0,473.5,470.0,526.0
593,23.680,7,person,0.5972,434,308,475,391,454.5,349.5,454.5,391.0
593,23.680,8,person,0.5865,1512,383,1591,506,1551.5,444.5,1551.5,506.0
593,23.680,9,person,0.5629,690,349,727,438,708.5,393.5,708.5,438.0
593,23.680,10,person,0.5499,1497,401,1534,506,1515.5,453.5,1515.5,506.0
593,23.680,11,person,0.3679,519,302,553,358,536.0,330.0,536.0,358.0
593,23.680,12,person,0.3083,1280,340,1338,426,1309.0,383.0,1309.0,426.0
593,23.680,13,person,0.3021,510,370,545,482,527.5,426.0,527.5,482.0
593,23.680,14,person,0.2987,115,346,168,439,141.5,392.5,141.5,439.0
593,23.680,15,person,0.2704,444,420,518,525,481.0,472.5,481.0,525.0
594,23.720,1,person,0.8931,846,577,918,713,882.0,645.0,882.0,713.0
594,23.720,2,person,0.8047,118,345,197,439,157.5,392.0,157.5,439.0
594,23.720,3,person,0.7679,707,645,771,787,739.0,716.0,739.0,787.0
594,23.720,4,person,0.7525,486,513,543,635,514.5,574.0,514.5,635.0
594,23.720,5,person,0.7496,1164,449,1208,561,1186.0,505.0,1186.0,561.0
594,23.720,6,person,0.6846,450,422,505,526,477.5,474.0,477.5,526.0
594,23.720,7,person,0.6352,433,308,473,391,453.0,349.5,453.0,391.0
594,23.720,8,person,0.5553,694,353,730,438,712.0,395.5,712.0,438.0
594,23.720,9,person,0.5326,520,386,550,467,535.0,426.5,535.0,467.0
594,23.720,10,person,0.5289,1282,344,1345,430,1313.5,387.0,1313.5,430.0
594,23.720,11,person,0.4625,1512,397,1557,500,1534.5,448.5,1534.5,500.0
594,23.720,12,person,0.3702,1517,381,1589,497,1553.0,439.0,1553.0,497.0
594,23.720,13,person,0.3316,514,301,551,370,532.5,335.5,532.5,370.0
594,23.720,14,person,0.2703,508,301,559,391,533.5,346.0,533.5,391.0
594,23.720,15,person,0.2570,1512,396,1540,477,1526.0,436.5,1526.0,477.0
595,23.760,1,person,0.8286,848,582,924,713,886.0,647.5,886.0,713.0
595,23.760,2,person,0.8229,709,645,768,787,738.5,716.0,738.5,787.0
595,23.760,3,person,0.8078,119,346,195,440,157.0,393.0,157.0,440.0
595,23.760,4,person,0.7529,1522,383,1590,504,1556.0,443.5,1556.0,504.0
595,23.760,5,person,0.7510,486,514,550,635,518.0,574.5,518.0,635.0
595,23.760,6,person,0.7055,455,425,511,528,483.0,476.5,483.0,528.0
595,23.760,7,person,0.6766,1167,451,1213,561,1190.0,506.0,1190.0,561.0
595,23.760,8,person,0.6352,431,309,475,390,453.0,349.5,453.0,390.0
595,23.760,9,person,0.6210,697,353,738,434,717.5,393.5,717.5,434.0
595,23.760,10,person,0.6015,526,392,557,463,541.5,427.5,541.5,463.0
595,23.760,11,person,0.5350,1278,341,1352,429,1315.0,385.0,1315.0,429.0
595,23.760,12,person,0.3900,512,304,548,390,530.0,347.0,530.0,390.0
595,23.760,13,person,0.3213,512,304,563,393,537.5,348.5,537.5,393.0
595,23.760,14,person,0.2883,1527,385,1571,479,1549.0,432.0,1549.0,479.0
595,23.760,15,person,0.2686,119,346,163,434,141.0,390.0,141.0,434.0
596,23.800,1,person,0.8348,712,642,771,790,741.5,716.0,741.5,790.0
596,23.800,2,person,0.8266,852,582,927,712,889.5,647.0,889.5,712.0
596,23.800,3,person,0.8052,121,347,187,437,154.0,392.0,154.0,437.0
596,23.800,4,person,0.7736,496,514,566,636,531.0,575.0,531.0,636.0
596,23.800,5,person,0.7393,1172,443,1222,562,1197.0,502.5,1197.0,562.0
596,23.800,6,person,0.7011,463,425,537,534,500.0,479.5,500.0,534.0
596,23.800,7,person,0.6807,711,356,745,436,728.0,396.0,728.0,436.0
596,23.800,8,person,0.6670,1538,389,1587,505,1562.5,447.0,1562.5,505.0
596,23.800,9,person,0.6604,431,309,481,391,456.0,350.0,456.0,391.0
596,23.800,10,person,0.5844,1297,344,1357,428,1327.0,386.0,1327.0,428.0
596,23.800,11,person,0.4220,530,395,569,486,549.5,440.5,549.5,486.0
596,23.800,12,person,0.3687,698,354,746,438,722.0,396.0,722.0,438.0
596,23.800,13,person,0.3407,522,391,565,473,543.5,432.0,543.5,473.0
596,23.800,14,person,0.3276,518,303,561,473,539.5,388.0,539.5,473.0
596,23.800,15,person,0.2748,515,306,557,419,536.0,362.5,536.0,419.0
597,23.840,1,person,0.8501,859,579,920,713,889.5,646.0,889.5,713.0
597,23.840,2,person,0.8252,128,342,177,439,152.5,390.5,152.5,439.0
597,23.840,3,person,0.8229,506,514,571,640,538.5,577.0,538.5,640.0
597,23.840,4,person,0.7829,717,638,780,789,748.5,713.5,748.5,789.0
597,23.840,5,person,0.7546,1177,443,1233,562,1205.0,502.5,1205.0,562.0
597,23.840,6,person,0.7132,1546,389,1597,506,1571.5,447.5,1571.5,506.0
597,23.840,7,person,0.7057,471,427,533,530,502.0,478.5,502.0,530.0
597,23.840,8,person,0.6235,429,307,475,380,452.0,343.5,452.0,380.0
597,23.840,9,person,0.5941,1305,342,1359,432,1332.0,387.0,1332.0,432.0
597,23.840,10,person,0.5170,720,365,753,435,736.5,400.0,736.5,435.0
597,23.840,11,person,0.4303,702,362,752,438,727.0,400.0,727.0,438.0
597,23.840,12,person,0.4092,534,393,578,482,556.0,437.5,556.0,482.0
597,23.840,13,person,0.3295,518,305,567,457,542.5,381.0,542.5,457.0
597,23.840,14,person,0.3003,523,389,572,469,547.5,429.0,547.5,469.0
597,23.840,15,person,0.3000,515,307,549,391,532.0,349.0,532.0,391.0
597,23.840,16,person,0.2713,732,266,766,333,749.0,299.5,749.0,333.0
597,23.840,17,person,0.2676,514,306,561,424,537.5,365.0,537.5,424.0
598,23.880,1,person,0.8365,1180,442,1241,556,1210.5,499.0,1210.5,556.0
598,23.880,2,person,0.8301,867,577,925,717,896.0,647.0,896.0,717.0
598,23.880,3,person,0.8083,130,344,178,441,154.0,392.5,154.0,441.0
598,23.880,4,person,0.7978,517,522,585,639,551.0,580.5,551.0,639.0
598,23.880,5,person,0.7695,720,634,783,784,751.5,709.0,751.5,784.0
598,23.880,6,person,0.7271,1555,387,1618,507,1586.5,447.0,1586.5,507.0
598,23.880,7,person,0.6586,711,361,765,440,738.0,400.5,738.0,440.0
598,23.880,8,person,0.6345,423,307,479,386,451.0,346.5,451.0,386.0
598,23.880,9,person,0.5787,539,393,583,470,561.0,431.5,561.0,470.0
598,23.880,10,person,0.5771,1319,344,1359,436,1339.0,390.0,1339.0,436.0
598,23.880,11,person,0.5212,482,428,544,525,513.0,476.5,513.0,525.0
598,23.880,12,person,0.5013,1324,344,1360,410,1342.0,377.0,1342.0,410.0
598,23.880,13,person,0.4792,726,360,764,437,745.0,398.5,745.0,437.0
598,23.880,14,person,0.4472,738,266,778,329,758.0,297.5,758.0,329.0
598,23.880,15,person,0.4100,512,305,557,388,534.5,346.5,534.5,388.0
598,23.880,16,person,0.4052,516,304,573,429,544.5,366.5,544.5,429.0
598,23.880,17,person,0.3651,511,304,569,406,540.0,355.0,540.0,406.0
598,23.880,18,person,0.3407,428,305,465,382,446.5,343.5,446.5,382.0
598,23.880,19,person,0.3117,532,391,579,465,555.5,428.0,555.5,465.0
599,23.920,1,person,0.7901,873,576,926,715,899.5,645.5,899.5,715.0
599,23.920,2,person,0.7822,725,631,794,784,759.5,707.5,759.5,784.0
599,23.920,3,person,0.7740,134,342,193,440,163.5,391.0,163.5,440.0
599,23.920,4,person,0.7621,1562,385,1628,505,1595.0,445.0,1595.0,505.0
599,23.920,5,person,0.7574,1185,445,1247,557,1216.0,501.0,1216.0,557.0
599,23.920,6,person,0.7241,530,520,593,641,561.5,580.5,561.5,641.0
599,23.920,7,person,0.7178,725,359,777,445,751.0,402.0,751.0,445.0
599,23.920,8,person,0.6660,493,420,555,525,524.0,472.5,524.0,525.0
599,23.920,9,person,0.6170,513,302,566,391,539.5,346.5,539.5,391.0
599,23.920,10,person,0.6101,544,396,598,497,571.0,446.5,571.0,497.0
599,23.920,11,person,0.4854,1324,346,1362,434,1343.0,390.0,1343.0,434.0
599,23.920,12,person,0.4646,430,314,476,388,453.0,351.0,453.0,388.0
599,23.920,13,person,0.3986,747,268,787,333,767.0,300.5,767.0,333.0
599,23.920,14,person,0.3747,545,395,591,464,568.0,429.5,568.0,464.0
600,23.960,1,person,0.8446,883,574,936,715,909.5,644.5,909.5,715.0
600,23.960,2,person,0.8153,731,631,803,779,767.0,705.0,767.0,779.0
600,23.960,3,person,0.7758,141,343,197,437,169.0,390.0,169.0,437.0
600,23.960,4,person,0.7578,1196,445,1241,557,1218.5,501.0,1218.5,557.0
600,23.960,5,person,0.7294,539,518,604,643,571.5,580.5,571.5,643.0
600,23.960,6,person,0.7287,1571,386,1651,506,1611.0,446.0,1611.0,506.0
600,23.960,7,person,0.6951,505,425,564,523,534.5,474.0,534.5,523.0
600,23.960,8,person,0.6013,743,364,789,449,766.0,406.5,766.0,449.0
600,23.960,9,person,0.5759,438,312,477,381,457.5,346.5,457.5,381.0
600,23.960,10,person,0.5756,512,301,567,391,539.5,346.0,539.5,391.0
600,23.960,11,person,0.5022,558,395,605,496,581.5,445.5,581.5,496.0
600,23.960,12,person,0.4715,513,300,553,388,533.0,344.0,533.0,388.0
600,23.960,13,person,0.3996,1332,345,1367,431,1349.5,388.0,1349.5,431.0
600,23.960,14,person,0.3055,758,273,798,329,778.0,301.0,778.0,329.0
600,23.960,15,person,0.2974,438,312,487,393,462.5,352.5,462.5,393.0
600,23.960,16,person,0.2936,988,255,1019,330,1003.5,292.5,1003.5,330.0
601,24.000,1,person,0.8498,887,573,945,717,916.0,645.0,916.0,717.0
601,24.000,2,person,0.7955,1203,449,1251,558,1227.0,503.5,1227.0,558.0
601,24.000,3,person,0.7758,749,359,802,449,775.5,404.0,775.5,449.0
601,24.000,4,person,0.7695,145,344,202,436,173.5,390.0,173.5,436.0
601,24.000,5,person,0.7535,734,634,805,781,769.5,707.5,769.5,781.0
601,24.000,6,person,0.7138,1614,400,1671,511,1642.5,455.5,1642.5,511.0
601,24.000,7,person,0.6422,549,520,611,642,580.0,581.0,580.0,642.0
601,24.000,8,person,0.6338,1578,383,1622,502,1600.0,442.5,1600.0,502.0
601,24.000,9,person,0.5689,1336,342,1376,436,1356.0,389.0,1356.0,436.0
601,24.000,10,person,0.5680,516,423,577,525,546.5,474.0,546.5,525.0
601,24.000,11,person,0.5281,568,395,611,502,589.5,448.5,589.5,502.0
601,24.000,12,person,0.4889,512,300,551,388,531.5,344.0,531.5,388.0
601,24.000,13,person,0.4851,770,274,805,331,787.5,302.5,787.5,331.0
601,24.000,14,person,0.4240,441,308,483,393,462.0,350.5,462.0,393.0
601,24.000,15,person,0.3628,1000,257,1027,328,1013.5,292.5,1013.5,328.0
601,24.000,16,person,0.3167,549,570,611,643,580.0,606.5,580.0,643.0
602,24.040,1,person,0.8065,735,639,806,782,770.5,710.5,770.5,782.0
602,24.040,2,person,0.7900,149,346,204,436,176.5,391.0,176.5,436.0
602,24.040,3,person,0.7896,1212,449,1250,559,1231.0,504.0,1231.0,559.0
602,24.040,4,person,0.7474,897,575,954,712,925.5,643.5,925.5,712.0
602,24.040,5,person,0.7246,1577,384,1630,495,1603.5,439.5,1603.5,495.0
602,24.040,6,person,0.7204,759,360,808,449,783.5,404.5,783.5,449.0
602,24.040,7,person,0.6678,1628,403,1693,514,1660.5,458.5,1660.5,514.0
602,24.040,8,person,0.6060,560,515,610,642,585.0,578.5,585.0,642.0
602,24.040,9,person,0.5293,579,396,620,502,599.5,449.0,599.5,502.0
602,24.040,10,person,0.4856,526,429,593,526,559.5,477.5,559.5,526.0
602,24.040,11,person,0.4609,513,299,551,387,532.0,343.0,532.0,387.0
602,24.040,12,person,0.4363,778,270,808,332,793.0,301.0,793.0,332.0
602,24.040,13,person,0.4283,444,305,483,388,463.5,346.5,463.5,388.0
602,24.040,14,person,0.3660,1345,346,1385,432,1365.0,389.0,1365.0,432.0
602,24.040,15,person,0.3413,513,297,583,389,548.0,343.0,548.0,389.0
602,24.040,16,person,0.3097,1009,258,1041,327,1025.0,292.5,1025.0,327.0
602,24.040,17,person,0.2734,1630,402,1675,504,1652.5,453.0,1652.5,504.0
603,24.080,1,person,0.8198,746,648,800,783,773.0,715.5,773.0,783.0
603,24.080,2,person,0.8140,905,577,961,711,933.0,644.0,933.0,711.0
603,24.080,3,person,0.8017,1640,408,1713,516,1676.5,462.0,1676.5,516.0
603,24.080,4,person,0.7783,154,347,214,435,184.0,391.0,184.0,435.0
603,24.080,5,person,0.7650,1216,445,1257,559,1236.5,502.0,1236.5,559.0
603,24.080,6,person,0.7387,1585,384,1639,502,1612.0,443.0,1612.0,502.0
603,24.080,7,person,0.7318,567,514,611,642,589.0,578.0,589.0,642.0
603,24.080,8,person,0.7297,542,405,624,522,583.0,463.5,583.0,522.0
603,24.080,9,person,0.6985,766,361,812,449,789.0,405.0,789.0,449.0
603,24.080,10,person,0.5342,518,298,555,391,536.5,344.5,536.5,391.0
603,24.080,11,person,0.5136,447,307,491,391,469.0,349.0,469.0,391.0
603,24.080,12,person,0.3987,1346,345,1396,436,1371.0,390.5,1371.0,436.0
603,24.080,13,person,0.3750,789,273,817,333,803.0,303.0,803.0,333.0
603,24.080,14,person,0.3322,578,396,630,515,604.0,455.5,604.0,515.0
603,24.080,15,person,0.2711,423,217,465,292,444.0,254.5,444.0,292.0
604,24.120,1,person,0.8275,754,641,801,783,777.5,712.0,777.5,783.0
604,24.120,2,person,0.7885,917,581,972,717,944.5,649.0,944.5,717.0
604,24.120,3,person,0.7855,773,360,821,450,797.0,405.0,797.0,450.0
604,24.120,4,person,0.7578,159,348,219,436,189.0,392.0,189.0,436.0
604,24.120,5,person,0.7192,1599,386,1649,494,1624.0,440.0,1624.0,494.0
604,24.120,6,person,0.7117,1222,444,1271,559,1246.5,501.5,1246.5,559.0
604,24.120,7,person,0.6764,579,512,618,640,598.5,576.0,598.5,640.0
604,24.120,8,person,0.6503,1657,406,1729,515,1693.0,460.5,1693.0,515.0
604,24.120,9,person,0.6396,525,304,556,396,540.5,350.0,540.5,396.0
604,24.120,10,person,0.5615,561,401,641,519,601.0,460.0,601.0,519.0
604,24.120,11,person,0.5015,450,302,496,391,473.0,346.5,473.0,391.0
604,24.120,12,person,0.4024,1357,348,1408,433,1382.5,390.5,1382.5,433.0
604,24.120,13,person,0.2902,1028,261,1065,328,1046.5,294.5,1046.5,328.0
604,24.120,14,person,0.2766,1663,407,1704,513,1683.5,460.0,1683.5,513.0
605,24.160,1,person,0.8384,1228,442,1288,560,1258.0,501.0,1258.0,560.0
605,24.160,2,person,0.8025,165,344,223,438,194.0,391.0,194.0,438.0
605,24.160,3,person,0.7814,761,636,812,780,786.5,708.0,786.5,780.0
605,24.160,4,person,0.7573,927,582,978,712,952.5,647.0,952.5,712.0
605,24.160,5,person,0.7448,1676,406,1745,518,1710.5,462.0,1710.5,518.0
605,24.160,6,person,0.7418,1614,390,1653,499,1633.5,444.5,1633.5,499.0
605,24.160,7,person,0.7108,528,302,563,395,545.5,348.5,545.5,395.0
605,24.160,8,person,0.7013,786,362,829,448,807.5,405.0,807.5,448.0
605,24.160,9,person,0.6996,589,513,633,640,611.0,576.5,611.0,640.0
605,24.160,10,person,0.6870,446,300,508,389,477.0,344.5,477.0,389.0
605,24.160,11,person,0.5874,1358,342,1421,435,1389.5,388.5,1389.5,435.0
605,24.160,12,person,0.5472,586,400,656,510,621.0,455.0,621.0,510.0
605,24.160,13,person,0.3544,1681,407,1721,516,1701.0,461.5,1701.0,516.0
605,24.160,14,person,0.3219,809,263,836,331,822.5,297.0,822.5,331.0
605,24.160,15,person,0.2969,1375,337,1420,430,1397.5,383.5,1397.5,430.0
606,24.200,1,person,0.8465,169,341,234,434,201.5,387.5,201.5,434.0
606,24.200,2,person,0.8419,1234,440,1303,553,1268.5,496.5,1268.5,553.0
606,24.200,3,person,0.8340,941,578,989,715,965.0,646.5,965.0,715.0
606,24.200,4,person,0.7893,1694,407,1762,518,1728.0,462.5,1728.0,518.0
606,24.200,5,person,0.7890,767,631,827,780,797.0,705.5,797.0,780.0
606,24.200,6,person,0.7585,1625,387,1668,501,1646.5,444.0,1646.5,501.0
606,24.200,7,person,0.7463,609,405,673,507,641.0,456.0,641.0,507.0
606,24.200,8,person,0.6874,602,514,646,640,624.0,577.0,624.0,640.0
606,24.200,9,person,0.6501,530,298,570,394,550.0,346.0,550.0,394.0
606,24.200,10,person,0.6469,794,366,857,468,825.5,417.0,825.5,468.0
606,24.200,11,person,0.5754,1387,344,1432,429,1409.5,386.5,1409.5,429.0
606,24.200,12,person,0.4536,457,304,506,381,481.5,342.5,481.5,381.0
607,24.240,1,person,0.8617,176,339,252,435,214.0,387.0,214.0,435.0
607,24.240,2,person,0.8465,1241,440,1311,551,1276.0,495.5,1276.0,551.0
607,24.240,3,person,0.7974,1639,388,1680,498,1659.5,443.0,1659.5,498.0
607,24.240,4,person,0.7955,952,577,998,709,975.0,643.0,975.0,709.0
607,24.240,5,person,0.7939,776,625,844,775,810.0,700.0,810.0,775.0
607,24.240,6,person,0.7781,806,364,865,474,835.5,419.0,835.5,474.0
607,24.240,7,person,0.7515,614,512,660,639,637.0,575.5,637.0,639.0
607,24.240,8,person,0.7267,631,405,695,512,663.0,458.5,663.0,512.0
607,24.240,9,person,0.6905,537,299,584,389,560.5,344.0,560.5,389.0
607,24.240,10,person,0.6512,1716,401,1774,515,1745.0,458.0,1745.0,515.0
607,24.240,11,person,0.5492,1402,337,1448,432,1425.0,384.5,1425.0,432.0
607,24.240,12,person,0.4302,463,300,512,382,487.5,341.0,487.5,382.0
607,24.240,13,person,0.3199,1720,404,1758,512,1739.0,458.0,1739.0,512.0
607,24.240,14,person,0.2774,834,260,868,335,851.0,297.5,851.0,335.0
608,24.280,1,person,0.8748,184,339,260,433,222.0,386.0,222.0,433.0
608,24.280,2,person,0.8473,782,624,858,771,820.0,697.5,820.0,771.0
608,24.280,3,person,0.8007,1258,443,1327,554,1292.5,498.5,1292.5,554.0
608,24.280,4,person,0.7718,1652,386,1696,498,1674.0,442.0,1674.0,498.0
608,24.280,5,person,0.7527,965,575,1014,714,989.5,644.5,989.5,714.0
608,24.280,6,person,0.7278,623,511,678,641,650.5,576.0,650.5,641.0
608,24.280,7,person,0.6539,652,401,715,509,683.5,455.0,683.5,509.0
608,24.280,8,person,0.6342,1736,402,1785,516,1760.5,459.0,1760.5,516.0
608,24.280,9,person,0.6049,818,369,874,454,846.0,411.5,846.0,454.0
608,24.280,10,person,0.5994,1425,342,1463,432,1444.0,387.0,1444.0,432.0
608,24.280,11,person,0.5607,540,296,581,383,560.5,339.5,560.5,383.0
608,24.280,12,person,0.5237,537,295,594,388,565.5,341.5,565.5,388.0
608,24.280,13,person,0.4876,478,302,516,377,497.0,339.5,497.0,377.0
608,24.280,14,person,0.4770,1256,442,1307,556,1281.5,499.0,1281.5,556.0
608,24.280,15,person,0.3918,847,264,877,337,862.0,300.5,862.0,337.0
608,24.280,16,person,0.3833,619,577,683,643,651.0,610.0,651.0,643.0
608,24.280,17,person,0.3527,819,368,870,429,844.5,398.5,844.5,429.0
608,24.280,18,person,0.2794,1737,404,1772,507,1754.5,455.5,1754.5,507.0
609,24.320,1,person,0.8395,195,340,269,435,232.0,387.5,232.0,435.0
609,24.320,2,person,0.8359,788,625,873,768,830.5,696.5,830.5,768.0
609,24.320,3,person,0.7818,978,574,1029,714,1003.5,644.0,1003.5,714.0
609,24.320,4,person,0.7764,1666,384,1716,499,1691.0,441.5,1691.0,499.0
609,24.320,5,person,0.6869,637,515,692,639,664.5,577.0,664.5,639.0
609,24.320,6,person,0.6798,668,404,726,510,697.0,457.0,697.0,510.0
609,24.320,7,person,0.6427,1269,443,1310,558,1289.5,500.5,1289.5,558.0
609,24.320,8,person,0.6230,828,369,877,458,852.5,413.5,852.5,458.0
609,24.320,9,person,0.6115,1758,401,1800,514,1779.0,457.5,1779.0,514.0
609,24.320,10,person,0.5808,1270,442,1328,557,1299.0,499.5,1299.0,557.0
609,24.320,11,person,0.5492,544,298,586,389,565.0,343.5,565.0,389.0
609,24.320,12,person,0.3849,489,306,524,379,506.5,342.5,506.5,379.0
609,24.320,13,person,0.3556,546,298,610,387,578.0,342.5,578.0,387.0
609,24.320,14,person,0.3481,1439,338,1477,437,1458.0,387.5,1458.0,437.0
610,24.360,1,person,0.8474,648,515,715,647,681.5,581.0,681.5,647.0
610,24.360,2,person,0.8261,799,624,876,766,837.5,695.0,837.5,766.0
610,24.360,3,person,0.8214,989,572,1049,716,1019.0,644.0,1019.0,716.0
610,24.360,4,person,0.7784,207,336,267,435,237.0,385.5,237.0,435.0
610,24.360,5,person,0.7722,1673,384,1735,502,1704.0,443.0,1704.0,502.0
610,24.360,6,person,0.7526,1284,443,1327,558,1305.5,500.5,1305.5,558.0
610,24.360,7,person,0.6768,689,404,743,508,716.0,456.0,716.0,508.0
610,24.360,8,person,0.6754,1775,400,1818,515,1796.5,457.5,1796.5,515.0
610,24.360,9,person,0.6551,841,373,889,459,865.0,416.0,865.0,459.0
610,24.360,10,person,0.5824,545,298,598,389,571.5,343.5,571.5,389.0
610,24.360,11,person,0.5069,1457,336,1496,435,1476.5,385.5,1476.5,435.0
610,24.360,12,person,0.4877,498,301,529,382,513.5,341.5,513.5,382.0
610,24.360,13,person,0.3662,550,297,593,375,571.5,336.0,571.5,375.0
610,24.360,14,person,0.3281,867,274,909,336,888.0,305.0,888.0,336.0
611,24.400,1,person,0.8505,999,574,1069,713,1034.0,643.5,1034.0,713.0
611,24.400,2,person,0.8219,217,335,268,435,242.5,385.0,242.5,435.0
611,24.400,3,person,0.7987,806,624,885,769,845.5,696.5,845.5,769.0
611,24.400,4,person,0.7902,1684,385,1751,497,1717.5,441.0,1717.5,497.0
611,24.400,5,person,0.7786,664,515,727,644,695.5,579.5,695.5,644.0
611,24.400,6,person,0.7510,851,373,904,457,877.5,415.0,877.5,457.0
611,24.400,7,person,0.7415,1295,443,1337,562,1316.0,502.5,1316.0,562.0
611,24.400,8,person,0.6436,1792,398,1840,516,1816.0,457.0,1816.0,516.0
611,24.400,9,person,0.5898,704,404,763,503,733.5,453.5,733.5,503.0
611,24.400,10,person,0.5714,553,296,605,390,579.0,343.0,579.0,390.0
611,24.400,11,person,0.5237,1476,330,1517,432,1496.5,381.0,1496.5,432.0
611,24.400,12,person,0.5231,504,303,537,388,520.5,345.5,520.5,388.0
611,24.400,13,person,0.3307,881,277,928,335,904.5,306.0,904.5,335.0
611,24.400,14,person,0.3137,1795,399,1830,506,1812.5,452.5,1812.5,506.0
612,24.440,1,person,0.8340,1013,574,1083,713,1048.0,643.5,1048.0,713.0
612,24.440,2,person,0.8104,1699,384,1766,499,1732.5,441.5,1732.5,499.0
612,24.440,3,person,0.7887,678,514,741,643,709.5,578.5,709.5,643.0
612,24.440,4,person,0.7816,228,335,275,433,251.5,384.0,251.5,433.0
612,24.440,5,person,0.7774,1305,443,1351,561,1328.0,502.0,1328.0,561.0
612,24.440,6,person,0.7683,816,623,885,769,850.5,696.0,850.5,769.0
612,24.440,7,person,0.7547,860,371,921,459,890.5,415.0,890.5,459.0
612,24.440,8,person,0.7165,1806,399,1863,515,1834.5,457.0,1834.5,515.0
612,24.440,9,person,0.6954,723,405,779,498,751.0,451.5,751.0,498.0
612,24.440,10,person,0.5881,564,303,614,392,589.0,347.5,589.0,392.0
612,24.440,11,person,0.5821,510,307,549,381,529.5,344.0,529.5,381.0
612,24.440,12,person,0.5434,1491,331,1532,429,1511.5,380.0,1511.5,429.0
612,24.440,13,person,0.4818,897,273,944,334,920.5,303.5,920.5,334.0
612,24.440,14,person,0.2932,1811,402,1852,499,1831.5,450.5,1831.5,499.0
613,24.480,1,person,0.8384,825,621,886,768,855.5,694.5,855.5,768.0
613,24.480,2,person,0.8329,870,374,941,460,905.5,417.0,905.5,460.0
613,24.480,3,person,0.8177,1029,576,1097,713,1063.0,644.5,1063.0,713.0
613,24.480,4,person,0.8131,694,516,748,640,721.0,578.0,721.0,640.0
613,24.480,5,person,0.7803,1316,442,1367,555,1341.5,498.5,1341.5,555.0
613,24.480,6,person,0.7589,242,337,284,431,263.0,384.0,263.0,431.0
613,24.480,7,person,0.7526,1720,388,1779,496,1749.5,442.0,1749.5,496.0
613,24.480,8,person,0.6953,1817,403,1886,519,1851.5,461.0,1851.5,519.0
613,24.480,9,person,0.6740,734,404,803,499,768.5,451.5,768.5,499.0
613,24.480,10,person,0.5152,578,308,613,392,595.5,350.0,595.5,392.0
613,24.480,11,person,0.4939,909,268,952,334,930.5,301.0,930.5,334.0
613,24.480,12,person,0.4628,517,304,560,381,538.5,342.5,538.5,381.0
613,24.480,13,person,0.3964,1508,332,1543,432,1525.5,382.0,1525.5,432.0
613,24.480,14,person,0.2558,1514,328,1547,429,1530.5,378.5,1530.5,429.0
614,24.520,1,person,0.8746,837,615,892,767,864.5,691.0,864.5,767.0
614,24.520,2,person,0.8528,708,511,757,642,732.5,576.5,732.5,642.0
614,24.520,3,person,0.8313,1324,439,1379,556,1351.5,497.5,1351.5,556.0
614,24.520,4,person,0.8088,1040,575,1103,709,1071.5,642.0,1071.5,709.0
614,24.520,5,person,0.7624,1739,389,1791,495,1765.0,442.0,1765.0,495.0
614,24.520,6,person,0.7606,880,373,951,461,915.5,417.0,915.5,461.0
614,24.520,7,person,0.7441,251,332,292,432,271.5,382.0,271.5,432.0
614,24.520,8,person,0.6670,525,306,564,379,544.5,342.5,544.5,379.0
614,24.520,9,person,0.6230,764,408,835,500,799.5,454.0,799.5,500.0
614,24.520,10,person,0.5873,1844,405,1891,494,1867.5,449.5,1867.5,494.0
614,24.520,11,person,0.5149,1526,328,1564,428,1545.0,378.0,1545.0,428.0
614,24.520,12,person,0.4618,584,303,619,391,601.5,347.0,601.5,391.0
614,24.520,13,person,0.3349,922,271,961,337,941.5,304.0,941.5,337.0
615,24.560,1,person,0.8256,851,612,905,764,878.0,688.0,878.0,764.0
615,24.560,2,person,0.8222,1331,440,1393,551,1362.0,495.5,1362.0,551.0
615,24.560,3,person,0.8143,1756,387,1806,497,1781.0,442.0,1781.0,497.0
615,24.560,4,person,0.7924,723,513,770,642,746.5,577.5,746.5,642.0
615,24.560,5,person,0.7625,1058,574,1118,713,1088.0,643.5,1088.0,713.0
615,24.560,6,person,0.7559,261,334,299,431,280.0,382.5,280.0,431.0
615,24.560,7,person,0.6848,888,372,959,466,923.5,419.0,923.5,466.0
615,24.560,8,person,0.6384,777,408,861,499,819.0,453.5,819.0,499.0
615,24.560,9,person,0.6131,1855,404,1900,499,1877.5,451.5,1877.5,499.0
615,24.560,10,person,0.6068,537,304,574,383,555.5,343.5,555.5,383.0
615,24.560,11,person,0.5917,889,372,938,466,913.5,419.0,913.5,466.0
615,24.560,12,person,0.5555,582,301,633,391,607.5,346.0,607.5,391.0
615,24.560,13,person,0.5479,1541,325,1578,428,1559.5,376.5,1559.5,428.0
615,24.560,14,person,0.4427,935,265,973,338,954.0,301.5,954.0,338.0
615,24.560,15,person,0.3533,753,406,808,498,780.5,452.0,780.5,498.0
616,24.600,1,person,0.8766,857,610,916,766,886.5,688.0,886.5,766.0
616,24.600,2,person,0.8259,1341,442,1405,550,1373.0,496.0,1373.0,550.0
616,24.600,3,person,0.7852,734,511,781,643,757.5,577.0,757.5,643.0
616,24.600,4,person,0.7583,1774,386,1823,497,1798.5,441.5,1798.5,497.0
616,24.600,5,person,0.7544,271,334,310,433,290.5,383.5,290.5,433.0
616,24.600,6,person,0.7346,901,374,962,468,931.5,421.0,931.5,468.0
616,24.600,7,person,0.7249,1068,567,1125,710,1096.5,638.5,1096.5,710.0
616,24.600,8,person,0.6937,593,299,648,388,620.5,343.5,620.5,388.0
616,24.600,9,person,0.6355,789,409,881,498,835.0,453.5,835.0,498.0
616,24.600,10,person,0.6247,1553,326,1595,428,1574.0,377.0,1574.0,428.0
616,24.600,11,person,0.5075,550,304,585,384,567.5,344.0,567.5,384.0
616,24.600,12,person,0.4602,769,407,827,495,798.0,451.0,798.0,495.0
616,24.600,13,person,0.4367,1873,406,1917,501,1895.0,453.5,1895.0,501.0
616,24.600,14,person,0.4243,589,245,645,387,617.0,316.0,617.0,387.0
616,24.600,15,person,0.3206,1346,441,1392,547,1369.0,494.0,1369.0,547.0
616,24.600,16,person,0.2990,950,266,982,340,966.0,303.0,966.0,340.0
616,24.600,17,person,0.2617,1200,266,1233,340,1216.5,303.0,1216.5,340.0
617,24.640,1,person,0.8517,1080,566,1129,707,1104.5,636.5,1104.5,707.0
617,24.640,2,person,0.8340,869,604,926,761,897.5,682.5,897.5,761.0
617,24.640,3,person,0.8019,749,509,795,644,772.0,576.5,772.0,644.0
617,24.640,4,person,0.7630,1352,442,1406,553,1379.0,497.5,1379.0,553.0
617,24.640,5,person,0.7496,826,409,900,498,863.0,453.5,863.0,498.0
617,24.640,6,person,0.7323,910,372,956,472,933.0,422.0,933.0,472.0
617,24.640,7,person,0.7029,281,335,322,436,301.5,385.5,301.5,436.0
617,24.640,8,person,0.6917,1788,386,1840,497,1814.0,441.5,1814.0,497.0
617,24.640,9,person,0.6493,1565,324,1613,429,1589.0,376.5,1589.0,429.0
617,24.640,10,person,0.5825,595,296,661,387,628.0,341.5,628.0,387.0
617,24.640,11,person,0.5637,551,309,592,387,571.5,348.0,571.5,387.0
617,24.640,12,person,0.5471,781,411,842,498,811.5,454.5,811.5,498.0
617,24.640,13,person,0.4857,593,244,646,383,619.5,313.5,619.5,383.0
617,24.640,14,person,0.4207,1885,408,1919,519,1902.0,463.5,1902.0,519.0
617,24.640,15,person,0.3350,963,260,996,341,979.5,300.5,979.5,341.0
618,24.680,1,person,0.8066,1091,568,1139,708,1115.0,638.0,1115.0,708.0
618,24.680,2,person,0.8014,876,611,935,751,905.5,681.0,905.5,751.0
618,24.680,3,person,0.8010,1803,383,1853,498,1828.0,440.5,1828.0,498.0
618,24.680,4,person,0.7903,919,374,959,473,939.0,423.5,939.0,473.0
618,24.680,5,person,0.7888,292,336,329,434,310.5,385.0,310.5,434.0
618,24.680,6,person,0.7865,758,510,806,643,782.0,576.5,782.0,643.0
618,24.680,7,person,0.7372,1361,442,1404,555,1382.5,498.5,1382.5,555.0
618,24.680,8,person,0.6204,1574,325,1625,427,1599.5,376.0,1599.5,427.0
618,24.680,9,person,0.4977,844,409,920,499,882.0,454.0,882.0,499.0
618,24.680,10,person,0.4655,794,417,863,499,828.5,458.0,828.5,499.0
618,24.680,11,person,0.4522,597,255,659,381,628.0,318.0,628.0,381.0
618,24.680,12,person,0.4102,589,302,662,386,625.5,344.0,625.5,386.0
618,24.680,13,person,0.3825,604,241,643,373,623.5,307.0,623.5,373.0
618,24.680,14,person,0.3816,804,411,919,498,861.5,454.5,861.5,498.0
618,24.680,15,person,0.3655,555,305,613,386,584.0,345.5,584.0,386.0
618,24.680,16,person,0.2579,1226,267,1259,340,1242.5,303.5,1242.5,340.0
619,24.720,1,person,0.8488,1097,567,1152,710,1124.5,638.5,1124.5,710.0
619,24.720,2,person,0.8478,880,611,940,755,910.0,683.0,910.0,755.0
619,24.720,3,person,0.7661,768,508,818,644,793.0,576.0,793.0,644.0
619,24.720,4,person,0.7448,291,340,335,433,313.0,386.5,313.0,433.0
619,24.720,5,person,0.7347,1813,382,1864,494,1838.5,438.0,1838.5,494.0
619,24.720,6,person,0.7204,1370,442,1407,553,1388.5,497.5,1388.5,553.0
619,24.720,7,person,0.6486,924,377,962,472,943.0,424.5,943.0,472.0
619,24.720,8,person,0.6257,860,411,928,497,894.0,454.0,894.0,497.0
619,24.720,9,person,0.5686,803,419,868,499,835.5,459.0,835.5,499.0
619,24.720,10,person,0.5579,1585,327,1641,428,1613.0,377.5,1613.0,428.0
619,24.720,11,person,0.4152,564,306,613,384,588.5,345.0,588.5,384.0
619,24.720,12,person,0.3353,600,301,660,375,630.0,338.0,630.0,375.0
619,24.720,13,person,0.2884,980,264,1016,339,998.0,301.5,998.0,339.0
619,24.720,14,person,0.2748,1602,325,1639,410,1620.5,367.5,1620.5,410.0
620,24.760,1,person,0.8359,890,610,947,754,918.5,682.0,918.5,754.0
620,24.760,2,person,0.8351,1825,383,1877,498,1851.0,440.5,1851.0,498.0
620,24.760,3,person,0.8303,1109,569,1162,706,1135.5,637.5,1135.5,706.0
620,24.760,4,person,0.8116,771,511,830,644,800.5,577.5,800.5,644.0
620,24.760,5,person,0.7930,1375,440,1415,555,1395.0,497.5,1395.0,555.0
620,24.760,6,person,0.7793,291,340,341,435,316.0,387.5,316.0,435.0
620,24.760,7,person,0.6666,867,408,944,496,905.5,452.0,905.5,496.0
620,24.760,8,person,0.6152,928,377,971,477,949.5,427.0,949.5,477.0
620,24.760,9,person,0.5940,568,310,614,389,591.0,349.5,591.0,389.0
620,24.760,10,person,0.5748,1597,329,1650,427,1623.5,378.0,1623.5,427.0
620,24.760,11,person,0.5071,605,303,660,381,632.5,342.0,632.5,381.0
620,24.760,12,person,0.4361,988,269,1024,338,1006.0,303.5,1006.0,338.0
620,24.760,13,person,0.3658,811,421,886,497,848.5,459.0,848.5,497.0
621,24.800,1,person,0.7917,774,509,841,644,807.5,576.5,807.5,644.0
621,24.800,2,person,0.7903,1378,438,1423,558,1400.5,498.0,1400.5,558.0
621,24.800,3,person,0.7899,898,610,948,755,923.0,682.5,923.0,755.0
621,24.800,4,person,0.7687,1116,570,1174,706,1145.0,638.0,1145.0,706.0
621,24.800,5,person,0.7098,1832,383,1889,498,1860.5,440.5,1860.5,498.0
621,24.800,6,person,0.6570,294,344,351,435,322.5,389.5,322.5,435.0
621,24.800,7,person,0.6443,1611,332,1664,424,1637.5,378.0,1637.5,424.0
621,24.800,8,person,0.5766,934,382,984,486,959.0,434.0,959.0,486.0
621,24.800,9,person,0.5694,612,306,652,386,632.0,346.0,632.0,386.0
621,24.800,10,person,0.5550,886,410,949,494,917.5,452.0,917.5,494.0
621,24.800,11,person,0.5408,575,314,616,391,595.5,352.5,595.5,391.0
621,24.800,12,person,0.4274,818,421,902,495,860.0,458.0,860.0,495.0
621,24.800,13,person,0.3086,996,264,1030,341,1013.0,302.5,1013.0,341.0
621,24.800,14,person,0.2779,835,419,894,494,864.5,456.5,864.5,494.0
621,24.800,15,person,0.2696,626,241,660,302,643.0,271.5,643.0,302.0
622,24.840,1,person,0.8426,786,512,855,645,820.5,578.5,820.5,645.0
622,24.840,2,person,0.8304,1128,572,1183,709,1155.5,640.5,1155.5,709.0
622,24.840,3,person,0.7704,1842,385,1897,498,1869.5,441.5,1869.5,498.0
622,24.840,4,person,0.7632,302,345,363,437,332.5,391.0,332.5,437.0
622,24.840,5,person,0.7571,904,611,950,756,927.0,683.5,927.0,756.0
622,24.840,6,person,0.7459,1380,436,1436,554,1408.0,495.0,1408.0,554.0
622,24.840,7,person,0.6172,898,409,967,491,932.5,450.0,932.5,491.0
622,24.840,8,person,0.5366,1628,335,1674,423,1651.0,379.0,1651.0,423.0
622,24.840,9,person,0.5065,938,383,996,479,967.0,431.0,967.0,479.0
622,24.840,10,person,0.4325,1004,272,1035,344,1019.5,308.0,1019.5,344.0
622,24.840,11,person,0.3559,939,379,979,455,959.0,417.0,959.0,455.0
622,24.840,12,person,0.3391,614,309,654,389,634.0,349.0,634.0,389.0
622,24.840,13,person,0.3290,581,310,651,390,616.0,350.0,616.0,390.0
622,24.840,14,person,0.2915,1267,277,1292,342,1279.5,309.5,1279.5,342.0
622,24.840,15,person,0.2759,577,314,628,388,602.5,351.0,602.5,388.0
623,24.880,1,person,0.8118,313,343,370,436,341.5,389.5,341.5,436.0
623,24.880,2,person,0.8109,1854,387,1906,500,1880.0,443.5,1880.0,500.0
623,24.880,3,person,0.8091,798,513,863,644,830.5,578.5,830.5,644.0
623,24.880,4,person,0.8024,1381,437,1445,551,1413.0,494.0,1413.0,551.0
623,24.880,5,person,0.7966,912,608,958,752,935.0,680.0,935.0,752.0
623,24.880,6,person,0.7579,1137,577,1192,708,1164.5,642.5,1164.5,708.0
623,24.880,7,person,0.5939,1635,335,1686,424,1660.5,379.5,1660.5,424.0
623,24.880,8,person,0.3885,621,309,657,395,639.0,352.0,639.0,395.0
623,24.880,9,person,0.3830,1011,272,1042,343,1026.5,307.5,1026.5,343.0
623,24.880,10,person,0.3696,919,381,1004,489,961.5,435.0,961.5,489.0
623,24.880,11,person,0.3012,579,310,652,391,615.5,350.5,615.5,391.0
623,24.880,12,person,0.2845,644,239,675,295,659.5,267.0,659.5,295.0
624,24.920,1,person,0.8003,1381,439,1451,551,1416.0,495.0,1416.0,551.0
624,24.920,2,person,0.7929,917,601,967,751,942.0,676.0,942.0,751.0
624,24.920,3,person,0.7642,1146,576,1202,717,1174.0,646.5,1174.0,717.0
624,24.920,4,person,0.7502,808,514,872,643,840.0,578.5,840.0,643.0
624,24.920,5,person,0.7404,1863,390,1917,498,1890.0,444.0,1890.0,498.0
624,24.920,6,person,0.7266,324,344,375,437,349.5,390.5,349.5,437.0
624,24.920,7,person,0.5977,1650,341,1698,424,1674.0,382.5,1674.0,424.0
624,24.920,8,person,0.5742,927,381,994,495,960.5,438.0,960.5,495.0
624,24.920,9,person,0.5194,649,241,684,298,666.5,269.5,666.5,298.0
624,24.920,10,person,0.4385,610,307,659,393,634.5,350.0,634.5,393.0
624,24.920,11,person,0.3996,1020,273,1048,346,1034.0,309.5,1034.0,346.0
624,24.920,12,person,0.3514,867,424,946,499,906.5,461.5,906.5,499.0
624,24.920,13,person,0.3062,592,309,656,389,624.0,349.0,624.0,389.0
625,24.960,1,person,0.8188,921,599,975,749,948.0,674.0,948.0,749.0
625,24.960,2,person,0.8086,1391,440,1453,555,1422.0,497.5,1422.0,555.0
625,24.960,3,person,0.7956,817,515,879,646,848.0,580.5,848.0,646.0
625,24.960,4,person,0.7881,327,343,376,437,351.5,390.0,351.5,437.0
625,24.960,5,person,0.7822,1156,569,1209,712,1182.5,640.5,1182.5,712.0
625,24.960,6,person,0.6846,1874,390,1919,498,1896.5,444.0,1896.5,498.0
625,24.960,7,person,0.6673,1662,338,1710,425,1686.0,381.5,1686.0,425.0
625,24.960,8,person,0.5660,877,429,962,501,919.5,465.0,919.5,501.0
625,24.960,9,person,0.5423,940,381,991,494,965.5,437.5,965.5,494.0
625,24.960,10,person,0.5287,610,304,663,392,636.5,348.0,636.5,392.0
625,24.960,11,person,0.5024,1025,274,1055,345,1040.0,309.5,1040.0,345.0
625,24.960,12,person,0.4065,1294,279,1326,350,1310.0,314.5,1310.0,350.0
625,24.960,13,person,0.3580,657,239,689,298,673.0,268.5,673.0,298.0
625,24.960,14,person,0.2853,1393,442,1436,553,1414.5,497.5,1414.5,553.0
626,25.000,1,person,0.7972,1399,442,1443,558,1421.0,500.0,1421.0,558.0
626,25.000,2,person,0.7653,330,342,378,439,354.0,390.5,354.0,439.0
626,25.000,3,person,0.7490,926,598,983,746,954.5,672.0,954.5,746.0
626,25.000,4,person,0.7453,1676,338,1722,425,1699.0,381.5,1699.0,425.0
626,25.000,5,person,0.7238,824,516,883,645,853.5,580.5,853.5,645.0
626,25.000,6,person,0.7158,1159,570,1210,711,1184.5,640.5,1184.5,711.0
626,25.000,7,person,0.6793,608,307,675,394,641.5,350.5,641.5,394.0
626,25.000,8,person,0.5522,940,384,1014,496,977.0,440.0,977.0,496.0
626,25.000,9,person,0.5295,1883,386,1919,498,1901.0,442.0,1901.0,498.0
626,25.000,10,person,0.4743,1029,273,1064,346,1046.5,309.5,1046.5,346.0
626,25.000,11,person,0.2890,1304,274,1330,345,1317.0,309.5,1317.0,345.0
627,25.040,1,person,0.7923,1402,442,1446,559,1424.0,500.5,1424.0,559.0
627,25.040,2,person,0.7484,928,599,993,742,960.5,670.5,960.5,742.0
627,25.040,3,person,0.7076,335,342,379,438,357.0,390.0,357.0,438.0
627,25.040,4,person,0.7028,1165,567,1213,705,1189.0,636.0,1189.0,705.0
627,25.040,5,person,0.6764,831,514,888,645,859.5,579.5,859.5,645.0
627,25.040,6,person,0.6733,609,306,680,394,644.5,350.0,644.5,394.0
627,25.040,7,person,0.6241,1685,336,1733,427,1709.0,381.5,1709.0,427.0
627,25.040,8,person,0.5580,938,387,1021,497,979.5,442.0,979.5,497.0
627,25.040,9,person,0.5490,1031,279,1074,349,1052.5,314.0,1052.5,349.0
627,25.040,10,person,0.4153,832,573,888,646,860.0,609.5,860.0,646.0
627,25.040,11,person,0.3821,1895,399,1919,504,1907.0,451.5,1907.0,504.0
628,25.080,1,person,0.8261,1173,565,1218,702,1195.5,633.5,1195.5,702.0
628,25.080,2,person,0.8229,1404,443,1443,559,1423.5,501.0,1423.5,559.0
628,25.080,3,person,0.7780,932,601,997,740,964.5,670.5,964.5,740.0
628,25.080,4,person,0.7500,1699,335,1745,427,1722.0,381.0,1722.0,427.0
628,25.080,5,person,0.7483,839,514,890,647,864.5,580.5,864.5,647.0
628,25.080,6,person,0.6465,896,388,1024,499,960.0,443.5,960.0,499.0
628,25.080,7,person,0.6364,334,341,380,438,357.0,389.5,357.0,438.0
628,25.080,8,person,0.5704,1036,280,1075,348,1055.5,314.0,1055.5,348.0
628,25.080,9,person,0.5565,616,306,669,392,642.5,349.0,642.5,392.0
628,25.080,10,person,0.4174,1903,416,1919,510,1911.0,463.0,1911.0,510.0
628,25.080,11,person,0.3748,348,340,381,418,364.5,379.0,364.5,418.0
628,25.080,12,person,0.2892,619,306,660,380,639.5,343.0,639.5,380.0
628,25.080,13,person,0.2658,670,237,702,299,686.0,268.0,686.0,299.0
629,25.120,1,person,0.7859,933,599,996,742,964.5,670.5,964.5,742.0
629,25.120,2,person,0.7729,1177,562,1225,705,1201.0,633.5,1201.0,705.0
629,25.120,3,person,0.7724,337,342,383,437,360.0,389.5,360.0,437.0
629,25.120,4,person,0.7457,848,514,896,650,872.0,582.0,872.0,650.0
629,25.120,5,person,0.6928,1404,442,1448,562,1426.0,502.0,1426.0,562.0
629,25.120,6,person,0.6881,1709,333,1757,428,1733.0,380.5,1733.0,428.0
629,25.120,7,person,0.6466,616,309,666,396,641.0,352.5,641.0,396.0
629,25.120,8,person,0.5755,1037,279,1084,350,1060.5,314.5,1060.5,350.0
629,25.120,9,person,0.5324,931,388,1024,500,977.5,444.0,977.5,500.0
629,25.120,10,person,0.5279,676,242,705,300,690.5,271.0,690.5,300.0
629,25.120,11,person,0.3634,635,310,676,390,655.5,350.0,655.5,390.0
629,25.120,12,person,0.3137,907,388,1011,500,959.0,444.0,959.0,500.0
629,25.120,13,person,0.2575,1322,277,1353,353,1337.5,315.0,1337.5,353.0
630,25.160,1,person,0.7981,933,602,993,739,963.0,670.5,963.0,739.0
630,25.160,2,person,0.7956,337,345,384,439,360.5,392.0,360.5,439.0
630,25.160,3,person,0.7912,853,515,896,645,874.5,580.0,874.5,645.0
630,25.160,4,person,0.7392,1184,563,1235,706,1209.5,634.5,1209.5,706.0
630,25.160,5,person,0.6810,1723,334,1766,429,1744.5,381.5,1744.5,429.0
630,25.160,6,person,0.6774,1407,442,1451,561,1429.0,501.5,1429.0,561.0
630,25.160,7,person,0.6597,1043,278,1087,351,1065.0,314.5,1065.0,351.0
630,25.160,8,person,0.5741,622,311,653,398,637.5,354.5,637.5,398.0
630,25.160,9,person,0.5496,964,397,1020,498,992.0,447.5,992.0,498.0
630,25.160,10,person,0.4878,677,242,707,300,692.0,271.0,692.0,300.0
630,25.160,11,person,0.4557,620,310,679,399,649.5,354.5,649.5,399.0
630,25.160,12,person,0.3209,653,313,683,373,668.0,343.0,668.0,373.0
631,25.200,1,person,0.8206,937,599,992,739,964.5,669.0,964.5,739.0
631,25.200,2,person,0.7556,857,517,900,647,878.5,582.0,878.5,647.0
631,25.200,3,person,0.7543,1404,441,1459,558,1431.5,499.5,1431.5,558.0
631,25.200,4,person,0.7467,329,348,387,441,358.0,394.5,358.0,441.0
631,25.200,5,person,0.7049,1049,286,1086,353,1067.5,319.5,1067.5,353.0
631,25.200,6,person,0.6804,1738,332,1778,429,1758.0,380.5,1758.0,429.0
631,25.200,7,person,0.6501,1187,562,1240,708,1213.5,635.0,1213.5,708.0
631,25.200,8,person,0.5978,621,312,656,397,638.5,354.5,638.5,397.0
631,25.200,9,person,0.5770,965,399,1022,499,993.5,449.0,993.5,499.0
631,25.200,10,person,0.4993,1165,562,1237,705,1201.0,633.5,1201.0,705.0
631,25.200,11,person,0.3743,1340,281,1367,355,1353.5,318.0,1353.5,355.0
631,25.200,12,person,0.2958,654,315,687,384,670.5,349.5,670.5,384.0
631,25.200,13,person,0.2865,680,240,709,301,694.5,270.5,694.5,301.0
632,25.240,1,person,0.8220,944,596,995,740,969.5,668.0,969.5,740.0
632,25.240,2,person,0.8061,861,515,906,645,883.5,580.0,883.5,645.0
632,25.240,3,person,0.7973,1400,439,1462,552,1431.0,495.5,1431.0,552.0
632,25.240,4,person,0.7304,331,348,393,442,362.0,395.0,362.0,442.0
632,25.240,5,person,0.7094,1750,334,1789,429,1769.5,381.5,1769.5,429.0
632,25.240,6,person,0.6868,620,312,653,397,636.5,354.5,636.5,397.0
632,25.240,7,person,0.6386,1184,565,1242,701,1213.0,633.0,1213.0,701.0
632,25.240,8,person,0.6234,1053,286,1088,353,1070.5,319.5,1070.5,353.0
632,25.240,9,person,0.5390,655,310,694,390,674.5,350.0,674.5,390.0
632,25.240,10,person,0.4753,970,401,1027,498,998.5,449.5,998.5,498.0
632,25.240,11,person,0.4375,1343,275,1374,356,1358.5,315.5,1358.5,356.0
633,25.280,1,person,0.8367,1399,440,1468,554,1433.5,497.0,1433.5,554.0
633,25.280,2,person,0.8279,867,517,911,646,889.0,581.5,889.0,646.0
633,25.280,3,person,0.7884,948,590,999,738,973.5,664.0,973.5,738.0
633,25.280,4,person,0.7069,980,405,1034,499,1007.0,452.0,1007.0,499.0
633,25.280,5,person,0.6821,334,349,397,444,365.5,396.5,365.5,444.0
633,25.280,6,person,0.6700,617,311,657,396,637.0,353.5,637.0,396.0
633,25.280,7,person,0.6659,1170,564,1244,697,1207.0,630.5,1207.0,697.0
633,25.280,8,person,0.6293,1762,330,1798,428,1780.0,379.0,1780.0,428.0
633,25.280,9,person,0.6153,663,307,703,392,683.0,349.5,683.0,392.0
633,25.280,10,person,0.5380,1057,280,1087,356,1072.0,318.0,1072.0,356.0
633,25.280,11,person,0.5291,914,395,982,497,948.0,446.0,948.0,497.0
633,25.280,12,person,0.3676,920,394,969,484,944.5,439.0,944.5,484.0
634,25.320,1,person,0.8166,867,519,916,647,891.5,583.0,891.5,647.0
634,25.320,2,person,0.7841,1407,441,1468,552,1437.5,496.5,1437.5,552.0
634,25.320,3,person,0.7540,949,590,1001,735,975.0,662.5,975.0,735.0
634,25.320,4,person,0.7423,338,347,403,443,370.5,395.0,370.5,443.0
634,25.320,5,person,0.7085,979,404,1042,499,1010.5,451.5,1010.5,499.0
634,25.320,6,person,0.6940,670,315,705,389,687.5,352.0,687.5,389.0
634,25.320,7,person,0.6862,1174,565,1257,704,1215.5,634.5,1215.5,704.0
634,25.320,8,person,0.6848,613,310,659,398,636.0,354.0,636.0,398.0
634,25.320,9,person,0.5588,922,395,969,494,945.5,444.5,945.5,494.0
634,25.320,10,person,0.5404,1768,331,1809,427,1788.5,379.0,1788.5,427.0
634,25.320,11,person,0.4971,1196,575,1258,705,1227.0,640.0,1227.0,705.0
634,25.320,12,person,0.4628,1060,283,1090,354,1075.0,318.5,1075.0,354.0
634,25.320,13,person,0.3243,1354,275,1384,357,1369.0,316.0,1369.0,357.0
634,25.320,14,person,0.3157,988,404,1033,495,1010.5,449.5,1010.5,495.0
635,25.360,1,person,0.7843,344,347,408,442,376.0,394.5,376.0,442.0
635,25.360,2,person,0.7601,1409,441,1465,553,1437.0,497.0,1437.0,553.0
635,25.360,3,person,0.7557,1204,568,1265,702,1234.5,635.0,1234.5,702.0
635,25.360,4,person,0.7454,949,590,1002,733,975.5,661.5,975.5,733.0
635,25.360,5,person,0.7440,867,518,922,648,894.5,583.0,894.5,648.0
635,25.360,6,person,0.6667,925,395,966,492,945.5,443.5,945.5,492.0
635,25.360,7,person,0.6612,978,404,1047,499,1012.5,451.5,1012.5,499.0
635,25.360,8,person,0.6170,673,317,708,394,690.5,355.5,690.5,394.0
635,25.360,9,person,0.6034,610,310,653,399,631.5,354.5,631.5,399.0
635,25.360,10,person,0.5542,1777,330,1824,430,1800.5,380.0,1800.5,430.0
635,25.360,11,person,0.4985,1061,287,1091,354,1076.0,320.5,1076.0,354.0
635,25.360,12,person,0.3818,1182,572,1266,700,1224.0,636.0,1224.0,700.0
635,25.360,13,person,0.3686,1785,329,1819,428,1802.0,378.5,1802.0,428.0
635,25.360,14,person,0.2584,1358,278,1390,361,1374.0,319.5,1374.0,361.0
636,25.400,1,person,0.7727,350,347,407,441,378.5,394.0,378.5,441.0
636,25.400,2,person,0.7644,876,519,922,645,899.0,582.0,899.0,645.0
636,25.400,3,person,0.7575,889,397,965,491,927.0,444.0,927.0,491.0
636,25.400,4,person,0.7370,1196,562,1270,705,1233.0,633.5,1233.0,705.0
636,25.400,5,person,0.7199,1411,442,1462,549,1436.5,495.5,1436.5,549.0
636,25.400,6,person,0.7154,951,589,1002,732,976.5,660.5,976.5,732.0
636,25.400,7,person,0.6434,603,310,658,403,630.5,356.5,630.5,403.0
636,25.400,8,person,0.5765,680,316,717,395,698.5,355.5,698.5,395.0
636,25.400,9,person,0.5503,984,405,1054,499,1019.0,452.0,1019.0,499.0
636,25.400,10,person,0.4750,1361,284,1396,362,1378.5,323.0,1378.5,362.0
636,25.400,11,person,0.4435,1060,287,1094,356,1077.0,321.5,1077.0,356.0
636,25.400,12,person,0.4402,1790,330,1834,428,1812.0,379.0,1812.0,428.0
636,25.400,13,person,0.4019,912,397,965,491,938.5,444.0,938.5,491.0
636,25.400,14,person,0.3623,0,436,15,572,7.5,504.0,7.5,572.0
636,25.400,15,person,0.3385,692,244,729,304,710.5,274.0,710.5,304.0
637,25.440,1,person,0.7870,889,396,964,492,926.5,444.0,926.5,492.0
637,25.440,2,person,0.7684,954,592,1006,733,980.0,662.5,980.0,733.0
637,25.440,3,person,0.7665,878,519,924,644,901.0,581.5,901.0,644.0
637,25.440,4,person,0.7168,361,348,405,443,383.0,395.5,383.0,443.0
637,25.440,5,person,0.7116,1414,443,1453,554,1433.5,498.5,1433.5,554.0
637,25.440,6,person,0.6652,602,310,649,405,625.5,357.5,625.5,405.0
637,25.440,7,person,0.6532,980,403,1062,500,1021.0,451.5,1021.0,500.0
637,25.440,8,person,0.6515,1209,562,1269,696,1239.0,629.0,1239.0,696.0
637,25.440,9,person,0.6128,687,311,725,400,706.0,355.5,706.0,400.0
637,25.440,10,person,0.6088,0,431,20,566,10.0,498.5,10.0,566.0
637,25.440,11,person,0.6059,1797,334,1848,431,1822.5,382.5,1822.5,431.0
637,25.440,12,person,0.4664,1368,288,1399,363,1383.5,325.5,1383.5,363.0
637,25.440,13,person,0.4355,1062,275,1101,354,1081.5,314.5,1081.5,354.0
637,25.440,14,person,0.4084,875,539,930,648,902.5,593.5,902.5,648.0
637,25.440,15,person,0.3012,695,243,730,303,712.5,273.0,712.5,303.0
637,25.440,16,person,0.2586,686,243,728,397,707.0,320.0,707.0,397.0
638,25.480,1,person,0.7912,881,517,931,644,906.0,580.5,906.0,644.0
638,25.480,2,person,0.7708,957,592,1010,733,983.5,662.5,983.5,733.0
638,25.480,3,person,0.7668,892,395,965,493,928.5,444.0,928.5,493.0
638,25.480,4,person,0.7338,0,435,34,563,17.0,499.0,17.0,563.0
638,25.480,5,person,0.7081,364,344,406,442,385.0,393.0,385.0,442.0
638,25.480,6,person,0.7021,603,312,648,405,625.5,358.5,625.5,405.0
638,25.480,7,person,0.7004,1206,562,1269,694,1237.5,628.0,1237.5,694.0
638,25.480,8,person,0.6710,1415,442,1450,556,1432.5,499.0,1432.5,556.0
638,25.480,9,person,0.6298,978,403,1070,499,1024.0,451.0,1024.0,499.0
638,25.480,10,person,0.5849,1803,332,1859,430,1831.0,381.0,1831.0,430.0
638,25.480,11,person,0.5190,694,317,728,400,711.0,358.5,711.0,400.0
638,25.480,12,person,0.4883,1066,278,1103,354,1084.5,316.0,1084.5,354.0
638,25.480,13,person,0.4022,695,241,732,397,713.5,319.0,713.5,397.0
638,25.480,14,person,0.3039,1375,285,1407,364,1391.0,324.5,1391.0,364.0
639,25.520,1,person,0.7985,889,521,939,647,914.0,584.0,914.0,647.0
639,25.520,2,person,0.7804,369,337,410,441,389.5,389.0,389.5,441.0
639,25.520,3,person,0.7762,0,437,43,564,21.5,500.5,21.5,564.0
639,25.520,4,person,0.7593,894,398,964,493,929.0,445.5,929.0,493.0
639,25.520,5,person,0.7479,961,591,1010,731,985.5,661.0,985.5,731.0
639,25.520,6,person,0.6910,1416,440,1453,555,1434.5,497.5,1434.5,555.0
639,25.520,7,person,0.6847,605,318,652,405,628.5,361.5,628.5,405.0
639,25.520,8,person,0.6542,1209,561,1276,696,1242.5,628.5,1242.5,696.0
639,25.520,9,person,0.5427,1813,331,1870,429,1841.5,380.0,1841.5,429.0
639,25.520,10,person,0.5338,703,315,735,395,719.0,355.0,719.0,395.0
639,25.520,11,person,0.5275,1071,279,1104,352,1087.5,315.5,1087.5,352.0
639,25.520,12,person,0.5196,985,404,1076,501,1030.5,452.5,1030.5,501.0
639,25.520,13,person,0.3523,0,440,31,561,15.5,500.5,15.5,561.0
639,25.520,14,person,0.2942,1381,284,1409,362,1395.0,323.0,1395.0,362.0
639,25.520,15,person,0.2633,983,401,1047,500,1015.0,450.5,1015.0,500.0
640,25.560,1,person,0.7697,0,441,50,563,25.0,502.0,25.0,563.0
640,25.560,2,person,0.7592,609,317,648,406,628.5,361.5,628.5,406.0
640,25.560,3,person,0.7539,895,518,946,645,920.5,581.5,920.5,645.0
640,25.560,4,person,0.7469,966,585,1017,731,991.5,658.0,991.5,731.0
640,25.560,5,person,0.7418,370,337,414,440,392.0,388.5,392.0,440.0
640,25.560,6,person,0.7299,901,397,965,494,933.0,445.5,933.0,494.0
640,25.560,7,person,0.7170,1417,439,1461,555,1439.0,497.0,1439.0,555.0
640,25.560,8,person,0.6411,710,316,744,402,727.0,359.0,727.0,402.0
640,25.560,9,person,0.5664,1219,560,1278,691,1248.5,625.5,1248.5,691.0
640,25.560,10,person,0.5598,1075,284,1109,356,1092.0,320.0,1092.0,356.0
640,25.560,11,person,0.5510,990,404,1084,501,1037.0,452.5,1037.0,501.0
640,25.560,12,person,0.5328,1824,340,1882,431,1853.0,385.5,1853.0,431.0
640,25.560,13,person,0.4678,1384,281,1415,365,1399.5,323.0,1399.5,365.0
640,25.560,14,person,0.4006,0,442,36,560,18.0,501.0,18.0,560.0
641,25.600,1,person,0.7828,972,586,1019,725,995.5,655.5,995.5,725.0
641,25.600,2,person,0.7786,902,517,946,644,924.0,580.5,924.0,644.0
641,25.600,3,person,0.7761,907,396,966,495,936.5,445.5,936.5,495.0
641,25.600,4,person,0.7674,2,439,53,562,27.5,500.5,27.5,562.0
641,25.600,5,person,0.7612,1412,437,1470,554,1441.0,495.5,1441.0,554.0
641,25.600,6,person,0.7527,610,318,649,403,629.5,360.5,629.5,403.0
641,25.600,7,person,0.6835,374,338,419,440,396.5,389.0,396.5,440.0
641,25.600,8,person,0.6613,717,315,751,402,734.0,358.5,734.0,402.0
641,25.600,9,person,0.5867,1212,555,1286,692,1249.0,623.5,1249.0,692.0
641,25.600,10,person,0.5451,1392,283,1422,367,1407.0,325.0,1407.0,367.0
641,25.600,11,person,0.5352,1078,290,1108,357,1093.0,323.5,1093.0,357.0
641,25.600,12,person,0.5165,998,403,1088,501,1043.0,452.0,1043.0,501.0
641,25.600,13,person,0.5082,1830,337,1889,431,1859.5,384.0,1859.5,431.0
642,25.640,1,person,0.7869,12,435,51,562,31.5,498.5,31.5,562.0
642,25.640,2,person,0.7807,1414,440,1470,552,1442.0,496.0,1442.0,552.0
642,25.640,3,person,0.7607,974,585,1022,724,998.0,654.5,998.0,724.0
642,25.640,4,person,0.7506,1235,560,1290,698,1262.5,629.0,1262.5,698.0
642,25.640,5,person,0.7385,906,515,949,643,927.5,579.0,927.5,643.0
642,25.640,6,person,0.7292,610,314,648,404,629.0,359.0,629.0,404.0
642,25.640,7,person,0.7132,914,398,966,495,940.0,446.5,940.0,495.0
642,25.640,8,person,0.7020,378,343,423,441,400.5,392.0,400.5,441.0
642,25.640,9,person,0.5874,724,319,755,401,739.5,360.0,739.5,401.0
642,25.640,10,person,0.5604,1837,341,1899,434,1868.0,387.5,1868.0,434.0
642,25.640,11,person,0.5602,1005,402,1060,501,1032.5,451.5,1032.5,501.0
642,25.640,12,person,0.5043,1394,280,1426,370,1410.0,325.0,1410.0,370.0
642,25.640,13,person,0.4834,1080,291,1108,356,1094.0,323.5,1094.0,356.0
642,25.640,14,person,0.3301,1005,404,1085,501,1045.0,452.5,1045.0,501.0
642,25.640,15,person,0.2804,1859,337,1897,431,1878.0,384.0,1878.0,431.0
642,25.640,16,person,0.2577,716,241,753,300,734.5,270.5,734.5,300.0
643,25.680,1,person,0.8034,13,433,52,560,32.5,496.5,32.5,560.0
643,25.680,2,person,0.7972,975,584,1027,717,1001.0,650.5,1001.0,717.0
643,25.680,3,person,0.7628,1414,442,1471,553,1442.5,497.5,1442.5,553.0
643,25.680,4,person,0.7479,610,310,648,405,629.0,357.5,629.0,405.0
643,25.680,5,person,0.7381,379,347,425,445,402.0,396.0,402.0,445.0
643,25.680,6,person,0.6924,1224,560,1293,703,1258.5,631.5,1258.5,703.0
643,25.680,7,person,0.6581,911,515,953,642,932.0,578.5,932.0,642.0
643,25.680,8,person,0.6419,913,397,964,495,938.5,446.0,938.5,495.0
643,25.680,9,person,0.5897,730,318,765,402,747.5,360.0,747.5,402.0
643,25.680,10,person,0.5880,1009,399,1060,501,1034.5,450.0,1034.5,501.0
643,25.680,11,person,0.5289,1855,337,1907,433,1881.0,385.0,1881.0,433.0
643,25.680,12,person,0.5191,1081,291,1111,359,1096.0,325.0,1096.0,359.0
643,25.680,13,person,0.4338,1397,283,1428,370,1412.5,326.5,1412.5,370.0
643,25.680,14,person,0.3213,720,242,752,301,736.0,271.5,736.0,301.0
644,25.720,1,person,0.7707,376,347,424,448,400.0,397.5,400.0,448.0
644,25.720,2,person,0.7622,974,581,1028,719,1001.0,650.0,1001.0,719.0
644,25.720,3,person,0.7364,607,311,645,405,626.0,358.0,626.0,405.0
644,25.720,4,person,0.7042,14,431,51,557,32.5,494.0,32.5,557.0
644,25.720,5,person,0.7017,1414,442,1464,552,1439.0,497.0,1439.0,552.0
644,25.720,6,person,0.6843,1226,556,1293,696,1259.5,626.0,1259.5,696.0
644,25.720,7,person,0.6376,1011,398,1060,499,1035.5,448.5,1035.5,499.0
644,25.720,8,person,0.6022,1400,278,1432,366,1416.0,322.0,1416.0,366.0
644,25.720,9,person,0.5958,734,318,768,400,751.0,359.0,751.0,400.0
644,25.720,10,person,0.5455,914,509,955,640,934.5,574.5,934.5,640.0
644,25.720,11,person,0.5449,1852,341,1919,433,1885.5,387.0,1885.5,433.0
644,25.720,12,person,0.4972,1080,291,1112,357,1096.0,324.0,1096.0,357.0
644,25.720,13,person,0.4687,913,463,955,646,934.0,554.5,934.0,646.0
644,25.720,14,person,0.4513,913,398,963,490,938.0,444.0,938.0,490.0
644,25.720,15,person,0.4107,722,244,751,302,736.5,273.0,736.5,302.0
644,25.720,16,person,0.3100,1011,399,1088,500,1049.5,449.5,1049.5,500.0
644,25.720,17,person,0.2757,908,402,959,619,933.5,510.5,933.5,619.0
645,25.760,1,person,0.7681,370,348,423,447,396.5,397.5,396.5,447.0
645,25.760,2,person,0.7570,971,583,1030,718,1000.5,650.5,1000.5,718.0
645,25.760,3,person,0.7331,1221,556,1292,696,1256.5,626.0,1256.5,696.0
645,25.760,4,person,0.7269,13,430,48,555,30.5,492.5,30.5,555.0
645,25.760,5,person,0.6891,1412,441,1455,553,1433.5,497.0,1433.5,553.0
645,25.760,6,person,0.6071,599,315,640,403,619.5,359.0,619.5,403.0
645,25.760,7,person,0.5924,1010,397,1057,499,1033.5,448.0,1033.5,499.0
645,25.760,8,person,0.5856,736,316,772,401,754.0,358.5,754.0,401.0
645,25.760,9,person,0.4782,912,573,950,645,931.0,609.0,931.0,645.0
645,25.760,10,person,0.4652,1399,280,1432,374,1415.5,327.0,1415.5,374.0
645,25.760,11,person,0.4570,907,398,957,488,932.0,443.0,932.0,488.0
645,25.760,12,person,0.4275,912,503,954,629,933.0,566.0,933.0,629.0
645,25.760,13,person,0.3927,1862,344,1919,431,1890.5,387.5,1890.5,431.0
645,25.760,14,person,0.3758,1076,288,1112,358,1094.0,323.0,1094.0,358.0
645,25.760,15,person,0.3593,720,246,750,304,735.0,275.0,735.0,304.0
646,25.800,1,person,0.7933,367,348,419,449,393.0,398.5,393.0,449.0
646,25.800,2,person,0.7798,1412,441,1447,555,1429.5,498.0,1429.5,555.0
646,25.800,3,person,0.7796,13,430,48,552,30.5,491.0,30.5,552.0
646,25.800,4,person,0.7235,970,584,1034,720,1002.0,652.0,1002.0,720.0
646,25.800,5,person,0.7076,1219,555,1293,695,1256.0,625.0,1256.0,695.0
646,25.800,6,person,0.6782,587,315,637,408,612.0,361.5,612.0,408.0
646,25.800,7,person,0.6539,737,314,774,405,755.5,359.5,755.5,405.0
646,25.800,8,person,0.6290,894,397,951,503,922.5,450.0,922.5,503.0
646,25.800,9,person,0.6130,1394,277,1431,374,1412.5,325.5,1412.5,374.0
646,25.800,10,person,0.5847,909,494,950,646,929.5,570.0,929.5,646.0
646,25.800,11,person,0.5409,1006,393,1062,501,1034.0,447.0,1034.0,501.0
646,25.800,12,person,0.4338,1071,290,1112,364,1091.5,327.0,1091.5,364.0
646,25.800,13,person,0.3218,1008,394,1087,501,1047.5,447.5,1047.5,501.0
647,25.840,1,person,0.8103,12,431,48,551,30.0,491.0,30.0,551.0
647,25.840,2,person,0.7693,1408,441,1441,556,1424.5,498.5,1424.5,556.0
647,25.840,3,person,0.7655,366,350,418,449,392.0,399.5,392.0,449.0
647,25.840,4,person,0.7177,1220,555,1293,696,1256.5,625.5,1256.5,696.0
647,25.840,5,person,0.7153,971,584,1036,719,1003.5,651.5,1003.5,719.0
647,25.840,6,person,0.6216,740,316,775,404,757.5,360.0,757.5,404.0
647,25.840,7,person,0.6183,910,498,952,646,931.0,572.0,931.0,646.0
647,25.840,8,person,0.6122,883,401,948,505,915.5,453.0,915.5,505.0
647,25.840,9,person,0.5802,1007,390,1053,499,1030.0,444.5,1030.0,499.0
647,25.840,10,person,0.5205,1394,276,1430,373,1412.0,324.5,1412.0,373.0
647,25.840,11,person,0.4867,583,316,631,405,607.0,360.5,607.0,405.0
647,25.840,12,person,0.4247,1065,292,1113,364,1089.0,328.0,1089.0,364.0
647,25.840,13,person,0.3177,590,318,628,382,609.0,350.0,609.0,382.0
648,25.880,1,person,0.8155,11,432,50,549,30.5,490.5,30.5,549.0
648,25.880,2,person,0.7856,1407,439,1441,551,1424.0,495.0,1424.0,551.0
648,25.880,3,person,0.7521,369,352,417,451,393.0,401.5,393.0,451.0
648,25.880,4,person,0.7379,971,585,1036,718,1003.5,651.5,1003.5,718.0
648,25.880,5,person,0.6945,1220,554,1295,693,1257.5,623.5,1257.5,693.0
648,25.880,6,person,0.6887,878,404,943,507,910.5,455.5,910.5,507.0
648,25.880,7,person,0.6668,912,504,955,643,933.5,573.5,933.5,643.0
648,25.880,8,person,0.6625,1011,386,1049,500,1030.0,443.0,1030.0,500.0
648,25.880,9,person,0.5812,1398,279,1434,374,1416.0,326.5,1416.0,374.0
648,25.880,10,person,0.5755,580,321,630,410,605.0,365.5,605.0,410.0
648,25.880,11,person,0.5218,743,316,778,403,760.5,359.5,760.5,403.0
648,25.880,12,person,0.4936,1064,290,1114,364,1089.0,327.0,1089.0,364.0
648,25.880,13,person,0.4402,587,322,625,382,606.0,352.0,606.0,382.0
649,25.920,1,person,0.8148,8,437,53,550,30.5,493.5,30.5,550.0
649,25.920,2,person,0.7789,1402,437,1442,554,1422.0,495.5,1422.0,554.0
649,25.920,3,person,0.7668,371,352,418,453,394.5,402.5,394.5,453.0
649,25.920,4,person,0.7607,1226,556,1298,694,1262.0,625.0,1262.0,694.0
649,25.920,5,person,0.7260,968,584,1025,715,996.5,649.5,996.5,715.0
649,25.920,6,person,0.6685,581,321,622,412,601.5,366.5,601.5,412.0
649,25.920,7,person,0.6349,1011,387,1046,503,1028.5,445.0,1028.5,503.0
649,25.920,8,person,0.6132,1401,279,1438,376,1419.5,327.5,1419.5,376.0
649,25.920,9,person,0.5838,874,410,941,512,907.5,461.0,907.5,512.0
649,25.920,10,person,0.5707,907,506,957,643,932.0,574.5,932.0,643.0
649,25.920,11,person,0.5469,1066,292,1110,362,1088.0,327.0,1088.0,362.0
649,25.920,12,person,0.4623,747,319,782,404,764.5,361.5,764.5,404.0
649,25.920,13,person,0.3995,1062,451,1096,498,1079.0,474.5,1079.0,498.0
650,25.960,1,person,0.8368,2,437,54,550,28.0,493.5,28.0,550.0
650,25.960,2,person,0.7898,372,350,417,452,394.5,401.0,394.5,452.0
650,25.960,3,person,0.7843,969,579,1022,716,995.5,647.5,995.5,716.0
650,25.960,4,person,0.7261,1396,434,1439,551,1417.5,492.5,1417.5,551.0
650,25.960,5,person,0.7126,578,321,612,411,595.0,366.0,595.0,411.0
650,25.960,6,person,0.6351,1066,291,1103,363,1084.5,327.0,1084.5,363.0
650,25.960,7,person,0.6343,1241,555,1292,690,1266.5,622.5,1266.5,690.0
650,25.960,8,person,0.6121,1004,389,1045,502,1024.5,445.5,1024.5,502.0
650,25.960,9,person,0.6091,899,505,955,640,927.0,572.5,927.0,640.0
650,25.960,10,person,0.6039,1399,279,1436,375,1417.5,327.0,1417.5,375.0
650,25.960,11,person,0.5649,751,320,784,405,767.5,362.5,767.5,405.0
650,25.960,12,person,0.4540,873,412,936,510,904.5,461.0,904.5,510.0
650,25.960,13,person,0.3471,1060,450,1096,500,1078.0,475.0,1078.0,500.0
651,26.000,1,person,0.8379,2,435,55,551,28.5,493.0,28.5,551.0
651,26.000,2,person,0.8041,968,575,1020,714,994.0,644.5,994.0,714.0
651,26.000,3,person,0.7994,370,350,415,452,392.5,401.0,392.5,452.0
651,26.000,4,person,0.7744,572,320,607,411,589.5,365.5,589.5,411.0
651,26.000,5,person,0.6843,1382,433,1434,550,1408.0,491.5,1408.0,550.0
651,26.000,6,person,0.6604,1241,555,1291,687,1266.0,621.0,1266.0,687.0
651,26.000,7,person,0.6359,894,504,958,640,926.0,572.0,926.0,640.0
651,26.000,8,person,0.6038,1003,392,1042,503,1022.5,447.5,1022.5,503.0
651,26.000,9,person,0.5446,1399,279,1434,376,1416.5,327.5,1416.5,376.0
651,26.000,10,person,0.5166,753,319,786,407,769.5,363.0,769.5,407.0
651,26.000,11,person,0.5046,1065,291,1096,363,1080.5,327.0,1080.5,363.0
651,26.000,12,person,0.4069,874,412,931,507,902.5,459.5,902.5,507.0
651,26.000,13,person,0.2906,1061,450,1094,498,1077.5,474.0,1077.5,498.0
652,26.040,1,person,0.8187,371,348,412,452,391.5,400.0,391.5,452.0
652,26.040,2,person,0.8126,3,433,55,550,29.0,491.5,29.0,550.0
652,26.040,3,person,0.8078,968,571,1018,713,993.0,642.0,993.0,713.0
652,26.040,4,person,0.7606,565,321,599,408,582.0,364.5,582.0,408.0
652,26.040,5,person,0.7250,896,508,954,644,925.0,576.0,925.0,644.0
652,26.040,6,person,0.7168,1378,435,1429,549,1403.5,492.0,1403.5,549.0
652,26.040,7,person,0.6667,994,397,1039,506,1016.5,451.5,1016.5,506.0
652,26.040,8,person,0.6385,1242,555,1289,680,1265.5,617.5,1265.5,680.0
652,26.040,9,person,0.6282,755,317,790,405,772.5,361.0,772.5,405.0
652,26.040,10,person,0.6130,867,411,927,508,897.0,459.5,897.0,508.0
652,26.040,11,person,0.5764,1398,278,1434,378,1416.0,328.0,1416.0,378.0
652,26.040,12,person,0.4318,1060,290,1092,366,1076.0,328.0,1076.0,366.0
652,26.040,13,person,0.4212,1056,451,1092,499,1074.0,475.0,1074.0,499.0
653,26.080,1,person,0.8437,370,347,412,452,391.0,399.5,391.0,452.0
653,26.080,2,person,0.7882,0,436,55,550,27.5,493.0,27.5,550.0
653,26.080,3,person,0.7529,968,567,1019,710,993.5,638.5,993.5,710.0
653,26.080,4,person,0.7414,1373,434,1424,550,1398.5,492.0,1398.5,550.0
653,26.080,5,person,0.7260,991,399,1038,504,1014.5,451.5,1014.5,504.0
653,26.080,6,person,0.7249,559,319,597,412,578.0,365.5,578.0,412.0
653,26.080,7,person,0.7172,897,512,953,645,925.0,578.5,925.0,645.0
653,26.080,8,person,0.6775,1238,553,1290,688,1264.0,620.5,1264.0,688.0
653,26.080,9,person,0.6653,861,411,925,512,893.0,461.5,893.0,512.0
653,26.080,10,person,0.6336,754,316,790,407,772.0,361.5,772.0,407.0
653,26.080,11,person,0.5204,1397,280,1434,376,1415.5,328.0,1415.5,376.0
653,26.080,12,person,0.4721,1057,290,1091,366,1074.0,328.0,1074.0,366.0
653,26.080,13,person,0.4296,1059,451,1090,498,1074.5,474.5,1074.5,498.0
654,26.120,1,person,0.8818,370,347,410,453,390.0,400.0,390.0,453.0
654,26.120,2,person,0.7793,857,410,924,517,890.5,463.5,890.5,517.0
654,26.120,3,person,0.7764,1368,441,1422,552,1395.0,496.5,1395.0,552.0
654,26.120,4,person,0.7591,968,565,1025,707,996.5,636.0,996.5,707.0
654,26.120,5,person,0.7457,898,513,954,644,926.0,578.5,926.0,644.0
654,26.120,6,person,0.7447,1,439,59,550,30.0,494.5,30.0,550.0
654,26.120,7,person,0.7199,989,396,1032,504,1010.5,450.0,1010.5,504.0
654,26.120,8,person,0.7107,1235,552,1287,688,1261.0,620.0,1261.0,688.0
654,26.120,9,person,0.7019,547,317,596,414,571.5,365.5,571.5,414.0
654,26.120,10,person,0.6599,757,315,792,405,774.5,360.0,774.5,405.0
654,26.120,11,person,0.5533,1396,282,1431,376,1413.5,329.0,1413.5,376.0
654,26.120,12,person,0.4267,1060,287,1089,360,1074.5,323.5,1074.5,360.0
654,26.120,13,person,0.3718,1056,450,1091,498,1073.5,474.0,1073.5,498.0
655,26.160,1,person,0.8925,371,346,410,453,390.5,399.5,390.5,453.0
655,26.160,2,person,0.8030,861,409,924,516,892.5,462.5,892.5,516.0
655,26.160,3,person,0.7916,967,564,1026,705,996.5,634.5,996.5,705.0
655,26.160,4,person,0.7738,1361,442,1424,552,1392.5,497.0,1392.5,552.0
655,26.160,5,person,0.7593,986,397,1027,502,1006.5,449.5,1006.5,502.0
655,26.160,6,person,0.7500,537,319,596,413,566.5,366.0,566.5,413.0
655,26.160,7,person,0.7414,897,510,953,645,925.0,577.5,925.0,645.0
655,26.160,8,person,0.7266,0,434,56,552,28.0,493.0,28.0,552.0
655,26.160,9,person,0.7251,1236,551,1287,686,1261.5,618.5,1261.5,686.0
655,26.160,10,person,0.6569,758,313,794,407,776.0,360.0,776.0,407.0
655,26.160,11,person,0.5312,1394,292,1431,379,1412.5,335.5,1412.5,379.0
655,26.160,12,person,0.4449,1060,285,1089,361,1074.5,323.0,1074.5,361.0
655,26.160,13,person,0.3294,2,437,33,531,17.5,484.0,17.5,531.0
656,26.200,1,person,0.8898,370,347,409,454,389.5,400.5,389.5,454.0
656,26.200,2,person,0.7718,967,564,1026,707,996.5,635.5,996.5,707.0
656,26.200,3,person,0.7711,1357,443,1420,552,1388.5,497.5,1388.5,552.0
656,26.200,4,person,0.7635,532,320,596,413,564.0,366.5,564.0,413.0
656,26.200,5,person,0.7621,1235,552,1284,683,1259.5,617.5,1259.5,683.0
656,26.200,6,person,0.7201,863,409,922,521,892.5,465.0,892.5,521.0
656,26.200,7,person,0.6737,760,313,795,406,777.5,359.5,777.5,406.0
656,26.200,8,person,0.6587,983,398,1022,502,1002.5,450.0,1002.5,502.0
656,26.200,9,person,0.6401,898,511,949,640,923.5,575.5,923.5,640.0
656,26.200,10,person,0.6394,0,430,46,550,23.0,490.0,23.0,550.0
656,26.200,11,person,0.5982,1394,297,1428,382,1411.0,339.5,1411.0,382.0
656,26.200,12,person,0.4566,1058,285,1088,362,1073.0,323.5,1073.0,362.0
656,26.200,13,person,0.2818,0,434,30,505,15.0,469.5,15.0,505.0
657,26.240,1,person,0.8811,368,348,407,454,387.5,401.0,387.5,454.0
657,26.240,2,person,0.8008,1355,443,1423,553,1389.0,498.0,1389.0,553.0
657,26.240,3,person,0.7694,965,567,1027,708,996.0,637.5,996.0,708.0
657,26.240,4,person,0.7630,1234,554,1284,682,1259.0,618.0,1259.0,682.0
657,26.240,5,person,0.7535,860,415,919,527,889.5,471.0,889.5,527.0
657,26.240,6,person,0.7029,761,313,795,405,778.0,359.0,778.0,405.0
657,26.240,7,person,0.6901,527,322,594,415,560.5,368.5,560.5,415.0
657,26.240,8,person,0.6630,0,429,36,546,18.0,487.5,18.0,546.0
657,26.240,9,person,0.6157,1393,299,1427,381,1410.0,340.0,1410.0,381.0
657,26.240,10,person,0.6108,896,513,942,641,919.0,577.0,919.0,641.0
657,26.240,11,person,0.5165,979,399,1021,502,1000.0,450.5,1000.0,502.0
657,26.240,12,person,0.5025,1053,289,1084,363,1068.5,326.0,1068.5,363.0
657,26.240,13,person,0.2732,534,323,581,402,557.5,362.5,557.5,402.0
658,26.280,1,person,0.8958,367,348,406,454,386.5,401.0,386.5,454.0
658,26.280,2,person,0.7865,964,570,1029,710,996.5,640.0,996.5,710.0
658,26.280,3,person,0.7827,526,324,588,414,557.0,369.0,557.0,414.0
658,26.280,4,person,0.7623,1232,553,1283,681,1257.5,617.0,1257.5,681.0
658,26.280,5,person,0.7425,859,419,916,525,887.5,472.0,887.5,525.0
658,26.280,6,person,0.7045,1357,442,1412,551,1384.5,496.5,1384.5,551.0
658,26.280,7,person,0.6566,762,314,798,407,780.0,360.5,780.0,407.0
658,26.280,8,person,0.6408,1391,300,1424,383,1407.5,341.5,1407.5,383.0
658,26.280,9,person,0.6332,975,397,1019,501,997.0,449.0,997.0,501.0
658,26.280,10,person,0.5576,892,515,935,636,913.5,575.5,913.5,636.0
658,26.280,11,person,0.5432,0,428,23,546,11.5,487.0,11.5,546.0
658,26.280,12,person,0.4792,1050,287,1079,364,1064.5,325.5,1064.5,364.0
658,26.280,13,person,0.2880,890,538,943,641,916.5,589.5,916.5,641.0
659,26.320,1,person,0.8631,365,349,404,455,384.5,402.0,384.5,455.0
659,26.320,2,person,0.8173,962,572,1030,711,996.0,641.5,996.0,711.0
659,26.320,3,person,0.7606,1358,443,1404,550,1381.0,496.5,1381.0,550.0
659,26.320,4,person,0.7313,1231,550,1279,682,1255.0,616.0,1255.0,682.0
659,26.320,5,person,0.7273,889,515,932,641,910.5,578.0,910.5,641.0
659,26.320,6,person,0.7208,861,422,911,525,886.0,473.5,886.0,525.0
659,26.320,7,person,0.6933,763,314,798,408,780.5,361.0,780.5,408.0
659,26.320,8,person,0.6833,974,398,1017,504,995.5,451.0,995.5,504.0
659,26.320,9,person,0.6678,524,325,573,415,548.5,370.0,548.5,415.0
659,26.320,10,person,0.6495,1046,292,1078,364,1062.0,328.0,1062.0,364.0
659,26.320,11,person,0.5828,1390,297,1423,386,1406.5,341.5,1406.5,386.0
659,26.320,12,person,0.3671,0,424,17,546,8.5,485.0,8.5,546.0
660,26.360,1,person,0.8588,364,349,402,453,383.0,401.0,383.0,453.0
660,26.360,2,person,0.8347,960,572,1030,711,995.0,641.5,995.0,711.0
660,26.360,3,person,0.7620,1354,442,1400,550,1377.0,496.0,1377.0,550.0
660,26.360,4,person,0.7275,885,515,928,638,906.5,576.5,906.5,638.0
660,26.360,5,person,0.7092,764,314,799,408,781.5,361.0,781.5,408.0
660,26.360,6,person,0.7090,864,421,911,523,887.5,472.0,887.5,523.0
660,26.360,7,person,0.6894,1229,551,1269,683,1249.0,617.0,1249.0,683.0
660,26.360,8,person,0.6679,970,397,1012,505,991.0,451.0,991.0,505.0
660,26.360,9,person,0.6371,522,322,567,413,544.5,367.5,544.5,413.0
660,26.360,10,person,0.6150,1041,296,1074,365,1057.5,330.5,1057.5,365.0
660,26.360,11,person,0.5830,1389,292,1421,384,1405.0,338.0,1405.0,384.0
660,26.360,12,person,0.5014,0,423,15,549,7.5,486.0,7.5,549.0
661,26.400,1,person,0.8262,960,571,1023,708,991.5,639.5,991.5,708.0
661,26.400,2,person,0.7975,361,349,399,455,380.0,402.0,380.0,455.0
661,26.400,3,person,0.7544,1353,440,1388,551,1370.5,495.5,1370.5,551.0
661,26.400,4,person,0.7468,880,518,922,642,901.0,580.0,901.0,642.0
661,26.400,5,person,0.7460,764,316,798,412,781.0,364.0,781.0,412.0
661,26.400,6,person,0.7416,966,400,1006,504,986.0,452.0,986.0,504.0
661,26.400,7,person,0.7160,865,419,910,522,887.5,470.5,887.5,522.0
661,26.400,8,person,0.6904,519,322,562,419,540.5,370.5,540.5,419.0
661,26.400,9,person,0.6895,1227,550,1266,682,1246.5,616.0,1246.5,682.0
661,26.400,10,person,0.6127,1036,292,1073,363,1054.5,327.5,1054.5,363.0
661,26.400,11,person,0.5600,1385,298,1420,380,1402.5,339.0,1402.5,380.0
661,26.400,12,person,0.3624,862,419,899,525,880.5,472.0,880.5,525.0
661,26.400,13,person,0.3280,699,245,728,305,713.5,275.0,713.5,305.0
662,26.440,1,person,0.8329,958,569,1019,706,988.5,637.5,988.5,706.0
662,26.440,2,person,0.7679,360,350,396,454,378.0,402.0,378.0,454.0
662,26.440,3,person,0.7467,513,323,556,420,534.5,371.5,534.5,420.0
662,26.440,4,person,0.7427,876,520,920,641,898.0,580.5,898.0,641.0
662,26.440,5,person,0.7201,764,316,798,411,781.0,363.5,781.0,411.0
662,26.440,6,person,0.7199,1346,439,1380,551,1363.0,495.0,1363.0,551.0
662,26.440,7,person,0.7037,963,399,1000,503,981.5,451.0,981.5,503.0
662,26.440,8,person,0.6753,863,419,908,525,885.5,472.0,885.5,525.0
662,26.440,9,person,0.6646,1223,549,1265,681,1244.0,615.0,1244.0,681.0
662,26.440,10,person,0.5971,1034,293,1069,364,1051.5,328.5,1051.5,364.0
662,26.440,11,person,0.5411,1380,298,1417,377,1398.5,337.5,1398.5,377.0
663,26.480,1,person,0.8219,954,565,1014,707,984.0,636.0,984.0,707.0
663,26.480,2,person,0.8104,511,322,552,420,531.5,371.0,531.5,420.0
663,26.480,3,person,0.7804,355,351,393,456,374.0,403.5,374.0,456.0
663,26.480,4,person,0.7645,1337,439,1375,551,1356.0,495.0,1356.0,551.0
663,26.480,5,person,0.7056,1217,545,1260,681,1238.5,613.0,1238.5,681.0
663,26.480,6,person,0.6919,765,317,797,410,781.0,363.5,781.0,410.0
663,26.480,7,person,0.6569,871,519,916,638,893.5,578.5,893.5,638.0
663,26.480,8,person,0.6520,960,397,996,502,978.0,449.5,978.0,502.0
663,26.480,9,person,0.6432,859,419,904,526,881.5,472.5,881.5,526.0
663,26.480,10,person,0.5433,1027,294,1066,367,1046.5,330.5,1046.5,367.0
663,26.480,11,person,0.4657,1377,301,1412,385,1394.5,343.0,1394.5,385.0
663,26.480,12,person,0.2862,1035,458,1087,501,1061.0,479.5,1061.0,501.0
664,26.520,1,person,0.8262,1329,440,1371,552,1350.0,496.0,1350.0,552.0
664,26.520,2,person,0.7987,954,563,1003,703,978.5,633.0,978.5,703.0
664,26.520,3,person,0.7965,350,351,391,456,370.5,403.5,370.5,456.0
664,26.520,4,person,0.7706,506,322,547,420,526.5,371.0,526.5,420.0
664,26.520,5,person,0.7406,1215,542,1257,679,1236.0,610.5,1236.0,679.0
664,26.520,6,person,0.7161,867,515,914,639,890.5,577.0,890.5,639.0
664,26.520,7,person,0.6270,766,314,796,411,781.0,362.5,781.0,411.0
664,26.520,8,person,0.5789,857,423,902,529,879.5,476.0,879.5,529.0
664,26.520,9,person,0.5786,956,396,994,502,975.0,449.0,975.0,502.0
664,26.520,10,person,0.5121,1368,298,1408,386,1388.0,342.0,1388.0,386.0
664,26.520,11,person,0.3829,1024,292,1056,363,1040.0,327.5,1040.0,363.0
665,26.560,1,person,0.8540,349,352,387,455,368.0,403.5,368.0,455.0
665,26.560,2,person,0.8091,1320,439,1368,551,1344.0,495.0,1344.0,551.0
665,26.560,3,person,0.7691,950,563,996,704,973.0,633.5,973.0,704.0
665,26.560,4,person,0.7682,1212,544,1253,680,1232.5,612.0,1232.5,680.0
665,26.560,5,person,0.6966,950,394,991,502,970.5,448.0,970.5,502.0
665,26.560,6,person,0.6875,501,322,542,422,521.5,372.0,521.5,422.0
665,26.560,7,person,0.6786,766,313,797,411,781.5,362.0,781.5,411.0
665,26.560,8,person,0.6728,860,513,909,637,884.5,575.0,884.5,637.0
665,26.560,9,person,0.6567,1365,297,1402,387,1383.5,342.0,1383.5,387.0
665,26.560,10,person,0.5700,858,423,903,532,880.5,477.5,880.5,532.0
665,26.560,11,person,0.3262,1018,294,1047,366,1032.5,330.0,1032.5,366.0
666,26.600,1,person,0.8720,346,352,383,455,364.5,403.5,364.5,455.0
666,26.600,2,person,0.8195,946,559,992,701,969.0,630.0,969.0,701.0
666,26.600,3,person,0.7719,1306,438,1364,551,1335.0,494.5,1335.0,551.0
666,26.600,4,person,0.7601,1206,542,1249,679,1227.5,610.5,1227.5,679.0
666,26.600,5,person,0.7538,493,321,538,422,515.5,371.5,515.5,422.0
666,26.600,6,person,0.7189,938,397,986,504,962.0,450.5,962.0,504.0
666,26.600,7,person,0.7180,766,313,796,410,781.0,361.5,781.0,410.0
666,26.600,8,person,0.6104,851,505,907,636,879.0,570.5,879.0,636.0
666,26.600,9,person,0.5989,1364,298,1400,388,1382.0,343.0,1382.0,388.0
666,26.600,10,person,0.5196,856,420,902,533,879.0,476.5,879.0,533.0
666,26.600,11,person,0.4025,853,546,908,635,880.5,590.5,880.5,635.0
666,26.600,12,person,0.3996,1011,292,1040,362,1025.5,327.0,1025.5,362.0
666,26.600,13,person,0.3231,1904,416,1919,539,1911.5,477.5,1911.5,539.0
667,26.640,1,person,0.8462,941,562,988,696,964.5,629.0,964.5,696.0
667,26.640,2,person,0.8217,341,353,379,453,360.0,403.0,360.0,453.0
667,26.640,3,person,0.8033,1295,439,1363,555,1329.0,497.0,1329.0,555.0
667,26.640,4,person,0.7909,488,323,535,422,511.5,372.5,511.5,422.0
667,26.640,5,person,0.7630,931,398,981,505,956.0,451.5,956.0,505.0
667,26.640,6,person,0.7489,1199,542,1244,679,1221.5,610.5,1221.5,679.0
667,26.640,7,person,0.6875,765,314,795,410,780.0,362.0,780.0,410.0
667,26.640,8,person,0.6483,849,514,902,637,875.5,575.5,875.5,637.0
667,26.640,9,person,0.5390,853,425,900,529,876.5,477.0,876.5,529.0
667,26.640,10,person,0.4902,1005,294,1036,358,1020.5,326.0,1020.5,358.0
667,26.640,11,person,0.4788,1359,305,1392,388,1375.5,346.5,1375.5,388.0
667,26.640,12,person,0.4426,1894,416,1919,537,1906.5,476.5,1906.5,537.0
668,26.680,1,person,0.8295,486,326,530,423,508.0,374.5,508.0,423.0
668,26.680,2,person,0.8161,1293,441,1356,553,1324.5,497.0,1324.5,553.0
668,26.680,3,person,0.8124,935,562,984,695,959.5,628.5,959.5,695.0
668,26.680,4,person,0.7816,337,352,374,455,355.5,403.5,355.5,455.0
668,26.680,5,person,0.7361,929,398,977,505,953.0,451.5,953.0,505.0
668,26.680,6,person,0.7230,764,318,794,411,779.0,364.5,779.0,411.0
668,26.680,7,person,0.6957,1191,541,1240,677,1215.5,609.0,1215.5,677.0
668,26.680,8,person,0.6831,844,505,903,640,873.5,572.5,873.5,640.0
668,26.680,9,person,0.5097,997,296,1032,364,1014.5,330.0,1014.5,364.0
668,26.680,10,person,0.5079,1877,417,1919,536,1898.0,476.5,1898.0,536.0
668,26.680,11,person,0.4492,852,424,900,523,876.0,473.5,876.0,523.0
668,26.680,12,person,0.3956,1352,305,1385,391,1368.5,348.0,1368.5,391.0
668,26.680,13,person,0.2763,1880,417,1919,506,1899.5,461.5,1899.5,506.0
669,26.720,1,person,0.7977,1291,441,1350,554,1320.5,497.5,1320.5,554.0
669,26.720,2,person,0.7928,333,352,371,457,352.0,404.5,352.0,457.0
669,26.720,3,person,0.7901,931,562,981,695,956.0,628.5,956.0,695.0
669,26.720,4,person,0.7825,481,328,524,423,502.5,375.5,502.5,423.0
669,26.720,5,person,0.7358,1187,541,1236,678,1211.5,609.5,1211.5,678.0
669,26.720,6,person,0.6970,1871,419,1917,539,1894.0,479.0,1894.0,539.0
669,26.720,7,person,0.6966,927,397,971,504,949.0,450.5,949.0,504.0
669,26.720,8,person,0.6639,844,510,892,637,868.0,573.5,868.0,637.0
669,26.720,9,person,0.6472,761,316,794,415,777.5,365.5,777.5,415.0
669,26.720,10,person,0.6014,855,427,897,521,876.0,474.0,876.0,521.0
669,26.720,11,person,0.5909,990,293,1027,362,1008.5,327.5,1008.5,362.0
669,26.720,12,person,0.4991,1346,299,1383,392,1364.5,345.5,1364.5,392.0
669,26.720,13,person,0.4952,844,538,897,635,870.5,586.5,870.5,635.0
669,26.720,14,person,0.2756,673,241,706,304,689.5,272.5,689.5,304.0
670,26.760,1,person,0.7907,329,351,367,459,348.0,405.0,348.0,459.0
670,26.760,2,person,0.7714,1182,543,1233,675,1207.5,609.0,1207.5,675.0
670,26.760,3,person,0.7673,926,561,976,695,951.0,628.0,951.0,695.0
670,26.760,4,person,0.7408,476,326,517,424,496.5,375.0,496.5,424.0
670,26.760,5,person,0.7023,1287,441,1341,551,1314.0,496.0,1314.0,551.0
670,26.760,6,person,0.6758,838,508,888,636,863.0,572.0,863.0,636.0
670,26.760,7,person,0.6728,855,425,896,514,875.5,469.5,875.5,514.0
670,26.760,8,person,0.6528,919,398,969,507,944.0,452.5,944.0,507.0
670,26.760,9,person,0.6376,1341,298,1378,392,1359.5,345.0,1359.5,392.0
670,26.760,10,person,0.6178,983,294,1027,362,1005.0,328.0,1005.0,362.0
670,26.760,11,person,0.6116,759,316,795,413,777.0,364.5,777.0,413.0
670,26.760,12,person,0.5669,1866,421,1908,538,1887.0,479.5,1887.0,538.0
670,26.760,13,person,0.3051,671,241,702,304,686.5,272.5,686.5,304.0
670,26.760,14,person,0.2792,836,536,898,635,867.0,585.5,867.0,635.0
671,26.800,1,person,0.8230,325,352,363,458,344.0,405.0,344.0,458.0
671,26.800,2,person,0.8196,1178,543,1230,674,1204.0,608.5,1204.0,674.0
671,26.800,3,person,0.7679,923,558,974,695,948.5,626.5,948.5,695.0
671,26.800,4,person,0.7647,469,325,513,423,491.0,374.0,491.0,423.0
671,26.800,5,person,0.7587,1283,440,1331,551,1307.0,495.5,1307.0,551.0
671,26.800,6,person,0.7230,912,399,965,512,938.5,455.5,938.5,512.0
671,26.800,7,person,0.6432,834,507,887,635,860.5,571.0,860.5,635.0
671,26.800,8,person,0.6062,1856,425,1901,539,1878.5,482.0,1878.5,539.0
671,26.800,9,person,0.5888,758,316,798,413,778.0,364.5,778.0,413.0
671,26.800,10,person,0.5795,855,422,895,511,875.0,466.5,875.0,511.0
671,26.800,11,person,0.5755,1337,299,1374,392,1355.5,345.5,1355.5,392.0
671,26.800,12,person,0.5573,976,296,1016,366,996.0,331.0,996.0,366.0
672,26.840,1,person,0.8537,321,353,359,457,340.0,405.0,340.0,457.0
672,26.840,2,person,0.8220,1170,542,1223,675,1196.5,608.5,1196.5,675.0
672,26.840,3,person,0.7991,465,324,506,426,485.5,375.0,485.5,426.0
672,26.840,4,person,0.7966,914,563,971,692,942.5,627.5,942.5,692.0
672,26.840,5,person,0.7827,1279,439,1320,551,1299.5,495.0,1299.5,551.0
672,26.840,6,person,0.7344,910,397,956,509,933.0,453.0,933.0,509.0
672,26.840,7,person,0.6710,1333,304,1371,396,1352.0,350.0,1352.0,396.0
672,26.840,8,person,0.6105,828,509,878,636,853.0,572.5,853.0,636.0
672,26.840,9,person,0.6062,852,424,894,527,873.0,475.5,873.0,527.0
672,26.840,10,person,0.5845,756,318,795,413,775.5,365.5,775.5,413.0
672,26.840,11,person,0.5620,1843,422,1889,535,1866.0,478.5,1866.0,535.0
672,26.840,12,person,0.4833,967,296,1011,368,989.0,332.0,989.0,368.0
673,26.880,1,person,0.8126,910,563,967,691,938.5,627.0,938.5,691.0
673,26.880,2,person,0.7974,460,325,503,429,481.5,377.0,481.5,429.0
673,26.880,3,person,0.7500,315,356,353,459,334.0,407.5,334.0,459.0
673,26.880,4,person,0.7312,1272,441,1308,551,1290.0,496.0,1290.0,551.0
673,26.880,5,person,0.7309,1169,542,1218,671,1193.5,606.5,1193.5,671.0
673,26.880,6,person,0.7128,907,397,950,504,928.5,450.5,928.5,504.0
673,26.880,7,person,0.7005,1830,425,1888,539,1859.0,482.0,1859.0,539.0
673,26.880,8,person,0.6082,825,508,868,633,846.5,570.5,846.5,633.0
673,26.880,9,person,0.6062,849,427,891,546,870.0,486.5,870.0,546.0
673,26.880,10,person,0.5986,1327,313,1363,395,1345.0,354.0,1345.0,395.0
673,26.880,11,person,0.5449,756,320,793,414,774.5,367.0,774.5,414.0
673,26.880,12,person,0.5447,961,294,995,365,978.0,329.5,978.0,365.0
674,26.920,1,person,0.7892,1265,440,1300,554,1282.5,497.0,1282.5,554.0
674,26.920,2,person,0.7625,454,326,497,426,475.5,376.0,475.5,426.0
674,26.920,3,person,0.7525,904,564,964,693,934.0,628.5,934.0,693.0
674,26.920,4,person,0.7298,902,397,944,506,923.0,451.5,923.0,506.0
674,26.920,5,person,0.7180,1167,541,1212,669,1189.5,605.0,1189.5,669.0
674,26.920,6,person,0.7142,817,504,862,636,839.5,570.0,839.5,636.0
674,26.920,7,person,0.7082,1817,421,1887,539,1852.0,480.0,1852.0,539.0
674,26.920,8,person,0.6581,309,358,348,459,328.5,408.5,328.5,459.0
674,26.920,9,person,0.6280,1323,311,1355,398,1339.0,354.5,1339.0,398.0
674,26.920,10,person,0.6146,849,430,888,549,868.5,489.5,868.5,549.0
674,26.920,11,person,0.5807,953,298,987,364,970.0,331.0,970.0,364.0
674,26.920,12,person,0.5525,753,320,791,414,772.0,367.0,772.0,414.0
675,26.960,1,person,0.8198,1259,440,1293,552,1276.0,496.0,1276.0,552.0
675,26.960,2,person,0.7740,1802,416,1875,538,1838.5,477.0,1838.5,538.0
675,26.960,3,person,0.7396,1162,539,1208,670,1185.0,604.5,1185.0,670.0
675,26.960,4,person,0.7216,899,400,936,505,917.5,452.5,917.5,505.0
675,26.960,5,person,0.7128,901,563,959,691,930.0,627.0,930.0,691.0
675,26.960,6,person,0.7033,452,326,492,428,472.0,377.0,472.0,428.0
675,26.960,7,person,0.6966,812,506,855,637,833.5,571.5,833.5,637.0
675,26.960,8,person,0.6648,305,358,345,460,325.0,409.0,325.0,460.0
675,26.960,9,person,0.6274,1319,308,1352,400,1335.5,354.0,1335.5,400.0
675,26.960,10,person,0.4685,845,434,884,527,864.5,480.5,864.5,527.0
675,26.960,11,person,0.4621,748,321,791,414,769.5,367.5,769.5,414.0
675,26.960,12,person,0.3839,943,299,978,365,960.5,332.0,960.5,365.0
676,27.000,1,person,0.7766,1158,537,1199,666,1178.5,601.5,1178.5,666.0
676,27.000,2,person,0.7320,897,565,951,693,924.0,629.0,924.0,693.0
676,27.000,3,person,0.7231,1792,417,1865,537,1828.5,477.0,1828.5,537.0
676,27.000,4,person,0.7212,302,358,342,460,322.0,409.0,322.0,460.0
676,27.000,5,person,0.7089,806,512,851,638,828.5,575.0,828.5,638.0
676,27.000,6,person,0.7026,1249,440,1288,551,1268.5,495.5,1268.5,551.0
676,27.000,7,person,0.6969,895,394,929,502,912.0,448.0,912.0,502.0
676,27.000,8,person,0.6864,447,328,489,431,468.0,379.5,468.0,431.0
676,27.000,9,person,0.6541,843,433,882,539,862.5,486.0,862.5,539.0
676,27.000,10,person,0.5836,1314,308,1348,397,1331.0,352.5,1331.0,397.0
676,27.000,11,person,0.4218,747,321,789,413,768.0,367.0,768.0,413.0
676,27.000,12,person,0.4194,938,298,970,362,954.0,330.0,954.0,362.0
676,27.000,13,person,0.3373,646,241,680,303,663.0,272.0,663.0,303.0
677,27.040,1,person,0.7901,296,358,339,461,317.5,409.5,317.5,461.0
677,27.040,2,person,0.7493,1151,537,1194,663,1172.5,600.0,1172.5,663.0
677,27.040,3,person,0.7339,892,556,949,692,920.5,624.0,920.5,692.0
677,27.040,4,person,0.7308,444,328,485,431,464.5,379.5,464.5,431.0
677,27.040,5,person,0.7290,801,509,840,636,820.5,572.5,820.5,636.0
677,27.040,6,person,0.6818,887,396,923,507,905.0,451.5,905.0,507.0
677,27.040,7,person,0.6754,1235,441,1287,551,1261.0,496.0,1261.0,551.0
677,27.040,8,person,0.6124,1781,422,1856,539,1818.5,480.5,1818.5,539.0
677,27.040,9,person,0.6118,843,435,882,544,862.5,489.5,862.5,544.0
677,27.040,10,person,0.5308,1308,310,1342,396,1325.0,353.0,1325.0,396.0
677,27.040,11,person,0.4043,928,299,966,362,947.0,330.5,947.0,362.0
677,27.040,12,person,0.3772,749,320,790,412,769.5,366.0,769.5,412.0
677,27.040,13,person,0.3067,1783,423,1822,536,1802.5,479.5,1802.5,536.0
677,27.040,14,person,0.2816,757,319,787,410,772.0,364.5,772.0,410.0
678,27.080,1,person,0.8184,1227,441,1283,552,1255.0,496.5,1255.0,552.0
678,27.080,2,person,0.7661,441,329,480,432,460.5,380.5,460.5,432.0
678,27.080,3,person,0.7458,1147,534,1188,670,1167.5,602.0,1167.5,670.0
678,27.080,4,person,0.7367,292,358,338,464,315.0,411.0,315.0,464.0
678,27.080,5,person,0.7348,794,507,838,637,816.0,572.0,816.0,637.0
678,27.080,6,person,0.7283,883,396,919,509,901.0,452.5,901.0,509.0
678,27.080,7,person,0.7197,887,552,941,689,914.0,620.5,914.0,689.0
678,27.080,8,person,0.6481,1771,424,1826,540,1798.5,482.0,1798.5,540.0
678,27.080,9,person,0.6251,843,433,881,553,862.0,493.0,862.0,553.0
678,27.080,10,person,0.5316,1303,310,1337,397,1320.0,353.5,1320.0,397.0
678,27.080,11,person,0.4642,754,320,788,411,771.0,365.5,771.0,411.0
678,27.080,12,person,0.4413,920,300,959,370,939.5,335.0,939.5,370.0
678,27.080,13,person,0.2972,1774,425,1811,539,1792.5,482.0,1792.5,539.0
679,27.120,1,person,0.8695,1218,443,1282,552,1250.0,497.5,1250.0,552.0
679,27.120,2,person,0.7716,435,331,477,432,456.0,381.5,456.0,432.0
679,27.120,3,person,0.7670,1141,535,1184,668,1162.5,601.5,1162.5,668.0
679,27.120,4,person,0.7423,883,553,935,691,909.0,622.0,909.0,691.0
679,27.120,5,person,0.6901,781,507,833,636,807.0,571.5,807.0,636.0
679,27.120,6,person,0.6890,288,358,328,462,308.0,410.0,308.0,462.0
679,27.120,7,person,0.6833,878,395,913,505,895.5,450.0,895.5,505.0
679,27.120,8,person,0.6218,842,435,879,556,860.5,495.5,860.5,556.0
679,27.120,9,person,0.6136,1296,308,1332,398,1314.0,353.0,1314.0,398.0
679,27.120,10,person,0.5749,1763,425,1820,537,1791.5,481.0,1791.5,537.0
679,27.120,11,person,0.5670,757,319,787,413,772.0,366.0,772.0,413.0
679,27.120,12,person,0.4593,914,296,957,369,935.5,332.5,935.5,369.0
679,27.120,13,person,0.4038,914,297,947,364,930.5,330.5,930.5,364.0
679,27.120,14,person,0.3237,1765,428,1799,535,1782.0,481.5,1782.0,535.0
680,27.160,1,person,0.8134,1211,442,1279,552,1245.0,497.0,1245.0,552.0
680,27.160,2,person,0.8102,432,328,475,430,453.5,379.0,453.5,430.0
680,27.160,3,person,0.7696,283,357,324,461,303.5,409.0,303.5,461.0
680,27.160,4,person,0.7645,878,551,925,690,901.5,620.5,901.5,690.0
680,27.160,5,person,0.7631,1135,531,1181,667,1158.0,599.0,1158.0,667.0
680,27.160,6,person,0.7524,772,510,831,638,801.5,574.0,801.5,638.0
680,27.160,7,person,0.6887,876,399,908,506,892.0,452.5,892.0,506.0
680,27.160,8,person,0.6237,757,319,787,412,772.0,365.5,772.0,412.0
680,27.160,9,person,0.6181,1293,309,1327,398,1310.0,353.5,1310.0,398.0
680,27.160,10,person,0.6027,843,440,878,557,860.5,498.5,860.5,557.0
680,27.160,11,person,0.5184,906,299,943,368,924.5,333.5,924.5,368.0
680,27.160,12,person,0.5102,1754,424,1806,538,1780.0,481.0,1780.0,538.0
680,27.160,13,person,0.2946,1755,425,1794,505,1774.5,465.0,1774.5,505.0
680,27.160,14,person,0.2529,834,437,886,559,860.0,498.0,860.0,559.0
681,27.200,1,person,0.7874,1207,442,1274,553,1240.5,497.5,1240.5,553.0
681,27.200,2,person,0.7795,432,329,472,431,452.0,380.0,452.0,431.0
681,27.200,3,person,0.7692,1125,535,1177,665,1151.0,600.0,1151.0,665.0
681,27.200,4,person,0.7632,278,356,319,463,298.5,409.5,298.5,463.0
681,27.200,5,person,0.7210,874,551,920,693,897.0,622.0,897.0,693.0
681,27.200,6,person,0.7078,1744,426,1794,539,1769.0,482.5,1769.0,539.0
681,27.200,7,person,0.6728,773,513,828,635,800.5,574.0,800.5,635.0
681,27.200,8,person,0.6422,1287,315,1322,402,1304.5,358.5,1304.5,402.0
681,27.200,9,person,0.6226,759,320,788,414,773.5,367.0,773.5,414.0
681,27.200,10,person,0.5949,842,442,877,557,859.5,499.5,859.5,557.0
681,27.200,11,person,0.4279,872,398,906,511,889.0,454.5,889.0,511.0
681,27.200,12,person,0.2984,900,299,946,371,923.0,335.0,923.0,371.0
681,27.200,13,person,0.2773,1747,464,1794,538,1770.5,501.0,1770.5,538.0
681,27.200,14,person,0.2653,834,440,883,560,858.5,500.0,858.5,560.0
681,27.200,15,person,0.2515,899,299,933,371,916.0,335.0,916.0,371.0
682,27.240,1,person,0.8051,274,356,313,461,293.5,408.5,293.5,461.0
682,27.240,2,person,0.7865,1206,442,1270,551,1238.0,496.5,1238.0,551.0
682,27.240,3,person,0.7537,1732,422,1791,542,1761.5,482.0,1761.5,542.0
682,27.240,4,person,0.7501,869,550,917,689,893.0,619.5,893.0,689.0
682,27.240,5,person,0.7485,765,508,828,635,796.5,571.5,796.5,635.0
682,27.240,6,person,0.7402,431,329,469,432,450.0,380.5,450.0,432.0
682,27.240,7,person,0.7157,1118,535,1174,665,1146.0,600.0,1146.0,665.0
682,27.240,8,person,0.7102,1279,318,1315,402,1297.0,360.0,1297.0,402.0
682,27.240,9,person,0.6887,758,319,789,414,773.5,366.5,773.5,414.0
682,27.240,10,person,0.5329,842,447,879,562,860.5,504.5,860.5,562.0
682,27.240,11,person,0.5218,894,307,920,369,907.0,338.0,907.0,369.0
682,27.240,12,person,0.4646,871,398,901,486,886.0,442.0,886.0,486.0
682,27.240,13,person,0.4507,1208,442,1252,553,1230.0,497.5,1230.0,553.0
682,27.240,14,person,0.3792,869,400,903,508,886.0,454.0,886.0,508.0
682,27.240,15,person,0.3352,771,510,818,631,794.5,570.5,794.5,631.0
682,27.240,16,person,0.3351,842,435,901,561,871.5,498.0,871.5,561.0
682,27.240,17,person,0.2905,628,241,657,301,642.5,271.0,642.5,301.0
683,27.280,1,person,0.7973,268,359,311,462,289.5,410.5,289.5,462.0
683,27.280,2,person,0.7785,1716,420,1784,540,1750.0,480.0,1750.0,540.0
683,27.280,3,person,0.7678,865,551,917,689,891.0,620.0,891.0,689.0
683,27.280,4,person,0.7398,1204,443,1257,553,1230.5,498.0,1230.5,553.0
683,27.280,5,person,0.7235,430,328,467,431,448.5,379.5,448.5,431.0
683,27.280,6,person,0.7030,758,319,790,414,774.0,366.5,774.0,414.0
683,27.280,7,person,0.6817,764,507,827,635,795.5,571.0,795.5,635.0
683,27.280,8,person,0.6771,1118,536,1171,667,1144.5,601.5,1144.5,667.0
683,27.280,9,person,0.6635,1274,316,1311,402,1292.5,359.0,1292.5,402.0
683,27.280,10,person,0.6047,838,453,877,564,857.5,508.5,857.5,564.0
683,27.280,11,person,0.4536,887,302,915,369,901.0,335.5,901.0,369.0
683,27.280,12,person,0.3777,840,431,900,563,870.0,497.0,870.0,563.0
683,27.280,13,person,0.3458,865,396,898,479,881.5,437.5,881.5,479.0
684,27.320,1,person,0.8385,1702,418,1776,538,1739.0,478.0,1739.0,538.0
684,27.320,2,person,0.7963,860,553,915,687,887.5,620.0,887.5,687.0
684,27.320,3,person,0.7632,265,358,305,464,285.0,411.0,285.0,464.0
684,27.320,4,person,0.7488,1117,534,1168,677,1142.5,605.5,1142.5,677.0
684,27.320,5,person,0.7360,429,328,467,431,448.0,379.5,448.0,431.0
684,27.320,6,person,0.6876,1271,315,1306,405,1288.5,360.0,1288.5,405.0
684,27.320,7,person,0.6604,761,505,816,637,788.5,571.0,788.5,637.0
684,27.320,8,person,0.6516,836,453,884,563,860.0,508.0,860.0,563.0
684,27.320,9,person,0.6276,1201,440,1245,552,1223.0,496.0,1223.0,552.0
684,27.320,10,person,0.5852,759,319,792,412,775.5,365.5,775.5,412.0
684,27.320,11,person,0.4684,877,300,907,370,892.0,335.0,892.0,370.0
684,27.320,12,person,0.4084,858,396,894,476,876.0,436.0,876.0,476.0
684,27.320,13,person,0.2706,753,320,800,417,776.5,368.5,776.5,417.0
685,27.360,1,person,0.8183,1687,422,1769,540,1728.0,481.0,1728.0,540.0
685,27.360,2,person,0.7531,262,360,300,465,281.0,412.5,281.0,465.0
685,27.360,3,person,0.7462,856,551,912,688,884.0,619.5,884.0,688.0
685,27.360,4,person,0.7402,428,328,469,433,448.5,380.5,448.5,433.0
685,27.360,5,person,0.7325,758,509,810,634,784.0,571.5,784.0,634.0
685,27.360,6,person,0.6958,1112,533,1165,667,1138.5,600.0,1138.5,667.0
685,27.360,7,person,0.6740,1197,437,1233,551,1215.0,494.0,1215.0,551.0
685,27.360,8,person,0.6420,1266,313,1303,402,1284.5,357.5,1284.5,402.0
685,27.360,9,person,0.6219,756,322,794,413,775.0,367.5,775.0,413.0
685,27.360,10,person,0.6083,840,455,882,563,861.0,509.0,861.0,563.0
685,27.360,11,person,0.4310,854,399,887,470,870.5,434.5,870.5,470.0
685,27.360,12,person,0.4162,871,304,901,370,886.0,337.0,886.0,370.0
686,27.400,1,person,0.7534,1111,531,1158,665,1134.5,598.0,1134.5,665.0
686,27.400,2,person,0.7425,428,330,469,433,448.5,381.5,448.5,433.0
686,27.400,3,person,0.7302,256,358,298,467,277.0,412.5,277.0,467.0
686,27.400,4,person,0.7238,853,555,910,687,881.5,621.0,881.5,687.0
686,27.400,5,person,0.7170,753,505,805,634,779.0,569.5,779.0,634.0
686,27.400,6,person,0.7152,1685,424,1757,542,1721.0,483.0,1721.0,542.0
686,27.400,7,person,0.7146,1195,438,1227,552,1211.0,495.0,1211.0,552.0
686,27.400,8,person,0.6663,755,321,797,415,776.0,368.0,776.0,415.0
686,27.400,9,person,0.6292,1262,313,1299,408,1280.5,360.5,1280.5,408.0
686,27.400,10,person,0.5244,839,445,890,568,864.5,506.5,864.5,568.0
686,27.400,11,person,0.4717,865,301,900,370,882.5,335.5,882.5,370.0
686,27.400,12,person,0.3325,1689,425,1730,535,1709.5,480.0,1709.5,535.0
687,27.440,1,person,0.7551,253,359,296,465,274.5,412.0,274.5,465.0
687,27.440,2,person,0.7545,1188,440,1219,553,1203.5,496.5,1203.5,553.0
687,27.440,3,person,0.7429,1680,427,1741,545,1710.5,486.0,1710.5,545.0
687,27.440,4,person,0.7413,1257,317,1295,407,1276.0,362.0,1276.0,407.0
687,27.440,5,person,0.7381,1108,531,1148,661,1128.0,596.0,1128.0,661.0
687,27.440,6,person,0.7253,427,332,469,432,448.0,382.0,448.0,432.0
687,27.440,7,person,0.7245,849,556,902,684,875.5,620.0,875.5,684.0
687,27.440,8,person,0.7001,750,503,796,635,773.0,569.0,773.0,635.0
687,27.440,9,person,0.6959,755,321,797,417,776.0,369.0,776.0,417.0
687,27.440,10,person,0.6614,837,398,888,569,862.5,483.5,862.5,569.0
687,27.440,11,person,0.6199,857,298,898,372,877.5,335.0,877.5,372.0
687,27.440,12,person,0.3198,1682,427,1722,541,1702.0,484.0,1702.0,541.0
688,27.480,1,person,0.7726,747,505,789,635,768.0,570.0,768.0,635.0
688,27.480,2,person,0.7609,841,550,901,684,871.0,617.0,871.0,684.0
688,27.480,3,person,0.7438,1103,532,1142,660,1122.5,596.0,1122.5,660.0
688,27.480,4,person,0.7341,248,360,293,465,270.5,412.5,270.5,465.0
688,27.480,5,person,0.7192,426,334,468,435,447.0,384.5,447.0,435.0
688,27.480,6,person,0.7092,1671,426,1722,544,1696.5,485.0,1696.5,544.0
688,27.480,7,person,0.6636,1251,319,1289,408,1270.0,363.5,1270.0,408.0
688,27.480,8,person,0.6627,1180,441,1216,551,1198.0,496.0,1198.0,551.0
688,27.480,9,person,0.6172,760,324,798,417,779.0,370.5,779.0,417.0
688,27.480,10,person,0.6107,838,398,886,565,862.0,481.5,862.0,565.0
688,27.480,11,person,0.5435,849,300,896,370,872.5,335.0,872.5,370.0
689,27.520,1,person,0.7610,244,361,290,469,267.0,415.0,267.0,469.0
689,27.520,2,person,0.7607,1102,528,1138,658,1120.0,593.0,1120.0,658.0
689,27.520,3,person,0.7537,838,557,894,683,866.0,620.0,866.0,683.0
689,27.520,4,person,0.7450,741,504,787,635,764.0,569.5,764.0,635.0
689,27.520,5,person,0.7257,1660,426,1705,544,1682.5,485.0,1682.5,544.0
689,27.520,6,person,0.7156,1246,316,1285,411,1265.5,363.5,1265.5,411.0
689,27.520,7,person,0.6839,426,334,468,435,447.0,384.5,447.0,435.0
689,27.520,8,person,0.6821,1169,438,1213,557,1191.0,497.5,1191.0,557.0
689,27.520,9,person,0.5662,764,324,799,413,781.5,368.5,781.5,413.0
689,27.520,10,person,0.5638,838,428,885,569,861.5,498.5,861.5,569.0
689,27.520,11,person,0.4445,842,300,887,369,864.5,334.5,864.5,369.0
689,27.520,12,person,0.3983,835,397,882,540,858.5,468.5,858.5,540.0
690,27.560,1,person,0.7731,1097,526,1136,659,1116.5,592.5,1116.5,659.0
690,27.560,2,person,0.7587,1246,318,1282,407,1264.0,362.5,1264.0,407.0
690,27.560,3,person,0.7579,245,360,285,470,265.0,415.0,265.0,470.0
690,27.560,4,person,0.7558,1649,422,1702,544,1675.5,483.0,1675.5,544.0
690,27.560,5,person,0.7515,732,504,783,634,757.5,569.0,757.5,634.0
690,27.560,6,person,0.7489,1159,441,1211,554,1185.0,497.5,1185.0,554.0
690,27.560,7,person,0.7270,833,554,888,682,860.5,618.0,860.5,682.0
690,27.560,8,person,0.6959,424,334,465,437,444.5,385.5,444.5,437.0
690,27.560,9,person,0.5178,830,398,869,523,849.5,460.5,849.5,523.0
690,27.560,10,person,0.4589,766,323,797,417,781.5,370.0,781.5,417.0
690,27.560,11,person,0.4479,837,299,870,371,853.5,335.0,853.5,371.0
690,27.560,12,person,0.4302,848,452,887,574,867.5,513.0,867.5,574.0
691,27.600,1,person,0.8308,1089,526,1130,659,1109.5,592.5,1109.5,659.0
691,27.600,2,person,0.8057,1635,421,1697,543,1666.0,482.0,1666.0,543.0
691,27.600,3,person,0.7534,1153,441,1209,556,1181.0,498.5,1181.0,556.0
691,27.600,4,person,0.7507,728,504,779,633,753.5,568.5,753.5,633.0
691,27.600,5,person,0.7159,419,334,464,439,441.5,386.5,441.5,439.0
691,27.600,6,person,0.7069,831,554,884,683,857.5,618.5,857.5,683.0
691,27.600,7,person,0.7032,243,362,282,469,262.5,415.5,262.5,469.0
691,27.600,8,person,0.6812,1243,323,1279,406,1261.0,364.5,1261.0,406.0
691,27.600,9,person,0.5350,825,397,865,526,845.0,461.5,845.0,526.0
691,27.600,10,person,0.4826,845,458,894,580,869.5,519.0,869.5,580.0
691,27.600,11,person,0.4727,768,323,799,416,783.5,369.5,783.5,416.0
691,27.600,12,person,0.3938,826,396,875,541,850.5,468.5,850.5,541.0
691,27.600,13,person,0.3669,828,302,864,370,846.0,336.0,846.0,370.0
691,27.600,14,person,0.2815,855,499,892,581,873.5,540.0,873.5,581.0
692,27.640,1,person,0.8495,1612,419,1693,541,1652.5,480.0,1652.5,541.0
692,27.640,2,person,0.8000,1086,527,1126,659,1106.0,593.0,1106.0,659.0
692,27.640,3,person,0.7784,1147,442,1207,554,1177.0,498.0,1177.0,554.0
692,27.640,4,person,0.7483,725,504,776,635,750.5,569.5,750.5,635.0
692,27.640,5,person,0.7416,826,555,873,682,849.5,618.5,849.5,682.0
692,27.640,6,person,0.7188,240,362,275,468,257.5,415.0,257.5,468.0
692,27.640,7,person,0.7121,419,334,463,438,441.0,386.0,441.0,438.0
692,27.640,8,person,0.6684,1240,321,1273,410,1256.5,365.5,1256.5,410.0
692,27.640,9,person,0.4975,837,464,900,576,868.5,520.0,868.5,576.0
692,27.640,10,person,0.4795,770,323,800,415,785.0,369.0,785.0,415.0
692,27.640,11,person,0.3924,822,306,854,375,838.0,340.5,838.0,375.0
692,27.640,12,person,0.3821,821,403,861,480,841.0,441.5,841.0,480.0
692,27.640,13,person,0.3619,821,400,863,532,842.0,466.0,842.0,532.0
692,27.640,14,person,0.3552,822,398,867,501,844.5,449.5,844.5,501.0
692,27.640,15,person,0.3470,820,399,893,566,856.5,482.5,856.5,566.0
693,27.680,1,person,0.8245,1601,421,1686,540,1643.5,480.5,1643.5,540.0
693,27.680,2,person,0.7924,1077,530,1122,660,1099.5,595.0,1099.5,660.0
693,27.680,3,person,0.7856,1145,441,1207,556,1176.0,498.5,1176.0,556.0
693,27.680,4,person,0.7669,235,361,271,470,253.0,415.5,253.0,470.0
693,27.680,5,person,0.7536,822,554,864,677,843.0,615.5,843.0,677.0
693,27.680,6,person,0.7477,723,505,774,634,748.5,569.5,748.5,634.0
693,27.680,7,person,0.6966,420,335,461,438,440.5,386.5,440.5,438.0
693,27.680,8,person,0.6947,1236,322,1268,408,1252.0,365.0,1252.0,408.0
693,27.680,9,person,0.5473,770,323,803,415,786.5,369.0,786.5,415.0
693,27.680,10,person,0.5352,818,305,847,373,832.5,339.0,832.5,373.0
693,27.680,11,person,0.5310,840,464,906,576,873.0,520.0,873.0,576.0
693,27.680,12,person,0.4437,818,397,855,499,836.5,448.0,836.5,499.0
694,27.720,1,person,0.7972,720,503,771,635,745.5,569.0,745.5,635.0
694,27.720,2,person,0.7579,1597,424,1677,541,1637.0,482.5,1637.0,541.0
694,27.720,3,person,0.7564,230,360,265,470,247.5,415.0,247.5,470.0
694,27.720,4,person,0.7442,817,550,863,679,840.0,614.5,840.0,679.0
694,27.720,5,person,0.7256,1144,441,1200,554,1172.0,497.5,1172.0,554.0
694,27.720,6,person,0.7232,1076,529,1119,654,1097.5,591.5,1097.5,654.0
694,27.720,7,person,0.6864,422,334,459,437,440.5,385.5,440.5,437.0
694,27.720,8,person,0.6351,1234,321,1265,411,1249.5,366.0,1249.5,411.0
694,27.720,9,person,0.5542,841,465,908,576,874.5,520.5,874.5,576.0
694,27.720,10,person,0.5333,814,398,851,476,832.5,437.0,832.5,476.0
694,27.720,11,person,0.4905,814,399,852,508,833.0,453.5,833.0,508.0
694,27.720,12,person,0.4183,773,331,809,418,791.0,374.5,791.0,418.0
694,27.720,13,person,0.3921,811,305,840,375,825.5,340.0,825.5,375.0
695,27.760,1,person,0.8379,1596,426,1665,544,1630.5,485.0,1630.5,544.0
695,27.760,2,person,0.8105,717,504,767,633,742.0,568.5,742.0,633.0
695,27.760,3,person,0.7830,227,360,262,469,244.5,414.5,244.5,469.0
695,27.760,4,person,0.7636,814,550,858,679,836.0,614.5,836.0,679.0
695,27.760,5,person,0.7621,1142,442,1190,556,1166.0,499.0,1166.0,556.0
695,27.760,6,person,0.6940,1069,527,1116,659,1092.5,593.0,1092.5,659.0
695,27.760,7,person,0.6874,424,334,458,437,441.0,385.5,441.0,437.0
695,27.760,8,person,0.6865,808,399,850,512,829.0,455.5,829.0,512.0
695,27.760,9,person,0.6377,1227,318,1263,411,1245.0,364.5,1245.0,411.0
695,27.760,10,person,0.6093,839,463,900,577,869.5,520.0,869.5,577.0
695,27.760,11,person,0.3995,780,304,833,385,806.5,344.5,806.5,385.0
695,27.760,12,person,0.3981,775,304,837,410,806.0,357.0,806.0,410.0
696,27.800,1,person,0.7840,224,362,260,471,242.0,416.5,242.0,471.0
696,27.800,2,person,0.7712,711,502,764,631,737.5,566.5,737.5,631.0
696,27.800,3,person,0.7661,810,551,856,675,833.0,613.0,833.0,675.0
696,27.800,4,person,0.7602,1065,529,1114,660,1089.5,594.5,1089.5,660.0
696,27.800,5,person,0.7216,1137,443,1184,555,1160.5,499.0,1160.5,555.0
696,27.800,6,person,0.7163,1590,429,1650,541,1620.0,485.0,1620.0,541.0
696,27.800,7,person,0.7030,423,334,457,438,440.0,386.0,440.0,438.0
696,27.800,8,person,0.6978,1223,319,1258,414,1240.5,366.5,1240.5,414.0
696,27.800,9,person,0.6908,839,459,888,577,863.5,518.0,863.5,577.0
696,27.800,10,person,0.6685,805,398,847,510,826.0,454.0,826.0,510.0
696,27.800,11,person,0.4344,779,303,833,409,806.0,356.0,806.0,409.0
696,27.800,12,person,0.3790,783,301,827,375,805.0,338.0,805.0,375.0
696,27.800,13,person,0.3032,1591,429,1624,532,1607.5,480.5,1607.5,532.0
697,27.840,1,person,0.7893,804,552,857,679,830.5,615.5,830.5,679.0
697,27.840,2,person,0.7660,1062,527,1112,658,1087.0,592.5,1087.0,658.0
697,27.840,3,person,0.7489,708,502,761,633,734.5,567.5,734.5,633.0
697,27.840,4,person,0.7296,799,400,841,514,820.0,457.0,820.0,514.0
697,27.840,5,person,0.7284,422,335,457,439,439.5,387.0,439.5,439.0
697,27.840,6,person,0.7043,220,365,257,472,238.5,418.5,238.5,472.0
697,27.840,7,person,0.7034,1135,444,1173,555,1154.0,499.5,1154.0,555.0
697,27.840,8,person,0.6946,1581,431,1633,544,1607.0,487.5,1607.0,544.0
697,27.840,9,person,0.6415,1220,322,1256,412,1238.0,367.0,1238.0,412.0
697,27.840,10,person,0.6268,837,459,882,576,859.5,517.5,859.5,576.0
697,27.840,11,person,0.4520,775,302,826,409,800.5,355.5,800.5,409.0
697,27.840,12,person,0.2818,782,299,823,374,802.5,336.5,802.5,374.0
698,27.880,1,person,0.8077,794,549,855,681,824.5,615.0,824.5,681.0
698,27.880,2,person,0.7901,1568,428,1618,549,1593.0,488.5,1593.0,549.0
698,27.880,3,person,0.7676,1060,527,1107,652,1083.5,589.5,1083.5,652.0
698,27.880,4,person,0.7669,708,501,760,633,734.0,567.0,734.0,633.0
698,27.880,5,person,0.7399,422,334,457,439,439.5,386.5,439.5,439.0
698,27.880,6,person,0.6776,216,369,253,469,234.5,419.0,234.5,469.0
698,27.880,7,person,0.6375,1130,441,1164,559,1147.0,500.0,1147.0,559.0
698,27.880,8,person,0.6285,795,401,839,515,817.0,458.0,817.0,515.0
698,27.880,9,person,0.5739,1216,322,1253,411,1234.5,366.5,1234.5,411.0
698,27.880,10,person,0.5284,834,458,879,580,856.5,519.0,856.5,580.0
698,27.880,11,person,0.4653,781,305,817,384,799.0,344.5,799.0,384.0
698,27.880,12,person,0.4609,778,304,822,404,800.0,354.0,800.0,404.0
698,27.880,13,person,0.3108,1892,755,1919,901,1905.5,828.0,1905.5,901.0
698,27.880,14,person,0.2509,585,239,615,305,600.0,272.0,600.0,305.0
699,27.920,1,person,0.7963,1559,426,1616,551,1587.5,488.5,1587.5,551.0
699,27.920,2,person,0.7426,422,337,457,441,439.5,389.0,439.5,441.0
699,27.920,3,person,0.7365,787,552,853,680,820.0,616.0,820.0,680.0
699,27.920,4,person,0.7330,207,367,254,475,230.5,421.0,230.5,475.0
699,27.920,5,person,0.7171,1055,528,1100,650,1077.5,589.0,1077.5,650.0
699,27.920,6,person,0.7030,706,500,757,634,731.5,567.0,731.5,634.0
699,27.920,7,person,0.6940,1123,442,1157,563,1140.0,502.5,1140.0,563.0
699,27.920,8,person,0.6146,1210,325,1246,410,1228.0,367.5,1228.0,410.0
699,27.920,9,person,0.5931,791,404,834,514,812.5,459.0,812.5,514.0
699,27.920,10,person,0.5188,831,461,873,579,852.0,520.0,852.0,579.0
699,27.920,11,person,0.3513,773,302,813,395,793.0,348.5,793.0,395.0
699,27.920,12,person,0.3278,1887,753,1919,832,1903.0,792.5,1903.0,832.0
699,27.920,13,person,0.2762,585,239,614,306,599.5,272.5,599.5,306.0
700,27.960,1,person,0.8230,202,370,251,477,226.5,423.5,226.5,477.0
700,27.960,2,person,0.8051,706,499,755,631,730.5,565.0,730.5,631.0
700,27.960,3,person,0.7971,1545,425,1610,549,1577.5,487.0,1577.5,549.0
700,27.960,4,person,0.7948,421,339,458,441,439.5,390.0,439.5,441.0
700,27.960,5,person,0.7948,783,549,850,676,816.5,612.5,816.5,676.0
700,27.960,6,person,0.7639,1053,524,1095,651,1074.0,587.5,1074.0,651.0
700,27.960,7,person,0.7327,1119,443,1153,562,1136.0,502.5,1136.0,562.0
700,27.960,8,person,0.6263,828,465,872,582,850.0,523.5,850.0,582.0
700,27.960,9,person,0.5551,1205,331,1241,410,1223.0,370.5,1223.0,410.0
700,27.960,10,person,0.4748,785,408,832,519,808.5,463.5,808.5,519.0
700,27.960,11,person,0.3839,766,305,798,381,782.0,343.0,782.0,381.0
700,27.960,12,person,0.3092,832,470,862,584,847.0,527.0,847.0,584.0
700,27.960,13,person,0.3014,766,305,802,400,784.0,352.5,784.0,400.0
700,27.960,14,person,0.2805,769,305,821,408,795.0,356.5,795.0,408.0
701,28.000,1,person,0.8320,1521,425,1602,546,1561.5,485.5,1561.5,546.0
701,28.000,2,person,0.8106,198,370,248,476,223.0,423.0,223.0,476.0
701,28.000,3,person,0.8089,702,497,752,632,727.0,564.5,727.0,632.0
701,28.000,4,person,0.8000,782,550,846,676,814.0,613.0,814.0,676.0
701,28.000,5,person,0.7982,419,339,459,441,439.0,390.0,439.0,441.0
701,28.000,6,person,0.7711,1051,523,1088,653,1069.5,588.0,1069.5,653.0
701,28.000,7,person,0.7207,1109,444,1150,562,1129.5,503.0,1129.5,562.0
701,28.000,8,person,0.6326,830,466,864,589,847.0,527.5,847.0,589.0
701,28.000,9,person,0.5784,1201,329,1234,419,1217.5,374.0,1217.5,419.0
701,28.000,10,person,0.5309,759,310,784,376,771.5,343.0,771.5,376.0
701,28.000,11,person,0.5092,784,406,827,516,805.5,461.0,805.5,516.0
701,28.000,12,person,0.4744,789,323,822,404,805.5,363.5,805.5,404.0
701,28.000,13,person,0.3629,1868,759,1918,920,1893.0,839.5,1893.0,920.0
701,28.000,14,person,0.3606,578,240,610,303,594.0,271.5,594.0,303.0
702,28.040,1,person,0.8211,700,497,748,631,724.0,564.0,724.0,631.0
702,28.040,2,person,0.8068,195,372,246,478,220.5,425.0,220.5,478.0
702,28.040,3,person,0.7879,418,341,461,443,439.5,392.0,439.5,443.0
702,28.040,4,person,0.7878,778,550,842,678,810.0,614.0,810.0,678.0
702,28.040,5,person,0.7828,1042,524,1081,648,1061.5,586.0,1061.5,648.0
702,28.040,6,person,0.7483,1514,424,1593,543,1553.5,483.5,1553.5,543.0
702,28.040,7,person,0.6624,818,466,868,589,843.0,527.5,843.0,589.0
702,28.040,8,person,0.6603,1098,443,1144,560,1121.0,501.5,1121.0,560.0
702,28.040,9,person,0.6527,1196,329,1232,420,1214.0,374.5,1214.0,420.0
702,28.040,10,person,0.6160,1838,753,1909,915,1873.5,834.0,1873.5,915.0
702,28.040,11,person,0.4854,780,403,822,515,801.0,459.0,801.0,515.0
702,28.040,12,person,0.4367,576,238,610,304,593.0,271.0,593.0,304.0
702,28.040,13,person,0.3257,752,313,779,378,765.5,345.5,765.5,378.0
703,28.080,1,person,0.7944,418,342,459,443,438.5,392.5,438.5,443.0
703,28.080,2,person,0.7912,695,496,744,626,719.5,561.0,719.5,626.0
703,28.080,3,person,0.7660,191,372,243,478,217.0,425.0,217.0,478.0
703,28.080,4,person,0.7521,773,552,834,679,803.5,615.5,803.5,679.0
703,28.080,5,person,0.7199,1037,527,1075,654,1056.0,590.5,1056.0,654.0
703,28.080,6,person,0.6978,1515,428,1580,541,1547.5,484.5,1547.5,541.0
703,28.080,7,person,0.6743,1825,751,1913,918,1869.0,834.5,1869.0,918.0
703,28.080,8,person,0.6657,812,467,866,590,839.0,528.5,839.0,590.0
703,28.080,9,person,0.5905,1093,443,1145,564,1119.0,503.5,1119.0,564.0
703,28.080,10,person,0.5785,1190,326,1227,422,1208.5,374.0,1208.5,422.0
703,28.080,11,person,0.5261,777,402,818,519,797.5,460.5,797.5,519.0
703,28.080,12,person,0.4180,744,312,772,379,758.0,345.5,758.0,379.0
703,28.080,13,person,0.3884,1517,428,1555,540,1536.0,484.0,1536.0,540.0
703,28.080,14,person,0.3203,571,237,606,305,588.5,271.0,588.5,305.0
703,28.080,15,person,0.2791,794,323,821,411,807.5,367.0,807.5,411.0
704,28.120,1,person,0.8157,417,343,459,443,438.0,393.0,438.0,443.0
704,28.120,2,person,0.7811,186,371,238,476,212.0,423.5,212.0,476.0
704,28.120,3,person,0.7530,690,496,738,626,714.0,561.0,714.0,626.0
704,28.120,4,person,0.7438,769,551,826,680,797.5,615.5,797.5,680.0
704,28.120,5,person,0.7052,1029,527,1071,654,1050.0,590.5,1050.0,654.0
704,28.120,6,person,0.6933,811,466,861,590,836.0,528.0,836.0,590.0
704,28.120,7,person,0.6869,1505,431,1560,542,1532.5,486.5,1532.5,542.0
704,28.120,8,person,0.6592,1183,330,1220,427,1201.5,378.5,1201.5,427.0
704,28.120,9,person,0.6178,1082,445,1141,562,1111.5,503.5,1111.5,562.0
704,28.120,10,person,0.5580,773,406,809,519,791.0,462.5,791.0,519.0
704,28.120,11,person,0.4976,1808,757,1892,911,1850.0,834.0,1850.0,911.0
704,28.120,12,person,0.4303,1507,427,1542,540,1524.5,483.5,1524.5,540.0
704,28.120,13,person,0.4101,734,311,767,379,750.5,345.0,750.5,379.0
704,28.120,14,person,0.3560,796,324,822,404,809.0,364.0,809.0,404.0
704,28.120,15,person,0.3368,1087,445,1130,557,1108.5,501.0,1108.5,557.0
705,28.160,1,person,0.8111,418,342,458,443,438.0,392.5,438.0,443.0
705,28.160,2,person,0.7965,686,496,737,628,711.5,562.0,711.5,628.0
705,28.160,3,person,0.7889,181,371,229,477,205.0,424.0,205.0,477.0
705,28.160,4,person,0.7154,1022,528,1067,654,1044.5,591.0,1044.5,654.0
705,28.160,5,person,0.6859,1497,432,1541,544,1519.0,488.0,1519.0,544.0
705,28.160,6,person,0.6770,810,466,856,591,833.0,528.5,833.0,591.0
705,28.160,7,person,0.6766,765,550,813,675,789.0,612.5,789.0,675.0
705,28.160,8,person,0.6757,1076,444,1139,561,1107.5,502.5,1107.5,561.0
705,28.160,9,person,0.6615,1179,332,1215,428,1197.0,380.0,1197.0,428.0
705,28.160,10,person,0.6508,1805,762,1914,920,1859.5,841.0,1859.5,920.0
705,28.160,11,person,0.6309,766,404,803,515,784.5,459.5,784.5,515.0
705,28.160,12,person,0.4759,726,311,761,381,743.5,346.0,743.5,381.0
705,28.160,13,person,0.4688,796,324,823,408,809.5,366.0,809.5,408.0
706,28.200,1,person,0.8218,419,342,457,444,438.0,393.0,438.0,444.0
706,28.200,2,person,0.7911,176,371,222,479,199.0,425.0,199.0,479.0
706,28.200,3,person,0.7741,1481,432,1526,547,1503.5,489.5,1503.5,547.0
706,28.200,4,person,0.7591,1012,524,1063,652,1037.5,588.0,1037.5,652.0
706,28.200,5,person,0.7092,684,496,732,627,708.0,561.5,708.0,627.0
706,28.200,6,person,0.7033,716,309,759,387,737.5,348.0,737.5,387.0
706,28.200,7,person,0.6741,1069,446,1134,561,1101.5,503.5,1101.5,561.0
706,28.200,8,person,0.6636,759,549,803,675,781.0,612.0,781.0,675.0
706,28.200,9,person,0.6618,764,405,798,519,781.0,462.0,781.0,519.0
706,28.200,10,person,0.6373,808,465,850,595,829.0,530.0,829.0,595.0
706,28.200,11,person,0.5883,1810,757,1879,911,1844.5,834.0,1844.5,911.0
706,28.200,12,person,0.5190,1175,331,1209,431,1192.0,381.0,1192.0,431.0
706,28.200,13,person,0.4467,796,325,826,416,811.0,370.5,811.0,416.0
707,28.240,1,person,0.8089,1000,528,1062,655,1031.0,591.5,1031.0,655.0
707,28.240,2,person,0.7933,420,341,455,444,437.5,392.5,437.5,444.0
707,28.240,3,person,0.7734,1471,430,1521,550,1496.0,490.0,1496.0,550.0
707,28.240,4,person,0.7237,679,498,730,630,704.5,564.0,704.5,630.0
707,28.240,5,person,0.7191,758,401,790,517,774.0,459.0,774.0,517.0
707,28.240,6,person,0.7103,171,372,211,478,191.0,425.0,191.0,478.0
707,28.240,7,person,0.6903,1068,444,1126,564,1097.0,504.0,1097.0,564.0
707,28.240,8,person,0.6551,807,464,850,597,828.5,530.5,828.5,597.0
707,28.240,9,person,0.6452,1171,334,1207,427,1189.0,380.5,1189.0,427.0
707,28.240,10,person,0.6392,753,546,792,677,772.5,611.5,772.5,677.0
707,28.240,11,person,0.5870,1802,754,1907,917,1854.5,835.5,1854.5,917.0
707,28.240,12,person,0.5478,707,309,754,384,730.5,346.5,730.5,384.0
707,28.240,13,person,0.4288,795,325,832,417,813.5,371.0,813.5,417.0
707,28.240,14,person,0.4059,1804,754,1860,918,1832.0,836.0,1832.0,918.0
708,28.280,1,person,0.8043,1459,430,1518,551,1488.5,490.5,1488.5,551.0
708,28.280,2,person,0.7943,418,340,453,446,435.5,393.0,435.5,446.0
708,28.280,3,person,0.7901,1001,529,1055,654,1028.0,591.5,1028.0,654.0
708,28.280,4,person,0.7782,677,495,731,629,704.0,562.0,704.0,629.0
708,28.280,5,person,0.7597,1803,753,1893,913,1848.0,833.0,1848.0,913.0
708,28.280,6,person,0.7312,168,372,203,477,185.5,424.5,185.5,477.0
708,28.280,7,person,0.6809,1064,447,1114,560,1089.0,503.5,1089.0,560.0
708,28.280,8,person,0.6800,1167,335,1204,432,1185.5,383.5,1185.5,432.0
708,28.280,9,person,0.6767,753,404,785,515,769.0,459.5,769.0,515.0
708,28.280,10,person,0.6413,747,549,788,678,767.5,613.5,767.5,678.0
708,28.280,11,person,0.6195,805,465,849,596,827.0,530.5,827.0,596.0
708,28.280,12,person,0.5970,1803,753,1858,912,1830.5,832.5,1830.5,912.0
708,28.280,13,person,0.5639,700,314,741,387,720.5,350.5,720.5,387.0
708,28.280,14,person,0.3175,1896,374,1919,491,1907.5,432.5,1907.5,491.0
708,28.280,15,person,0.2919,796,326,831,417,813.5,371.5,813.5,417.0
709,28.320,1,person,0.7900,673,495,726,625,699.5,560.0,699.5,625.0
709,28.320,2,person,0.7807,1440,428,1513,549,1476.5,488.5,1476.5,549.0
709,28.320,3,person,0.7556,418,342,455,447,436.5,394.5,436.5,447.0
709,28.320,4,person,0.7363,159,372,199,483,179.0,427.5,179.0,483.0
709,28.320,5,person,0.7266,1000,527,1056,658,1028.0,592.5,1028.0,658.0
709,28.320,6,person,0.6673,1163,338,1198,431,1180.5,384.5,1180.5,431.0
709,28.320,7,person,0.6414,742,552,782,679,762.0,615.5,762.0,679.0
709,28.320,8,person,0.6393,1798,753,1868,907,1833.0,830.0,1833.0,907.0
709,28.320,9,person,0.6112,1060,443,1100,560,1080.0,501.5,1080.0,560.0
709,28.320,10,person,0.5844,692,313,726,386,709.0,349.5,709.0,386.0
709,28.320,11,person,0.5621,804,466,850,596,827.0,531.0,827.0,596.0
709,28.320,12,person,0.5498,1798,753,1845,906,1821.5,829.5,1821.5,906.0
709,28.320,13,person,0.5441,747,406,780,517,763.5,461.5,763.5,517.0
709,28.320,14,person,0.5355,1062,445,1113,558,1087.5,501.5,1087.5,558.0
709,28.320,15,person,0.4616,1893,379,1919,488,1906.0,433.5,1906.0,488.0
709,28.320,16,person,0.3387,794,326,837,417,815.5,371.5,815.5,417.0
709,28.320,17,person,0.2544,552,239,590,304,571.0,271.5,571.0,304.0
710,28.360,1,person,0.8105,1427,429,1506,549,1466.5,489.0,1466.5,549.0
710,28.360,2,person,0.7622,997,525,1050,657,1023.5,591.0,1023.5,657.0
710,28.360,3,person,0.7475,157,372,195,484,176.0,428.0,176.0,484.0
710,28.360,4,person,0.7474,669,497,720,625,694.5,561.0,694.5,625.0
710,28.360,5,person,0.7332,419,343,455,445,437.0,394.0,437.0,445.0
710,28.360,6,person,0.7125,1794,754,1836,906,1815.0,830.0,1815.0,906.0
710,28.360,7,person,0.6710,735,551,779,679,757.0,615.0,757.0,679.0
710,28.360,8,person,0.6202,1057,443,1095,560,1076.0,501.5,1076.0,560.0
710,28.360,9,person,0.5994,809,471,849,596,829.0,533.5,829.0,596.0
710,28.360,10,person,0.5503,742,408,776,517,759.0,462.5,759.0,517.0
710,28.360,11,person,0.5468,1887,382,1919,487,1903.0,434.5,1903.0,487.0
710,28.360,12,person,0.5388,1160,340,1193,431,1176.5,385.5,1176.5,431.0
710,28.360,13,person,0.4981,686,317,715,386,700.5,351.5,700.5,386.0
710,28.360,14,person,0.3053,794,326,837,416,815.5,371.0,815.5,416.0
711,28.400,1,person,0.8102,155,374,191,482,173.0,428.0,173.0,482.0
711,28.400,2,person,0.7974,1423,427,1499,547,1461.0,487.0,1461.0,547.0
711,28.400,3,person,0.7395,992,525,1048,658,1020.0,591.5,1020.0,658.0
711,28.400,4,person,0.7342,420,343,458,445,439.0,394.0,439.0,445.0
711,28.400,5,person,0.7059,728,552,778,677,753.0,614.5,753.0,677.0
711,28.400,6,person,0.7022,665,499,720,625,692.5,562.0,692.5,625.0
711,28.400,7,person,0.6753,1789,749,1830,908,1809.5,828.5,1809.5,908.0
711,28.400,8,person,0.6336,1053,441,1088,561,1070.5,501.0,1070.5,561.0
711,28.400,9,person,0.6140,808,473,849,594,828.5,533.5,828.5,594.0
711,28.400,10,person,0.6024,734,405,779,523,756.5,464.0,756.5,523.0
711,28.400,11,person,0.5944,1156,337,1188,432,1172.0,384.5,1172.0,432.0
711,28.400,12,person,0.5684,679,317,709,387,694.0,352.0,694.0,387.0
711,28.400,13,person,0.5256,1887,382,1919,485,1903.0,433.5,1903.0,485.0
711,28.400,14,person,0.3473,798,328,840,416,819.0,372.0,819.0,416.0
712,28.440,1,person,0.7560,422,344,461,445,441.5,394.5,441.5,445.0
712,28.440,2,person,0.7541,151,374,188,482,169.5,428.0,169.5,482.0
712,28.440,3,person,0.7532,662,498,714,623,688.0,560.5,688.0,623.0
712,28.440,4,person,0.7395,722,551,776,679,749.0,615.0,749.0,679.0
712,28.440,5,person,0.7145,1049,443,1079,563,1064.0,503.0,1064.0,563.0
712,28.440,6,person,0.6917,990,527,1040,653,1015.0,590.0,1015.0,653.0
712,28.440,7,person,0.6826,1779,745,1824,909,1801.5,827.0,1801.5,909.0
712,28.440,8,person,0.6354,1422,430,1471,546,1446.5,488.0,1446.5,546.0
712,28.440,9,person,0.6049,1152,335,1185,435,1168.5,385.0,1168.5,435.0
712,28.440,10,person,0.5489,731,406,776,519,753.5,462.5,753.5,519.0
712,28.440,11,person,0.5365,808,472,848,595,828.0,533.5,828.0,595.0
712,28.440,12,person,0.4332,674,318,705,387,689.5,352.5,689.5,387.0
712,28.440,13,person,0.4192,1883,381,1918,485,1900.5,433.0,1900.5,485.0
712,28.440,14,person,0.3531,1423,431,1456,543,1439.5,487.0,1439.5,543.0
712,28.440,15,person,0.2861,801,328,844,416,822.5,372.0,822.5,416.0
713,28.480,1,person,0.7780,419,345,465,447,442.0,396.0,442.0,447.0
713,28.480,2,person,0.7356,719,552,775,676,747.0,614.0,747.0,676.0
713,28.480,3,person,0.7328,661,497,711,626,686.0,561.5,686.0,626.0
713,28.480,4,person,0.7270,1044,445,1077,561,1060.5,503.0,1060.5,561.0
713,28.480,5,person,0.6997,1769,745,1822,909,1795.5,827.0,1795.5,909.0
713,28.480,6,person,0.6811,147,376,190,482,168.5,429.0,168.5,482.0
713,28.480,7,person,0.6635,1415,429,1469,544,1442.0,486.5,1442.0,544.0
713,28.480,8,person,0.5774,986,525,1031,657,1008.5,591.0,1008.5,657.0
713,28.480,9,person,0.5618,807,474,848,595,827.5,534.5,827.5,595.0
713,28.480,10,person,0.5572,664,312,702,388,683.0,350.0,683.0,388.0
713,28.480,11,person,0.5314,725,406,774,517,749.5,461.5,749.5,517.0
713,28.480,12,person,0.4989,1151,337,1183,434,1167.0,385.5,1167.0,434.0
713,28.480,13,person,0.4862,1878,381,1912,486,1895.0,433.5,1895.0,486.0
713,28.480,14,person,0.2778,1417,428,1447,535,1432.0,481.5,1432.0,535.0
714,28.520,1,person,0.7581,713,550,775,674,744.0,612.0,744.0,674.0
714,28.520,2,person,0.7579,419,346,466,447,442.5,396.5,442.5,447.0
714,28.520,3,person,0.7523,1756,743,1817,909,1786.5,826.0,1786.5,909.0
714,28.520,4,person,0.7022,660,495,710,625,685.0,560.0,685.0,625.0
714,28.520,5,person,0.6606,144,377,185,485,164.5,431.0,164.5,485.0
714,28.520,6,person,0.6180,983,523,1022,651,1002.5,587.0,1002.5,651.0
714,28.520,7,person,0.5955,1407,430,1448,545,1427.5,487.5,1427.5,545.0
714,28.520,8,person,0.5814,808,474,848,594,828.0,534.0,828.0,594.0
714,28.520,9,person,0.5670,721,406,772,518,746.5,462.0,746.5,518.0
714,28.520,10,person,0.5650,1146,336,1180,433,1163.0,384.5,1163.0,433.0
714,28.520,11,person,0.5558,1035,444,1074,562,1054.5,503.0,1054.5,562.0
714,28.520,12,person,0.4822,1876,380,1909,488,1892.5,434.0,1892.5,488.0
714,28.520,13,person,0.4541,1408,432,1438,539,1423.0,485.5,1423.0,539.0
714,28.520,14,person,0.3752,657,316,691,387,674.0,351.5,674.0,387.0
714,28.520,15,person,0.3562,809,325,840,418,824.5,371.5,824.5,418.0
714,28.520,16,person,0.3005,1872,379,1919,488,1895.5,433.5,1895.5,488.0
715,28.560,1,person,0.8175,1733,743,1815,908,1774.0,825.5,1774.0,908.0
715,28.560,2,person,0.7832,418,345,468,448,443.0,396.5,443.0,448.0
715,28.560,3,person,0.7279,137,377,178,487,157.5,432.0,157.5,487.0
715,28.560,4,person,0.7246,712,550,774,675,743.0,612.5,743.0,675.0
715,28.560,5,person,0.7062,658,495,707,626,682.5,560.5,682.5,626.0
715,28.560,6,person,0.6857,981,518,1018,650,999.5,584.0,999.5,650.0
715,28.560,7,person,0.6272,1399,431,1432,541,1415.5,486.0,1415.5,541.0
715,28.560,8,person,0.6133,1027,442,1074,561,1050.5,501.5,1050.5,561.0
715,28.560,9,person,0.5924,806,473,855,594,830.5,533.5,830.5,594.0
715,28.560,10,person,0.5810,1873,380,1904,490,1888.5,435.0,1888.5,490.0
715,28.560,11,person,0.5514,1397,431,1441,547,1419.0,489.0,1419.0,547.0
715,28.560,12,person,0.5147,1143,336,1178,433,1160.5,384.5,1160.5,433.0
715,28.560,13,person,0.5102,717,405,770,518,743.5,461.5,743.5,518.0
715,28.560,14,person,0.4703,652,315,688,387,670.0,351.0,670.0,387.0
715,28.560,15,person,0.4061,814,326,844,419,829.0,372.5,829.0,419.0
715,28.560,16,person,0.3986,1869,378,1919,488,1894.0,433.0,1894.0,488.0
716,28.600,1,person,0.8246,1721,746,1817,909,1769.0,827.5,1769.0,909.0
716,28.600,2,person,0.7685,416,344,468,449,442.0,396.5,442.0,449.0
716,28.600,3,person,0.7605,653,494,704,623,678.5,558.5,678.5,623.0
716,28.600,4,person,0.7549,1386,430,1435,548,1410.5,489.0,1410.5,548.0
716,28.600,5,person,0.7485,135,378,174,484,154.5,431.0,154.5,484.0
716,28.600,6,person,0.7187,1020,443,1073,562,1046.5,502.5,1046.5,562.0
716,28.600,7,person,0.7010,1866,379,1897,489,1881.5,434.0,1881.5,489.0
716,28.600,8,person,0.6758,712,547,765,670,738.5,608.5,738.5,670.0
716,28.600,9,person,0.6120,806,471,861,596,833.5,533.5,833.5,596.0
716,28.600,10,person,0.5731,975,523,1012,651,993.5,587.0,993.5,651.0
716,28.600,11,person,0.5196,1139,341,1173,439,1156.0,390.0,1156.0,439.0
716,28.600,12,person,0.5066,641,314,684,386,662.5,350.0,662.5,386.0
716,28.600,13,person,0.4526,817,328,845,419,831.0,373.5,831.0,419.0
716,28.600,14,person,0.4160,716,408,765,518,740.5,463.0,740.5,518.0
716,28.600,15,person,0.3101,424,345,461,446,442.5,395.5,442.5,446.0
716,28.600,16,person,0.2883,416,400,464,450,440.0,425.0,440.0,450.0
716,28.600,17,person,0.2795,1865,378,1918,487,1891.5,432.5,1891.5,487.0
717,28.640,1,person,0.8134,1713,746,1818,910,1765.5,828.0,1765.5,910.0
717,28.640,2,person,0.7946,648,489,700,622,674.0,555.5,674.0,622.0
717,28.640,3,person,0.7940,1372,428,1431,548,1401.5,488.0,1401.5,548.0
717,28.640,4,person,0.7779,128,377,169,483,148.5,430.0,148.5,483.0
717,28.640,5,person,0.7369,416,344,465,445,440.5,394.5,440.5,445.0
717,28.640,6,person,0.6981,1860,378,1895,485,1877.5,431.5,1877.5,485.0
717,28.640,7,person,0.6948,1014,445,1068,565,1041.0,505.0,1041.0,565.0
717,28.640,8,person,0.6864,967,522,1008,646,987.5,584.0,987.5,646.0
717,28.640,9,person,0.6814,705,544,757,672,731.0,608.0,731.0,672.0
717,28.640,10,person,0.5940,1132,342,1170,441,1151.0,391.5,1151.0,441.0
717,28.640,11,person,0.5487,803,472,865,596,834.0,534.0,834.0,596.0
717,28.640,12,person,0.5121,819,328,849,419,834.0,373.5,834.0,419.0
717,28.640,13,person,0.4915,711,409,762,517,736.5,463.0,736.5,517.0
717,28.640,14,person,0.4384,806,472,849,593,827.5,532.5,827.5,593.0
717,28.640,15,person,0.4200,1377,429,1420,544,1398.5,486.5,1398.5,544.0
717,28.640,16,person,0.3990,635,317,680,385,657.5,351.0,657.5,385.0
718,28.680,1,person,0.8412,1354,428,1430,549,1392.0,488.5,1392.0,549.0
718,28.680,2,person,0.8344,1711,746,1816,910,1763.5,828.0,1763.5,910.0
718,28.680,3,person,0.8049,647,489,698,623,672.5,556.0,672.5,623.0
718,28.680,4,person,0.7505,415,343,464,444,439.5,393.5,439.5,444.0
718,28.680,5,person,0.7276,124,378,162,484,143.0,431.0,143.0,484.0
718,28.680,6,person,0.6999,1857,377,1895,486,1876.0,431.5,1876.0,486.0
718,28.680,7,person,0.6838,963,523,1003,649,983.0,586.0,983.0,649.0
718,28.680,8,person,0.6646,701,548,749,672,725.0,610.0,725.0,672.0
718,28.680,9,person,0.6610,1011,445,1066,563,1038.5,504.0,1038.5,563.0
718,28.680,10,person,0.6145,1128,343,1163,438,1145.5,390.5,1145.5,438.0
718,28.680,11,person,0.6069,801,473,865,597,833.0,535.0,833.0,597.0
718,28.680,12,person,0.4933,426,345,460,444,443.0,394.5,443.0,444.0
718,28.680,13,person,0.4486,709,406,757,516,733.0,461.0,733.0,516.0
718,28.680,14,person,0.3885,804,473,848,596,826.0,534.5,826.0,596.0
718,28.680,15,person,0.3843,820,331,849,418,834.5,374.5,834.5,418.0
718,28.680,16,person,0.3796,629,314,663,385,646.0,349.5,646.0,385.0
719,28.720,1,person,0.8086,1344,429,1424,550,1384.0,489.5,1384.0,550.0
719,28.720,2,person,0.8059,1711,746,1810,910,1760.5,828.0,1760.5,910.0
719,28.720,3,person,0.7761,642,490,695,624,668.5,557.0,668.5,624.0
719,28.720,4,person,0.7574,1852,376,1894,487,1873.0,431.5,1873.0,487.0
719,28.720,5,person,0.7192,952,522,1002,649,977.0,585.5,977.0,649.0
719,28.720,6,person,0.7173,118,377,154,487,136.0,432.0,136.0,487.0
719,28.720,7,person,0.7004,693,545,737,671,715.0,608.0,715.0,671.0
719,28.720,8,person,0.6615,418,343,462,445,440.0,394.0,440.0,445.0
719,28.720,9,person,0.6518,1007,448,1066,564,1036.5,506.0,1036.5,564.0
719,28.720,10,person,0.6517,799,472,872,590,835.5,531.0,835.5,590.0
719,28.720,11,person,0.5829,1125,340,1162,442,1143.5,391.0,1143.5,442.0
719,28.720,12,person,0.5241,704,405,753,518,728.5,461.5,728.5,518.0
719,28.720,13,person,0.4838,819,328,855,418,837.0,373.0,837.0,418.0
719,28.720,14,person,0.4832,428,345,458,444,443.0,394.5,443.0,444.0
719,28.720,15,person,0.4665,621,316,653,387,637.0,351.5,637.0,387.0
720,28.760,1,person,0.8088,110,376,150,486,130.0,431.0,130.0,486.0
720,28.760,2,person,0.7860,1713,745,1806,913,1759.5,829.0,1759.5,913.0
720,28.760,3,person,0.7797,640,491,694,623,667.0,557.0,667.0,623.0
720,28.760,4,person,0.7482,798,471,874,590,836.0,530.5,836.0,590.0
720,28.760,5,person,0.7296,1846,376,1895,488,1870.5,432.0,1870.5,488.0
720,28.760,6,person,0.7214,689,544,731,677,710.0,610.5,710.0,677.0
720,28.760,7,person,0.7014,954,520,999,652,976.5,586.0,976.5,652.0
720,28.760,8,person,0.6754,420,343,460,445,440.0,394.0,440.0,445.0
720,28.760,9,person,0.6060,1006,448,1058,563,1032.0,505.5,1032.0,563.0
720,28.760,10,person,0.5693,818,327,858,418,838.0,372.5,838.0,418.0
720,28.760,11,person,0.5571,1123,337,1159,442,1141.0,389.5,1141.0,442.0
720,28.760,12,person,0.5194,1342,429,1397,551,1369.5,490.0,1369.5,551.0
720,28.760,13,person,0.4759,613,318,644,391,628.5,354.5,628.5,391.0
720,28.760,14,person,0.4614,1712,745,1774,911,1743.0,828.0,1743.0,911.0
720,28.760,15,person,0.4560,702,407,742,519,722.0,463.0,722.0,519.0
720,28.760,16,person,0.3824,1348,432,1384,549,1366.0,490.5,1366.0,549.0
721,28.800,1,person,0.7720,101,375,141,486,121.0,430.5,121.0,486.0
721,28.800,2,person,0.7606,796,470,881,590,838.5,530.0,838.5,590.0
721,28.800,3,person,0.7133,639,491,691,620,665.0,555.5,665.0,620.0
721,28.800,4,person,0.6968,951,521,997,649,974.0,585.0,974.0,649.0
721,28.800,5,person,0.6890,1342,431,1403,551,1372.5,491.0,1372.5,551.0
721,28.800,6,person,0.6681,1843,376,1897,488,1870.0,432.0,1870.0,488.0
721,28.800,7,person,0.6592,423,342,459,446,441.0,394.0,441.0,446.0
721,28.800,8,person,0.6574,1710,747,1773,906,1741.5,826.5,1741.5,906.0
721,28.800,9,person,0.6545,682,542,724,671,703.0,606.5,703.0,671.0
721,28.800,10,person,0.6356,695,407,734,519,714.5,463.0,714.5,519.0
721,28.800,11,person,0.6232,1001,446,1050,560,1025.5,503.0,1025.5,560.0
721,28.800,12,person,0.5571,1119,339,1158,440,1138.5,389.5,1138.5,440.0
721,28.800,13,person,0.4863,816,326,866,418,841.0,372.0,841.0,418.0
721,28.800,14,person,0.4651,605,318,634,390,619.5,354.0,619.5,390.0
722,28.840,1,person,0.7934,795,471,891,591,843.0,531.0,843.0,591.0
722,28.840,2,person,0.7245,1714,744,1778,909,1746.0,826.5,1746.0,909.0
722,28.840,3,person,0.7222,940,523,996,650,968.0,586.5,968.0,650.0
722,28.840,4,person,0.7221,93,376,132,486,112.5,431.0,112.5,486.0
722,28.840,5,person,0.6850,675,539,718,674,696.5,606.5,696.5,674.0
722,28.840,6,person,0.6736,428,342,455,444,441.5,393.0,441.5,444.0
722,28.840,7,person,0.6676,997,446,1043,563,1020.0,504.5,1020.0,563.0
722,28.840,8,person,0.6664,637,491,685,616,661.0,553.5,661.0,616.0
722,28.840,9,person,0.6653,689,407,724,518,706.5,462.5,706.5,518.0
722,28.840,10,person,0.6326,1840,376,1896,486,1868.0,431.0,1868.0,486.0
722,28.840,11,person,0.6045,1336,429,1382,549,1359.0,489.0,1359.0,549.0
722,28.840,12,person,0.5935,1116,333,1152,438,1134.0,385.5,1134.0,438.0
722,28.840,13,person,0.5289,594,312,628,387,611.0,349.5,611.0,387.0
722,28.840,14,person,0.4095,816,326,868,417,842.0,371.5,842.0,417.0
722,28.840,15,person,0.4017,1339,430,1369,546,1354.0,488.0,1354.0,546.0
722,28.840,16,person,0.3051,1715,745,1759,913,1737.0,829.0,1737.0,913.0
723,28.880,1,person,0.7983,83,376,127,487,105.0,431.5,105.0,487.0
723,28.880,2,person,0.7859,1705,742,1759,909,1732.0,825.5,1732.0,909.0
723,28.880,3,person,0.7377,792,470,896,591,844.0,530.5,844.0,591.0
723,28.880,4,person,0.6823,424,342,455,450,439.5,396.0,439.5,450.0
723,28.880,5,person,0.6821,1327,429,1369,548,1348.0,488.5,1348.0,548.0
723,28.880,6,person,0.6716,663,540,714,671,688.5,605.5,688.5,671.0
723,28.880,7,person,0.6510,939,526,990,648,964.5,587.0,964.5,648.0
723,28.880,8,person,0.6477,630,490,681,620,655.5,555.0,655.5,620.0
723,28.880,9,person,0.6461,790,470,867,592,828.5,531.0,828.5,592.0
723,28.880,10,person,0.6221,1109,335,1150,440,1129.5,387.5,1129.5,440.0
723,28.880,11,person,0.6205,681,405,717,517,699.0,461.0,699.0,517.0
723,28.880,12,person,0.5701,1837,374,1893,486,1865.0,430.0,1865.0,486.0
723,28.880,13,person,0.5528,992,446,1029,563,1010.5,504.5,1010.5,563.0
723,28.880,14,person,0.4866,585,313,623,391,604.0,352.0,604.0,391.0
723,28.880,15,person,0.3561,811,324,867,417,839.0,370.5,839.0,417.0
723,28.880,16,person,0.2551,512,227,569,298,540.5,262.5,540.5,298.0
724,28.920,1,person,0.8248,70,378,124,488,97.0,433.0,97.0,488.0
724,28.920,2,person,0.8104,788,470,860,596,824.0,533.0,824.0,596.0
724,28.920,3,person,0.7782,656,547,712,673,684.0,610.0,684.0,673.0
724,28.920,4,person,0.7168,626,489,678,613,652.0,551.0,652.0,613.0
724,28.920,5,person,0.6974,1702,744,1747,911,1724.5,827.5,1724.5,911.0
724,28.920,6,person,0.6893,421,340,453,447,437.0,393.5,437.0,447.0
724,28.920,7,person,0.6842,1317,428,1363,549,1340.0,488.5,1340.0,549.0
724,28.920,8,person,0.6710,674,406,712,519,693.0,462.5,693.0,519.0
724,28.920,9,person,0.6256,933,525,980,646,956.5,585.5,956.5,646.0
724,28.920,10,person,0.5871,1836,373,1888,484,1862.0,428.5,1862.0,484.0
724,28.920,11,person,0.5870,1108,340,1144,438,1126.0,389.0,1126.0,438.0
724,28.920,12,person,0.5010,574,312,616,387,595.0,349.5,595.0,387.0
724,28.920,13,person,0.4601,987,444,1019,564,1003.0,504.0,1003.0,564.0
724,28.920,14,person,0.3370,821,323,862,413,841.5,368.0,841.5,413.0
724,28.920,15,person,0.2959,829,323,860,391,844.5,357.0,844.5,391.0
725,28.960,1,person,0.8157,790,470,861,593,825.5,531.5,825.5,593.0
725,28.960,2,person,0.7922,645,541,710,673,677.5,607.0,677.5,673.0
725,28.960,3,person,0.7514,1694,743,1748,913,1721.0,828.0,1721.0,913.0
725,28.960,4,person,0.7333,1311,422,1363,552,1337.0,487.0,1337.0,552.0
725,28.960,5,person,0.7267,423,338,457,443,440.0,390.5,440.0,443.0
725,28.960,6,person,0.7161,930,523,974,648,952.0,585.5,952.0,648.0
725,28.960,7,person,0.7143,62,377,118,487,90.0,432.0,90.0,487.0
725,28.960,8,person,0.7043,665,406,707,519,686.0,462.5,686.0,519.0
725,28.960,9,person,0.6997,624,491,677,617,650.5,554.0,650.5,617.0
725,28.960,10,person,0.6610,1105,340,1143,445,1124.0,392.5,1124.0,445.0
725,28.960,11,person,0.6583,979,443,1015,567,997.0,505.0,997.0,567.0
725,28.960,12,person,0.6244,1837,374,1883,484,1860.0,429.0,1860.0,484.0
725,28.960,13,person,0.5680,565,309,609,388,587.0,348.5,587.0,388.0
725,28.960,14,person,0.3432,631,494,708,672,669.5,583.0,669.5,672.0
725,28.960,15,person,0.3385,820,321,867,413,843.5,367.0,843.5,413.0
725,28.960,16,person,0.2606,828,321,862,408,845.0,364.5,845.0,408.0
726,29.000,1,person,0.8005,59,375,115,490,87.0,432.5,87.0,490.0
726,29.000,2,person,0.7926,1682,746,1753,919,1717.5,832.5,1717.5,919.0
726,29.000,3,person,0.7924,1296,421,1358,552,1327.0,486.5,1327.0,552.0
726,29.000,4,person,0.7803,640,542,710,676,675.0,609.0,675.0,676.0
726,29.000,5,person,0.7689,793,470,861,598,827.0,534.0,827.0,598.0
726,29.000,6,person,0.7560,662,405,707,519,684.5,462.0,684.5,519.0
726,29.000,7,person,0.7328,423,339,461,443,442.0,391.0,442.0,443.0
726,29.000,8,person,0.6895,1105,341,1142,443,1123.5,392.0,1123.5,443.0
726,29.000,9,person,0.6864,977,444,1015,567,996.0,505.5,996.0,567.0
726,29.000,10,person,0.6582,928,525,972,650,950.0,587.5,950.0,650.0
726,29.000,11,person,0.6500,624,491,675,618,649.5,554.5,649.5,618.0
726,29.000,12,person,0.6258,1839,373,1883,483,1861.0,428.0,1861.0,483.0
726,29.000,13,person,0.6140,558,311,603,391,580.5,351.0,580.5,391.0
726,29.000,14,person,0.4074,830,320,865,414,847.5,367.0,847.5,414.0
726,29.000,15,person,0.2876,505,227,558,298,531.5,262.5,531.5,298.0
727,29.040,1,person,0.8528,50,377,110,489,80.0,433.0,80.0,489.0
727,29.040,2,person,0.8081,1664,749,1759,921,1711.5,835.0,1711.5,921.0
727,29.040,3,person,0.7868,636,547,709,678,672.5,612.5,672.5,678.0
727,29.040,4,person,0.7697,1286,422,1357,549,1321.5,485.5,1321.5,549.0
727,29.040,5,person,0.7662,418,338,467,446,442.5,392.0,442.5,446.0
727,29.040,6,person,0.7553,796,467,860,597,828.0,532.0,828.0,597.0
727,29.040,7,person,0.7164,1105,343,1140,442,1122.5,392.5,1122.5,442.0
727,29.040,8,person,0.6975,972,443,1014,567,993.0,505.0,993.0,567.0
727,29.040,9,person,0.6901,916,522,964,654,940.0,588.0,940.0,654.0
727,29.040,10,person,0.6582,653,406,704,518,678.5,462.0,678.5,518.0
727,29.040,11,person,0.5196,552,312,585,392,568.5,352.0,568.5,392.0
727,29.040,12,person,0.4886,1843,373,1881,487,1862.0,430.0,1862.0,487.0
727,29.040,13,person,0.4681,622,486,672,645,647.0,565.5,647.0,645.0
727,29.040,14,person,0.4170,835,318,866,415,850.5,366.5,850.5,415.0
727,29.040,15,person,0.3872,504,227,555,295,529.5,261.0,529.5,295.0
727,29.040,16,person,0.3092,630,501,709,678,669.5,589.5,669.5,678.0
727,29.040,17,person,0.2706,624,486,683,678,653.5,582.0,653.5,678.0
728,29.080,1,person,0.8009,1659,751,1761,924,1710.0,837.5,1710.0,924.0
728,29.080,2,person,0.7959,416,337,468,444,442.0,390.5,442.0,444.0
728,29.080,3,person,0.7682,48,374,109,489,78.5,431.5,78.5,489.0
728,29.080,4,person,0.7485,623,481,707,678,665.0,579.5,665.0,678.0
728,29.080,5,person,0.7331,796,469,859,592,827.5,530.5,827.5,592.0
728,29.080,6,person,0.7054,1105,342,1139,443,1122.0,392.5,1122.0,443.0
728,29.080,7,person,0.6955,643,405,704,517,673.5,461.0,673.5,517.0
728,29.080,8,person,0.6819,917,522,959,651,938.0,586.5,938.0,651.0
728,29.080,9,person,0.6755,1284,422,1353,547,1318.5,484.5,1318.5,547.0
728,29.080,10,person,0.6550,964,445,1015,567,989.5,506.0,989.5,567.0
728,29.080,11,person,0.6252,544,311,579,390,561.5,350.5,561.5,390.0
728,29.080,12,person,0.5652,1845,371,1878,487,1861.5,429.0,1861.5,487.0
728,29.080,13,person,0.5417,840,318,869,414,854.5,366.0,854.5,414.0
728,29.080,14,person,0.5376,633,554,707,677,670.0,615.5,670.0,677.0
728,29.080,15,person,0.3217,503,229,554,293,528.5,261.0,528.5,293.0
728,29.080,16,person,0.2923,622,484,682,675,652.0,579.5,652.0,675.0
728,29.080,17,person,0.2910,1286,422,1332,544,1309.0,483.0,1309.0,544.0
729,29.120,1,person,0.8384,1657,752,1762,924,1709.5,838.0,1709.5,924.0
729,29.120,2,person,0.8053,40,370,101,489,70.5,429.5,70.5,489.0
729,29.120,3,person,0.7959,630,543,702,677,666.0,610.0,666.0,677.0
729,29.120,4,person,0.7750,793,467,858,588,825.5,527.5,825.5,588.0
729,29.120,5,person,0.7738,414,336,466,443,440.0,389.5,440.0,443.0
729,29.120,6,person,0.7152,913,524,955,658,934.0,591.0,934.0,658.0
729,29.120,7,person,0.7078,959,445,1013,571,986.0,508.0,986.0,571.0
729,29.120,8,person,0.6792,644,406,702,519,673.0,462.5,673.0,519.0
729,29.120,9,person,0.6608,1102,340,1139,443,1120.5,391.5,1120.5,443.0
729,29.120,10,person,0.6326,1283,421,1342,544,1312.5,482.5,1312.5,544.0
729,29.120,11,person,0.5036,843,318,871,418,857.0,368.0,857.0,418.0
729,29.120,12,person,0.4965,536,313,567,391,551.5,352.0,551.5,391.0
729,29.120,13,person,0.4822,1845,372,1876,487,1860.5,429.5,1860.5,487.0
729,29.120,14,person,0.4232,1285,423,1326,542,1305.5,482.5,1305.5,542.0
729,29.120,15,person,0.3309,415,369,464,443,439.5,406.0,439.5,443.0
729,29.120,16,person,0.3046,618,487,670,576,644.0,531.5,644.0,576.0
730,29.160,1,person,0.8350,1649,755,1764,926,1706.5,840.5,1706.5,926.0
730,29.160,2,person,0.7800,412,335,465,445,438.5,390.0,438.5,445.0
730,29.160,3,person,0.7773,31,373,87,489,59.0,431.0,59.0,489.0
730,29.160,4,person,0.7702,793,468,854,588,823.5,528.0,823.5,588.0
730,29.160,5,person,0.7050,907,522,954,655,930.5,588.5,930.5,655.0
730,29.160,6,person,0.7000,636,407,699,526,667.5,466.5,667.5,526.0
730,29.160,7,person,0.6917,954,444,1010,567,982.0,505.5,982.0,567.0
730,29.160,8,person,0.6754,617,484,698,677,657.5,580.5,657.5,677.0
730,29.160,9,person,0.6739,1281,426,1331,545,1306.0,485.5,1306.0,545.0
730,29.160,10,person,0.6693,620,546,697,678,658.5,612.0,658.5,678.0
730,29.160,11,person,0.5927,1101,339,1137,442,1119.0,390.5,1119.0,442.0
730,29.160,12,person,0.5597,527,312,560,389,543.5,350.5,543.5,389.0
730,29.160,13,person,0.5548,841,318,875,416,858.0,367.0,858.0,416.0
730,29.160,14,person,0.5479,1843,373,1879,484,1861.0,428.5,1861.0,484.0
730,29.160,15,person,0.3711,1281,428,1315,543,1298.0,485.5,1298.0,543.0
730,29.160,16,person,0.3552,412,367,462,445,437.0,406.0,437.0,445.0
730,29.160,17,person,0.2653,614,487,664,572,639.0,529.5,639.0,572.0
730,29.160,18,person,0.2589,615,486,671,618,643.0,552.0,643.0,618.0
731,29.200,1,person,0.8114,790,467,853,588,821.5,527.5,821.5,588.0
731,29.200,2,person,0.8040,1650,756,1760,926,1705.0,841.0,1705.0,926.0
731,29.200,3,person,0.7975,899,520,955,660,927.0,590.0,927.0,660.0
731,29.200,4,person,0.7629,409,335,458,446,433.5,390.5,433.5,446.0
731,29.200,5,person,0.7610,611,484,687,680,649.0,582.0,649.0,680.0
731,29.200,6,person,0.6787,952,443,1008,573,980.0,508.0,980.0,573.0
731,29.200,7,person,0.6628,21,373,71,490,46.0,431.5,46.0,490.0
731,29.200,8,person,0.6613,635,407,685,520,660.0,463.5,660.0,520.0
731,29.200,9,person,0.6505,514,307,555,390,534.5,348.5,534.5,390.0
731,29.200,10,person,0.6092,1839,374,1880,482,1859.5,428.0,1859.5,482.0
731,29.200,11,person,0.5800,1098,337,1134,445,1116.0,391.0,1116.0,445.0
731,29.200,12,person,0.5637,1275,425,1317,546,1296.0,485.5,1296.0,546.0
731,29.200,13,person,0.5181,841,320,882,413,861.5,366.5,861.5,413.0
732,29.240,1,person,0.8145,791,466,854,587,822.5,526.5,822.5,587.0
732,29.240,2,person,0.7894,890,517,951,660,920.5,588.5,920.5,660.0
732,29.240,3,person,0.7858,15,373,57,493,36.0,433.0,36.0,493.0
732,29.240,4,person,0.7827,411,335,457,447,434.0,391.0,434.0,447.0
732,29.240,5,person,0.7539,1652,755,1759,928,1705.5,841.5,1705.5,928.0
732,29.240,6,person,0.7202,612,482,681,678,646.5,580.0,646.5,678.0
732,29.240,7,person,0.7117,950,444,1005,572,977.5,508.0,977.5,572.0
732,29.240,8,person,0.6697,1264,423,1308,544,1286.0,483.5,1286.0,544.0
732,29.240,9,person,0.6429,629,404,684,514,656.5,459.0,656.5,514.0
732,29.240,10,person,0.6310,1834,372,1881,483,1857.5,427.5,1857.5,483.0
732,29.240,11,person,0.6211,843,318,887,415,865.0,366.5,865.0,415.0
732,29.240,12,person,0.5664,1097,336,1133,444,1115.0,390.0,1115.0,444.0
732,29.240,13,person,0.5209,510,311,546,392,528.0,351.5,528.0,392.0
732,29.240,14,person,0.4073,1268,422,1302,534,1285.0,478.0,1285.0,534.0
732,29.240,15,person,0.2976,484,216,539,288,511.5,252.0,511.5,288.0
733,29.280,1,person,0.8383,789,465,858,587,823.5,526.0,823.5,587.0
733,29.280,2,person,0.8253,11,372,52,491,31.5,431.5,31.5,491.0
733,29.280,3,person,0.7751,884,522,951,663,917.5,592.5,917.5,663.0
733,29.280,4,person,0.7412,413,334,456,445,434.5,389.5,434.5,445.0
733,29.280,5,person,0.7352,1657,756,1752,929,1704.5,842.5,1704.5,929.0
733,29.280,6,person,0.6890,615,535,668,677,641.5,606.0,641.5,677.0
733,29.280,7,person,0.6827,628,405,676,515,652.0,460.0,652.0,515.0
733,29.280,8,person,0.6661,1260,420,1306,547,1283.0,483.5,1283.0,547.0
733,29.280,9,person,0.6460,949,445,1002,569,975.5,507.0,975.5,569.0
733,29.280,10,person,0.6323,501,305,539,391,520.0,348.0,520.0,391.0
733,29.280,11,person,0.5785,1828,373,1884,483,1856.0,428.0,1856.0,483.0
733,29.280,12,person,0.5633,1095,334,1133,447,1114.0,390.5,1114.0,447.0
733,29.280,13,person,0.5226,842,319,900,413,871.0,366.0,871.0,413.0
733,29.280,14,person,0.3284,1260,420,1295,537,1277.5,478.5,1277.5,537.0
734,29.320,1,person,0.8380,786,466,859,587,822.5,526.5,822.5,587.0
734,29.320,2,person,0.8296,1,374,46,490,23.5,432.0,23.5,490.0
734,29.320,3,person,0.8022,883,524,951,663,917.0,593.5,917.0,663.0
734,29.320,4,person,0.7324,1660,756,1738,928,1699.0,842.0,1699.0,928.0
734,29.320,5,person,0.7273,417,334,454,443,435.5,388.5,435.5,443.0
734,29.320,6,person,0.7054,610,540,657,681,633.5,610.5,633.5,681.0
734,29.320,7,person,0.6976,1250,419,1308,545,1279.0,482.0,1279.0,545.0
734,29.320,8,person,0.6566,626,403,671,512,648.5,457.5,648.5,512.0
734,29.320,9,person,0.6487,944,443,994,568,969.0,505.5,969.0,568.0
734,29.320,10,person,0.6268,1830,374,1890,485,1860.0,429.5,1860.0,485.0
734,29.320,11,person,0.6114,1091,334,1131,447,1111.0,390.5,1111.0,447.0
734,29.320,12,person,0.6100,493,307,535,388,514.0,347.5,514.0,388.0
734,29.320,13,person,0.4262,842,317,902,413,872.0,365.0,872.0,413.0
734,29.320,14,person,0.3785,1254,419,1291,542,1272.5,480.5,1272.5,542.0
735,29.360,1,person,0.7839,0,373,40,495,20.0,434.0,20.0,495.0
735,29.360,2,person,0.7648,1236,419,1310,544,1273.0,481.5,1273.0,544.0
735,29.360,3,person,0.7607,885,527,953,659,919.0,593.0,919.0,659.0
735,29.360,4,person,0.7596,1667,755,1724,932,1695.5,843.5,1695.5,932.0
735,29.360,5,person,0.7332,783,468,854,588,818.5,528.0,818.5,588.0
735,29.360,6,person,0.7074,420,333,453,442,436.5,387.5,436.5,442.0
735,29.360,7,person,0.6637,606,541,647,682,626.5,611.5,626.5,682.0
735,29.360,8,person,0.6567,941,445,989,573,965.0,509.0,965.0,573.0
735,29.360,9,person,0.6116,1090,341,1130,449,1110.0,395.0,1110.0,449.0
735,29.360,10,person,0.5965,1833,375,1891,486,1862.0,430.5,1862.0,486.0
735,29.360,11,person,0.5553,485,308,525,389,505.0,348.5,505.0,389.0
735,29.360,12,person,0.5317,620,405,663,511,641.5,458.0,641.5,511.0
735,29.360,13,person,0.3380,851,316,901,411,876.0,363.5,876.0,411.0
736,29.400,1,person,0.8251,883,527,953,663,918.0,595.0,918.0,663.0
736,29.400,2,person,0.7546,419,335,452,445,435.5,390.0,435.5,445.0
736,29.400,3,person,0.7453,779,468,852,586,815.5,527.0,815.5,586.0
736,29.400,4,person,0.7392,1665,758,1713,936,1689.0,847.0,1689.0,936.0
736,29.400,5,person,0.7192,1231,420,1303,543,1267.0,481.5,1267.0,543.0
736,29.400,6,person,0.7082,0,373,35,496,17.5,434.5,17.5,496.0
736,29.400,7,person,0.6951,940,447,992,572,966.0,509.5,966.0,572.0
736,29.400,8,person,0.6793,1089,342,1127,450,1108.0,396.0,1108.0,450.0
736,29.400,9,person,0.5897,1837,374,1889,488,1863.0,431.0,1863.0,488.0
736,29.400,10,person,0.5837,851,317,903,414,877.0,365.5,877.0,414.0
736,29.400,11,person,0.5565,476,311,517,388,496.5,349.5,496.5,388.0
736,29.400,12,person,0.5261,601,546,646,683,623.5,614.5,623.5,683.0
736,29.400,13,person,0.5133,599,486,649,684,624.0,585.0,624.0,684.0
736,29.400,14,person,0.4841,619,408,655,503,637.0,455.5,637.0,503.0
737,29.440,1,person,0.7840,420,335,454,445,437.0,390.0,437.0,445.0
737,29.440,2,person,0.7411,884,527,947,658,915.5,592.5,915.5,658.0
737,29.440,3,person,0.7112,778,466,838,585,808.0,525.5,808.0,585.0
737,29.440,4,person,0.7040,0,371,29,494,14.5,432.5,14.5,494.0
737,29.440,5,person,0.6839,1659,759,1709,941,1684.0,850.0,1684.0,941.0
737,29.440,6,person,0.6808,1229,424,1296,545,1262.5,484.5,1262.5,545.0
737,29.440,7,person,0.6776,470,309,509,391,489.5,350.0,489.5,391.0
737,29.440,8,person,0.6594,1088,342,1126,454,1107.0,398.0,1107.0,454.0
737,29.440,9,person,0.6225,935,446,989,573,962.0,509.5,962.0,573.0
737,29.440,10,person,0.5940,587,486,649,685,618.0,585.5,618.0,685.0
737,29.440,11,person,0.5821,1840,372,1881,486,1860.5,429.0,1860.5,486.0
737,29.440,12,person,0.5546,590,550,641,684,615.5,617.0,615.5,684.0
737,29.440,13,person,0.5427,854,318,902,414,878.0,366.0,878.0,414.0
737,29.440,14,person,0.5280,617,407,652,499,634.5,453.0,634.5,499.0
737,29.440,15,person,0.3288,480,216,515,282,497.5,249.0,497.5,282.0
737,29.440,16,person,0.3283,1233,426,1275,545,1254.0,485.5,1254.0,545.0
737,29.440,17,person,0.2787,902,445,994,572,948.0,508.5,948.0,572.0
738,29.480,1,person,0.8118,418,335,455,448,436.5,391.5,436.5,448.0
738,29.480,2,person,0.7759,1648,763,1714,943,1681.0,853.0,1681.0,943.0
738,29.480,3,person,0.7697,774,467,831,590,802.5,528.5,802.5,590.0
738,29.480,4,person,0.6925,1084,341,1124,452,1104.0,396.5,1104.0,452.0
738,29.480,5,person,0.6673,580,483,647,684,613.5,583.5,613.5,684.0
738,29.480,6,person,0.6645,585,547,641,685,613.0,616.0,613.0,685.0
738,29.480,7,person,0.6589,933,444,986,571,959.5,507.5,959.5,571.0
738,29.480,8,person,0.6549,884,526,936,658,910.0,592.0,910.0,658.0
738,29.480,9,person,0.6474,0,382,25,494,12.5,438.0,12.5,494.0
738,29.480,10,person,0.6417,463,314,498,393,480.5,353.5,480.5,393.0
738,29.480,11,person,0.6360,1228,429,1267,544,1247.5,486.5,1247.5,544.0
738,29.480,12,person,0.5507,863,318,900,416,881.5,367.0,881.5,416.0
738,29.480,13,person,0.5440,900,443,988,572,944.0,507.5,944.0,572.0
738,29.480,14,person,0.5358,1843,373,1881,488,1862.0,430.5,1862.0,488.0
738,29.480,15,person,0.4587,1229,428,1283,544,1256.0,486.0,1256.0,544.0
738,29.480,16,person,0.2906,466,214,523,285,494.5,249.5,494.5,285.0
738,29.480,17,person,0.2849,474,214,511,280,492.5,247.0,492.5,280.0
739,29.520,1,person,0.7859,1630,766,1719,946,1674.5,856.0,1674.5,946.0
739,29.520,2,person,0.7694,417,334,456,448,436.5,391.0,436.5,448.0
739,29.520,3,person,0.7519,452,310,490,395,471.0,352.5,471.0,395.0
739,29.520,4,person,0.7512,769,461,827,586,798.0,523.5,798.0,586.0
739,29.520,5,person,0.7423,899,443,983,578,941.0,510.5,941.0,578.0
739,29.520,6,person,0.7269,570,549,638,691,604.0,620.0,604.0,691.0
739,29.520,7,person,0.6529,883,525,931,663,907.0,594.0,907.0,663.0
739,29.520,8,person,0.6527,1225,430,1277,546,1251.0,488.0,1251.0,546.0
739,29.520,9,person,0.6436,923,445,979,576,951.0,510.5,951.0,576.0
739,29.520,10,person,0.6259,1083,342,1122,457,1102.5,399.5,1102.5,457.0
739,29.520,11,person,0.5999,869,317,901,413,885.0,365.0,885.0,413.0
739,29.520,12,person,0.5761,1847,371,1883,487,1865.0,429.0,1865.0,487.0
739,29.520,13,person,0.4183,607,408,646,504,626.5,456.0,626.5,504.0
739,29.520,14,person,0.4017,1226,428,1258,543,1242.0,485.5,1242.0,543.0
739,29.520,15,person,0.3817,0,388,17,498,8.5,443.0,8.5,498.0
740,29.560,1,person,0.8162,1618,772,1724,954,1671.0,863.0,1671.0,954.0
740,29.560,2,person,0.7629,898,446,978,580,938.0,513.0,938.0,580.0
740,29.560,3,person,0.7511,560,553,636,690,598.0,621.5,598.0,690.0
740,29.560,4,person,0.7380,767,454,827,584,797.0,519.0,797.0,584.0
740,29.560,5,person,0.7295,415,335,455,448,435.0,391.5,435.0,448.0
740,29.560,6,person,0.6776,1220,430,1259,548,1239.5,489.0,1239.5,548.0
740,29.560,7,person,0.6308,1084,345,1122,459,1103.0,402.0,1103.0,459.0
740,29.560,8,person,0.6172,880,526,929,668,904.5,597.0,904.5,668.0
740,29.560,9,person,0.5900,1850,371,1883,489,1866.5,430.0,1866.5,489.0
740,29.560,10,person,0.5809,873,316,902,416,887.5,366.0,887.5,416.0
740,29.560,11,person,0.4928,449,312,480,395,464.5,353.5,464.5,395.0
740,29.560,12,person,0.3250,604,410,643,509,623.5,459.5,623.5,509.0
740,29.560,13,person,0.2955,1881,511,1919,671,1900.0,591.0,1900.0,671.0
741,29.600,1,person,0.8530,1615,776,1731,958,1673.0,867.0,1673.0,958.0
741,29.600,2,person,0.7553,764,452,823,587,793.5,519.5,793.5,587.0
741,29.600,3,person,0.7549,556,557,636,692,596.0,624.5,596.0,692.0
741,29.600,4,person,0.7435,416,333,467,453,441.5,393.0,441.5,453.0
741,29.600,5,person,0.7283,897,447,976,585,936.5,516.0,936.5,585.0
741,29.600,6,person,0.6799,1083,346,1122,458,1102.5,402.0,1102.5,458.0
741,29.600,7,person,0.6620,878,523,919,670,898.5,596.5,898.5,670.0
741,29.600,8,person,0.6604,1211,429,1255,550,1233.0,489.5,1233.0,550.0
741,29.600,9,person,0.5899,1850,374,1883,491,1866.5,432.5,1866.5,491.0
741,29.600,10,person,0.5469,878,313,912,415,895.0,364.0,895.0,415.0
741,29.600,11,person,0.4745,921,450,976,584,948.5,517.0,948.5,584.0
741,29.600,12,person,0.3787,592,490,646,603,619.0,546.5,619.0,603.0
741,29.600,13,person,0.3414,1877,512,1919,662,1898.0,587.0,1898.0,662.0
741,29.600,14,person,0.2628,415,342,449,451,432.0,396.5,432.0,451.0
742,29.640,1,person,0.8458,1615,778,1735,960,1675.0,869.0,1675.0,960.0
742,29.640,2,person,0.8042,559,557,632,693,595.5,625.0,595.5,693.0
742,29.640,3,person,0.7874,415,319,476,453,445.5,386.0,445.5,453.0
742,29.640,4,person,0.7709,760,455,818,586,789.0,520.5,789.0,586.0
742,29.640,5,person,0.7473,1205,429,1257,552,1231.0,490.5,1231.0,552.0
742,29.640,6,person,0.7323,873,525,912,670,892.5,597.5,892.5,670.0
742,29.640,7,person,0.7183,1081,347,1122,464,1101.5,405.5,1101.5,464.0
742,29.640,8,person,0.6622,1847,373,1884,495,1865.5,434.0,1865.5,495.0
742,29.640,9,person,0.6540,898,450,970,583,934.0,516.5,934.0,583.0
742,29.640,10,person,0.6429,1872,514,1918,666,1895.0,590.0,1895.0,666.0
742,29.640,11,person,0.6043,591,490,646,627,618.5,558.5,618.5,627.0
742,29.640,12,person,0.4679,881,314,914,419,897.5,366.5,897.5,419.0
742,29.640,13,person,0.3819,587,417,645,630,616.0,523.5,616.0,630.0
742,29.640,14,person,0.3787,454,213,501,289,477.5,251.0,477.5,289.0
742,29.640,15,person,0.2564,588,413,636,534,612.0,473.5,612.0,534.0
743,29.680,1,person,0.8283,1617,781,1734,964,1675.5,872.5,1675.5,964.0
743,29.680,2,person,0.7982,416,322,466,453,441.0,387.5,441.0,453.0
743,29.680,3,person,0.7453,559,558,631,697,595.0,627.5,595.0,697.0
743,29.680,4,person,0.7365,757,455,817,590,787.0,522.5,787.0,590.0
743,29.680,5,person,0.7171,1194,429,1257,559,1225.5,494.0,1225.5,559.0
743,29.680,6,person,0.7078,1843,375,1888,496,1865.5,435.5,1865.5,496.0
743,29.680,7,person,0.6813,1081,349,1123,464,1102.0,406.5,1102.0,464.0
743,29.680,8,person,0.6668,1861,517,1919,667,1890.0,592.0,1890.0,667.0
743,29.680,9,person,0.6566,873,528,909,669,891.0,598.5,891.0,669.0
743,29.680,10,person,0.6559,590,489,647,630,618.5,559.5,618.5,630.0
743,29.680,11,person,0.6358,901,452,969,585,935.0,518.5,935.0,585.0
743,29.680,12,person,0.5395,921,454,969,580,945.0,517.0,945.0,580.0
743,29.680,13,person,0.5047,882,315,921,418,901.5,366.5,901.5,418.0
743,29.680,14,person,0.2870,585,416,635,562,610.0,489.0,610.0,562.0
744,29.720,1,person,0.8148,414,321,463,454,438.5,387.5,438.5,454.0
744,29.720,2,person,0.7845,1837,376,1894,499,1865.5,437.5,1865.5,499.0
744,29.720,3,person,0.7844,1617,783,1727,969,1672.0,876.0,1672.0,969.0
744,29.720,4,person,0.7760,1184,427,1256,558,1220.0,492.5,1220.0,558.0
744,29.720,5,person,0.7690,1849,520,1918,667,1883.5,593.5,1883.5,667.0
744,29.720,6,person,0.7672,591,487,643,630,617.0,558.5,617.0,630.0
744,29.720,7,person,0.7606,754,455,809,590,781.5,522.5,781.5,590.0
744,29.720,8,person,0.7398,1082,354,1123,465,1102.5,409.5,1102.5,465.0
744,29.720,9,person,0.7292,554,556,627,696,590.5,626.0,590.5,696.0
744,29.720,10,person,0.7157,870,531,908,669,889.0,600.0,889.0,669.0
744,29.720,11,person,0.6463,900,452,967,585,933.5,518.5,933.5,585.0
744,29.720,12,person,0.5862,884,317,929,418,906.5,367.5,906.5,418.0
744,29.720,13,person,0.5132,580,422,626,562,603.0,492.0,603.0,562.0
745,29.760,1,person,0.8248,752,455,801,592,776.5,523.5,776.5,592.0
745,29.760,2,person,0.7988,1832,377,1895,502,1863.5,439.5,1863.5,502.0
745,29.760,3,person,0.7974,1176,427,1252,562,1214.0,494.5,1214.0,562.0
745,29.760,4,person,0.7842,406,318,462,455,434.0,386.5,434.0,455.0
745,29.760,5,person,0.7591,1845,523,1918,669,1881.5,596.0,1881.5,669.0
745,29.760,6,person,0.7574,550,555,618,696,584.0,625.5,584.0,696.0
745,29.760,7,person,0.7361,1618,785,1717,968,1667.5,876.5,1667.5,968.0
745,29.760,8,person,0.7338,866,532,906,677,886.0,604.5,886.0,677.0
745,29.760,9,person,0.7320,897,453,967,587,932.0,520.0,932.0,587.0
745,29.760,10,person,0.6942,1081,359,1122,468,1101.5,413.5,1101.5,468.0
745,29.760,11,person,0.6905,589,492,643,631,616.0,561.5,616.0,631.0
745,29.760,12,person,0.6647,884,317,931,421,907.5,369.0,907.5,421.0
745,29.760,13,person,0.6601,1616,787,1683,968,1649.5,877.5,1649.5,968.0
745,29.760,14,person,0.5262,575,420,620,572,597.5,496.0,597.5,572.0
746,29.800,1,person,0.8254,749,455,796,594,772.5,524.5,772.5,594.0
746,29.800,2,person,0.7876,1831,381,1896,502,1863.5,441.5,1863.5,502.0
746,29.800,3,person,0.7751,1621,790,1709,973,1665.0,881.5,1665.0,973.0
746,29.800,4,person,0.7741,1848,524,1918,677,1883.0,600.5,1883.0,677.0
746,29.800,5,person,0.7634,895,460,959,589,927.0,524.5,927.0,589.0
746,29.800,6,person,0.7589,402,332,461,456,431.5,394.0,431.5,456.0
746,29.800,7,person,0.7573,883,316,933,425,908.0,370.5,908.0,425.0
746,29.800,8,person,0.7491,544,556,604,698,574.0,627.0,574.0,698.0
746,29.800,9,person,0.7285,1080,360,1121,469,1100.5,414.5,1100.5,469.0
746,29.800,10,person,0.7247,1178,433,1243,562,1210.5,497.5,1210.5,562.0
746,29.800,11,person,0.7013,589,491,643,633,616.0,562.0,616.0,633.0
746,29.800,12,person,0.6892,571,422,613,547,592.0,484.5,592.0,547.0
746,29.800,13,person,0.6640,861,537,902,675,881.5,606.0,881.5,675.0
746,29.800,14,person,0.5378,1180,434,1223,561,1201.5,497.5,1201.5,561.0
746,29.800,15,person,0.4488,1620,791,1680,975,1650.0,883.0,1650.0,975.0
746,29.800,16,person,0.3211,445,220,493,289,469.0,254.5,469.0,289.0
747,29.840,1,person,0.8236,1828,382,1899,507,1863.5,444.5,1863.5,507.0
747,29.840,2,person,0.8070,1622,793,1693,979,1657.5,886.0,1657.5,979.0
747,29.840,3,person,0.7847,744,455,793,594,768.5,524.5,768.5,594.0
747,29.840,4,person,0.7691,587,490,638,633,612.5,561.5,612.5,633.0
747,29.840,5,person,0.7636,895,466,956,593,925.5,529.5,925.5,593.0
747,29.840,6,person,0.7502,542,562,592,708,567.0,635.0,567.0,708.0
747,29.840,7,person,0.7266,1079,359,1119,474,1099.0,416.5,1099.0,474.0
747,29.840,8,person,0.7154,1850,524,1918,680,1884.0,602.0,1884.0,680.0
747,29.840,9,person,0.6870,884,317,929,426,906.5,371.5,906.5,426.0
747,29.840,10,person,0.6700,389,333,459,457,424.0,395.0,424.0,457.0
747,29.840,11,person,0.6698,1176,440,1237,566,1206.5,503.0,1206.5,566.0
747,29.840,12,person,0.6569,852,536,905,682,878.5,609.0,878.5,682.0
747,29.840,13,person,0.6269,565,422,611,553,588.0,487.5,588.0,553.0
747,29.840,14,person,0.3586,1176,438,1217,561,1196.5,499.5,1196.5,561.0
748,29.880,1,person,0.8080,1625,797,1678,986,1651.5,891.5,1651.5,986.0
748,29.880,2,person,0.7946,1832,383,1898,508,1865.0,445.5,1865.0,508.0
748,29.880,3,person,0.7884,411,342,457,456,434.0,399.0,434.0,456.0
748,29.880,4,person,0.7847,739,456,790,593,764.5,524.5,764.5,593.0
748,29.880,5,person,0.7461,896,466,955,597,925.5,531.5,925.5,597.0
748,29.880,6,person,0.7392,1861,529,1917,681,1889.0,605.0,1889.0,681.0
748,29.880,7,person,0.7360,586,491,639,634,612.5,562.5,612.5,634.0
748,29.880,8,person,0.7272,539,561,587,707,563.0,634.0,563.0,707.0
748,29.880,9,person,0.7008,845,537,904,682,874.5,609.5,874.5,682.0
748,29.880,10,person,0.6932,561,423,607,556,584.0,489.5,584.0,556.0
748,29.880,11,person,0.6922,1079,359,1118,476,1098.5,417.5,1098.5,476.0
748,29.880,12,person,0.6583,1174,441,1219,567,1196.5,504.0,1196.5,567.0
748,29.880,13,person,0.6312,884,320,931,428,907.5,374.0,907.5,428.0
748,29.880,14,person,0.4283,379,328,419,414,399.0,371.0,399.0,414.0
749,29.920,1,person,0.7875,1620,797,1679,994,1649.5,895.5,1649.5,994.0
749,29.920,2,person,0.7860,896,468,955,600,925.5,534.0,925.5,600.0
749,29.920,3,person,0.7701,408,341,457,459,432.5,400.0,432.5,459.0
749,29.920,4,person,0.7654,1836,384,1899,512,1867.5,448.0,1867.5,512.0
749,29.920,5,person,0.7317,587,491,641,638,614.0,564.5,614.0,638.0
749,29.920,6,person,0.7305,1865,530,1915,682,1890.0,606.0,1890.0,682.0
749,29.920,7,person,0.7172,734,456,790,592,762.0,524.0,762.0,592.0
749,29.920,8,person,0.6875,558,423,603,562,580.5,492.5,580.5,562.0
749,29.920,9,person,0.6795,887,317,935,428,911.0,372.5,911.0,428.0
749,29.920,10,person,0.6678,1080,359,1118,480,1099.0,419.5,1099.0,480.0
749,29.920,11,person,0.6565,1167,441,1209,570,1188.0,505.5,1188.0,570.0
749,29.920,12,person,0.6494,849,537,904,685,876.5,611.0,876.5,685.0
749,29.920,13,person,0.6125,536,560,579,711,557.5,635.5,557.5,711.0
749,29.920,14,person,0.5937,371,326,413,422,392.0,374.0,392.0,422.0
750,29.960,1,person,0.8100,1605,801,1685,996,1645.0,898.5,1645.0,996.0
750,29.960,2,person,0.7996,1846,385,1894,510,1870.0,447.5,1870.0,510.0
750,29.960,3,person,0.7951,1162,441,1205,572,1183.5,506.5,1183.5,572.0
750,29.960,4,person,0.7781,407,342,459,458,433.0,400.0,433.0,458.0
750,29.960,5,person,0.7426,893,469,955,597,924.0,533.0,924.0,597.0
750,29.960,6,person,0.7174,552,424,599,561,575.5,492.5,575.5,561.0
750,29.960,7,person,0.6991,529,562,575,711,552.0,636.5,552.0,711.0
750,29.960,8,person,0.6985,1079,359,1117,475,1098.0,417.0,1098.0,475.0
750,29.960,9,person,0.6976,731,456,788,595,759.5,525.5,759.5,595.0
750,29.960,10,person,0.6942,1869,528,1915,683,1892.0,605.5,1892.0,683.0
750,29.960,11,person,0.6905,586,489,640,637,613.0,563.0,613.0,637.0
750,29.960,12,person,0.6706,889,315,937,428,913.0,371.5,913.0,428.0
750,29.960,13,person,0.5861,361,323,404,421,382.5,372.0,382.5,421.0
750,29.960,14,person,0.5471,848,538,904,686,876.0,612.0,876.0,686.0
750,29.960,15,person,0.4543,851,541,892,676,871.5,608.5,871.5,676.0
